mode,query_id,recommended,relevant,verified_eval_split,ranker_used,fallback_mode,ranker_model_type,ranker_family,ranker_train_source,candidate_union_size,disease,strict,symptom,bm25,dense,prior,precision@5,recall@5,hit@5,ndcg@5,precision@10,recall@10,hit@10,ndcg@10,precision@20,recall@20,hit@20,ndcg@20,mrr,stage_hit_disease,stage_hit_strict,stage_hit_symptom,stage_hit_bm25,stage_hit_dense,stage_hit_prior,stage_hit_union
verified_learned_rerank,eval_0011,doxycycline | isotretinoin | clindamycin | cephalexin | accutane | bactrim | sulfamethoxazole / trimethoprim | minocycline | keflex | benzoyl peroxide / clindamycin | tretinoin | adapalene / benzoyl peroxide | doxy 100 | epiduo | magnesium hydroxide | claravis | benzaclin | spironolactone | phillips' milk of magnesia | duac,doxycycline | clindamycin | sulfamethoxazole / trimethoprim,all,True,False,logreg,logreg,verified_742,420,273,273,420,0,0,0,0.4,0.6666666666666666,1.0,0.7636451603657846,0.3,1.0,1.0,0.8767777767162712,0.15,1.0,1.0,0.8767777767162712,1.0,1.0,1.0,1.0,0.0,0.0,0.0,1.0
verified_learned_rerank,eval_0006,prednisone | hydrocortisone | triamcinolone | elocon | diclofenac | clobetasol | desonide | doxycycline | spironolactone | promethazine | dexamethasone | flurandrenolide | chlordiazepoxide / clidinium | lithium | clonidine | plan b | urea | ciprofloxacin | librax | cordran tape,ciprofloxacin,all,True,False,logreg,logreg,verified_742,1000,80,80,1000,0,0,0,0.0,0.0,0.0,0.0,0.0,0.0,0.0,0.0,0.05,1.0,1.0,0.23540891336663824,0.05555555555555555,1.0,1.0,1.0,0.0,0.0,0.0,1.0
verified_learned_rerank,eval_0009,doxycycline | prednisone | azithromycin | rocephin | tudorza pressair | aclidinium | xopenex | methylprednisolone | omalizumab | ceftriaxone | mometasone | xolair | levalbuterol | primatene mist | zafirlukast | intal inhaler | accolate | guaifenesin | epinephrine | revefenacin,prednisone,all,True,False,logreg,logreg,verified_742,1000,221,221,1000,0,0,0,0.2,1.0,1.0,0.6309297535714574,0.1,1.0,1.0,0.6309297535714574,0.05,1.0,1.0,0.6309297535714574,0.5,1.0,1.0,1.0,0.0,0.0,0.0,1.0
verified_learned_rerank,eval_0016,isotretinoin | accutane | benzoyl peroxide / clindamycin | tretinoin | adapalene / benzoyl peroxide | epiduo | magnesium hydroxide | claravis | benzaclin | spironolactone | doxycycline | phillips' milk of magnesia | duac | retin-a | dapsone | aczone | clindamycin / tretinoin | drospirenone / ethinyl estradiol | onexton | benzoyl peroxide / sulfur,isotretinoin | accutane | adapalene / benzoyl peroxide,all,True,False,logreg,logreg,verified_742,726,273,273,726,0,0,0,0.6,1.0,1.0,0.9469024295259745,0.3,1.0,1.0,0.9469024295259745,0.15,1.0,1.0,0.9469024295259745,1.0,1.0,1.0,1.0,0.0,0.0,0.0,1.0
verified_learned_rerank,eval_0019,doxycycline | ibuprofen | naproxen | triamcinolone | flanax pain reliever | cephalexin | bactrim | sulfamethoxazole / trimethoprim | oxybutynin | avelox | moxifloxacin | doxy 100 | sucralfate | aleve | ditropan xl | naprosyn | ciprofloxacin | levofloxacin | bactrim ds | levaquin,naproxen | triamcinolone,all,True,False,logreg,logreg,verified_742,273,273,273,273,0,0,0,0.4,1.0,1.0,0.5706417189553201,0.2,1.0,1.0,0.5706417189553201,0.1,1.0,1.0,0.5706417189553201,0.3333333333333333,1.0,1.0,1.0,0.0,0.0,0.0,1.0
verified_learned_rerank,eval_0010,elocon | clobetasol | stelara | enbrel | ustekinumab | desonide | doxycycline | etanercept | prednisone | flurandrenolide | cordran tape | clocortolone | clobex | cloderm | thiothixene | desowen | methylprednisolone | adalimumab | mometasone | betamethasone,prednisone | enbrel,all,True,False,logreg,logreg,verified_742,882,164,164,882,0,0,0,0.2,0.5,1.0,0.3031610197508214,0.2,1.0,1.0,0.44442799261065036,0.1,1.0,1.0,0.44442799261065036,0.25,1.0,1.0,1.0,0.0,0.0,0.0,1.0
verified_learned_rerank,eval_0002,doxycycline | prednisone | azithromycin | rocephin | ceftriaxone | sulfamethoxazole / trimethoprim | zithromax | ceftin | aluminum chloride hexahydrate | avelox | moxifloxacin | amoxicillin | amoxil | drysol | propranolol | amoxicillin / clavulanate | metronidazole | gabapentin | biaxin xl | augmentin,prednisone,all,True,False,logreg,logreg,verified_742,734,221,221,734,0,0,0,0.2,1.0,1.0,0.6309297535714574,0.1,1.0,1.0,0.6309297535714574,0.05,1.0,1.0,0.6309297535714574,0.5,1.0,1.0,1.0,0.0,0.0,0.0,1.0
verified_learned_rerank,eval_0017,doxycycline | prednisone | azithromycin | rocephin | aclidinium | tudorza pressair | methylprednisolone | xopenex | omalizumab | mometasone | ceftriaxone | xolair | levalbuterol | primatene mist | accolate | zafirlukast | intal inhaler | epinephrine | guaifenesin | ampicillin,prednisone | methylprednisolone,all,True,False,logreg,logreg,verified_742,1000,681,681,1000,0,0,0,0.2,0.5,1.0,0.3868528072345416,0.2,1.0,1.0,0.5912352048230277,0.1,1.0,1.0,0.5912352048230277,0.5,1.0,1.0,1.0,0.0,0.0,0.0,1.0
verified_learned_rerank,eval_0020,clonazepam | propranolol | rizatriptan | klonopin | treximet | relpax | lamotrigine | gabapentin | naproxen / sumatriptan | amitriptyline | sumatriptan | maxalt | eletriptan | acetaminophen / butalbital / caffeine | frovatriptan | bupropion | aspirin / butalbital / caffeine | diclofenac | frova | phenelzine,propranolol,all,True,False,logreg,logreg,verified_742,1000,179,179,947,0,0,0,0.2,1.0,1.0,0.6309297535714574,0.1,1.0,1.0,0.6309297535714574,0.05,1.0,1.0,0.6309297535714574,0.5,1.0,1.0,0.0,0.0,0.0,0.0,1.0
verified_learned_rerank,eval_0021,propranolol | verapamil | nitro-bid | aspirin | epinephrine | nitroglycerin | enoxaparin | lovenox | atenolol | nadolol | corgard | bayer aspirin extra strength plus | streptokinase | angiomax | dalteparin | fragmin | bivalirudin | warfarin | plavix | metoprolol,metoprolol,all,True,False,logreg,logreg,verified_742,1000,90,90,1000,0,0,0,0.0,0.0,0.0,0.0,0.0,0.0,0.0,0.0,0.05,1.0,1.0,0.22767024869695296,0.05,1.0,1.0,1.0,0.0,0.0,0.0,1.0
verified_learned_rerank,eval_0012,clonazepam | propranolol | gabapentin | amitriptyline | sumatriptan | klonopin | diclofenac | rizatriptan | treximet | lamotrigine | naproxen / sumatriptan | prednisone | clonidine | relpax | maxalt | lithium | eletriptan | acetaminophen / butalbital / caffeine | frovatriptan | bupropion,propranolol,all,True,False,logreg,logreg,verified_742,1000,179,179,1000,0,0,0,0.2,1.0,1.0,0.6309297535714574,0.1,1.0,1.0,0.6309297535714574,0.05,1.0,1.0,0.6309297535714574,0.5,1.0,1.0,1.0,0.0,0.0,0.0,1.0
verified_learned_rerank,eval_0008,clonazepam | klonopin | propranolol | rizatriptan | treximet | lamotrigine | gabapentin | naproxen / sumatriptan | amitriptyline | relpax | maxalt | eletriptan | acetaminophen / butalbital / caffeine | frovatriptan | sumatriptan | bupropion | aspirin / butalbital / caffeine | diclofenac | frova | maxalt-mlt,gabapentin | propranolol,all,True,False,logreg,logreg,verified_742,1000,179,179,1000,0,0,0,0.2,0.5,1.0,0.35195904451706733,0.2,1.0,1.0,0.5083852865246528,0.1,1.0,1.0,0.5083852865246528,0.3333333333333333,1.0,1.0,1.0,0.0,0.0,0.0,1.0
verified_learned_rerank,eval_0005,cyproheptadine | promethazine | prednisone | chlor-trimeton | phenergan | chlorpheniramine | epinephrine | ranitidine | carbinoxamine | dexbrompheniramine / pseudoephedrine | azelastine | triamcinolone | tetracaine | drixoral cold and allergy | valacyclovir | valtrex | olopatadine | diphenhydramine | chlorpheniramine / hydrocodone | benadryl,promethazine | cyproheptadine,all,True,False,logreg,logreg,verified_742,1000,558,517,958,0,0,0,0.4,1.0,1.0,1.0,0.2,1.0,1.0,1.0,0.1,1.0,1.0,1.0,1.0,1.0,1.0,1.0,0.0,0.0,0.0,1.0
verified_learned_rerank,eval_0027,doxycycline | ibuprofen | naproxen | triamcinolone | flanax pain reliever | aleve | diclofenac | tramadol | naprosyn | stelara | acetaminophen / hydrocodone | enbrel | ustekinumab | etanercept | prednisone | lortab | ketoprofen | norco | indomethacin | valdecoxib,diclofenac | naproxen | triamcinolone,all,True,False,logreg,logreg,verified_742,273,273,273,273,0,0,0,0.4,0.6666666666666666,1.0,0.4007190842355906,0.3,1.0,1.0,0.5704180087613205,0.15,1.0,1.0,0.5704180087613205,0.3333333333333333,1.0,1.0,1.0,0.0,0.0,0.0,1.0
verified_learned_rerank,eval_0007,amitriptyline | propranolol | clonazepam | venlafaxine | klonopin | rizatriptan | elavil | spironolactone | treximet | lamotrigine | gabapentin | naproxen / sumatriptan | clonidine | relpax | maxalt | eletriptan | acetaminophen / butalbital / caffeine | frovatriptan | sumatriptan | bupropion,propranolol | clonidine | amitriptyline | elavil,all,True,False,logreg,logreg,verified_742,1000,600,471,698,0,0,0,0.4,0.5,1.0,0.6744821105691429,0.3,0.75,1.0,0.8123343814578067,0.2,1.0,1.0,0.8847480511632643,1.0,1.0,1.0,1.0,0.0,0.0,0.0,1.0
verified_learned_rerank,eval_0034,prednisone | diclofenac | methylprednisolone | cellcept | mycophenolate mofetil | hydrocortisone | betamethasone | triamcinolone | doxycycline | adalimumab | humira | infliximab | medrol dosepak | remicade | ceftriaxone | dexamethasone | tramadol | stelara | acetaminophen / hydrocodone | enbrel,prednisone | methylprednisolone | triamcinolone | adalimumab | humira | infliximab | remicade,all,True,False,logreg,logreg,verified_742,672,346,346,672,0,0,0,0.4,0.2857142857142857,1.0,0.5087403079104241,0.4,0.5714285714285714,1.0,0.5784854072983234,0.35,1.0,1.0,0.799799097433431,1.0,1.0,1.0,1.0,0.0,0.0,0.0,1.0
verified_learned_rerank,eval_0036,doxycycline | prednisone | elocon | stelara | enbrel | ustekinumab | methotrexate | etanercept | clobetasol | desonide | minocycline | flurandrenolide | methylprednisolone | cordran tape | clocortolone | clobex | adalimumab | betamethasone | humira | cloderm,doxycycline | prednisone,all,True,False,logreg,logreg,verified_742,952,544,544,952,0,0,0,0.4,1.0,1.0,1.0,0.2,1.0,1.0,1.0,0.1,1.0,1.0,1.0,1.0,1.0,1.0,1.0,0.0,0.0,0.0,1.0
verified_learned_rerank,eval_0037,lorazepam | baclofen | ativan | onabotulinumtoxina | botox | diclofenac | tramadol | clonazepam | stelara | acetaminophen / hydrocodone | enbrel | ustekinumab | lioresal | doxycycline | etanercept | prednisone | lortab | phentermine | ketoprofen | norco,diclofenac | onabotulinumtoxina | botox,all,True,False,logreg,logreg,verified_742,570,267,267,570,0,0,0,0.4,0.6666666666666666,1.0,0.3107378158607799,0.3,1.0,1.0,0.5138260130795436,0.15,1.0,1.0,0.5138260130795436,0.25,1.0,1.0,1.0,0.0,0.0,0.0,1.0
verified_learned_rerank,eval_0023,aluminum chloride hexahydrate | drysol | clonidine | gabapentin | amitriptyline | hypercare | catapres | xerac ac | tapazole | potassium iodide | pima | oxybutynin | hytrin | terazosin | onabotulinumtoxina | botox | benztropine | tadalafil | thyroid desiccated | propranolol,thyroid desiccated | armour thyroid | levothyroxine,all,True,False,logreg,logreg,verified_742,824,352,81,553,0,0,0,0.0,0.0,0.0,0.0,0.0,0.0,0.0,0.0,0.05,0.3333333333333333,1.0,0.10858087310103356,0.05263157894736842,1.0,1.0,1.0,0.0,0.0,0.0,1.0
verified_learned_rerank,eval_0039,doxycycline | prednisone | azithromycin | methylprednisolone | mometasone | epinephrine | ampicillin | budesonide | kenalog-40 | augmentin xr | triamcinolone | dexbrompheniramine / pseudoephedrine | bactrim | medrol dosepak | sulfamethoxazole / trimethoprim | drixoral cold and allergy | flunisolide | valacyclovir | zithromax | valtrex,prednisone | methylprednisolone,all,True,False,logreg,logreg,verified_742,1000,681,681,1000,0,0,0,0.4,1.0,1.0,0.6509209298071326,0.2,1.0,1.0,0.6509209298071326,0.1,1.0,1.0,0.6509209298071326,0.5,1.0,1.0,1.0,0.0,0.0,0.0,1.0
verified_learned_rerank,eval_0029,doxycycline | prednisone | azithromycin | rocephin | tudorza pressair | aclidinium | xopenex | methylprednisolone | omalizumab | ceftriaxone | mometasone | xolair | levalbuterol | primatene mist | intal inhaler | accolate | zafirlukast | guaifenesin | epinephrine | revefenacin,prednisone,all,True,False,logreg,logreg,verified_742,1000,221,221,1000,0,0,0,0.2,1.0,1.0,0.6309297535714574,0.1,1.0,1.0,0.6309297535714574,0.05,1.0,1.0,0.6309297535714574,0.5,1.0,1.0,1.0,0.0,0.0,0.0,1.0
verified_learned_rerank,eval_0033,cefadroxil | retapamulin | altabax | mupirocin | cefuroxime | isotretinoin | accutane | valacyclovir | valtrex | benzoyl peroxide / clindamycin | tretinoin | elocon | adapalene / benzoyl peroxide | epiduo | clobetasol | stelara | magnesium hydroxide | claravis | acyclovir | enbrel,cefuroxime | mupirocin | retapamulin,all,True,False,logreg,logreg,verified_742,731,8,8,731,0,0,0,0.6,1.0,1.0,0.6797310500037657,0.3,1.0,1.0,0.6797310500037657,0.15,1.0,1.0,0.6797310500037657,0.5,1.0,1.0,1.0,0.0,0.0,0.0,1.0
verified_learned_rerank,eval_0041,doxycycline | azithromycin | rocephin | acidophilus | methenamine | ceftriaxone | zyvox | linezolid | hiprex | lactobacillus acidophilus | fluconazole | cephalexin | gentamicin | doripenem | bactrim | sulfamethoxazole / trimethoprim | minocycline | ceftin | avelox | moxifloxacin,doxycycline | azithromycin | sulfamethoxazole / trimethoprim | bactrim | fluconazole,all,True,False,logreg,logreg,verified_742,481,287,287,481,0,0,0,0.4,0.4,1.0,0.4063180457160617,0.2,0.4,1.0,0.4063180457160617,0.25,1.0,1.0,0.6954092773654924,1.0,1.0,1.0,1.0,0.0,0.0,0.0,1.0
verified_learned_rerank,eval_0018,clonazepam | klonopin | propranolol | rizatriptan | treximet | lamotrigine | gabapentin | naproxen / sumatriptan | amitriptyline | relpax | maxalt | eletriptan | acetaminophen / butalbital / caffeine | frovatriptan | sumatriptan | bupropion | aspirin / butalbital / caffeine | diclofenac | frova | maxalt-mlt,gabapentin | propranolol,all,True,False,logreg,logreg,verified_742,1000,179,179,1000,0,0,0,0.2,0.5,1.0,0.35195904451706733,0.2,1.0,1.0,0.5083852865246528,0.1,1.0,1.0,0.5083852865246528,0.3333333333333333,1.0,1.0,1.0,0.0,0.0,0.0,1.0
verified_learned_rerank,eval_0045,rabeprazole | omeprazole / sodium bicarbonate | ranitidine | lansoprazole | zantac | esomeprazole | protonix | nexium | sucralfate | cimetidine | omeprazole | diclofenac | pantoprazole | prednisone | clonidine | carafate | pepcid | chlordiazepoxide / clidinium | librax | atropine / hyoscyamine / phenobarbital / scopolamine,rabeprazole | esomeprazole | lansoprazole,all,True,False,logreg,logreg,verified_742,660,109,109,660,0,0,0,0.4,0.6666666666666666,1.0,0.6713860725233042,0.3,1.0,1.0,0.8385465274895064,0.15,1.0,1.0,0.8385465274895064,1.0,1.0,1.0,1.0,0.0,0.0,0.0,1.0
verified_learned_rerank,eval_0047,cefadroxil | retapamulin | altabax | mupirocin | cefuroxime | ozenoxacin | ammoniated mercury | sulconazole,mupirocin | retapamulin,all,True,False,logreg,logreg,verified_742,8,8,8,8,0,0,0,0.4,1.0,1.0,0.6509209298071326,0.2,1.0,1.0,0.6509209298071326,0.1,1.0,1.0,0.6509209298071326,0.5,1.0,1.0,1.0,0.0,0.0,0.0,1.0
verified_learned_rerank,eval_0049,aciphex | rabeprazole | calcium carbonate / simethicone | prevacid | axid ar | nexium 24hr | prilosec otc | aluminum hydroxide / magnesium hydroxide / simethicone | nizatidine | protonix iv | omeprazole / sodium bicarbonate | mylanta | zegerid | pepcid ac chewable tablets | dexlansoprazole | lansoprazole | esomeprazole | dexilant | protonix | nexium,aciphex | dexlansoprazole | rabeprazole,all,True,False,logreg,logreg,verified_742,1000,45,45,1000,0,0,0,0.4,0.6666666666666666,1.0,0.7653606369886218,0.2,0.6666666666666666,1.0,0.7653606369886218,0.15,1.0,1.0,0.8826803184943108,1.0,1.0,1.0,1.0,0.0,0.0,0.0,1.0
verified_learned_rerank,eval_0054,doxycycline | prednisone | azithromycin | methylprednisolone | mometasone | epinephrine | ampicillin | budesonide | kenalog-40 | augmentin xr | triamcinolone | bactrim | dexbrompheniramine / pseudoephedrine | medrol dosepak | sulfamethoxazole / trimethoprim | flunisolide | drixoral cold and allergy | zithromax | valacyclovir | valtrex,prednisone | methylprednisolone,all,True,False,logreg,logreg,verified_742,1000,681,681,1000,0,0,0,0.4,1.0,1.0,0.6509209298071326,0.2,1.0,1.0,0.6509209298071326,0.1,1.0,1.0,0.6509209298071326,0.5,1.0,1.0,1.0,0.0,0.0,0.0,1.0
verified_learned_rerank,eval_0053,doxycycline | prednisone | dexbrompheniramine / pseudoephedrine | drixoral cold and allergy | valacyclovir | azithromycin | valtrex | methylprednisolone | mometasone | chlorpheniramine / hydrocodone | epinephrine | ampicillin | budesonide | tussionex pennkinetic | kenalog-40 | augmentin xr | acyclovir | triamcinolone | zutripro | chlorpheniramine / hydrocodone / pseudoephedrine,prednisone | methylprednisolone,all,True,False,logreg,logreg,verified_742,1000,681,681,1000,0,0,0,0.2,0.5,1.0,0.3868528072345416,0.2,1.0,1.0,0.5802792108518124,0.1,1.0,1.0,0.5802792108518124,0.5,1.0,1.0,1.0,0.0,0.0,0.0,1.0
verified_learned_rerank,eval_0058,doxycycline | lithium | chlorpromazine | allopurinol | clindamycin | artemether / lumefantrine | coartem | divalproex sodium | stavzor | daraprim | halfan | halofantrine | fansidar | pyrimethamine / sulfadoxine | pyrimethamine | depakote er | thorazine | hydroxychloroquine | depakote | risperdal,doxycycline | clindamycin,all,True,False,logreg,logreg,verified_742,1000,34,34,1000,0,0,0,0.4,1.0,1.0,0.8854598815714874,0.2,1.0,1.0,0.8854598815714874,0.1,1.0,1.0,0.8854598815714874,1.0,1.0,1.0,1.0,0.0,0.0,0.0,1.0
verified_learned_rerank,eval_0030,prednisone | omalizumab | xolair | epinephrine | cyproheptadine | promethazine | aristocort | triamcinolone | chlor-trimeton | phenergan | chlorpheniramine | cromolyn | ranitidine | carbinoxamine | doxycycline | azelastine | tetracaine | olopatadine | azithromycin | diphenhydramine,prednisone | promethazine | cyproheptadine | methylprednisolone,all,True,False,logreg,logreg,verified_742,1000,288,288,951,0,0,0,0.4,0.5,1.0,0.46794370703989013,0.3,0.75,1.0,0.6261609168199251,0.15,0.75,1.0,0.6261609168199251,1.0,1.0,1.0,1.0,0.0,0.0,0.0,1.0
verified_learned_rerank,eval_0051,doxycycline | prednisone | azithromycin | rocephin | methylprednisolone | ceftriaxone | mometasone | propranolol | epinephrine | ampicillin | budesonide | kenalog-40 | augmentin xr | triamcinolone | bactrim | aciphex | medrol dosepak | sulfamethoxazole / trimethoprim | flunisolide | zithromax,prednisone,all,True,False,logreg,logreg,verified_742,1000,221,221,1000,0,0,0,0.2,1.0,1.0,0.6309297535714575,0.1,1.0,1.0,0.6309297535714575,0.05,1.0,1.0,0.6309297535714575,0.5,1.0,1.0,1.0,0.0,0.0,0.0,1.0
verified_learned_rerank,eval_0050,doxycycline | prednisone | azithromycin | rocephin | tudorza pressair | aclidinium | xopenex | methylprednisolone | omalizumab | ceftriaxone | mometasone | xolair | levalbuterol | primatene mist | intal inhaler | zafirlukast | accolate | guaifenesin | epinephrine | revefenacin,prednisone,all,True,False,logreg,logreg,verified_742,536,221,221,536,0,0,0,0.2,1.0,1.0,0.6309297535714575,0.1,1.0,1.0,0.6309297535714575,0.05,1.0,1.0,0.6309297535714575,0.5,1.0,1.0,1.0,0.0,0.0,0.0,1.0
verified_learned_rerank,eval_0055,clonazepam | gabapentin | amitriptyline | klonopin | propranolol | spironolactone | rizatriptan | urea | treximet | lamotrigine | naproxen / sumatriptan | cyproheptadine | prednisone | relpax | maxalt | clonidine | pregabalin | eletriptan | acetaminophen / butalbital / caffeine | frovatriptan,gabapentin | amitriptyline,all,True,False,logreg,logreg,verified_742,1000,236,236,1000,0,0,0,0.4,1.0,1.0,0.6934264036172708,0.2,1.0,1.0,0.6934264036172708,0.1,1.0,1.0,0.6934264036172708,0.5,1.0,1.0,1.0,0.0,0.0,0.0,1.0
verified_learned_rerank,eval_0059,doxycycline | prednisone | azithromycin | rocephin | ceftriaxone | sulfamethoxazole / trimethoprim | zithromax | ceftin | metronidazole | propranolol | avelox | dapsone | moxifloxacin | amoxicillin | aluminum chloride hexahydrate | methylprednisolone | zyvox | amoxil | linezolid | mometasone,prednisone,all,True,False,logreg,logreg,verified_742,1000,221,221,1000,0,0,0,0.2,1.0,1.0,0.6309297535714574,0.1,1.0,1.0,0.6309297535714574,0.05,1.0,1.0,0.6309297535714574,0.5,1.0,1.0,1.0,0.0,0.0,0.0,1.0
verified_learned_rerank,eval_0057,aciphex | doxycycline | prednisone | rabeprazole | calcium carbonate / simethicone | prevacid | axid ar | nexium 24hr | prilosec otc | aluminum hydroxide / magnesium hydroxide / simethicone | nizatidine | protonix iv | omeprazole / sodium bicarbonate | tagamet hb | mylanta | zegerid | pepcid ac chewable tablets | triamcinolone | gentamicin | mylanta maximum strength,prednisone,all,True,False,logreg,logreg,verified_742,1000,323,323,1000,0,0,0,0.2,1.0,1.0,0.5,0.1,1.0,1.0,0.5,0.05,1.0,1.0,0.5,0.3333333333333333,1.0,1.0,1.0,0.0,0.0,0.0,1.0
verified_learned_rerank,eval_0042,prednisone | aristocort | triamcinolone | doxycycline | methylprednisolone | corticotropin | aspirin | deltasone | cyproheptadine | promethazine | diclofenac | kenalog-40 | acthar | loteprednol | tramadol | stelara | lotemax | medrol dosepak | acetaminophen / hydrocodone | enbrel,prednisone | triamcinolone | methylprednisolone,all,True,False,logreg,logreg,verified_742,796,322,322,796,0,0,0,0.6,1.0,1.0,0.8854598815714875,0.3,1.0,1.0,0.8854598815714875,0.15,1.0,1.0,0.8854598815714875,1.0,1.0,1.0,1.0,0.0,0.0,0.0,1.0
verified_learned_rerank,eval_0070,doxycycline | prednisone | azithromycin | rocephin | methylprednisolone | ceftriaxone | mometasone | dexbrompheniramine / pseudoephedrine | drixoral cold and allergy | valacyclovir | valtrex | epinephrine | ampicillin | budesonide | kenalog-40 | augmentin xr | triamcinolone | bactrim | aciphex | chlorpheniramine / hydrocodone,prednisone,all,True,False,logreg,logreg,verified_742,1000,221,221,977,0,0,0,0.2,1.0,1.0,0.6309297535714574,0.1,1.0,1.0,0.6309297535714574,0.05,1.0,1.0,0.6309297535714574,0.5,1.0,1.0,1.0,0.0,0.0,0.0,1.0
verified_learned_rerank,eval_0068,prednisone | propranolol | cyproheptadine | doxycycline | clonidine | clonazepam | gabapentin | acetaminophen / phenyltoloxamine | amitriptyline | tadalafil | azithromycin | methylprednisolone | ceftriaxone | dexbrompheniramine / pseudoephedrine | spironolactone | mometasone | ephedrine | drixoral cold and allergy | acetaminophen / caffeine | klonopin,prednisone | diltiazem,all,True,False,logreg,logreg,verified_742,1000,650,650,581,0,0,0,0.2,0.5,1.0,0.6131471927654584,0.1,0.5,1.0,0.6131471927654584,0.05,0.5,1.0,0.6131471927654584,1.0,1.0,1.0,1.0,0.0,0.0,0.0,1.0
verified_learned_rerank,eval_0072,proctofoam | pramoxine | dibucaine | nupercainal | hydrocortisone | proctofoam hc | proctosol-hc | pramoxine / zinc oxide | tronolane anesthetic for hemorrhoids | hydrocortisone / pramoxine | analpram-hc | hydrocortisone / lidocaine | phenylephrine | lmx 5 | pramosone | lidocaine | phenylephrine / pramoxine | recticare | anucort-hc | anusol-hc suppositories,hydrocortisone | pramoxine | proctofoam,all,True,False,logreg,logreg,verified_742,22,20,20,22,0,0,0,0.6,1.0,1.0,0.9615980861491925,0.3,1.0,1.0,0.9615980861491925,0.15,1.0,1.0,0.9615980861491925,1.0,1.0,1.0,1.0,0.0,0.0,0.0,1.0
verified_learned_rerank,eval_0069,doxycycline | aluminum chloride hexahydrate | prednisone | drysol | gabapentin | amitriptyline | methylprednisolone | hypercare | stelara | enbrel | ustekinumab | etanercept | triamcinolone | ibuprofen | oxybutynin | naproxen | hydrocortisone | kenalog-40 | adalimumab | clonidine,prednisone | methylprednisolone | triamcinolone | naproxen,all,True,False,logreg,logreg,verified_742,1000,294,294,1000,0,0,0,0.2,0.25,1.0,0.19519002499605084,0.2,0.5,1.0,0.32531670832675136,0.2,1.0,1.0,0.5233565378076812,0.3333333333333333,1.0,1.0,1.0,0.0,0.0,0.0,1.0
verified_learned_rerank,eval_0048,doxycycline | prednisone | aciphex | triamcinolone | rabeprazole | minocycline | calcium carbonate / simethicone | prevacid | axid ar | nexium 24hr | prilosec otc | aluminum hydroxide / magnesium hydroxide / simethicone | nizatidine | protonix iv | omeprazole / sodium bicarbonate | tagamet hb | mylanta | zegerid | moxifloxacin | pepcid ac chewable tablets,prednisone | triamcinolone | moxifloxacin | ciprofloxacin,all,True,False,logreg,logreg,verified_742,1000,357,357,773,0,0,0,0.4,0.5,1.0,0.4144299250118475,0.2,0.5,1.0,0.4144299250118475,0.15,0.75,1.0,0.5047553634322374,0.5,1.0,1.0,1.0,0.0,0.0,0.0,1.0
verified_learned_rerank,eval_0066,diclofenac | tramadol | stelara | acetaminophen / hydrocodone | enbrel | ustekinumab | doxycycline | etanercept | prednisone | lortab | ketoprofen | norco | indomethacin | valdecoxib | voltaren | duloxetine | cataflam | cymbalta | naprelan | probenecid,diclofenac | tramadol,all,True,False,logreg,logreg,verified_742,273,255,255,273,0,0,0,0.4,1.0,1.0,1.0,0.2,1.0,1.0,1.0,0.1,1.0,1.0,1.0,1.0,1.0,1.0,1.0,0.0,0.0,0.0,1.0
verified_learned_rerank,eval_0074,cyproheptadine | promethazine | prednisone | chlor-trimeton | phenergan | chlorpheniramine | epinephrine | ranitidine | dexbrompheniramine / pseudoephedrine | carbinoxamine | drixoral cold and allergy | azelastine | triamcinolone | tetracaine | valacyclovir | valtrex | olopatadine | diphenhydramine | chlorpheniramine / hydrocodone | benadryl,promethazine | cyproheptadine,all,True,False,logreg,logreg,verified_742,1000,558,517,958,0,0,0,0.4,1.0,1.0,1.0,0.2,1.0,1.0,1.0,0.1,1.0,1.0,1.0,1.0,1.0,1.0,1.0,0.0,0.0,0.0,1.0
verified_learned_rerank,eval_0076,diclofenac | tramadol | stelara | acetaminophen / hydrocodone | enbrel | ustekinumab | doxycycline | etanercept | prednisone | lortab | ketoprofen | norco | indomethacin | valdecoxib | voltaren | duloxetine | cataflam | cymbalta | naprelan | probenecid,diclofenac | tramadol | acetaminophen / hydrocodone,all,True,False,logreg,logreg,verified_742,273,255,255,273,0,0,0,0.6,1.0,1.0,0.9736505918364026,0.3,1.0,1.0,0.9736505918364026,0.15,1.0,1.0,0.9736505918364026,1.0,1.0,1.0,1.0,0.0,0.0,0.0,1.0
verified_learned_rerank,eval_0061,tretinoin | doxycycline | isotretinoin | accutane | liraglutide | benzoyl peroxide / clindamycin | gabapentin | minocycline | adapalene / benzoyl peroxide | victoza | epiduo | magnesium hydroxide | claravis | benzaclin | spironolactone | clobetasol | phillips' milk of magnesia | duac | retin-a | tetracycline,tretinoin | doxycycline | minocycline,all,True,False,logreg,logreg,verified_742,670,500,500,670,0,0,0,0.4,0.6666666666666666,1.0,0.8099531166420328,0.3,1.0,1.0,0.9298593499260986,0.15,1.0,1.0,0.9298593499260986,1.0,1.0,1.0,1.0,0.0,0.0,0.0,1.0
verified_learned_rerank,eval_0082,aluminum chloride hexahydrate | drysol | gabapentin | amitriptyline | hypercare | clonidine | thyroid desiccated | westhroid | cenestin | xerac ac | catapres | estropipate | conjugated estrogens | potassium iodide | pima | tapazole | armour thyroid | premarin | oxybutynin | rayaldee,thyroid desiccated | armour thyroid | levothyroxine,all,True,False,logreg,logreg,verified_742,634,81,81,634,0,0,0,0.0,0.0,0.0,0.0,0.1,0.3333333333333333,1.0,0.12669792223864473,0.1,0.6666666666666666,1.0,0.21784914596196486,0.14285714285714285,1.0,1.0,1.0,0.0,0.0,0.0,1.0
verified_learned_rerank,eval_0060,doxycycline | ibuprofen | naproxen | triamcinolone | flanax pain reliever | cephalexin | bactrim | sulfamethoxazole / trimethoprim | oxybutynin | aleve | avelox | moxifloxacin | naprosyn | doxy 100 | sucralfate | ditropan xl | ciprofloxacin | levofloxacin | bactrim ds | levaquin,naproxen,all,True,False,logreg,logreg,verified_742,273,273,273,273,0,0,0,0.2,1.0,1.0,0.5,0.1,1.0,1.0,0.5,0.05,1.0,1.0,0.5,0.3333333333333333,1.0,1.0,1.0,0.0,0.0,0.0,1.0
verified_learned_rerank,eval_0083,tretinoin | doxycycline | spironolactone | isotretinoin | clobetasol | prednisone | metronidazole | accutane | azithromycin | dapsone | rocephin | valacyclovir | valtrex | ceftriaxone | clindamycin | cephalexin | bactrim | zyvox | benzoyl peroxide / clindamycin | sulfamethoxazole / trimethoprim,tretinoin | doxycycline | spironolactone | liraglutide,all,True,False,logreg,logreg,verified_742,1000,646,646,794,0,0,0,0.6,0.75,1.0,0.8123343814578067,0.3,0.75,1.0,0.8123343814578067,0.15,0.75,1.0,0.8123343814578067,1.0,1.0,1.0,1.0,0.0,0.0,0.0,1.0
verified_learned_rerank,eval_0065,aluminum chloride hexahydrate | drysol | gabapentin | amitriptyline | hypercare | clonidine | catapres | thyroid desiccated | westhroid | cenestin | estropipate | conjugated estrogens | armour thyroid | xerac ac | premarin | onabotulinumtoxina | tapazole | pima | potassium iodide | botox,thyroid desiccated | armour thyroid | levothyroxine,all,True,False,logreg,logreg,verified_742,748,81,81,748,0,0,0,0.0,0.0,0.0,0.0,0.1,0.3333333333333333,1.0,0.14804095548293264,0.1,0.6666666666666666,1.0,0.27129679467565615,0.125,1.0,1.0,1.0,0.0,0.0,0.0,1.0
verified_learned_rerank,eval_0084,doxycycline | prednisone | azithromycin | rocephin | metronidazole | ceftriaxone | dapsone | zyvox | linezolid | neupogen | filgrastim | fluconazole | clindamycin | sulfamethoxazole / trimethoprim | tobramycin | zithromax | ceftin | lefamulin | gentamicin | xenleta,doxycycline | azithromycin | prednisone | clindamycin,all,True,False,logreg,logreg,verified_742,1000,319,319,1000,0,0,0,0.6,0.75,1.0,0.8530852898337354,0.3,0.75,1.0,0.8530852898337354,0.2,1.0,1.0,0.9308596452980199,1.0,1.0,1.0,1.0,0.0,0.0,0.0,1.0
verified_learned_rerank,eval_0078,cyproheptadine | promethazine | prednisone | omalizumab | epipen | ketotifen | xolair | chlor-trimeton | phenergan | ketorolac | chlorpheniramine | epinephrine | ranitidine | carbinoxamine | zaditor | aristocort | alavert | azelastine | triamcinolone | triprolidine,prednisone | promethazine,all,True,False,logreg,logreg,verified_742,558,76,76,558,0,0,0,0.4,1.0,1.0,0.6934264036172708,0.2,1.0,1.0,0.6934264036172708,0.1,1.0,1.0,0.6934264036172708,0.5,1.0,1.0,1.0,0.0,0.0,0.0,1.0
verified_learned_rerank,eval_0063,propranolol | verapamil | tadalafil | nitroglycerin | atenolol | nadolol | corgard | sildenafil | metoprolol | verelan pm | caduet | dextroamphetamine | coreg | tenormin | lopressor | dexedrine | calan sr | spironolactone | toprol-xl | azor,propranolol | verapamil | metoprolol | spironolactone,all,True,False,logreg,logreg,verified_742,1000,335,335,975,0,0,0,0.4,0.5,1.0,0.6744821105691429,0.3,0.75,1.0,0.7989751160927961,0.2,1.0,1.0,0.8638784226828439,1.0,1.0,1.0,1.0,0.0,0.0,0.0,1.0
verified_learned_rerank,eval_0089,isotretinoin | accutane | benzoyl peroxide / clindamycin | tretinoin | adapalene / benzoyl peroxide | epiduo | magnesium hydroxide | claravis | benzaclin | spironolactone | doxycycline | phillips' milk of magnesia | duac | retin-a | dapsone | aczone | clindamycin / tretinoin | drospirenone / ethinyl estradiol | onexton | benzoyl peroxide / sulfur,adapalene / benzoyl peroxide,all,True,False,logreg,logreg,verified_742,273,273,273,273,0,0,0,0.2,1.0,1.0,0.38685280723454163,0.1,1.0,1.0,0.38685280723454163,0.05,1.0,1.0,0.38685280723454163,0.2,1.0,1.0,1.0,0.0,0.0,0.0,1.0
verified_learned_rerank,eval_0075,doxycycline | prednisone | azithromycin | rocephin | methylprednisolone | ceftriaxone | mometasone | tudorza pressair | aclidinium | epinephrine | xopenex | omalizumab | ampicillin | budesonide | kenalog-40 | xolair | levalbuterol | augmentin xr | primatene mist | zafirlukast,prednisone,all,True,False,logreg,logreg,verified_742,1000,221,221,1000,0,0,0,0.2,1.0,1.0,0.6309297535714574,0.1,1.0,1.0,0.6309297535714574,0.05,1.0,1.0,0.6309297535714574,0.5,1.0,1.0,1.0,0.0,0.0,0.0,1.0
verified_learned_rerank,eval_0087,amitriptyline | venlafaxine | elavil | spironolactone | doxycycline | clonazepam | azithromycin | ceftriaxone | propranolol | rizatriptan | klonopin | ampicillin | allopurinol | magnesium oxide | doryx | treximet | augmentin xr | naproxen / sumatriptan | cephalexin | relpax,amitriptyline | venlafaxine | elavil,all,True,False,logreg,logreg,verified_742,1000,347,347,927,0,0,0,0.6,1.0,1.0,1.0,0.3,1.0,1.0,1.0,0.15,1.0,1.0,1.0,1.0,1.0,1.0,1.0,0.0,0.0,0.0,1.0
verified_learned_rerank,eval_0093,diclofenac | doxycycline | prednisone | methylprednisolone | ceftriaxone | adalimumab | betamethasone | humira | cellcept | infliximab | remicade | mycophenolate mofetil | hydrocortisone | kenalog-40 | triamcinolone | medrol dosepak | amoxicillin | golimumab | aspirin | simponi,doxycycline | prednisone,all,True,False,logreg,logreg,verified_742,1000,255,255,1000,0,0,0,0.4,1.0,1.0,0.6480409554829326,0.2,1.0,1.0,0.6480409554829326,0.1,1.0,1.0,0.6480409554829326,0.5,1.0,1.0,1.0,0.0,0.0,0.0,1.0
verified_learned_rerank,eval_0073,doxycycline | prednisone | azithromycin | metronidazole | rocephin | ceftriaxone | zyvox | clindamycin | linezolid | sulfamethoxazole / trimethoprim | fluconazole | zithromax | tobramycin | ceftin | cefotaxime | vancocin hcl | gentamicin | avelox | moxifloxacin | amoxicillin,doxycycline | azithromycin | prednisone | clindamycin | minocycline,all,True,False,logreg,logreg,verified_742,1000,710,710,1000,0,0,0,0.6,0.6,1.0,0.6904329358398085,0.4,0.8,1.0,0.781912888453613,0.2,0.8,1.0,0.781912888453613,1.0,1.0,1.0,1.0,0.0,0.0,0.0,1.0
verified_learned_rerank,eval_0095,aciphex | doxycycline | prednisone | rabeprazole | calcium carbonate / simethicone | prevacid | axid ar | nexium 24hr | prilosec otc | aluminum hydroxide / magnesium hydroxide / simethicone | nizatidine | protonix iv | omeprazole / sodium bicarbonate | mylanta | tagamet hb | zegerid | pepcid ac chewable tablets | triamcinolone | rifadin | di-gel,prednisone,all,True,False,logreg,logreg,verified_742,1000,109,109,1000,0,0,0,0.2,1.0,1.0,0.5,0.1,1.0,1.0,0.5,0.05,1.0,1.0,0.5,0.3333333333333333,1.0,1.0,1.0,0.0,0.0,0.0,1.0
verified_learned_rerank,eval_0092,isotretinoin | accutane | benzoyl peroxide / clindamycin | tretinoin | adapalene / benzoyl peroxide | epiduo | magnesium hydroxide | claravis | benzaclin | spironolactone | doxycycline | phillips' milk of magnesia | duac | retin-a | dapsone | aczone | clindamycin / tretinoin | drospirenone / ethinyl estradiol | onexton | benzoyl peroxide / sulfur,adapalene / benzoyl peroxide,all,True,False,logreg,logreg,verified_742,726,273,273,726,0,0,0,0.2,1.0,1.0,0.38685280723454163,0.1,1.0,1.0,0.38685280723454163,0.05,1.0,1.0,0.38685280723454163,0.2,1.0,1.0,1.0,0.0,0.0,0.0,1.0
verified_learned_rerank,eval_0094,amitriptyline | spironolactone | doxycycline | venlafaxine | azithromycin | rocephin | phosphorated carbohydrate solution | acidophilus | elavil | methenamine | ceftriaxone | zyvox | vaniqa | linezolid | uta | sulfatrim | ampicillin | hiprex | allopurinol | eflornithine,doxycycline,all,True,False,logreg,logreg,verified_742,172,172,172,172,0,0,0,0.2,1.0,1.0,0.5,0.1,1.0,1.0,0.5,0.05,1.0,1.0,0.5,0.3333333333333333,1.0,1.0,1.0,0.0,0.0,0.0,1.0
verified_learned_rerank,eval_0079,aluminum hydroxide / magnesium hydroxide / simethicone | ranitidine | lansoprazole | cyproheptadine | prednisone | acetaminophen / phenyltoloxamine | dexbrompheniramine / pseudoephedrine | cimetidine | aciphex | drixoral cold and allergy | omeprazole | valacyclovir | valtrex | acetaminophen / caffeine | pantoprazole | chlorpheniramine / hydrocodone | rabeprazole | excedrin tension headache | calcium carbonate / simethicone | tussionex pennkinetic,lansoprazole | ranitidine | omeprazole | pantoprazole,all,True,False,logreg,logreg,verified_742,719,549,549,719,0,0,0,0.4,0.5,1.0,0.3807286049350967,0.2,0.5,1.0,0.3807286049350967,0.2,1.0,1.0,0.5994765636207386,0.5,1.0,1.0,1.0,0.0,0.0,0.0,1.0
verified_learned_rerank,eval_0097,promethazine | meclizine | clonazepam | dexbrompheniramine / pseudoephedrine | drixoral cold and allergy | valacyclovir | valtrex | propranolol | klonopin | rizatriptan | cyproheptadine | chlorpheniramine / hydrocodone | prednisone | treximet | lamotrigine | gabapentin | naproxen / sumatriptan | relpax | maxalt | tussionex pennkinetic,promethazine | meclizine | phenylephrine | propranolol,all,True,False,logreg,logreg,verified_742,1000,684,684,881,0,0,0,0.4,0.5,1.0,0.6357429506707164,0.3,0.75,1.0,0.7387819585228543,0.15,0.75,1.0,0.7387819585228543,1.0,1.0,1.0,1.0,0.0,0.0,0.0,1.0
verified_learned_rerank,eval_0102,elocon | clobetasol | desonide | prednisone | flurandrenolide | cordran tape | clocortolone | clobex | cloderm | methylprednisolone | mometasone | betamethasone | cellcept | fluocinonide | fluocinolone | mycophenolate mofetil | budesonide | hydrocortisone | desoximetasone | zenpep,prednisone | methylprednisolone,all,True,False,logreg,logreg,verified_742,54,49,49,54,0,0,0,0.2,0.5,1.0,0.26406812257259094,0.2,1.0,1.0,0.44130740935663865,0.1,1.0,1.0,0.44130740935663865,0.25,1.0,1.0,1.0,0.0,0.0,0.0,1.0
verified_learned_rerank,eval_0096,diclofenac | doxycycline | triamcinolone | prednisone | methylprednisolone | adalimumab | humira | sucralfate | cellcept | ibuprofen | infliximab | naproxen | remicade | mycophenolate mofetil | hydrocortisone | ciprofloxacin | levofloxacin | chlordiazepoxide / clidinium | clonidine | flanax pain reliever,triamcinolone | sucralfate,all,True,False,logreg,logreg,verified_742,672,311,311,672,0,0,0,0.2,0.5,1.0,0.23463936301137822,0.2,1.0,1.0,0.45670079623577714,0.1,1.0,1.0,0.45670079623577714,0.3333333333333333,1.0,1.0,1.0,0.0,0.0,0.0,1.0
verified_learned_rerank,eval_0100,proctofoam | hydrocortisone | hydrocortisone / pramoxine | pramoxine | dibucaine | nupercainal | proctofoam hc | proctosol-hc | tronolane anesthetic for hemorrhoids | pramoxine / zinc oxide | lidocaine | pramosone | analpram-hc | hydrocortisone / lidocaine | phenylephrine | lorazepam | lmx 5 | gabapentin | ativan | amitriptyline,hydrocortisone | hydrocortisone / pramoxine | lidocaine,all,True,False,logreg,logreg,verified_742,275,164,164,275,0,0,0,0.4,0.6666666666666666,1.0,0.5248827916050821,0.2,0.6666666666666666,1.0,0.5248827916050821,0.15,1.0,1.0,0.6309072665164582,0.5,1.0,1.0,1.0,0.0,0.0,0.0,1.0
verified_learned_rerank,eval_0103,doxycycline | ibuprofen | naproxen | triamcinolone | flanax pain reliever | cephalexin | bactrim | sulfamethoxazole / trimethoprim | oxybutynin | avelox | moxifloxacin | doxy 100 | sucralfate | aleve | ditropan xl | naprosyn | ciprofloxacin | levofloxacin | bactrim ds | levaquin,naproxen | triamcinolone,all,True,False,logreg,logreg,verified_742,273,273,273,273,0,0,0,0.4,1.0,1.0,0.5540663910176149,0.2,1.0,1.0,0.5540663910176149,0.1,1.0,1.0,0.5540663910176149,0.3333333333333333,1.0,1.0,1.0,0.0,0.0,0.0,1.0
verified_learned_rerank,eval_0111,cyproheptadine | promethazine | prednisone | omalizumab | epipen | ketotifen | xolair | chlor-trimeton | phenergan | ketorolac | chlorpheniramine | epinephrine | ranitidine | carbinoxamine | zaditor | aristocort | alavert | azelastine | triamcinolone | triprolidine,prednisone | promethazine,all,True,False,logreg,logreg,verified_742,558,76,76,558,0,0,0,0.4,1.0,1.0,0.6787622294601761,0.2,1.0,1.0,0.6787622294601761,0.1,1.0,1.0,0.6787622294601761,0.5,1.0,1.0,1.0,0.0,0.0,0.0,1.0
verified_learned_rerank,eval_0107,doxycycline | chlorpromazine | elocon | clobetasol | thorazine | minocycline | desonide | prednisone | flurandrenolide | cordran tape | clocortolone | clobex | cloderm | dexamethasone | mometasone | betamethasone | ultravate | lorazepam | fluocinonide | halobetasol,prednisone | mometasone | clobetasol,all,True,False,logreg,logreg,verified_742,389,300,300,389,0,0,0,0.2,0.3333333333333333,1.0,0.20210734650054762,0.2,0.6666666666666666,1.0,0.35014830198348024,0.15,1.0,1.0,0.46746798348916935,0.25,1.0,1.0,1.0,0.0,0.0,0.0,1.0
verified_learned_rerank,eval_0086,tretinoin | liraglutide | doxycycline | gabapentin | isotretinoin | victoza | dapsone | accutane | clobetasol | spironolactone | desmopressin | pregabalin | benzoyl peroxide / clindamycin | pramlintide | clindamycin | adapalene / benzoyl peroxide | humulin r u-500 (concentrated) | duloxetine | nortriptyline | cymbalta,tretinoin | doxycycline | spironolactone | liraglutide | victoza | clindamycin,all,True,False,logreg,logreg,verified_742,1000,625,625,923,0,0,0,0.6,0.5,1.0,0.7227265726449517,0.5,0.8333333333333334,1.0,0.841150414349496,0.3,1.0,1.0,0.9196204230209414,1.0,1.0,1.0,1.0,0.0,0.0,0.0,1.0
verified_learned_rerank,eval_0067,lorazepam | baclofen | ativan | onabotulinumtoxina | botox | lioresal | clonazepam | ibuprofen | naproxen | propranolol | rizatriptan | klonopin | abobotulinumtoxina | dysport | treximet | relpax | lamotrigine | gabapentin | naproxen / sumatriptan | amitriptyline,onabotulinumtoxina | botox | naproxen | ibuprofen | aleve,all,True,False,logreg,logreg,verified_742,1000,187,187,945,0,0,0,0.4,0.4,1.0,0.3258020218724434,0.4,0.8,1.0,0.48959248978829983,0.2,0.8,1.0,0.48959248978829983,0.25,1.0,1.0,1.0,0.0,0.0,0.0,1.0
verified_learned_rerank,eval_0106,stelara | enbrel | ustekinumab | doxycycline | etanercept | prednisone | methylprednisolone | adalimumab | betamethasone | humira | ibuprofen | naproxen | infliximab | methotrexate | remicade | hydrocortisone | kenalog-40 | triamcinolone | flanax pain reliever | kenalog-10,prednisone | enbrel,all,True,False,logreg,logreg,verified_742,573,255,255,573,0,0,0,0.2,0.5,1.0,0.3868528072345416,0.2,1.0,1.0,0.6052602440527058,0.1,1.0,1.0,0.6052602440527058,0.5,1.0,1.0,1.0,0.0,0.0,0.0,1.0
verified_learned_rerank,eval_0090,doxycycline | azithromycin | rocephin | ceftriaxone | acidophilus | methenamine | zyvox | linezolid | fluconazole | hiprex | cephalexin | lactobacillus acidophilus | gentamicin | bactrim | sulfamethoxazole / trimethoprim | minocycline | doripenem | ceftin | avelox | moxifloxacin,sulfamethoxazole / trimethoprim | bactrim | fluconazole,all,True,False,logreg,logreg,verified_742,1000,287,287,1000,0,0,0,0.0,0.0,0.0,0.0,0.1,0.3333333333333333,1.0,0.141266972859829,0.15,1.0,1.0,0.3787023101635695,0.1111111111111111,1.0,1.0,1.0,0.0,0.0,0.0,1.0
verified_learned_rerank,eval_0115,prednisone | aristocort | triamcinolone | cyproheptadine | promethazine | corticotropin | deltasone | omalizumab | acthar | loteprednol | epipen | ketotifen | xolair | lotemax | chlor-trimeton | phenergan | ketorolac | chlorpheniramine | diclofenac | epinephrine,prednisone | triamcinolone | corticotropin | prednisolone | loteprednol | lotemax,all,True,False,logreg,logreg,verified_742,322,322,322,322,0,0,0,0.4,0.3333333333333333,1.0,0.5087403079104241,0.4,0.6666666666666666,1.0,0.6360892792362978,0.25,0.8333333333333334,1.0,0.7164293929417068,1.0,1.0,1.0,1.0,0.0,0.0,0.0,1.0
verified_learned_rerank,eval_0110,dexbrompheniramine / pseudoephedrine | drixoral cold and allergy | valacyclovir | valtrex | doxycycline | prednisone | chlorpheniramine / hydrocodone | azithromycin | methylprednisolone | tussionex pennkinetic | mometasone | acyclovir | zutripro | chlorpheniramine / hydrocodone / pseudoephedrine | acrivastine / pseudoephedrine | semprex-d | cyproheptadine | privine | promethazine | epinephrine,prednisone,all,True,False,logreg,logreg,verified_742,1000,681,681,986,0,0,0,0.0,0.0,0.0,0.0,0.1,1.0,1.0,0.3562071871080222,0.05,1.0,1.0,0.3562071871080222,0.16666666666666666,1.0,1.0,1.0,0.0,0.0,0.0,1.0
verified_learned_rerank,eval_0099,doxycycline | prednisone | methylprednisolone | ceftriaxone | aspirin | kenalog-40 | triamcinolone | dexbrompheniramine / pseudoephedrine | aristocort | medrol dosepak | drixoral cold and allergy | valacyclovir | valtrex | cefotaxime | diclofenac | cephalexin | minocycline | bactrim | hydroxychloroquine | tramadol,prednisone | methylprednisolone | triamcinolone,all,True,False,logreg,logreg,verified_742,1000,755,755,1000,0,0,0,0.4,0.6666666666666666,1.0,0.5307212739772436,0.3,1.0,1.0,0.687147515984829,0.15,1.0,1.0,0.687147515984829,0.5,1.0,1.0,1.0,0.0,0.0,0.0,1.0
verified_learned_rerank,eval_0119,doxycycline | gentamicin | minocycline | moxifloxacin | ciprofloxacin | prednisone | levofloxacin | azithromycin | rocephin | ceftriaxone | zyvox | linezolid | fluconazole | aciphex | sulfamethoxazole / trimethoprim | lansoprazole | ceftin | avelox | amoxicillin | amitriptyline,doxycycline | ciprofloxacin,all,True,False,logreg,logreg,verified_742,1000,363,363,973,0,0,0,0.4,1.0,1.0,0.8503449055347546,0.2,1.0,1.0,0.8503449055347546,0.1,1.0,1.0,0.8503449055347546,1.0,1.0,1.0,1.0,0.0,0.0,0.0,1.0
verified_learned_rerank,eval_0112,valacyclovir | valtrex | acyclovir | doxycycline | prednisone | mometasone | aluminum hydroxide / magnesium hydroxide / simethicone | dexbrompheniramine / pseudoephedrine | kenalog-40 | drixoral cold and allergy | triamcinolone | lansoprazole | moxifloxacin | chlorpheniramine / hydrocodone | zutripro | tussionex pennkinetic | chlorpheniramine / hydrocodone / pseudoephedrine | acrivastine / pseudoephedrine | semprex-d | cyproheptadine,valacyclovir | valtrex | acyclovir,all,True,False,logreg,logreg,verified_742,1000,516,516,964,0,0,0,0.6,1.0,1.0,1.0,0.3,1.0,1.0,1.0,0.15,1.0,1.0,1.0,1.0,1.0,1.0,1.0,0.0,0.0,0.0,1.0
verified_learned_rerank,eval_0109,doxycycline | prednisone | methotrexate | minocycline | ceftriaxone | dexamethasone | stelara | cefotaxime | enbrel | ustekinumab | etanercept | amoxicillin | methylprednisolone | adalimumab | betamethasone | humira | diclofenac | infliximab | tramadol | remicade,minocycline | methotrexate,all,True,False,logreg,logreg,verified_742,898,544,544,898,0,0,0,0.4,1.0,1.0,0.5540663910176149,0.2,1.0,1.0,0.5540663910176149,0.1,1.0,1.0,0.5540663910176149,0.3333333333333333,1.0,1.0,1.0,0.0,0.0,0.0,1.0
verified_learned_rerank,eval_0124,prednisone | omalizumab | xolair | epinephrine | aristocort | triamcinolone | cromolyn | cyproheptadine | promethazine | epipen | ketotifen | chlor-trimeton | phenergan | ketorolac | chlorpheniramine | ranitidine | carbinoxamine | zaditor | alavert | deltasone,prednisone | triamcinolone | omalizumab | xolair | cromolyn,all,True,False,logreg,logreg,verified_742,995,288,288,995,0,0,0,0.6,0.6,1.0,0.6989858872287212,0.5,1.0,1.0,0.9295017305333748,0.25,1.0,1.0,0.9295017305333748,1.0,1.0,1.0,1.0,0.0,0.0,0.0,1.0
verified_learned_rerank,eval_0131,doxycycline | ceftriaxone | sulfamethoxazole / trimethoprim | prednisone | azithromycin | dexamethasone | ciprofloxacin | cefotaxime | lansoprazole | erythromycin | minocycline | ampicillin | floxin | rocephin | pyridoxine | lorazepam | promethazine | clindamycin | gabapentin | ativan,azithromycin | prednisone | ceftriaxone,all,True,False,logreg,logreg,verified_742,1000,449,449,1000,0,0,0,0.6,1.0,1.0,0.6717573587424964,0.3,1.0,1.0,0.6717573587424964,0.15,1.0,1.0,0.6717573587424964,0.5,1.0,1.0,1.0,0.0,0.0,0.0,1.0
verified_learned_rerank,eval_0121,doxycycline | hydroxychloroquine | lithium | doxy 100 | prednisone | chlorpromazine | allopurinol | clindamycin | methylprednisolone | coartem | artemether / lumefantrine | divalproex sodium | halfan | daraprim | stavzor | halofantrine | fansidar | pyrimethamine | pyrimethamine / sulfadoxine | depakote er,doxycycline | hydroxychloroquine,all,True,False,logreg,logreg,verified_742,1000,287,287,1000,0,0,0,0.4,1.0,1.0,1.0,0.2,1.0,1.0,1.0,0.1,1.0,1.0,1.0,1.0,1.0,1.0,1.0,0.0,0.0,0.0,1.0
verified_learned_rerank,eval_0135,propranolol | verapamil | tadalafil | nitroglycerin | atenolol | nadolol | corgard | sildenafil | metoprolol | caduet | verelan pm | aspirin | dextroamphetamine | epinephrine | coreg | tenormin | lopressor | dexedrine | calan sr | warfarin,propranolol | metoprolol,all,True,False,logreg,logreg,verified_742,1000,335,335,970,0,0,0,0.2,0.5,1.0,0.6131471927654584,0.2,1.0,1.0,0.7977228895450267,0.1,1.0,1.0,0.7977228895450267,1.0,1.0,1.0,1.0,0.0,0.0,0.0,1.0
verified_learned_rerank,eval_0117,isotretinoin | accutane | benzoyl peroxide / clindamycin | tretinoin | adapalene / benzoyl peroxide | epiduo | magnesium hydroxide | claravis | benzaclin | spironolactone | doxycycline | phillips' milk of magnesia | duac | retin-a | dapsone | aczone | clindamycin / tretinoin | drospirenone / ethinyl estradiol | onexton | benzoyl peroxide / sulfur,adapalene / benzoyl peroxide,all,True,False,logreg,logreg,verified_742,273,273,273,273,0,0,0,0.2,1.0,1.0,0.38685280723454163,0.1,1.0,1.0,0.38685280723454163,0.05,1.0,1.0,0.38685280723454163,0.2,1.0,1.0,1.0,0.0,0.0,0.0,1.0
verified_learned_rerank,eval_0116,gabapentin | pregabalin | propranolol | nortriptyline | topiramate | lyrica | clonazepam | neurontin | clonidine | tadalafil | lisinopril | topamax | klonopin | amitriptyline | liraglutide | rizatriptan | treximet | victoza | lamotrigine | naproxen / sumatriptan,gabapentin | pregabalin | topiramate | clonidine | onabotulinumtoxina,all,True,False,logreg,logreg,verified_742,1000,637,637,817,0,0,0,0.6,0.6,1.0,0.5874743929393635,0.4,0.8,1.0,0.6674520959989032,0.2,0.8,1.0,0.6674520959989032,1.0,1.0,1.0,1.0,0.0,0.0,0.0,1.0
verified_learned_rerank,eval_0104,aciphex | doxycycline | prednisone | rabeprazole | calcium carbonate / simethicone | prevacid | axid ar | nexium 24hr | prilosec otc | aluminum hydroxide / magnesium hydroxide / simethicone | nizatidine | protonix iv | omeprazole / sodium bicarbonate | mylanta | tagamet hb | zegerid | pepcid ac chewable tablets | triamcinolone | gentamicin | mylanta maximum strength,rifabutin,all,True,False,logreg,logreg,verified_742,1000,116,116,994,0,0,0,0.0,0.0,0.0,0.0,0.0,0.0,0.0,0.0,0.0,0.0,0.0,0.0,0.0,1.0,1.0,1.0,0.0,0.0,0.0,1.0
verified_learned_rerank,eval_0122,doxycycline | prednisone | azithromycin | rocephin | aclidinium | tudorza pressair | xopenex | methylprednisolone | omalizumab | ceftriaxone | mometasone | xolair | levalbuterol | epinephrine | primatene mist | zafirlukast | accolate | intal inhaler | dexbrompheniramine / pseudoephedrine | drixoral cold and allergy,prednisone,all,True,False,logreg,logreg,verified_742,1000,221,221,996,0,0,0,0.2,1.0,1.0,0.6309297535714574,0.1,1.0,1.0,0.6309297535714574,0.05,1.0,1.0,0.6309297535714574,0.5,1.0,1.0,1.0,0.0,0.0,0.0,1.0
verified_learned_rerank,eval_0125,amitriptyline | doxycycline | phosphorated carbohydrate solution | elavil | ceftriaxone | ampicillin | lactobacillus acidophilus | spironolactone | venlafaxine | sulfamethoxazole / trimethoprim | hydroxyzine | minocycline | azithromycin | rocephin | acidophilus | methenamine | zyvox | vaniqa | linezolid | uta,doxycycline | sulfamethoxazole / trimethoprim | azithromycin,all,True,False,logreg,logreg,verified_742,303,303,172,172,0,0,0,0.2,0.3333333333333333,1.0,0.23981246656813146,0.2,0.6666666666666666,1.0,0.4046200745585114,0.15,1.0,1.0,0.504451525656987,0.5,1.0,1.0,1.0,0.0,0.0,0.0,1.0
verified_learned_rerank,eval_0138,aluminum chloride hexahydrate | drysol | calcifediol | gabapentin | amitriptyline | hypercare | calcitriol | clonidine | parathyroid hormone | xerac ac | catapres | potassium iodide | tapazole | pima | thyroid desiccated | oxybutynin | westhroid | cenestin | ergocalciferol | estropipate,thyroid desiccated | armour thyroid,all,True,False,logreg,logreg,verified_742,688,132,132,688,0,0,0,0.0,0.0,0.0,0.0,0.0,0.0,0.0,0.0,0.05,0.5,1.0,0.1532867981913646,0.06666666666666667,1.0,1.0,1.0,0.0,0.0,0.0,1.0
verified_learned_rerank,eval_0130,doxycycline | ibuprofen | naproxen | triamcinolone | flanax pain reliever | cephalexin | bactrim | sulfamethoxazole / trimethoprim | oxybutynin | avelox | moxifloxacin | aleve | doxy 100 | sucralfate | naprosyn | ditropan xl | stelara | enbrel | ciprofloxacin | ustekinumab,prednisone | enbrel | naproxen,all,True,False,logreg,logreg,verified_742,573,273,273,573,0,0,0,0.2,0.3333333333333333,1.0,0.2850703250369507,0.1,0.3333333333333333,1.0,0.2850703250369507,0.1,0.6666666666666666,1.0,0.37454778563698127,0.3333333333333333,1.0,1.0,1.0,0.0,0.0,0.0,1.0
verified_learned_rerank,eval_0129,clonazepam | propranolol | klonopin | rizatriptan | gabapentin | amitriptyline | treximet | lamotrigine | naproxen / sumatriptan | sumatriptan | relpax | maxalt | diclofenac | eletriptan | acetaminophen / butalbital / caffeine | frovatriptan | bupropion | aspirin / butalbital / caffeine | frova | maxalt-mlt,propranolol,all,True,False,logreg,logreg,verified_742,1000,179,179,1000,0,0,0,0.2,1.0,1.0,0.6309297535714574,0.1,1.0,1.0,0.6309297535714574,0.05,1.0,1.0,0.6309297535714574,0.5,1.0,1.0,1.0,0.0,0.0,0.0,1.0
verified_learned_rerank,eval_0133,stelara | enbrel | ustekinumab | doxycycline | etanercept | prednisone | methylprednisolone | adalimumab | betamethasone | humira | infliximab | methotrexate | remicade | hydrocortisone | kenalog-40 | triamcinolone | kenalog-10 | minocycline | elocon | clobetasol,prednisone | enbrel | stelara | ustekinumab | adalimumab,all,True,False,logreg,logreg,verified_742,1000,393,393,901,0,0,0,0.6,0.6,1.0,0.7557806593071948,0.5,1.0,1.0,0.9518915761561842,0.25,1.0,1.0,0.9518915761561842,1.0,1.0,1.0,1.0,0.0,0.0,0.0,1.0
verified_learned_rerank,eval_0146,liraglutide | gabapentin | victoza | tretinoin | clobetasol | desmopressin | pregabalin | pramlintide | humulin r u-500 (concentrated) | duloxetine | nortriptyline | cymbalta | chromium picolinate | byetta | symlin | topiramate | exubera | insulin isophane | ddavp | novolog mix 70 / 30,liraglutide | victoza,all,True,False,logreg,logreg,verified_742,1000,228,228,1000,0,0,0,0.4,1.0,1.0,0.9197207891481876,0.2,1.0,1.0,0.9197207891481876,0.1,1.0,1.0,0.9197207891481876,1.0,1.0,1.0,1.0,0.0,0.0,0.0,1.0
verified_learned_rerank,eval_0151,cyproheptadine | promethazine | prednisone | chlor-trimeton | phenergan | chlorpheniramine | epinephrine | dexbrompheniramine / pseudoephedrine | ranitidine | drixoral cold and allergy | carbinoxamine | valacyclovir | valtrex | azelastine | triamcinolone | tetracaine | olopatadine | chlorpheniramine / hydrocodone | diphenhydramine | benadryl,prednisone | promethazine | cyproheptadine,all,True,False,logreg,logreg,verified_742,1000,558,558,1000,0,0,0,0.6,1.0,1.0,1.0,0.3,1.0,1.0,1.0,0.15,1.0,1.0,1.0,1.0,1.0,1.0,1.0,0.0,0.0,0.0,1.0
verified_learned_rerank,eval_0150,clonidine | cobicistat / elvitegravir / emtricitabine / tenofovir | stribild | efavirenz / emtricitabine / tenofovir | atripla | sodium bicarbonate | aciphex | ondansetron | doxycycline | triumeq | abacavir / dolutegravir / lamivudine | prednisone | epzicom | rabeprazole | emtricitabine / rilpivirine / tenofovir | calcium carbonate / simethicone | prevacid | axid ar | complera | nexium 24hr,rifabutin,all,True,False,logreg,logreg,verified_742,1000,119,119,986,0,0,0,0.0,0.0,0.0,0.0,0.0,0.0,0.0,0.0,0.0,0.0,0.0,0.0,0.0,1.0,1.0,1.0,0.0,0.0,0.0,1.0
verified_learned_rerank,eval_0136,prednisone | methylprednisolone | adalimumab | humira | infliximab | remicade | hydrocortisone | triamcinolone | stelara | enbrel | doxycycline | ustekinumab | etanercept | diclofenac | betamethasone | dexamethasone | methotrexate | kenalog-40 | kenalog-10 | minocycline,prednisone | dexamethasone | adalimumab | humira | methylprednisolone,all,True,False,logreg,logreg,verified_742,1000,393,393,998,0,0,0,0.8,0.8,1.0,0.8041991799429675,0.4,0.8,1.0,0.8041991799429675,0.25,1.0,1.0,0.8691979797061901,1.0,1.0,1.0,1.0,0.0,0.0,0.0,1.0
verified_learned_rerank,eval_0134,liraglutide | gabapentin | victoza | tretinoin | spironolactone | clobetasol | urea | insulin regular | sodium bicarbonate | desmopressin | pregabalin | pramlintide | vascepa | icosapent | humulin r u-500 (concentrated) | duloxetine | nortriptyline | cymbalta | chromium picolinate | aluminum chloride hexahydrate,liraglutide | victoza,all,True,False,logreg,logreg,verified_742,1000,282,282,1000,0,0,0,0.4,1.0,1.0,0.9197207891481876,0.2,1.0,1.0,0.9197207891481876,0.1,1.0,1.0,0.9197207891481876,1.0,1.0,1.0,1.0,0.0,0.0,0.0,1.0
verified_learned_rerank,eval_0156,calcifediol | calcitriol | aluminum chloride hexahydrate | parathyroid hormone | thyroid desiccated | drysol | westhroid | cenestin | gabapentin | estropipate | amitriptyline | hypercare | conjugated estrogens | armour thyroid | premarin | ergocalciferol | rayaldee | thyquidity | estradiol | esterified estrogens,thyroid desiccated | armour thyroid | levothyroxine,all,True,False,logreg,logreg,verified_742,1000,132,132,958,0,0,0,0.2,0.3333333333333333,1.0,0.14704034066641014,0.1,0.3333333333333333,1.0,0.14704034066641014,0.1,0.6666666666666666,1.0,0.24432839043754342,0.2,1.0,1.0,1.0,0.0,0.0,0.0,1.0
verified_learned_rerank,eval_0142,amitriptyline | spironolactone | doxycycline | venlafaxine | azithromycin | rocephin | phosphorated carbohydrate solution | acidophilus | elavil | methenamine | ceftriaxone | zyvox | vaniqa | linezolid | uta | sulfatrim | ampicillin | hiprex | allopurinol | eflornithine,doxycycline,all,True,False,logreg,logreg,verified_742,172,172,172,172,0,0,0,0.2,1.0,1.0,0.5,0.1,1.0,1.0,0.5,0.05,1.0,1.0,0.5,0.3333333333333333,1.0,1.0,1.0,0.0,0.0,0.0,1.0
verified_learned_rerank,eval_0145,doxycycline | prednisone | azithromycin | rocephin | methylprednisolone | ceftriaxone | mometasone | epinephrine | ampicillin | budesonide | kenalog-40 | augmentin xr | triamcinolone | bactrim | medrol dosepak | sulfamethoxazole / trimethoprim | flunisolide | zithromax | ceftin | ceftibuten,azithromycin | prednisone,all,True,False,logreg,logreg,verified_742,1000,221,221,1000,0,0,0,0.4,1.0,1.0,0.6787622294601761,0.2,1.0,1.0,0.6787622294601761,0.1,1.0,1.0,0.6787622294601761,0.5,1.0,1.0,1.0,0.0,0.0,0.0,1.0
verified_learned_rerank,eval_0144,doxycycline | prednisone | metronidazole | azithromycin | rocephin | dapsone | ceftriaxone | zyvox | linezolid | filgrastim | neupogen | fluconazole | clindamycin | tobramycin | xenleta | vancocin hcl | integra | gentamicin | cefotaxime | pyrimethamine,doxycycline | azithromycin,all,True,False,logreg,logreg,verified_742,1000,132,132,1000,0,0,0,0.4,1.0,1.0,0.8772153153380493,0.2,1.0,1.0,0.8772153153380493,0.1,1.0,1.0,0.8772153153380493,1.0,1.0,1.0,1.0,0.0,0.0,0.0,1.0
verified_learned_rerank,eval_0155,diclofenac | prednisone | methylprednisolone | adalimumab | humira | cellcept | infliximab | remicade | mycophenolate mofetil | hydrocortisone | triamcinolone | golimumab | simponi | sucralfate | dexamethasone | famotidine / ibuprofen | indomethacin | chlordiazepoxide / clidinium | clonidine | naprelan,adalimumab | humira,all,True,False,logreg,logreg,verified_742,525,311,311,525,0,0,0,0.4,1.0,1.0,0.5012658353418871,0.2,1.0,1.0,0.5012658353418871,0.1,1.0,1.0,0.5012658353418871,0.25,1.0,1.0,1.0,0.0,0.0,0.0,1.0
verified_learned_rerank,eval_0163,stribild | cobicistat / elvitegravir / emtricitabine / tenofovir | efavirenz / emtricitabine / tenofovir | atripla | clonidine | ondansetron | triumeq | abacavir / dolutegravir / lamivudine | filgrastim | epzicom | sodium bicarbonate | epivir-hbv | complera | emtricitabine / rilpivirine / tenofovir | abacavir / lamivudine | fuzeon | enfuvirtide | atazanavir | reyataz | isentress,tenofovir | viread,all,True,False,logreg,logreg,verified_742,1000,119,119,1000,0,0,0,0.0,0.0,0.0,0.0,0.0,0.0,0.0,0.0,0.0,0.0,0.0,0.0,0.0,1.0,1.0,1.0,0.0,0.0,0.0,1.0
verified_learned_rerank,eval_0148,elocon | clobetasol | stelara | enbrel | ustekinumab | desonide | doxycycline | etanercept | prednisone | flurandrenolide | cordran tape | clocortolone | clobex | cloderm | thiothixene | desowen | methylprednisolone | adalimumab | mometasone | betamethasone,enbrel,all,True,False,logreg,logreg,verified_742,726,164,164,726,0,0,0,0.2,1.0,1.0,0.4306765580733931,0.1,1.0,1.0,0.4306765580733931,0.05,1.0,1.0,0.4306765580733931,0.25,1.0,1.0,1.0,0.0,0.0,0.0,1.0
verified_learned_rerank,eval_0171,doxycycline | prednisone | azithromycin | rocephin | methylprednisolone | ceftriaxone | mometasone | epinephrine | ampicillin | budesonide | kenalog-40 | augmentin xr | propranolol | triamcinolone | bactrim | medrol dosepak | sulfamethoxazole / trimethoprim | flunisolide | zithromax | ceftin,prednisone,all,True,False,logreg,logreg,verified_742,1000,221,221,1000,0,0,0,0.2,1.0,1.0,0.6309297535714574,0.1,1.0,1.0,0.6309297535714574,0.05,1.0,1.0,0.6309297535714574,0.5,1.0,1.0,1.0,0.0,0.0,0.0,1.0
verified_learned_rerank,eval_0177,diclofenac | tramadol | stelara | acetaminophen / hydrocodone | enbrel | ustekinumab | doxycycline | etanercept | prednisone | lortab | ketoprofen | norco | indomethacin | valdecoxib | voltaren | duloxetine | cataflam | cymbalta | naprelan | probenecid,diclofenac | tramadol | acetaminophen / hydrocodone,all,True,False,logreg,logreg,verified_742,420,255,255,420,0,0,0,0.6,1.0,1.0,0.9736505918364026,0.3,1.0,1.0,0.9736505918364026,0.15,1.0,1.0,0.9736505918364026,1.0,1.0,1.0,1.0,0.0,0.0,0.0,1.0
verified_learned_rerank,eval_0180,isotretinoin | accutane | benzoyl peroxide / clindamycin | tretinoin | adapalene / benzoyl peroxide | epiduo | magnesium hydroxide | claravis | benzaclin | spironolactone | doxycycline | phillips' milk of magnesia | duac | retin-a | dapsone | aczone | clindamycin / tretinoin | drospirenone / ethinyl estradiol | onexton | benzoyl peroxide / sulfur,adapalene / benzoyl peroxide,all,True,False,logreg,logreg,verified_742,273,273,273,273,0,0,0,0.2,1.0,1.0,0.38685280723454163,0.1,1.0,1.0,0.38685280723454163,0.05,1.0,1.0,0.38685280723454163,0.2,1.0,1.0,1.0,0.0,0.0,0.0,1.0
verified_learned_rerank,eval_0175,calcifediol | calcitriol | thyroid desiccated | westhroid | cenestin | aluminum chloride hexahydrate | estropipate | conjugated estrogens | armour thyroid | parathyroid hormone | drysol | premarin | gabapentin | rayaldee | thyquidity | amitriptyline | hypercare | estradiol | esterified estrogens | tirosint,thyroid desiccated | armour thyroid | levothyroxine,all,True,False,logreg,logreg,verified_742,634,132,132,634,0,0,0,0.2,0.3333333333333333,1.0,0.23463936301137825,0.2,0.6666666666666666,1.0,0.3759063358712073,0.1,0.6666666666666666,1.0,0.3759063358712073,0.3333333333333333,1.0,1.0,1.0,0.0,0.0,0.0,1.0
verified_learned_rerank,eval_0183,rabeprazole | omeprazole / sodium bicarbonate | ranitidine | lansoprazole | zantac | esomeprazole | aciphex | protonix | nexium | sucralfate | cimetidine | omeprazole | calcium carbonate / simethicone | prevacid | axid ar | nexium 24hr | pantoprazole | prilosec otc | carafate | aluminum hydroxide / magnesium hydroxide / simethicone,aciphex | dexlansoprazole | rabeprazole | esomeprazole | lansoprazole | nexium,all,True,False,logreg,logreg,verified_742,721,109,109,721,0,0,0,0.4,0.3333333333333333,1.0,0.48522855511632257,0.5,0.8333333333333334,1.0,0.7326752083234243,0.25,0.8333333333333334,1.0,0.7326752083234243,1.0,1.0,1.0,1.0,0.0,0.0,0.0,1.0
verified_learned_rerank,eval_0187,elocon | clobetasol | stelara | enbrel | ustekinumab | desonide | doxycycline | etanercept | prednisone | flurandrenolide | cordran tape | clocortolone | clobex | cloderm | thiothixene | desowen | methylprednisolone | adalimumab | mometasone | betamethasone,enbrel,all,True,False,logreg,logreg,verified_742,726,164,164,726,0,0,0,0.2,1.0,1.0,0.4306765580733931,0.1,1.0,1.0,0.4306765580733931,0.05,1.0,1.0,0.4306765580733931,0.25,1.0,1.0,1.0,0.0,0.0,0.0,1.0
verified_learned_rerank,eval_0185,cyproheptadine | promethazine | prednisone | chlor-trimeton | phenergan | chlorpheniramine | epinephrine | ranitidine | dexbrompheniramine / pseudoephedrine | carbinoxamine | drixoral cold and allergy | azelastine | triamcinolone | valacyclovir | tetracaine | valtrex | olopatadine | diphenhydramine | chlorpheniramine / hydrocodone | benadryl,promethazine | cyproheptadine,all,True,False,logreg,logreg,verified_742,672,558,511,625,0,0,0,0.4,1.0,1.0,1.0,0.2,1.0,1.0,1.0,0.1,1.0,1.0,1.0,1.0,1.0,1.0,1.0,0.0,0.0,0.0,1.0
verified_learned_rerank,eval_0190,prednisone | methylprednisolone | cellcept | betamethasone | mycophenolate mofetil | hydrocortisone | triamcinolone | medrol dosepak | diclofenac | dexamethasone | pancreatin | doxycycline | elocon | azathioprine | clobetasol | adalimumab | humira | desonide | infliximab | ceftriaxone,adalimumab | humira | infliximab | remicade,all,True,False,logreg,logreg,verified_742,672,346,346,672,0,0,0,0.0,0.0,0.0,0.0,0.0,0.0,0.0,0.0,0.15,0.75,1.0,0.2794501319706942,0.0625,1.0,1.0,1.0,0.0,0.0,0.0,1.0
verified_learned_rerank,eval_0184,amitriptyline | venlafaxine | elavil | spironolactone | doxycycline | clonazepam | azithromycin | ceftriaxone | propranolol | ampicillin | rizatriptan | allopurinol | klonopin | magnesium oxide | doryx | augmentin xr | cephalexin | treximet | naproxen / sumatriptan | sodium bicarbonate,amitriptyline | venlafaxine | elavil | azithromycin,all,True,False,logreg,logreg,verified_742,1000,347,347,927,0,0,0,0.6,0.75,1.0,0.8530852898337354,0.4,1.0,1.0,0.9517901481960025,0.2,1.0,1.0,0.9517901481960025,1.0,1.0,1.0,1.0,0.0,0.0,0.0,1.0
verified_learned_rerank,eval_0178,doxycycline | prednisone | metronidazole | azithromycin | rocephin | dapsone | ceftriaxone | zyvox | linezolid | neupogen | filgrastim | fluconazole | clindamycin | tobramycin | xenleta | integra | gentamicin | lefamulin | cefotaxime | pyrimethamine,doxycycline | azithromycin,all,True,False,logreg,logreg,verified_742,1000,132,132,1000,0,0,0,0.4,1.0,1.0,0.8772153153380493,0.2,1.0,1.0,0.8772153153380493,0.1,1.0,1.0,0.8772153153380493,1.0,1.0,1.0,1.0,0.0,0.0,0.0,1.0
verified_learned_rerank,eval_0188,epivir-hbv | tenofovir | viread | lamivudine | peginterferon alfa-2a | elocon | clobetasol | desonide | doxycycline | prednisone | flurandrenolide | cordran tape | clocortolone | clobex | cloderm | methylprednisolone | mometasone | betamethasone | ultravate | cellcept,tenofovir | peginterferon alfa-2a | viread,all,True,False,logreg,logreg,verified_742,467,16,16,467,0,0,0,0.6,1.0,1.0,0.7122630665145961,0.3,1.0,1.0,0.7122630665145961,0.15,1.0,1.0,0.7122630665145961,0.5,1.0,1.0,1.0,0.0,0.0,0.0,1.0
verified_learned_rerank,eval_0201,aluminum chloride hexahydrate | clonidine | drysol | gabapentin | amitriptyline | hypercare | catapres | xerac ac | potassium iodide | tapazole | pima | hytrin | oxybutynin | terazosin | onabotulinumtoxina | botox | benztropine | tadalafil | propranolol | sildenafil,clonidine | catapres,all,True,False,logreg,logreg,verified_742,825,22,22,825,0,0,0,0.2,0.5,1.0,0.38685280723454163,0.2,1.0,1.0,0.5912352048230277,0.1,1.0,1.0,0.5912352048230277,0.5,1.0,1.0,1.0,0.0,0.0,0.0,1.0
verified_learned_rerank,eval_0199,doxycycline | triamcinolone | ibuprofen | naproxen | flanax pain reliever | cephalexin | bactrim | sulfamethoxazole / trimethoprim | oxybutynin | aleve | avelox | prednisone | moxifloxacin | naprosyn | phentermine | doxy 100 | sucralfate | methylprednisolone | stelara | enbrel,triamcinolone | naproxen,all,True,False,logreg,logreg,verified_742,1000,25,25,1000,0,0,0,0.4,1.0,1.0,0.5992429307166866,0.2,1.0,1.0,0.5992429307166866,0.1,1.0,1.0,0.5992429307166866,0.5,1.0,1.0,1.0,0.0,0.0,0.0,1.0
verified_learned_rerank,eval_0195,ranitidine | prednisone | lansoprazole | methylprednisolone | rabeprazole | budesonide | cimetidine | triamcinolone | omeprazole | dexbrompheniramine / pseudoephedrine | omeprazole / sodium bicarbonate | drixoral cold and allergy | pantoprazole | valacyclovir | valtrex | zantac | diclofenac | doxycycline | chlorpheniramine / hydrocodone | dexamethasone,lansoprazole | ranitidine | omeprazole,all,True,False,logreg,logreg,verified_742,1000,605,605,949,0,0,0,0.4,0.6666666666666666,1.0,0.5939462358400547,0.3,1.0,1.0,0.747199635382543,0.15,1.0,1.0,0.747199635382543,1.0,1.0,1.0,1.0,0.0,0.0,0.0,1.0
verified_learned_rerank,eval_0192,isotretinoin | accutane | benzoyl peroxide / clindamycin | tretinoin | adapalene / benzoyl peroxide | epiduo | magnesium hydroxide | claravis | benzaclin | spironolactone | doxycycline | phillips' milk of magnesia | duac | retin-a | dapsone | aczone | clindamycin / tretinoin | drospirenone / ethinyl estradiol | onexton | benzoyl peroxide / sulfur,isotretinoin | accutane | adapalene / benzoyl peroxide,all,True,False,logreg,logreg,verified_742,726,273,273,726,0,0,0,0.6,1.0,1.0,0.840466744283681,0.3,1.0,1.0,0.840466744283681,0.15,1.0,1.0,0.840466744283681,1.0,1.0,1.0,1.0,0.0,0.0,0.0,1.0
verified_learned_rerank,eval_0186,tadalafil | propranolol | sildenafil | dextroamphetamine | dexedrine | spironolactone | azor | amlodipine / olmesartan | clonidine | modafinil | amlodipine / hydrochlorothiazide / valsartan | exforge hct | avalide | verapamil | armodafinil | travoprost | hydrochlorothiazide / irbesartan | provigil | nuvigil | benicar,propranolol,all,True,False,logreg,logreg,verified_742,1000,275,275,1000,0,0,0,0.2,1.0,1.0,0.6309297535714574,0.1,1.0,1.0,0.6309297535714574,0.05,1.0,1.0,0.6309297535714574,0.5,1.0,1.0,1.0,0.0,0.0,0.0,1.0
verified_learned_rerank,eval_0205,thyroid desiccated | westhroid | cenestin | estropipate | conjugated estrogens | armour thyroid | premarin | thyquidity | calcifediol | rayaldee | estradiol | esterified estrogens | tirosint | doxorubicin | levothyroxine | synthroid | cytomel | nature-throid | liothyronine | calcitriol,thyroid desiccated | armour thyroid | levothyroxine,all,True,False,logreg,logreg,verified_742,87,61,61,87,0,0,0,0.2,0.3333333333333333,1.0,0.4692787260227565,0.2,0.6666666666666666,1.0,0.6364391809889588,0.15,1.0,1.0,0.753758862494648,1.0,1.0,1.0,1.0,0.0,0.0,0.0,1.0
verified_learned_rerank,eval_0206,doxycycline | prednisone | metronidazole | azithromycin | rocephin | ceftriaxone | zyvox | linezolid | fluconazole | clindamycin | tobramycin | cefotaxime | gentamicin | vancocin hcl | sulfamethoxazole / trimethoprim | zithromax | minocycline | ceftin | flagyl | avelox,doxycycline | azithromycin | clindamycin,all,True,False,logreg,logreg,verified_742,1000,239,239,940,0,0,0,0.4,0.6666666666666666,1.0,0.625639979507489,0.3,1.0,1.0,0.7355117181677423,0.15,1.0,1.0,0.7355117181677423,1.0,1.0,1.0,1.0,0.0,0.0,0.0,1.0
verified_learned_rerank,eval_0179,gabapentin | amitriptyline | sumatriptan | nortriptyline | elavil | zolmitriptan | doxycycline | promethazine | lorazepam | prednisone | clonidine | lithium | clonazepam | ativan | ceftriaxone | phenergan | klonopin | meclizine | chlorpromazine | propranolol,sumatriptan | clonidine,all,True,False,logreg,logreg,verified_742,1000,315,315,927,0,0,0,0.2,0.5,1.0,0.35195904451706733,0.1,0.5,1.0,0.35195904451706733,0.1,1.0,1.0,0.48286103468526453,0.3333333333333333,1.0,1.0,1.0,0.0,0.0,0.0,1.0
verified_learned_rerank,eval_0209,clonidine | gabapentin | amitriptyline | aluminum chloride hexahydrate | catapres | drysol | hypercare | onabotulinumtoxina | botox | xerac ac | hytrin | tapazole | pima | potassium iodide | terazosin | oxybutynin | propranolol | prednisone | tadalafil | clonazepam,clonidine | catapres,all,True,False,logreg,logreg,verified_742,1000,447,447,738,0,0,0,0.4,1.0,1.0,0.8503449055347546,0.2,1.0,1.0,0.8503449055347546,0.1,1.0,1.0,0.8503449055347546,1.0,1.0,1.0,1.0,0.0,0.0,0.0,1.0
verified_learned_rerank,eval_0204,rabeprazole | omeprazole / sodium bicarbonate | ranitidine | diclofenac | lansoprazole | zantac | prednisone | chlordiazepoxide / clidinium | clonidine | esomeprazole | librax | protonix | nexium | atropine / hyoscyamine / phenobarbital / scopolamine | sucralfate | methylprednisolone | mesalamine | adalimumab | humira | cimetidine,rabeprazole | esomeprazole | lansoprazole,all,True,False,logreg,logreg,verified_742,955,80,80,955,0,0,0,0.4,0.6666666666666666,1.0,0.6508205185601091,0.3,1.0,1.0,0.786472491992557,0.15,1.0,1.0,0.786472491992557,1.0,1.0,1.0,1.0,0.0,0.0,0.0,1.0
verified_learned_rerank,eval_0212,promethazine | phenergan | hydroxyzine | prednisone | diphenhydramine | benadryl | doxycycline | atarax | vistaril | triamcinolone | cyproheptadine | lorazepam | doxepin | ampicillin | omalizumab | gabapentin | ativan | amitriptyline | epipen | lansoprazole,prednisone | promethazine | hydroxyzine | doxycycline | sulfamethoxazole / trimethoprim,all,True,False,logreg,logreg,verified_742,991,214,214,991,0,0,0,0.6,0.6,1.0,0.7122026271414368,0.4,0.8,1.0,0.8007626867274514,0.2,0.8,1.0,0.8007626867274514,1.0,1.0,1.0,1.0,0.0,0.0,0.0,1.0
verified_learned_rerank,eval_0200,doxycycline | prednisone | methotrexate | minocycline | elocon | clobetasol | stelara | enbrel | ustekinumab | desonide | etanercept | dexamethasone | flurandrenolide | cordran tape | clocortolone | clobex | cloderm | thiothixene | desowen | methylprednisolone,prednisone | methotrexate | dexamethasone | enbrel | stelara,all,True,False,logreg,logreg,verified_742,888,575,575,888,0,0,0,0.4,0.4,1.0,0.34403485344087414,0.4,0.8,1.0,0.5864901954527328,0.25,1.0,1.0,0.6538153751818873,0.5,1.0,1.0,1.0,0.0,0.0,0.0,1.0
verified_learned_rerank,eval_0196,clonazepam | klonopin | propranolol | rizatriptan | treximet | lamotrigine | gabapentin | naproxen / sumatriptan | amitriptyline | relpax | maxalt | eletriptan | acetaminophen / butalbital / caffeine | frovatriptan | sumatriptan | bupropion | aspirin / butalbital / caffeine | diclofenac | frova | maxalt-mlt,lansoprazole | omeprazole | propranolol,all,True,False,logreg,logreg,verified_742,1000,222,222,1000,0,0,0,0.2,0.3333333333333333,1.0,0.1696989245257299,0.1,0.3333333333333333,1.0,0.1696989245257299,0.05,0.3333333333333333,1.0,0.1696989245257299,0.3333333333333333,1.0,1.0,1.0,0.0,0.0,0.0,1.0
verified_learned_rerank,eval_0216,doxycycline | ibuprofen | naproxen | cephalexin | triamcinolone | flanax pain reliever | bactrim | sulfamethoxazole / trimethoprim | oxybutynin | avelox | moxifloxacin | doxy 100 | sucralfate | ditropan xl | aleve | ciprofloxacin | naprosyn | levofloxacin | bactrim ds | levaquin,naproxen,all,True,False,logreg,logreg,verified_742,372,25,25,372,0,0,0,0.2,1.0,1.0,0.5,0.1,1.0,1.0,0.5,0.05,1.0,1.0,0.5,0.3333333333333333,1.0,1.0,1.0,0.0,0.0,0.0,1.0
verified_learned_rerank,eval_0210,cefadroxil | retapamulin | altabax | mupirocin | cefuroxime | cobicistat / elvitegravir / emtricitabine / tenofovir | stribild | dexbrompheniramine / pseudoephedrine | drixoral cold and allergy | valacyclovir | efavirenz / emtricitabine / tenofovir | valtrex | atripla | aciphex | chlorpheniramine / hydrocodone | tussionex pennkinetic | ondansetron | acyclovir | triumeq | zutripro,cefuroxime | mupirocin | retapamulin,all,True,False,logreg,logreg,verified_742,1000,8,8,1000,0,0,0,0.6,1.0,1.0,0.6717573587424964,0.3,1.0,1.0,0.6717573587424964,0.15,1.0,1.0,0.6717573587424964,0.5,1.0,1.0,1.0,0.0,0.0,0.0,1.0
verified_learned_rerank,eval_0217,prednisone | mometasone | elocon | clobetasol | triamcinolone | desonide | methylprednisolone | flurandrenolide | cordran tape | clocortolone | clobex | cloderm | budesonide | betamethasone | dexamethasone | fluocinonide | medrol dosepak | fluocinolone | hydrocortisone | dupilumab,prednisone,all,True,False,logreg,logreg,verified_742,734,49,49,734,0,0,0,0.2,1.0,1.0,1.0,0.1,1.0,1.0,1.0,0.05,1.0,1.0,1.0,1.0,1.0,1.0,1.0,0.0,0.0,0.0,1.0
verified_learned_rerank,eval_0198,cyproheptadine | promethazine | prednisone | chlor-trimeton | phenergan | chlorpheniramine | epinephrine | ranitidine | carbinoxamine | azelastine | triamcinolone | tetracaine | olopatadine | omalizumab | diphenhydramine | epipen | ketotifen | benadryl | xolair | ketorolac,promethazine | cyproheptadine,all,True,False,logreg,logreg,verified_742,558,76,76,558,0,0,0,0.4,1.0,1.0,1.0,0.2,1.0,1.0,1.0,0.1,1.0,1.0,1.0,1.0,1.0,1.0,1.0,0.0,0.0,0.0,1.0
verified_learned_rerank,eval_0215,liraglutide | gabapentin | victoza | tretinoin | clobetasol | desmopressin | pregabalin | pramlintide | humulin r u-500 (concentrated) | duloxetine | nortriptyline | cymbalta | chromium picolinate | byetta | symlin | topiramate | exubera | insulin isophane | ddavp | insulin aspart / insulin aspart protamine,liraglutide | victoza,all,True,False,logreg,logreg,verified_742,1000,228,228,1000,0,0,0,0.4,1.0,1.0,0.9197207891481876,0.2,1.0,1.0,0.9197207891481876,0.1,1.0,1.0,0.9197207891481876,1.0,1.0,1.0,1.0,0.0,0.0,0.0,1.0
verified_learned_rerank,eval_0221,isotretinoin | accutane | benzoyl peroxide / clindamycin | tretinoin | adapalene / benzoyl peroxide | epiduo | magnesium hydroxide | claravis | benzaclin | spironolactone | doxycycline | phillips' milk of magnesia | duac | retin-a | dapsone | aczone | clindamycin / tretinoin | drospirenone / ethinyl estradiol | onexton | benzoyl peroxide / sulfur,isotretinoin | accutane | adapalene / benzoyl peroxide,all,True,False,logreg,logreg,verified_742,273,273,273,273,0,0,0,0.6,1.0,1.0,0.9615980861491925,0.3,1.0,1.0,0.9615980861491925,0.15,1.0,1.0,0.9615980861491925,1.0,1.0,1.0,1.0,0.0,0.0,0.0,1.0
verified_learned_rerank,eval_0220,elocon | clobetasol | stelara | enbrel | ustekinumab | desonide | doxycycline | etanercept | prednisone | flurandrenolide | cordran tape | clocortolone | clobex | cloderm | thiothixene | desowen | methylprednisolone | adalimumab | mometasone | betamethasone,enbrel,all,True,False,logreg,logreg,verified_742,353,164,164,353,0,0,0,0.2,1.0,1.0,0.4306765580733931,0.1,1.0,1.0,0.4306765580733931,0.05,1.0,1.0,0.4306765580733931,0.25,1.0,1.0,1.0,0.0,0.0,0.0,1.0
verified_learned_rerank,eval_0222,diclofenac | tramadol | stelara | acetaminophen / hydrocodone | enbrel | ustekinumab | doxycycline | etanercept | prednisone | lortab | ketoprofen | norco | indomethacin | valdecoxib | voltaren | duloxetine | cataflam | cymbalta | naprelan | probenecid,diclofenac,all,True,False,logreg,logreg,verified_742,403,255,255,403,0,0,0,0.2,1.0,1.0,1.0,0.1,1.0,1.0,1.0,0.05,1.0,1.0,1.0,1.0,1.0,1.0,1.0,0.0,0.0,0.0,1.0
verified_learned_rerank,eval_0225,liraglutide | gabapentin | victoza | tretinoin | clobetasol | desmopressin | pregabalin | pramlintide | humulin r u-500 (concentrated) | duloxetine | nortriptyline | cymbalta | chromium picolinate | byetta | symlin | topiramate | exubera | insulin isophane | ddavp | novolog mix 70 / 30,liraglutide | victoza,all,True,False,logreg,logreg,verified_742,616,228,228,616,0,0,0,0.4,1.0,1.0,0.9197207891481876,0.2,1.0,1.0,0.9197207891481876,0.1,1.0,1.0,0.9197207891481876,1.0,1.0,1.0,1.0,0.0,0.0,0.0,1.0
verified_learned_rerank,eval_0219,propranolol | clonidine | clonazepam | tadalafil | verapamil | spironolactone | benicar | catapres | sildenafil | klonopin | atenolol | nadolol | corgard | innopran xl | dextroamphetamine | rizatriptan | olmesartan | gabapentin | amitriptyline | treximet,propranolol | spironolactone | clonidine | catapres | terazosin | hytrin | benicar | olmesartan | verapamil,all,True,False,logreg,logreg,verified_742,1000,447,447,1000,0,0,0,0.6,0.3333333333333333,1.0,0.6843515475204854,0.6,0.6666666666666666,1.0,0.737464945774668,0.35,0.7777777777777778,1.0,0.7983637429408724,1.0,1.0,1.0,1.0,0.0,0.0,0.0,1.0
verified_learned_rerank,eval_0230,doxycycline | prednisone | azithromycin | rocephin | tudorza pressair | aclidinium | xopenex | methylprednisolone | omalizumab | ceftriaxone | mometasone | xolair | levalbuterol | primatene mist | accolate | intal inhaler | zafirlukast | guaifenesin | epinephrine | yupelri,prednisone,all,True,False,logreg,logreg,verified_742,1000,221,221,1000,0,0,0,0.2,1.0,1.0,0.6309297535714574,0.1,1.0,1.0,0.6309297535714574,0.05,1.0,1.0,0.6309297535714574,0.5,1.0,1.0,1.0,0.0,0.0,0.0,1.0
verified_learned_rerank,eval_0229,doxycycline | minocycline | isotretinoin | dapsone | prednisone | accutane | clindamycin | benzoyl peroxide / clindamycin | tretinoin | adapalene / benzoyl peroxide | sulfamethoxazole / trimethoprim | epiduo | tazorac | magnesium hydroxide | claravis | benzaclin | spironolactone | elocon | tazarotene | phillips' milk of magnesia,tazarotene | dapsone | clindamycin,all,True,False,logreg,logreg,verified_742,802,555,479,726,0,0,0,0.2,0.3333333333333333,1.0,0.14617069744699573,0.2,0.6666666666666666,1.0,0.31586962197272567,0.15,1.0,1.0,0.4336635237684143,0.25,1.0,1.0,1.0,0.0,0.0,0.0,1.0
verified_learned_rerank,eval_0235,stribild | cobicistat / elvitegravir / emtricitabine / tenofovir | efavirenz / emtricitabine / tenofovir | atripla | ondansetron | triumeq | abacavir / dolutegravir / lamivudine | clonidine | epzicom | emtricitabine / rilpivirine / tenofovir | complera | abacavir / lamivudine | fuzeon | enfuvirtide | atazanavir | reyataz | isentress | cobicistat / elvitegravir / emtricitabine / tenofovir alafenamide | genvoya | filgrastim,stribild | efavirenz / emtricitabine / tenofovir,all,True,False,logreg,logreg,verified_742,154,119,119,154,0,0,0,0.4,1.0,1.0,0.9197207891481876,0.2,1.0,1.0,0.9197207891481876,0.1,1.0,1.0,0.9197207891481876,1.0,1.0,1.0,1.0,0.0,0.0,0.0,1.0
verified_learned_rerank,eval_0231,calcifediol | thyroid desiccated | westhroid | cenestin | calcitriol | estropipate | conjugated estrogens | armour thyroid | premarin | rayaldee | thyquidity | estradiol | esterified estrogens | parathyroid hormone | tirosint | doxorubicin | levothyroxine | synthroid | cytomel | nature-throid,thyroid desiccated | armour thyroid | levothyroxine,all,True,False,logreg,logreg,verified_742,1000,112,112,958,0,0,0,0.2,0.3333333333333333,1.0,0.23981246656813146,0.2,0.6666666666666666,1.0,0.3597186998521972,0.15,1.0,1.0,0.4964455354371774,0.5,1.0,1.0,1.0,0.0,0.0,0.0,1.0
verified_learned_rerank,eval_0207,clobetasol | liraglutide | gabapentin | victoza | tretinoin | fluocinolone | duloxetine | prednisone | cymbalta | desmopressin | pregabalin | pramlintide | humulin r u-500 (concentrated) | stelara | nortriptyline | enbrel | dexamethasone | ustekinumab | chromium picolinate | ibuprofen,duloxetine | cymbalta,all,True,False,logreg,logreg,verified_742,1000,476,273,797,0,0,0,0.0,0.0,0.0,0.0,0.2,1.0,1.0,0.38895809436805434,0.1,1.0,1.0,0.38895809436805434,0.14285714285714285,1.0,1.0,1.0,0.0,0.0,0.0,1.0
verified_learned_rerank,eval_0233,prednisone | methylprednisolone | adalimumab | humira | infliximab | remicade | hydrocortisone | triamcinolone | elocon | clobetasol | stelara | enbrel | ustekinumab | desonide | doxycycline | etanercept | dexamethasone | flurandrenolide | cordran tape | clocortolone,prednisone | adalimumab | humira,all,True,False,logreg,logreg,verified_742,238,164,164,238,0,0,0,0.6,1.0,1.0,0.8132022820105483,0.3,1.0,1.0,0.8132022820105483,0.15,1.0,1.0,0.8132022820105483,1.0,1.0,1.0,1.0,0.0,0.0,0.0,1.0
verified_learned_rerank,eval_0223,triamcinolone | doxycycline | sucralfate | ciprofloxacin | levofloxacin | diclofenac | prednisone | ibuprofen | naproxen | methylprednisolone | ofloxacin | adalimumab | flanax pain reliever | humira | cellcept | infliximab | cephalexin | remicade | bactrim | mycophenolate mofetil,triamcinolone | sucralfate | prednisone | adalimumab,all,True,False,logreg,logreg,verified_742,672,325,325,672,0,0,0,0.4,0.5,1.0,0.5715953724500297,0.3,0.75,1.0,0.6804706814881306,0.2,1.0,1.0,0.7687374692196121,1.0,1.0,1.0,1.0,0.0,0.0,0.0,1.0
verified_learned_rerank,eval_0213,clonidine | aluminum chloride hexahydrate | drysol | gabapentin | amitriptyline | hypercare | catapres | hytrin | xerac ac | terazosin | tapazole | pima | potassium iodide | oxybutynin | propranolol | onabotulinumtoxina | botox | tadalafil | benztropine | spironolactone,clonidine | catapres | terazosin | hytrin,all,True,False,logreg,logreg,verified_742,1000,293,293,1000,0,0,0,0.2,0.25,1.0,0.3903800499921017,0.4,1.0,1.0,0.7565030690421024,0.2,1.0,1.0,0.7565030690421024,1.0,1.0,1.0,1.0,0.0,0.0,0.0,1.0
verified_learned_rerank,eval_0218,doxycycline | prednisone | metronidazole | azithromycin | rocephin | dapsone | ceftriaxone | zyvox | linezolid | filgrastim | neupogen | fluconazole | clindamycin | tobramycin | oxymetholone | lefamulin | ferralet 90 | pyrimethamine | vancocin hcl | xenleta,doxycycline | azithromycin,all,True,False,logreg,logreg,verified_742,1000,132,132,1000,0,0,0,0.4,1.0,1.0,0.8772153153380493,0.2,1.0,1.0,0.8772153153380493,0.1,1.0,1.0,0.8772153153380493,1.0,1.0,1.0,1.0,0.0,0.0,0.0,1.0
verified_learned_rerank,eval_0242,calcifediol | thyroid desiccated | calcitriol | westhroid | cenestin | estropipate | conjugated estrogens | armour thyroid | premarin | thyquidity | rayaldee | parathyroid hormone | estradiol | esterified estrogens | tirosint | spironolactone | doxorubicin | levothyroxine | synthroid | cytomel,thyroid desiccated | armour thyroid | levothyroxine,all,True,False,logreg,logreg,verified_742,1000,385,385,952,0,0,0,0.2,0.3333333333333333,1.0,0.2960819109658653,0.2,0.6666666666666666,1.0,0.4441228664487979,0.15,1.0,1.0,0.5545952614078953,0.5,1.0,1.0,1.0,0.0,0.0,0.0,1.0
verified_learned_rerank,eval_0241,lorazepam | baclofen | ativan | onabotulinumtoxina | botox | lioresal | propranolol | clonazepam | klonopin | abobotulinumtoxina | dysport | rizatriptan | treximet | lamotrigine | gabapentin | naproxen / sumatriptan | relpax | maxalt | clonidine | eletriptan,baclofen | onabotulinumtoxina | botox | lioresal | propranolol,all,True,False,logreg,logreg,verified_742,1000,187,187,892,0,0,0,0.6,0.6,1.0,0.4626953085158284,0.5,1.0,1.0,0.6760045759640144,0.25,1.0,1.0,0.6760045759640144,0.5,1.0,1.0,1.0,0.0,0.0,0.0,1.0
verified_learned_rerank,eval_0237,doxycycline | azithromycin | rocephin | acidophilus | methenamine | ceftriaxone | zyvox | linezolid | hiprex | lactobacillus acidophilus | fluconazole | cephalexin | gentamicin | doripenem | bactrim | sulfamethoxazole / trimethoprim | minocycline | ceftin | avelox | moxifloxacin,sulfamethoxazole / trimethoprim | bactrim | fluconazole,all,True,False,logreg,logreg,verified_742,481,287,287,481,0,0,0,0.0,0.0,0.0,0.0,0.0,0.0,0.0,0.0,0.15,1.0,1.0,0.3630309663999042,0.09090909090909091,1.0,1.0,1.0,0.0,0.0,0.0,1.0
verified_learned_rerank,eval_0244,doxycycline | lithium | hydroxychloroquine | divalproex sodium | depakote er | doxy 100 | chlorpromazine | prednisone | depakote | allopurinol | clindamycin | artemether / lumefantrine | coartem | halofantrine | halfan | stavzor | pyrimethamine / sulfadoxine | pyrimethamine | daraprim | fansidar,doxycycline | prednisone | methylprednisolone | hydroxychloroquine | doxy 100 | deltasone | diclofenac | naproxen,all,True,False,logreg,logreg,verified_742,1000,446,446,809,0,0,0,0.4,0.25,1.0,0.5087403079104241,0.4,0.5,1.0,0.5810962664236696,0.2,0.5,1.0,0.5810962664236696,1.0,1.0,1.0,1.0,0.0,0.0,0.0,1.0
verified_learned_rerank,eval_0252,clonazepam | klonopin | propranolol | rizatriptan | treximet | lamotrigine | gabapentin | naproxen / sumatriptan | amitriptyline | relpax | maxalt | eletriptan | acetaminophen / butalbital / caffeine | frovatriptan | sumatriptan | bupropion | aspirin / butalbital / caffeine | diclofenac | frova | maxalt-mlt,gabapentin | propranolol,all,True,False,logreg,logreg,verified_742,1000,179,179,1000,0,0,0,0.2,0.5,1.0,0.35195904451706733,0.2,1.0,1.0,0.5083852865246528,0.1,1.0,1.0,0.5083852865246528,0.3333333333333333,1.0,1.0,1.0,0.0,0.0,0.0,1.0
verified_learned_rerank,eval_0227,azithromycin | ceftriaxone | ampicillin | ciprofloxacin | cipro | clonazepam | klonopin | dexbrompheniramine / pseudoephedrine | drixoral cold and allergy | lamotrigine | gabapentin | naproxen / sumatriptan | amitriptyline | maxalt | dextroamphetamine | eletriptan | acetaminophen / butalbital / caffeine | frovatriptan | chlorpheniramine / hydrocodone | bupropion,ceftriaxone | ciprofloxacin,all,True,False,logreg,logreg,verified_742,1000,7,7,1000,0,0,0,0.4,1.0,1.0,0.5992429307166866,0.2,1.0,1.0,0.5992429307166866,0.1,1.0,1.0,0.5992429307166866,0.5,1.0,1.0,1.0,0.0,0.0,0.0,1.0
verified_learned_rerank,eval_0232,cyproheptadine | promethazine | prednisone | omalizumab | epipen | ketotifen | xolair | chlor-trimeton | phenergan | ketorolac | chlorpheniramine | epinephrine | ranitidine | carbinoxamine | zaditor | aristocort | alavert | azelastine | triamcinolone | triprolidine,prednisone | promethazine,all,True,False,logreg,logreg,verified_742,558,76,76,558,0,0,0,0.4,1.0,1.0,0.6787622294601761,0.2,1.0,1.0,0.6787622294601761,0.1,1.0,1.0,0.6787622294601761,0.5,1.0,1.0,1.0,0.0,0.0,0.0,1.0
verified_learned_rerank,eval_0257,rabeprazole | diclofenac | omeprazole / sodium bicarbonate | ranitidine | lansoprazole | prednisone | zantac | chlordiazepoxide / clidinium | clonidine | librax | atropine / hyoscyamine / phenobarbital / scopolamine | esomeprazole | protonix | nexium | methylprednisolone | mesalamine | adalimumab | sucralfate | humira | cellcept,rabeprazole | esomeprazole | lansoprazole,all,True,False,logreg,logreg,verified_742,468,80,80,468,0,0,0,0.4,0.6666666666666666,1.0,0.6508205185601091,0.2,0.6666666666666666,1.0,0.6508205185601091,0.15,1.0,1.0,0.7776375353925028,1.0,1.0,1.0,1.0,0.0,0.0,0.0,1.0
verified_learned_rerank,eval_0251,oxybutynin | aluminum chloride hexahydrate | drysol | gabapentin | amitriptyline | hypercare | clonidine | doxycycline | ibuprofen | naproxen | xerac ac | catapres | tapazole | potassium iodide | pima | triamcinolone | flanax pain reliever | stelara | enbrel | ustekinumab,prednisone | enbrel | naproxen | triamcinolone | ibuprofen,all,True,False,logreg,logreg,verified_742,690,294,294,690,0,0,0,0.0,0.0,0.0,0.0,0.2,0.4,1.0,0.22051793554853613,0.2,0.8,1.0,0.36793424499956134,0.1111111111111111,1.0,1.0,1.0,0.0,0.0,0.0,1.0
verified_learned_rerank,eval_0249,doxycycline | prednisone | aciphex | gentamicin | lansoprazole | minocycline | moxifloxacin | rabeprazole | calcium carbonate / simethicone | prevacid | axid ar | dexamethasone | nexium 24hr | ciprofloxacin | prilosec otc | aluminum hydroxide / magnesium hydroxide / simethicone | levofloxacin | nizatidine | protonix iv | omeprazole / sodium bicarbonate,doxycycline,all,True,False,logreg,logreg,verified_742,1000,230,230,1000,0,0,0,0.2,1.0,1.0,1.0,0.1,1.0,1.0,1.0,0.05,1.0,1.0,1.0,1.0,1.0,1.0,1.0,0.0,0.0,0.0,1.0
verified_learned_rerank,eval_0246,aluminum chloride hexahydrate | clonidine | drysol | gabapentin | amitriptyline | hypercare | catapres | xerac ac | pima | potassium iodide | tapazole | hytrin | thyroid desiccated | oxybutynin | westhroid | cenestin | terazosin | estropipate | conjugated estrogens | armour thyroid,thyroid desiccated | armour thyroid | levothyroxine,all,True,False,logreg,logreg,verified_742,1000,352,126,742,0,0,0,0.0,0.0,0.0,0.0,0.0,0.0,0.0,0.0,0.1,0.6666666666666666,1.0,0.23009664345451375,0.07692307692307693,1.0,1.0,1.0,0.0,0.0,0.0,1.0
verified_learned_rerank,eval_0260,doxycycline | ibuprofen | naproxen | cephalexin | triamcinolone | flanax pain reliever | bactrim | sulfamethoxazole / trimethoprim | oxybutynin | avelox | moxifloxacin | doxy 100 | sucralfate | ditropan xl | aleve | ciprofloxacin | naprosyn | levofloxacin | bactrim ds | levaquin,naproxen,all,True,False,logreg,logreg,verified_742,273,25,25,273,0,0,0,0.2,1.0,1.0,0.5,0.1,1.0,1.0,0.5,0.05,1.0,1.0,0.5,0.3333333333333333,1.0,1.0,1.0,0.0,0.0,0.0,1.0
verified_learned_rerank,eval_0250,valacyclovir | valtrex | acyclovir | gabapentin | amitriptyline | sumatriptan | doxycycline | nortriptyline | prednisone | ceftriaxone | clonazepam | elavil | lorazepam | zolmitriptan | promethazine | ativan | clonidine | klonopin | sulfamethoxazole / trimethoprim | chlorpromazine,valacyclovir | valtrex | acyclovir,all,True,False,logreg,logreg,verified_742,1000,322,322,749,0,0,0,0.6,1.0,1.0,1.0,0.3,1.0,1.0,1.0,0.15,1.0,1.0,1.0,1.0,1.0,1.0,1.0,0.0,0.0,0.0,1.0
verified_learned_rerank,eval_0261,elocon | clobetasol | stelara | enbrel | ustekinumab | desonide | doxycycline | etanercept | prednisone | flurandrenolide | cordran tape | clocortolone | clobex | cloderm | thiothixene | desowen | methylprednisolone | adalimumab | mometasone | betamethasone,enbrel,all,True,False,logreg,logreg,verified_742,164,164,164,164,0,0,0,0.2,1.0,1.0,0.4306765580733931,0.1,1.0,1.0,0.4306765580733931,0.05,1.0,1.0,0.4306765580733931,0.25,1.0,1.0,1.0,0.0,0.0,0.0,1.0
verified_learned_rerank,eval_0264,prednisone | diclofenac | methylprednisolone | cellcept | mycophenolate mofetil | hydrocortisone | triamcinolone | adalimumab | humira | infliximab | remicade | dexamethasone | golimumab | simponi | doxycycline | betamethasone | azathioprine | famotidine / ibuprofen | sucralfate | duexis,adalimumab | humira | infliximab | remicade,all,True,False,logreg,logreg,verified_742,672,346,346,672,0,0,0,0.0,0.0,0.0,0.0,0.3,0.75,1.0,0.3535124404757274,0.2,1.0,1.0,0.46240620154395956,0.125,1.0,1.0,1.0,0.0,0.0,0.0,1.0
verified_learned_rerank,eval_0268,prednisone | aristocort | triamcinolone | cyproheptadine | promethazine | omalizumab | epipen | ketotifen | xolair | chlor-trimeton | phenergan | corticotropin | ketorolac | chlorpheniramine | deltasone | diclofenac | epinephrine | ranitidine | acthar | tramadol,prednisone | triamcinolone | prednisolone | loteprednol | lotemax,all,True,False,logreg,logreg,verified_742,340,322,322,340,0,0,0,0.4,0.4,1.0,0.3985202681370658,0.2,0.4,1.0,0.3985202681370658,0.1,0.4,1.0,0.3985202681370658,1.0,1.0,1.0,1.0,0.0,0.0,0.0,1.0
verified_learned_rerank,eval_0267,cefuroxime | retapamulin | altabax | cefadroxil | doxycycline | isotretinoin | accutane | mupirocin | benzoyl peroxide / clindamycin | clindamycin | tretinoin | adapalene / benzoyl peroxide | cephalexin | prednisone | bactrim | epiduo | sulfamethoxazole / trimethoprim | minocycline | magnesium hydroxide | metronidazole,isotretinoin | accutane | adapalene / benzoyl peroxide | doxycycline | cefuroxime | mupirocin | retapamulin,all,True,False,logreg,logreg,verified_742,726,425,425,726,0,0,0,0.6,0.42857142857142855,1.0,0.49996939085110426,0.6,0.8571428571428571,1.0,0.7274159502014443,0.35,1.0,1.0,0.8067076282309166,1.0,1.0,1.0,1.0,0.0,0.0,0.0,1.0
verified_learned_rerank,eval_0253,elocon | clobetasol | stelara | enbrel | ustekinumab | desonide | doxycycline | etanercept | prednisone | flurandrenolide | cordran tape | clocortolone | clobex | cloderm | thiothixene | desowen | methylprednisolone | adalimumab | mometasone | betamethasone,prednisone | enbrel,all,True,False,logreg,logreg,verified_742,164,164,164,164,0,0,0,0.2,0.5,1.0,0.3031610197508214,0.2,1.0,1.0,0.44442799261065036,0.1,1.0,1.0,0.44442799261065036,0.25,1.0,1.0,1.0,0.0,0.0,0.0,1.0
verified_learned_rerank,eval_0276,doxycycline | prednisone | azithromycin | rocephin | methylprednisolone | tudorza pressair | aclidinium | ceftriaxone | xopenex | omalizumab | mometasone | xolair | levalbuterol | primatene mist | zafirlukast | accolate | intal inhaler | epinephrine | ampicillin | budesonide,prednisone,all,True,False,logreg,logreg,verified_742,1000,221,221,1000,0,0,0,0.2,1.0,1.0,0.6309297535714574,0.1,1.0,1.0,0.6309297535714574,0.05,1.0,1.0,0.6309297535714574,0.5,1.0,1.0,1.0,0.0,0.0,0.0,1.0
verified_learned_rerank,eval_0277,liraglutide | gabapentin | victoza | tretinoin | clobetasol | desmopressin | pregabalin | pramlintide | humulin r u-500 (concentrated) | duloxetine | nortriptyline | cymbalta | chromium picolinate | byetta | symlin | topiramate | exubera | insulin isophane | ddavp | novolog mix 70 / 30,liraglutide | victoza,all,True,False,logreg,logreg,verified_742,453,228,228,453,0,0,0,0.4,1.0,1.0,0.9197207891481876,0.2,1.0,1.0,0.9197207891481876,0.1,1.0,1.0,0.9197207891481876,1.0,1.0,1.0,1.0,0.0,0.0,0.0,1.0
verified_learned_rerank,eval_0272,prednisone | methylprednisolone | cellcept | mycophenolate mofetil | hydrocortisone | triamcinolone | budesonide | elocon | clobetasol | dexamethasone | desonide | flurandrenolide | cordran tape | clocortolone | clobex | cloderm | betamethasone | azathioprine | mometasone | fluocinonide,budesonide,all,True,False,logreg,logreg,verified_742,659,346,126,439,0,0,0,0.0,0.0,0.0,0.0,0.1,1.0,1.0,0.3333333333333333,0.05,1.0,1.0,0.3333333333333333,0.14285714285714285,1.0,1.0,1.0,0.0,0.0,0.0,1.0
verified_learned_rerank,eval_0262,diclofenac | tramadol | stelara | acetaminophen / hydrocodone | enbrel | ustekinumab | doxycycline | etanercept | prednisone | lortab | ketoprofen | norco | indomethacin | valdecoxib | voltaren | duloxetine | cataflam | cymbalta | naprelan | probenecid,diclofenac | tramadol | acetaminophen / hydrocodone,all,True,False,logreg,logreg,verified_742,273,255,255,273,0,0,0,0.6,1.0,1.0,0.9736505918364026,0.3,1.0,1.0,0.9736505918364026,0.15,1.0,1.0,0.9736505918364026,1.0,1.0,1.0,1.0,0.0,0.0,0.0,1.0
verified_learned_rerank,eval_0275,amitriptyline | spironolactone | doxycycline | venlafaxine | azithromycin | rocephin | phosphorated carbohydrate solution | acidophilus | elavil | methenamine | ceftriaxone | zyvox | vaniqa | linezolid | uta | sulfatrim | ampicillin | hiprex | allopurinol | eflornithine,doxycycline,all,True,False,logreg,logreg,verified_742,172,172,172,172,0,0,0,0.2,1.0,1.0,0.5,0.1,1.0,1.0,0.5,0.05,1.0,1.0,0.5,0.3333333333333333,1.0,1.0,1.0,0.0,0.0,0.0,1.0
verified_learned_rerank,eval_0271,tretinoin | liraglutide | gabapentin | victoza | clobetasol | isotretinoin | desmopressin | pregabalin | pramlintide | humulin r u-500 (concentrated) | accutane | duloxetine | nortriptyline | cymbalta | chromium picolinate | byetta | symlin | topiramate | exubera | insulin isophane,tretinoin | doxycycline | spironolactone | liraglutide | victoza,all,True,False,logreg,logreg,verified_742,949,560,508,897,0,0,0,0.6,0.6,1.0,0.7428263532604289,0.3,0.6,1.0,0.7428263532604289,0.15,0.6,1.0,0.7428263532604289,1.0,1.0,1.0,1.0,0.0,0.0,0.0,1.0
verified_learned_rerank,eval_0279,cyproheptadine | promethazine | prednisone | chlor-trimeton | phenergan | chlorpheniramine | epinephrine | ranitidine | carbinoxamine | azelastine | triamcinolone | tetracaine | olopatadine | diphenhydramine | omalizumab | benadryl | xolair | cetirizine | allegra | fexofenadine,prednisone | promethazine | cyproheptadine | triamcinolone | azelastine | phenergan,all,True,False,logreg,logreg,verified_742,1000,558,558,1000,0,0,0,0.8,0.6666666666666666,1.0,0.8539316501572934,0.5,0.8333333333333334,1.0,0.8493587936665264,0.3,1.0,1.0,0.9337676022490267,1.0,1.0,1.0,1.0,0.0,0.0,0.0,1.0
verified_learned_rerank,eval_0284,doxycycline | prednisone | azithromycin | rocephin | ceftriaxone | sulfamethoxazole / trimethoprim | zithromax | ceftin | avelox | moxifloxacin | amoxicillin | amoxil | aclidinium | tudorza pressair | xopenex | amoxicillin / clavulanate | methylprednisolone | omalizumab | biaxin xl | augmentin,doxycycline | azithromycin | prednisone | sulfamethoxazole / trimethoprim | ceftriaxone,all,True,False,logreg,logreg,verified_742,1000,319,319,1000,0,0,0,0.8,0.8,1.0,0.8191577303746509,0.5,1.0,1.0,0.9137949195204103,0.25,1.0,1.0,0.9137949195204103,1.0,1.0,1.0,1.0,0.0,0.0,0.0,1.0
verified_learned_rerank,eval_0281,doxycycline | prednisone | metronidazole | azithromycin | rocephin | dapsone | ceftriaxone | zyvox | linezolid | filgrastim | neupogen | fluconazole | clindamycin | tobramycin | oxymetholone | xenleta | lefamulin | gentamicin | integra | cefotaxime,doxycycline | azithromycin,all,True,False,logreg,logreg,verified_742,1000,132,132,1000,0,0,0,0.4,1.0,1.0,0.7724397457735779,0.2,1.0,1.0,0.7724397457735779,0.1,1.0,1.0,0.7724397457735779,1.0,1.0,1.0,1.0,0.0,0.0,0.0,1.0
verified_learned_rerank,eval_0269,liraglutide | gabapentin | victoza | tretinoin | clobetasol | desmopressin | pregabalin | pramlintide | humulin r u-500 (concentrated) | duloxetine | nortriptyline | cymbalta | chromium picolinate | byetta | symlin | topiramate | exubera | insulin isophane | ddavp | insulin aspart / insulin aspart protamine,liraglutide | victoza,all,True,False,logreg,logreg,verified_742,1000,228,228,1000,0,0,0,0.4,1.0,1.0,0.9197207891481876,0.2,1.0,1.0,0.9197207891481876,0.1,1.0,1.0,0.9197207891481876,1.0,1.0,1.0,1.0,0.0,0.0,0.0,1.0
verified_learned_rerank,eval_0270,cefadroxil | retapamulin | altabax | mupirocin | cefuroxime | cobicistat / elvitegravir / emtricitabine / tenofovir | stribild | dexbrompheniramine / pseudoephedrine | drixoral cold and allergy | valacyclovir | efavirenz / emtricitabine / tenofovir | valtrex | atripla | aciphex | chlorpheniramine / hydrocodone | tussionex pennkinetic | ondansetron | acyclovir | triumeq | chlorpheniramine / hydrocodone / pseudoephedrine,cefuroxime | mupirocin | retapamulin,all,True,False,logreg,logreg,verified_742,1000,8,8,1000,0,0,0,0.6,1.0,1.0,0.6717573587424964,0.3,1.0,1.0,0.6717573587424964,0.15,1.0,1.0,0.6717573587424964,0.5,1.0,1.0,1.0,0.0,0.0,0.0,1.0
verified_learned_rerank,eval_0280,doxycycline | clindamycin | cephalexin | isotretinoin | bactrim | sulfamethoxazole / trimethoprim | minocycline | accutane | keflex | doxy 100 | benzoyl peroxide / clindamycin | tretinoin | adapalene / benzoyl peroxide | prednisone | epiduo | magnesium hydroxide | claravis | benzaclin | spironolactone | metronidazole,doxycycline | clindamycin | minocycline,all,True,False,logreg,logreg,verified_742,888,420,420,888,0,0,0,0.4,0.6666666666666666,1.0,0.7653606369886218,0.3,1.0,1.0,0.9217868789962073,0.15,1.0,1.0,0.9217868789962073,1.0,1.0,1.0,1.0,0.0,0.0,0.0,1.0
verified_learned_rerank,eval_0287,lorazepam | ativan | gabapentin | amitriptyline | sumatriptan | opium | ondansetron | onabotulinumtoxina | zofran | dimenhydrinate | cholestyramine | botox | doxycycline | alosetron | dramamine | promethazine | emend | aprepitant | lotronex | loperamide,onabotulinumtoxina | gabapentin | amitriptyline,all,True,False,logreg,logreg,verified_742,265,155,147,257,0,0,0,0.4,0.6666666666666666,1.0,0.4367467095119258,0.3,1.0,1.0,0.5847876649948583,0.15,1.0,1.0,0.5847876649948583,0.3333333333333333,1.0,1.0,1.0,0.0,0.0,0.0,1.0
verified_learned_rerank,eval_0273,propranolol | clonazepam | clonidine | verapamil | klonopin | rizatriptan | benicar | treximet | lamotrigine | gabapentin | naproxen / sumatriptan | atenolol | amitriptyline | catapres | nadolol | relpax | corgard | innopran xl | maxalt | spironolactone,propranolol | clonidine,all,True,False,logreg,logreg,verified_742,1000,433,433,1000,0,0,0,0.4,1.0,1.0,0.9385574520455129,0.2,1.0,1.0,0.9385574520455129,0.1,1.0,1.0,0.9385574520455129,1.0,1.0,1.0,1.0,0.0,0.0,0.0,1.0
verified_learned_rerank,eval_0292,diclofenac | tramadol | stelara | acetaminophen / hydrocodone | enbrel | ustekinumab | doxycycline | etanercept | prednisone | lortab | ketoprofen | norco | indomethacin | valdecoxib | voltaren | duloxetine | cataflam | cymbalta | naprelan | probenecid,diclofenac,all,True,False,logreg,logreg,verified_742,255,255,255,255,0,0,0,0.2,1.0,1.0,1.0,0.1,1.0,1.0,1.0,0.05,1.0,1.0,1.0,1.0,1.0,1.0,1.0,0.0,0.0,0.0,1.0
verified_learned_rerank,eval_0278,doxycycline | azithromycin | rocephin | acidophilus | methenamine | ceftriaxone | zyvox | linezolid | hiprex | lactobacillus acidophilus | fluconazole | cephalexin | gentamicin | doripenem | bactrim | sulfamethoxazole / trimethoprim | minocycline | ceftin | avelox | moxifloxacin,doxycycline | azithromycin | bactrim | fluconazole,all,True,False,logreg,logreg,verified_742,481,287,287,481,0,0,0,0.4,0.5,1.0,0.4829420709752337,0.2,0.5,1.0,0.4829420709752337,0.2,1.0,1.0,0.7178836443702017,1.0,1.0,1.0,1.0,0.0,0.0,0.0,1.0
verified_learned_rerank,eval_0297,aciphex | rabeprazole | calcium carbonate / simethicone | prevacid | axid ar | nexium 24hr | prilosec otc | aluminum hydroxide / magnesium hydroxide / simethicone | nizatidine | protonix iv | omeprazole / sodium bicarbonate | mylanta | axid | ranitidine | zegerid | pepcid ac chewable tablets | dexlansoprazole | lansoprazole | zantac | kapidex,aciphex | dexlansoprazole | rabeprazole,all,True,False,logreg,logreg,verified_742,222,45,45,222,0,0,0,0.4,0.6666666666666666,1.0,0.7653606369886218,0.2,0.6666666666666666,1.0,0.7653606369886218,0.15,1.0,1.0,0.8778995257840894,1.0,1.0,1.0,1.0,0.0,0.0,0.0,1.0
verified_learned_rerank,eval_0296,elocon | clobetasol | stelara | enbrel | ustekinumab | desonide | doxycycline | etanercept | prednisone | flurandrenolide | cordran tape | clocortolone | clobex | cloderm | thiothixene | desowen | methylprednisolone | adalimumab | mometasone | betamethasone,prednisone | enbrel,all,True,False,logreg,logreg,verified_742,164,164,164,164,0,0,0,0.2,0.5,1.0,0.3031610197508214,0.2,1.0,1.0,0.44442799261065036,0.1,1.0,1.0,0.44442799261065036,0.25,1.0,1.0,1.0,0.0,0.0,0.0,1.0
verified_learned_rerank,eval_0291,gabapentin | amitriptyline | lorazepam | doxycycline | ativan | sumatriptan | ceftriaxone | opium | ondansetron | zofran | dimenhydrinate | cholestyramine | alosetron | dramamine | promethazine | emend | aprepitant | lotronex | loperamide | cefotaxime,doxycycline,all,True,False,logreg,logreg,verified_742,956,145,145,956,0,0,0,0.2,1.0,1.0,0.43067655807339306,0.1,1.0,1.0,0.43067655807339306,0.05,1.0,1.0,0.43067655807339306,0.25,1.0,1.0,1.0,0.0,0.0,0.0,1.0
verified_learned_rerank,eval_0290,doxycycline | prednisone | azithromycin | rocephin | tudorza pressair | aclidinium | xopenex | methylprednisolone | omalizumab | ceftriaxone | mometasone | xolair | levalbuterol | primatene mist | zafirlukast | accolate | intal inhaler | guaifenesin | epinephrine | revefenacin,prednisone,all,True,False,logreg,logreg,verified_742,505,221,221,505,0,0,0,0.2,1.0,1.0,0.6309297535714575,0.1,1.0,1.0,0.6309297535714575,0.05,1.0,1.0,0.6309297535714575,0.5,1.0,1.0,1.0,0.0,0.0,0.0,1.0
verified_learned_rerank,eval_0300,diclofenac | prednisone | methylprednisolone | adalimumab | humira | cellcept | infliximab | remicade | mycophenolate mofetil | hydrocortisone | triamcinolone | golimumab | simponi | tramadol | stelara | acetaminophen / hydrocodone | enbrel | ustekinumab | dexamethasone | doxycycline,adalimumab | humira,all,True,False,logreg,logreg,verified_742,325,311,259,273,0,0,0,0.4,1.0,1.0,0.5012658353418872,0.2,1.0,1.0,0.5012658353418872,0.1,1.0,1.0,0.5012658353418872,0.25,1.0,1.0,1.0,0.0,0.0,0.0,1.0
verified_learned_rerank,eval_0294,doxycycline | prednisone | metronidazole | azithromycin | rocephin | dapsone | ceftriaxone | zyvox | linezolid | filgrastim | neupogen | fluconazole | clindamycin | tobramycin | gentamicin | xenleta | lefamulin | cefotaxime | integra | ferralet 90,doxycycline | azithromycin,all,True,False,logreg,logreg,verified_742,1000,132,132,1000,0,0,0,0.4,1.0,1.0,0.7724397457735779,0.2,1.0,1.0,0.7724397457735779,0.1,1.0,1.0,0.7724397457735779,1.0,1.0,1.0,1.0,0.0,0.0,0.0,1.0
verified_learned_rerank,eval_0293,doxycycline | lithium | chlorpromazine | allopurinol | clindamycin | thorazine | coartem | artemether / lumefantrine | divalproex sodium | pyrimethamine / sulfadoxine | daraprim | fansidar | halfan | halofantrine | pyrimethamine | stavzor | depakote er | hydroxychloroquine | depakote | risperdal,doxycycline | sulfamethoxazole / trimethoprim,all,True,False,logreg,logreg,verified_742,991,174,174,991,0,0,0,0.2,0.5,1.0,0.7039180890341347,0.1,0.5,1.0,0.7039180890341347,0.05,0.5,1.0,0.7039180890341347,1.0,1.0,1.0,1.0,0.0,0.0,0.0,1.0
verified_learned_rerank,eval_0298,gabapentin | amitriptyline | clonazepam | pregabalin | klonopin | nortriptyline | prednisone | clonidine | propranolol | rizatriptan | topiramate | treximet | lamotrigine | naproxen / sumatriptan | lyrica | relpax | maxalt | eletriptan | acetaminophen / butalbital / caffeine | frovatriptan,topiramate | amitriptyline,all,True,False,logreg,logreg,verified_742,1000,399,399,1000,0,0,0,0.2,0.5,1.0,0.2960819109658652,0.1,0.5,1.0,0.2960819109658652,0.1,1.0,1.0,0.492434896218161,0.5,1.0,1.0,1.0,0.0,0.0,0.0,1.0
verified_learned_rerank,eval_0286,amitriptyline | elavil | doxycycline | ceftriaxone | gabapentin | venlafaxine | sumatriptan | ampicillin | azithromycin | phosphorated carbohydrate solution | sulfamethoxazole / trimethoprim | clonazepam | spironolactone | lactobacillus acidophilus | allopurinol | nortriptyline | klonopin | propranolol | zolmitriptan | rizatriptan,doxycycline | sulfamethoxazole / trimethoprim | sumatriptan | azithromycin,all,True,False,logreg,logreg,verified_742,1000,471,471,907,0,0,0,0.2,0.25,1.0,0.14805728754340064,0.3,0.75,1.0,0.38525394434122273,0.2,1.0,1.0,0.5091525520786403,0.3333333333333333,1.0,1.0,1.0,0.0,0.0,0.0,1.0
verified_learned_rerank,eval_0289,lorazepam | ativan | baclofen | onabotulinumtoxina | botox | abobotulinumtoxina | dysport | lioresal | tadalafil | phentermine | propranolol | sildenafil | dextroamphetamine | adipex-p | myobloc | botulinum toxin type b | dexedrine | spironolactone | azor | promethazine,baclofen,all,True,False,logreg,logreg,verified_742,438,12,12,438,0,0,0,0.2,1.0,1.0,0.5,0.1,1.0,1.0,0.5,0.05,1.0,1.0,0.5,0.3333333333333333,1.0,1.0,1.0,0.0,0.0,0.0,1.0
