mode,query_id,recommended,relevant,verified_eval_split,ranker_used,fallback_mode,ranker_model_type,ranker_family,ranker_train_source,candidate_union_size,disease,strict,symptom,bm25,dense,prior,precision@5,recall@5,hit@5,ndcg@5,precision@10,recall@10,hit@10,ndcg@10,precision@20,recall@20,hit@20,ndcg@20,mrr,stage_hit_disease,stage_hit_strict,stage_hit_symptom,stage_hit_bm25,stage_hit_dense,stage_hit_prior,stage_hit_union
label_core_rerank,eval_0011,doxycycline | clindamycin | cephalexin | bactrim | sulfamethoxazole / trimethoprim | minocycline | keflex | doxy 100 | bactrim ds | vibramycin | septra | septra ds | smz-tmp ds | isotretinoin | accutane | benzoyl peroxide / clindamycin | tretinoin | adapalene / benzoyl peroxide | epiduo | magnesium hydroxide,doxycycline | clindamycin | sulfamethoxazole / trimethoprim,all,False,False,xgb_ranker,xgb_ranker,verified_742,420,273,273,420,0,0,0,0.6,1.0,1.0,0.9615980861491925,0.3,1.0,1.0,0.9615980861491925,0.15,1.0,1.0,0.9615980861491925,1.0,1.0,1.0,1.0,0.0,0.0,0.0,1.0
label_core_rerank,eval_0006,prednisone | hydrocortisone | triamcinolone | dexamethasone | ciprofloxacin | calcium carbonate | prednisolone | elocon | clobetasol | desonide | doxycycline | flurandrenolide | cordran tape | clocortolone | azithromycin | clobex | cloderm | ceftriaxone | mometasone | betamethasone,ciprofloxacin,all,False,False,xgb_ranker,xgb_ranker,verified_742,1000,80,80,1000,0,0,0,0.2,1.0,1.0,0.38685280723454163,0.1,1.0,1.0,0.38685280723454163,0.05,1.0,1.0,0.38685280723454163,0.2,1.0,1.0,1.0,0.0,0.0,0.0,1.0
label_core_rerank,eval_0009,doxycycline | prednisone | azithromycin | rocephin | aclidinium | tudorza pressair | xopenex | methylprednisolone | omalizumab | ceftriaxone | mometasone | xolair | levalbuterol | primatene mist | intal inhaler | accolate | zafirlukast | guaifenesin | epinephrine | ipratropium inhalation solution,prednisone,all,False,False,xgb_ranker,xgb_ranker,verified_742,1000,221,221,1000,0,0,0,0.2,1.0,1.0,0.6309297535714574,0.1,1.0,1.0,0.6309297535714574,0.05,1.0,1.0,0.6309297535714574,0.5,1.0,1.0,1.0,0.0,0.0,0.0,1.0
label_core_rerank,eval_0016,isotretinoin | accutane | benzoyl peroxide / clindamycin | tretinoin | adapalene / benzoyl peroxide | epiduo | magnesium hydroxide | claravis | benzaclin | spironolactone | doxycycline | phillips' milk of magnesia | duac | retin-a | dapsone | aczone | clindamycin / tretinoin | drospirenone / ethinyl estradiol | onexton | benzoyl peroxide / sulfur,isotretinoin | accutane | adapalene / benzoyl peroxide,all,False,False,xgb_ranker,xgb_ranker,verified_742,726,273,273,726,0,0,0,0.6,1.0,1.0,0.9469024295259745,0.3,1.0,1.0,0.9469024295259745,0.15,1.0,1.0,0.9469024295259745,1.0,1.0,1.0,1.0,0.0,0.0,0.0,1.0
label_core_rerank,eval_0019,doxycycline | ibuprofen | naproxen | triamcinolone | flanax pain reliever | aleve | naprosyn | cephalexin | bactrim | sulfamethoxazole / trimethoprim | oxybutynin | avelox | moxifloxacin | doxy 100 | sucralfate | ditropan xl | ciprofloxacin | levofloxacin | bactrim ds | levaquin,naproxen | triamcinolone,all,False,False,xgb_ranker,xgb_ranker,verified_742,273,273,273,273,0,0,0,0.4,1.0,1.0,0.5706417189553201,0.2,1.0,1.0,0.5706417189553201,0.1,1.0,1.0,0.5706417189553201,0.3333333333333333,1.0,1.0,1.0,0.0,0.0,0.0,1.0
label_core_rerank,eval_0010,elocon | clobetasol | stelara | enbrel | ustekinumab | desonide | doxycycline | etanercept | prednisone | flurandrenolide | cordran tape | clocortolone | clobex | cloderm | thiothixene | desowen | methylprednisolone | adalimumab | mometasone | betamethasone,prednisone | enbrel,all,False,False,xgb_ranker,xgb_ranker,verified_742,882,164,164,882,0,0,0,0.2,0.5,1.0,0.3031610197508214,0.2,1.0,1.0,0.44442799261065036,0.1,1.0,1.0,0.44442799261065036,0.25,1.0,1.0,1.0,0.0,0.0,0.0,1.0
label_core_rerank,eval_0002,doxycycline | prednisone | azithromycin | rocephin | ceftriaxone | sulfamethoxazole / trimethoprim | zithromax | ceftin | avelox | moxifloxacin | amoxicillin | amoxil | amoxicillin / clavulanate | biaxin xl | augmentin | dexamethasone | cefuroxime | clarithromycin | ciprofloxacin | erythromycin,prednisone,all,False,False,xgb_ranker,xgb_ranker,verified_742,734,221,221,734,0,0,0,0.2,1.0,1.0,0.6309297535714574,0.1,1.0,1.0,0.6309297535714574,0.05,1.0,1.0,0.6309297535714574,0.5,1.0,1.0,1.0,0.0,0.0,0.0,1.0
label_core_rerank,eval_0017,doxycycline | prednisone | azithromycin | methylprednisolone | mometasone | epinephrine | ampicillin | budesonide | kenalog-40 | augmentin xr | triamcinolone | bactrim | medrol dosepak | sulfamethoxazole / trimethoprim | flunisolide | zithromax | ceftin | cedax | ceftibuten | singulair,prednisone | methylprednisolone,all,False,False,xgb_ranker,xgb_ranker,verified_742,1000,681,681,1000,0,0,0,0.4,1.0,1.0,0.6509209298071326,0.2,1.0,1.0,0.6509209298071326,0.1,1.0,1.0,0.6509209298071326,0.5,1.0,1.0,1.0,0.0,0.0,0.0,1.0
label_core_rerank,eval_0020,clonazepam | klonopin | propranolol | rizatriptan | treximet | lamotrigine | gabapentin | naproxen / sumatriptan | amitriptyline | relpax | maxalt | eletriptan | acetaminophen / butalbital / caffeine | frovatriptan | sumatriptan | bupropion | aspirin / butalbital / caffeine | diclofenac | frova | maxalt-mlt,propranolol,all,False,False,xgb_ranker,xgb_ranker,verified_742,1000,179,179,947,0,0,0,0.2,1.0,1.0,0.5,0.1,1.0,1.0,0.5,0.05,1.0,1.0,0.5,0.3333333333333333,1.0,1.0,0.0,0.0,0.0,0.0,1.0
label_core_rerank,eval_0021,propranolol | verapamil | nitro-bid | aspirin | epinephrine | nitroglycerin | enoxaparin | lovenox | atenolol | nadolol | corgard | angiomax | bayer aspirin extra strength plus | streptokinase | dalteparin | fragmin | bivalirudin | warfarin | plavix | metoprolol,metoprolol,all,False,False,xgb_ranker,xgb_ranker,verified_742,1000,90,90,1000,0,0,0,0.0,0.0,0.0,0.0,0.0,0.0,0.0,0.0,0.05,1.0,1.0,0.22767024869695296,0.05,1.0,1.0,1.0,0.0,0.0,0.0,1.0
label_core_rerank,eval_0012,clonazepam | propranolol | gabapentin | amitriptyline | sumatriptan | diclofenac | prednisone | clonidine | lithium | nortriptyline | verapamil | elavil | zolmitriptan | atenolol | nadolol | corgard | divalproex sodium | nimodipine | depakote er | metoprolol,propranolol,all,False,False,xgb_ranker,xgb_ranker,verified_742,1000,179,179,1000,0,0,0,0.2,1.0,1.0,0.6309297535714574,0.1,1.0,1.0,0.6309297535714574,0.05,1.0,1.0,0.6309297535714574,0.5,1.0,1.0,1.0,0.0,0.0,0.0,1.0
label_core_rerank,eval_0008,clonazepam | klonopin | propranolol | rizatriptan | treximet | lamotrigine | gabapentin | naproxen / sumatriptan | amitriptyline | relpax | maxalt | eletriptan | acetaminophen / butalbital / caffeine | frovatriptan | sumatriptan | bupropion | aspirin / butalbital / caffeine | diclofenac | frova | maxalt-mlt,gabapentin | propranolol,all,False,False,xgb_ranker,xgb_ranker,verified_742,1000,179,179,1000,0,0,0,0.2,0.5,1.0,0.35195904451706733,0.2,1.0,1.0,0.5083852865246528,0.1,1.0,1.0,0.5083852865246528,0.3333333333333333,1.0,1.0,1.0,0.0,0.0,0.0,1.0
label_core_rerank,eval_0005,cyproheptadine | promethazine | prednisone | chlor-trimeton | phenergan | chlorpheniramine | epinephrine | ranitidine | carbinoxamine | azelastine | triamcinolone | tetracaine | olopatadine | diphenhydramine | benadryl | cetirizine | allegra | fexofenadine | zyrtec | levocetirizine,promethazine | cyproheptadine,all,False,False,xgb_ranker,xgb_ranker,verified_742,1000,558,517,958,0,0,0,0.4,1.0,1.0,1.0,0.2,1.0,1.0,1.0,0.1,1.0,1.0,1.0,1.0,1.0,1.0,1.0,0.0,0.0,0.0,1.0
label_core_rerank,eval_0027,doxycycline | ibuprofen | naproxen | triamcinolone | flanax pain reliever | aleve | naprosyn | diclofenac | tramadol | stelara | acetaminophen / hydrocodone | enbrel | ustekinumab | etanercept | prednisone | lortab | ketoprofen | norco | indomethacin | valdecoxib,diclofenac | naproxen | triamcinolone,all,False,False,xgb_ranker,xgb_ranker,verified_742,273,273,273,273,0,0,0,0.4,0.6666666666666666,1.0,0.4007190842355906,0.3,1.0,1.0,0.5613212351841308,0.15,1.0,1.0,0.5613212351841308,0.3333333333333333,1.0,1.0,1.0,0.0,0.0,0.0,1.0
label_core_rerank,eval_0007,amitriptyline | venlafaxine | elavil | memantine | propranolol | spironolactone | clonidine | verapamil | benicar | atenolol | catapres | nadolol | corgard | innopran xl | olmesartan | metoprolol | verelan pm | inderal | tenormin | calan sr,propranolol | clonidine | amitriptyline | elavil,all,False,False,xgb_ranker,xgb_ranker,verified_742,1000,600,471,698,0,0,0,0.6,0.75,1.0,0.7803208329297955,0.4,1.0,1.0,0.8722223468555713,0.2,1.0,1.0,0.8722223468555713,1.0,1.0,1.0,1.0,0.0,0.0,0.0,1.0
label_core_rerank,eval_0034,prednisone | methylprednisolone | cellcept | mycophenolate mofetil | hydrocortisone | triamcinolone | dexamethasone | azathioprine | imuran | betamethasone | medrol dosepak | pancreatin | diclofenac | adalimumab | humira | infliximab | remicade | golimumab | simponi | famotidine / ibuprofen,prednisone | methylprednisolone | triamcinolone | adalimumab | humira | infliximab | remicade,all,False,False,xgb_ranker,xgb_ranker,verified_742,672,346,346,672,0,0,0,0.4,0.2857142857142857,1.0,0.5531464700081437,0.3,0.42857142857142855,1.0,0.546216915252498,0.35,1.0,1.0,0.8184602169811083,1.0,1.0,1.0,1.0,0.0,0.0,0.0,1.0
label_core_rerank,eval_0036,doxycycline | prednisone | methotrexate | minocycline | dexamethasone | chloramphenicol | stelara | enbrel | ustekinumab | etanercept | methylprednisolone | adalimumab | betamethasone | humira | infliximab | remicade | hydrocortisone | kenalog-40 | triamcinolone | kenalog-10,doxycycline | prednisone,all,False,False,xgb_ranker,xgb_ranker,verified_742,952,544,544,952,0,0,0,0.4,1.0,1.0,1.0,0.2,1.0,1.0,1.0,0.1,1.0,1.0,1.0,1.0,1.0,1.0,1.0,0.0,0.0,0.0,1.0
label_core_rerank,eval_0037,baclofen | onabotulinumtoxina | botox | lioresal | lorazepam | ativan | abobotulinumtoxina | dysport | botulinum toxin type b | myobloc | incobotulinumtoxina | xeomin | diclofenac | tramadol | stelara | acetaminophen / hydrocodone | enbrel | ustekinumab | doxycycline | etanercept,diclofenac | onabotulinumtoxina | botox,all,False,False,xgb_ranker,xgb_ranker,verified_742,570,267,267,570,0,0,0,0.4,0.6666666666666666,1.0,0.4298593499260986,0.2,0.6666666666666666,1.0,0.4298593499260986,0.15,1.0,1.0,0.579606526573812,0.5,1.0,1.0,1.0,0.0,0.0,0.0,1.0
label_core_rerank,eval_0023,clonidine | catapres | hytrin | terazosin | aluminum chloride hexahydrate | drysol | gabapentin | amitriptyline | hypercare | propylthiouracil | sodium iodide-i-131 | xerac ac | pima | potassium iodide | tapazole | oxybutynin | onabotulinumtoxina | botox | benztropine | methimazole,thyroid desiccated | armour thyroid | levothyroxine,all,False,False,xgb_ranker,xgb_ranker,verified_742,824,352,81,553,0,0,0,0.0,0.0,0.0,0.0,0.0,0.0,0.0,0.0,0.0,0.0,0.0,0.0,0.0,1.0,1.0,1.0,0.0,0.0,0.0,1.0
label_core_rerank,eval_0039,doxycycline | prednisone | azithromycin | methylprednisolone | mometasone | epinephrine | ampicillin | budesonide | kenalog-40 | augmentin xr | triamcinolone | bactrim | medrol dosepak | sulfamethoxazole / trimethoprim | flunisolide | zithromax | ceftin | cedax | ceftibuten | singulair,prednisone | methylprednisolone,all,False,False,xgb_ranker,xgb_ranker,verified_742,1000,681,681,1000,0,0,0,0.4,1.0,1.0,0.6509209298071326,0.2,1.0,1.0,0.6509209298071326,0.1,1.0,1.0,0.6509209298071326,0.5,1.0,1.0,1.0,0.0,0.0,0.0,1.0
label_core_rerank,eval_0029,doxycycline | prednisone | azithromycin | rocephin | aclidinium | tudorza pressair | xopenex | methylprednisolone | omalizumab | ceftriaxone | mometasone | xolair | levalbuterol | primatene mist | accolate | zafirlukast | intal inhaler | guaifenesin | epinephrine | ampicillin,prednisone,all,False,False,xgb_ranker,xgb_ranker,verified_742,1000,221,221,1000,0,0,0,0.2,1.0,1.0,0.6309297535714574,0.1,1.0,1.0,0.6309297535714574,0.05,1.0,1.0,0.6309297535714574,0.5,1.0,1.0,1.0,0.0,0.0,0.0,1.0
label_core_rerank,eval_0033,cefadroxil | retapamulin | altabax | mupirocin | cefuroxime | ammoniated mercury | sulconazole | ozenoxacin | isotretinoin | accutane | valacyclovir | valtrex | benzoyl peroxide / clindamycin | tretinoin | elocon | adapalene / benzoyl peroxide | epiduo | clobetasol | stelara | magnesium hydroxide,cefuroxime | mupirocin | retapamulin,all,False,False,xgb_ranker,xgb_ranker,verified_742,731,8,8,731,0,0,0,0.6,1.0,1.0,0.6797310500037657,0.3,1.0,1.0,0.6797310500037657,0.15,1.0,1.0,0.6797310500037657,0.5,1.0,1.0,1.0,0.0,0.0,0.0,1.0
label_core_rerank,eval_0041,doxycycline | azithromycin | rocephin | acidophilus | methenamine | ceftriaxone | zyvox | linezolid | hiprex | lactobacillus acidophilus | fluconazole | cephalexin | doripenem | gentamicin | bactrim | sulfamethoxazole / trimethoprim | minocycline | ceftin | avelox | moxifloxacin,doxycycline | azithromycin | sulfamethoxazole / trimethoprim | bactrim | fluconazole,all,False,False,xgb_ranker,xgb_ranker,verified_742,481,287,287,481,0,0,0,0.4,0.4,1.0,0.4063180457160617,0.2,0.4,1.0,0.4063180457160617,0.25,1.0,1.0,0.6954092773654924,1.0,1.0,1.0,1.0,0.0,0.0,0.0,1.0
label_core_rerank,eval_0018,clonazepam | klonopin | propranolol | rizatriptan | treximet | lamotrigine | gabapentin | naproxen / sumatriptan | amitriptyline | relpax | maxalt | eletriptan | acetaminophen / butalbital / caffeine | frovatriptan | sumatriptan | bupropion | aspirin / butalbital / caffeine | diclofenac | frova | maxalt-mlt,gabapentin | propranolol,all,False,False,xgb_ranker,xgb_ranker,verified_742,1000,179,179,1000,0,0,0,0.2,0.5,1.0,0.35195904451706733,0.2,1.0,1.0,0.5083852865246528,0.1,1.0,1.0,0.5083852865246528,0.3333333333333333,1.0,1.0,1.0,0.0,0.0,0.0,1.0
label_core_rerank,eval_0045,rabeprazole | omeprazole / sodium bicarbonate | ranitidine | lansoprazole | zantac | esomeprazole | protonix | nexium | sucralfate | cimetidine | omeprazole | pantoprazole | carafate | pepcid | calcium carbonate | famotidine | diclofenac | prednisone | clonidine | chlordiazepoxide / clidinium,rabeprazole | esomeprazole | lansoprazole,all,False,False,xgb_ranker,xgb_ranker,verified_742,660,109,109,660,0,0,0,0.4,0.6666666666666666,1.0,0.6713860725233042,0.3,1.0,1.0,0.8385465274895064,0.15,1.0,1.0,0.8385465274895064,1.0,1.0,1.0,1.0,0.0,0.0,0.0,1.0
label_core_rerank,eval_0047,cefadroxil | retapamulin | altabax | mupirocin | cefuroxime | ozenoxacin | ammoniated mercury | sulconazole,mupirocin | retapamulin,all,False,False,xgb_ranker,xgb_ranker,verified_742,8,8,8,8,0,0,0,0.4,1.0,1.0,0.6509209298071326,0.2,1.0,1.0,0.6509209298071326,0.1,1.0,1.0,0.6509209298071326,0.5,1.0,1.0,1.0,0.0,0.0,0.0,1.0
label_core_rerank,eval_0049,aciphex | rabeprazole | calcium carbonate / simethicone | prevacid | axid ar | nexium 24hr | prilosec otc | aluminum hydroxide / magnesium hydroxide / simethicone | nizatidine | protonix iv | omeprazole / sodium bicarbonate | mylanta | zegerid | pepcid ac chewable tablets | dexlansoprazole | lansoprazole | esomeprazole | dexilant | protonix | nexium,aciphex | dexlansoprazole | rabeprazole,all,False,False,xgb_ranker,xgb_ranker,verified_742,1000,45,45,1000,0,0,0,0.4,0.6666666666666666,1.0,0.7653606369886218,0.2,0.6666666666666666,1.0,0.7653606369886218,0.15,1.0,1.0,0.8826803184943108,1.0,1.0,1.0,1.0,0.0,0.0,0.0,1.0
label_core_rerank,eval_0054,doxycycline | prednisone | azithromycin | methylprednisolone | mometasone | epinephrine | ampicillin | budesonide | kenalog-40 | augmentin xr | triamcinolone | bactrim | medrol dosepak | sulfamethoxazole / trimethoprim | flunisolide | zithromax | ceftin | ceftibuten | cedax | singulair,prednisone | methylprednisolone,all,False,False,xgb_ranker,xgb_ranker,verified_742,1000,681,681,1000,0,0,0,0.4,1.0,1.0,0.6509209298071326,0.2,1.0,1.0,0.6509209298071326,0.1,1.0,1.0,0.6509209298071326,0.5,1.0,1.0,1.0,0.0,0.0,0.0,1.0
label_core_rerank,eval_0053,doxycycline | prednisone | azithromycin | methylprednisolone | mometasone | epinephrine | ampicillin | budesonide | kenalog-40 | augmentin xr | triamcinolone | bactrim | medrol dosepak | sulfamethoxazole / trimethoprim | flunisolide | zithromax | ceftin | cedax | ceftibuten | singulair,prednisone | methylprednisolone,all,False,False,xgb_ranker,xgb_ranker,verified_742,1000,681,681,1000,0,0,0,0.4,1.0,1.0,0.6509209298071326,0.2,1.0,1.0,0.6509209298071326,0.1,1.0,1.0,0.6509209298071326,0.5,1.0,1.0,1.0,0.0,0.0,0.0,1.0
label_core_rerank,eval_0058,doxycycline | lithium | chlorpromazine | allopurinol | clindamycin | coartem | artemether / lumefantrine | divalproex sodium | halfan | halofantrine | daraprim | fansidar | pyrimethamine / sulfadoxine | pyrimethamine | stavzor | depakote er | thorazine | hydroxychloroquine | depakote | risperdal,doxycycline | clindamycin,all,False,False,xgb_ranker,xgb_ranker,verified_742,1000,34,34,1000,0,0,0,0.4,1.0,1.0,0.8854598815714874,0.2,1.0,1.0,0.8854598815714874,0.1,1.0,1.0,0.8854598815714874,1.0,1.0,1.0,1.0,0.0,0.0,0.0,1.0
label_core_rerank,eval_0030,prednisone | omalizumab | xolair | epinephrine | aristocort | triamcinolone | cromolyn | deltasone | prednisolone | cyproheptadine | promethazine | chlor-trimeton | phenergan | chlorpheniramine | ranitidine | carbinoxamine | azelastine | tetracaine | olopatadine | diphenhydramine,prednisone | promethazine | cyproheptadine | methylprednisolone,all,False,False,xgb_ranker,xgb_ranker,verified_742,1000,288,288,951,0,0,0,0.2,0.25,1.0,0.2961145750868013,0.2,0.5,1.0,0.4245090374132933,0.15,0.75,1.0,0.5484076451507108,1.0,1.0,1.0,1.0,0.0,0.0,0.0,1.0
label_core_rerank,eval_0051,doxycycline | prednisone | azithromycin | rocephin | methylprednisolone | ceftriaxone | mometasone | epinephrine | ampicillin | budesonide | kenalog-40 | augmentin xr | triamcinolone | bactrim | medrol dosepak | sulfamethoxazole / trimethoprim | flunisolide | zithromax | ceftin | cedax,prednisone,all,False,False,xgb_ranker,xgb_ranker,verified_742,1000,221,221,1000,0,0,0,0.2,1.0,1.0,0.6309297535714575,0.1,1.0,1.0,0.6309297535714575,0.05,1.0,1.0,0.6309297535714575,0.5,1.0,1.0,1.0,0.0,0.0,0.0,1.0
label_core_rerank,eval_0050,doxycycline | prednisone | azithromycin | rocephin | aclidinium | tudorza pressair | xopenex | methylprednisolone | omalizumab | ceftriaxone | mometasone | xolair | levalbuterol | primatene mist | accolate | zafirlukast | intal inhaler | guaifenesin | epinephrine | ipratropium inhalation solution,prednisone,all,False,False,xgb_ranker,xgb_ranker,verified_742,536,221,221,536,0,0,0,0.2,1.0,1.0,0.6309297535714575,0.1,1.0,1.0,0.6309297535714575,0.05,1.0,1.0,0.6309297535714575,0.5,1.0,1.0,1.0,0.0,0.0,0.0,1.0
label_core_rerank,eval_0055,spironolactone | gabapentin | urea | amitriptyline | icosapent | vascepa | cyproheptadine | insulin regular | magnesium amino acids chelate | rocaltrol | prednisone | clonidine | magnesium oxide | glucose | pregabalin | sodium bicarbonate | magnesium gluconate | calcifediol | acetaminophen / phenyltoloxamine | nortriptyline,gabapentin | amitriptyline,all,False,False,xgb_ranker,xgb_ranker,verified_742,1000,236,236,1000,0,0,0,0.4,1.0,1.0,0.6509209298071326,0.2,1.0,1.0,0.6509209298071326,0.1,1.0,1.0,0.6509209298071326,0.5,1.0,1.0,1.0,0.0,0.0,0.0,1.0
label_core_rerank,eval_0059,doxycycline | prednisone | azithromycin | rocephin | ceftriaxone | sulfamethoxazole / trimethoprim | zithromax | ceftin | avelox | moxifloxacin | amoxicillin | amoxil | amoxicillin / clavulanate | biaxin xl | augmentin | dexamethasone | cefuroxime | clarithromycin | ciprofloxacin | erythromycin,prednisone,all,False,False,xgb_ranker,xgb_ranker,verified_742,1000,221,221,1000,0,0,0,0.2,1.0,1.0,0.6309297535714574,0.1,1.0,1.0,0.6309297535714574,0.05,1.0,1.0,0.6309297535714574,0.5,1.0,1.0,1.0,0.0,0.0,0.0,1.0
label_core_rerank,eval_0057,doxycycline | prednisone | triamcinolone | moxifloxacin | dexamethasone | ciprofloxacin | levofloxacin | aciphex | rabeprazole | calcium carbonate / simethicone | prevacid | axid ar | nexium 24hr | prilosec otc | aluminum hydroxide / magnesium hydroxide / simethicone | nizatidine | protonix iv | omeprazole / sodium bicarbonate | tagamet hb | mylanta,prednisone,all,False,False,xgb_ranker,xgb_ranker,verified_742,1000,323,323,1000,0,0,0,0.2,1.0,1.0,0.6309297535714575,0.1,1.0,1.0,0.6309297535714575,0.05,1.0,1.0,0.6309297535714575,0.5,1.0,1.0,1.0,0.0,0.0,0.0,1.0
label_core_rerank,eval_0042,prednisone | aristocort | triamcinolone | corticotropin | deltasone | acthar | loteprednol | lotemax | prednisolone | doxycycline | methylprednisolone | aspirin | kenalog-40 | medrol dosepak | amoxicillin | dexamethasone | canakinumab | diclofenac | tramadol | stelara,prednisone | triamcinolone | methylprednisolone,all,False,False,xgb_ranker,xgb_ranker,verified_742,796,322,322,796,0,0,0,0.4,0.6666666666666666,1.0,0.7039180890341348,0.2,0.6666666666666666,1.0,0.7039180890341348,0.15,1.0,1.0,0.834820079202332,1.0,1.0,1.0,1.0,0.0,0.0,0.0,1.0
label_core_rerank,eval_0070,doxycycline | prednisone | azithromycin | rocephin | methylprednisolone | ceftriaxone | mometasone | epinephrine | ampicillin | budesonide | kenalog-40 | augmentin xr | triamcinolone | bactrim | medrol dosepak | sulfamethoxazole / trimethoprim | flunisolide | zithromax | ceftin | ceftibuten,prednisone,all,False,False,xgb_ranker,xgb_ranker,verified_742,1000,221,221,977,0,0,0,0.2,1.0,1.0,0.6309297535714574,0.1,1.0,1.0,0.6309297535714574,0.05,1.0,1.0,0.6309297535714574,0.5,1.0,1.0,1.0,0.0,0.0,0.0,1.0
label_core_rerank,eval_0068,ephedrine | caffeine | prednisone | deltasone | phenylephrine | diltiazem | cardizem | cartia xt | cardizem cd | esmolol | clonidine | catapres | cyproheptadine | lisinopril | acetaminophen / phenyltoloxamine | acetaminophen / caffeine | excedrin tension headache | doxycycline | excedrin quick tab | azithromycin,prednisone | diltiazem,all,False,False,xgb_ranker,xgb_ranker,verified_742,1000,650,650,581,0,0,0,0.2,0.5,1.0,0.3065735963827292,0.2,1.0,1.0,0.5249810332008934,0.1,1.0,1.0,0.5249810332008934,0.3333333333333333,1.0,1.0,1.0,0.0,0.0,0.0,1.0
label_core_rerank,eval_0072,proctofoam | pramoxine | dibucaine | nupercainal | hydrocortisone | proctofoam hc | proctosol-hc | pramoxine / zinc oxide | tronolane anesthetic for hemorrhoids | hydrocortisone / pramoxine | analpram-hc | hydrocortisone / lidocaine | phenylephrine | lmx 5 | pramosone | lidocaine | phenylephrine / pramoxine | recticare | anucort-hc | anusol-hc suppositories,hydrocortisone | pramoxine | proctofoam,all,False,False,xgb_ranker,xgb_ranker,verified_742,22,20,20,22,0,0,0,0.6,1.0,1.0,0.9615980861491925,0.3,1.0,1.0,0.9615980861491925,0.15,1.0,1.0,0.9615980861491925,1.0,1.0,1.0,1.0,0.0,0.0,0.0,1.0
label_core_rerank,eval_0069,doxycycline | triamcinolone | oxybutynin | prednisone | methylprednisolone | hydrocortisone | kenalog-40 | minocycline | dexamethasone | tetracycline | prednisolone | ibuprofen | naproxen | flanax pain reliever | aleve | naprosyn | stelara | enbrel | ustekinumab | etanercept,prednisone | methylprednisolone | triamcinolone | naproxen,all,False,False,xgb_ranker,xgb_ranker,verified_742,1000,294,294,1000,0,0,0,0.6,0.75,1.0,0.5654495432396527,0.3,0.75,1.0,0.5654495432396527,0.2,1.0,1.0,0.6679826818578746,0.5,1.0,1.0,1.0,0.0,0.0,0.0,1.0
label_core_rerank,eval_0048,doxycycline | prednisone | triamcinolone | minocycline | dexamethasone | tetracycline | cortisone | moxifloxacin | sucralfate | ciprofloxacin | levofloxacin | aciphex | rabeprazole | calcium carbonate / simethicone | prevacid | axid ar | nexium 24hr | prilosec otc | aluminum hydroxide / magnesium hydroxide / simethicone | nizatidine,prednisone | triamcinolone | moxifloxacin | ciprofloxacin,all,False,False,xgb_ranker,xgb_ranker,verified_742,1000,357,357,773,0,0,0,0.4,0.5,1.0,0.44149241373678083,0.4,1.0,1.0,0.6774887494560811,0.2,1.0,1.0,0.6774887494560811,0.5,1.0,1.0,1.0,0.0,0.0,0.0,1.0
label_core_rerank,eval_0066,diclofenac | tramadol | stelara | acetaminophen / hydrocodone | enbrel | ustekinumab | doxycycline | etanercept | prednisone | lortab | ketoprofen | norco | indomethacin | valdecoxib | voltaren | duloxetine | cataflam | cymbalta | naprelan | probenecid,diclofenac | tramadol,all,False,False,xgb_ranker,xgb_ranker,verified_742,273,255,255,273,0,0,0,0.4,1.0,1.0,1.0,0.2,1.0,1.0,1.0,0.1,1.0,1.0,1.0,1.0,1.0,1.0,1.0,0.0,0.0,0.0,1.0
label_core_rerank,eval_0074,cyproheptadine | promethazine | prednisone | chlor-trimeton | phenergan | chlorpheniramine | epinephrine | ranitidine | carbinoxamine | azelastine | triamcinolone | tetracaine | olopatadine | diphenhydramine | benadryl | cetirizine | allegra | fexofenadine | zyrtec | levocetirizine,promethazine | cyproheptadine,all,False,False,xgb_ranker,xgb_ranker,verified_742,1000,558,517,958,0,0,0,0.4,1.0,1.0,1.0,0.2,1.0,1.0,1.0,0.1,1.0,1.0,1.0,1.0,1.0,1.0,1.0,0.0,0.0,0.0,1.0
label_core_rerank,eval_0076,diclofenac | tramadol | stelara | acetaminophen / hydrocodone | enbrel | ustekinumab | doxycycline | etanercept | prednisone | lortab | ketoprofen | norco | indomethacin | valdecoxib | voltaren | duloxetine | cataflam | cymbalta | naprelan | probenecid,diclofenac | tramadol | acetaminophen / hydrocodone,all,False,False,xgb_ranker,xgb_ranker,verified_742,273,255,255,273,0,0,0,0.6,1.0,1.0,0.9736505918364026,0.3,1.0,1.0,0.9736505918364026,0.15,1.0,1.0,0.9736505918364026,1.0,1.0,1.0,1.0,0.0,0.0,0.0,1.0
label_core_rerank,eval_0061,tretinoin | doxycycline | minocycline | tetracycline | isotretinoin | accutane | benzoyl peroxide / clindamycin | adapalene / benzoyl peroxide | epiduo | magnesium hydroxide | claravis | benzaclin | spironolactone | phillips' milk of magnesia | duac | retin-a | dapsone | aczone | clindamycin / tretinoin | drospirenone / ethinyl estradiol,tretinoin | doxycycline | minocycline,all,False,False,xgb_ranker,xgb_ranker,verified_742,670,500,500,670,0,0,0,0.6,1.0,1.0,1.0,0.3,1.0,1.0,1.0,0.15,1.0,1.0,1.0,1.0,1.0,1.0,1.0,0.0,0.0,0.0,1.0
label_core_rerank,eval_0082,propylthiouracil | sodium iodide-i-131 | thyroid desiccated | westhroid | cenestin | estropipate | conjugated estrogens | armour thyroid | premarin | calcifediol | thyquidity | rayaldee | estradiol | esterified estrogens | tirosint | doxorubicin | levothyroxine | synthroid | cytomel | nature-throid,thyroid desiccated | armour thyroid | levothyroxine,all,False,False,xgb_ranker,xgb_ranker,verified_742,634,81,81,634,0,0,0,0.2,0.3333333333333333,1.0,0.19004688335796713,0.2,0.6666666666666666,1.0,0.30995311664203284,0.15,1.0,1.0,0.44667995222701307,0.3333333333333333,1.0,1.0,1.0,0.0,0.0,0.0,1.0
label_core_rerank,eval_0060,doxycycline | ibuprofen | naproxen | triamcinolone | flanax pain reliever | aleve | naprosyn | cephalexin | bactrim | sulfamethoxazole / trimethoprim | oxybutynin | avelox | moxifloxacin | doxy 100 | sucralfate | ditropan xl | ciprofloxacin | levofloxacin | bactrim ds | levaquin,naproxen,all,False,False,xgb_ranker,xgb_ranker,verified_742,273,273,273,273,0,0,0,0.2,1.0,1.0,0.5,0.1,1.0,1.0,0.5,0.05,1.0,1.0,0.5,0.3333333333333333,1.0,1.0,1.0,0.0,0.0,0.0,1.0
label_core_rerank,eval_0083,doxycycline | clindamycin | cephalexin | bactrim | sulfamethoxazole / trimethoprim | minocycline | keflex | doxy 100 | bactrim ds | vibramycin | septra | septra ds | smz-tmp ds | tretinoin | dexamethasone | spironolactone | dapsone | doryx | doxorubicin | tetracycline,tretinoin | doxycycline | spironolactone | liraglutide,all,False,False,xgb_ranker,xgb_ranker,verified_742,1000,646,646,794,0,0,0,0.2,0.25,1.0,0.4135568126659915,0.1,0.25,1.0,0.4135568126659915,0.15,0.75,1.0,0.5868612631929018,1.0,1.0,1.0,1.0,0.0,0.0,0.0,1.0
label_core_rerank,eval_0065,propylthiouracil | sodium iodide-i-131 | clonidine | thyroid desiccated | westhroid | cenestin | estropipate | conjugated estrogens | catapres | armour thyroid | premarin | calcifediol | thyquidity | rayaldee | estradiol | esterified estrogens | tirosint | doxorubicin | levothyroxine | onabotulinumtoxina,thyroid desiccated | armour thyroid | levothyroxine,all,False,False,xgb_ranker,xgb_ranker,verified_742,748,81,81,748,0,0,0,0.2,0.3333333333333333,1.0,0.20210734650054762,0.2,0.6666666666666666,1.0,0.3377593199329954,0.15,1.0,1.0,0.446340193034029,0.25,1.0,1.0,1.0,0.0,0.0,0.0,1.0
label_core_rerank,eval_0084,doxycycline | prednisone | azithromycin | rocephin | ceftriaxone | sulfamethoxazole / trimethoprim | zithromax | ceftin | avelox | moxifloxacin | amoxicillin | amoxil | amoxicillin / clavulanate | biaxin xl | augmentin | dexamethasone | cefuroxime | clarithromycin | ciprofloxacin | erythromycin,doxycycline | azithromycin | prednisone | clindamycin,all,False,False,xgb_ranker,xgb_ranker,verified_742,1000,319,319,1000,0,0,0,0.6,0.75,1.0,0.8530852898337354,0.3,0.75,1.0,0.8530852898337354,0.15,0.75,1.0,0.8530852898337354,1.0,1.0,1.0,1.0,0.0,0.0,0.0,1.0
label_core_rerank,eval_0078,cyproheptadine | promethazine | prednisone | omalizumab | epipen | ketotifen | xolair | chlor-trimeton | phenergan | ketorolac | chlorpheniramine | epinephrine | ranitidine | carbinoxamine | alavert | zaditor | aristocort | azelastine | triamcinolone | tetracaine,prednisone | promethazine,all,False,False,xgb_ranker,xgb_ranker,verified_742,558,76,76,558,0,0,0,0.4,1.0,1.0,0.6934264036172708,0.2,1.0,1.0,0.6934264036172708,0.1,1.0,1.0,0.6934264036172708,0.5,1.0,1.0,1.0,0.0,0.0,0.0,1.0
label_core_rerank,eval_0063,propranolol | verapamil | nitroglycerin | atenolol | nadolol | corgard | metoprolol | verelan pm | caduet | coreg | tenormin | lopressor | calan sr | toprol-xl | bisoprolol | lisinopril | ramipril | diltiazem | altace | carvedilol,propranolol | verapamil | metoprolol | spironolactone,all,False,False,xgb_ranker,xgb_ranker,verified_742,1000,335,335,975,0,0,0,0.4,0.5,1.0,0.6744821105691429,0.3,0.75,1.0,0.8123343814578067,0.15,0.75,1.0,0.8123343814578067,1.0,1.0,1.0,1.0,0.0,0.0,0.0,1.0
label_core_rerank,eval_0089,isotretinoin | accutane | benzoyl peroxide / clindamycin | tretinoin | adapalene / benzoyl peroxide | epiduo | magnesium hydroxide | claravis | benzaclin | spironolactone | doxycycline | phillips' milk of magnesia | duac | retin-a | dapsone | aczone | clindamycin / tretinoin | drospirenone / ethinyl estradiol | onexton | benzoyl peroxide / sulfur,adapalene / benzoyl peroxide,all,False,False,xgb_ranker,xgb_ranker,verified_742,273,273,273,273,0,0,0,0.2,1.0,1.0,0.38685280723454163,0.1,1.0,1.0,0.38685280723454163,0.05,1.0,1.0,0.38685280723454163,0.2,1.0,1.0,1.0,0.0,0.0,0.0,1.0
label_core_rerank,eval_0075,doxycycline | prednisone | azithromycin | rocephin | methylprednisolone | ceftriaxone | mometasone | epinephrine | ampicillin | budesonide | kenalog-40 | augmentin xr | triamcinolone | bactrim | medrol dosepak | sulfamethoxazole / trimethoprim | flunisolide | zithromax | ceftin | ceftibuten,prednisone,all,False,False,xgb_ranker,xgb_ranker,verified_742,1000,221,221,1000,0,0,0,0.2,1.0,1.0,0.6309297535714574,0.1,1.0,1.0,0.6309297535714574,0.05,1.0,1.0,0.6309297535714574,0.5,1.0,1.0,1.0,0.0,0.0,0.0,1.0
label_core_rerank,eval_0087,amitriptyline | venlafaxine | elavil | memantine | spironolactone | doxycycline | azithromycin | ceftriaxone | ampicillin | allopurinol | magnesium oxide | doryx | augmentin xr | cephalexin | sodium bicarbonate | bactrim | sulfamethoxazole / trimethoprim | ceftin | avelox | moxifloxacin,amitriptyline | venlafaxine | elavil,all,False,False,xgb_ranker,xgb_ranker,verified_742,1000,347,347,927,0,0,0,0.6,1.0,1.0,1.0,0.3,1.0,1.0,1.0,0.15,1.0,1.0,1.0,1.0,1.0,1.0,1.0,0.0,0.0,0.0,1.0
label_core_rerank,eval_0093,diclofenac | doxycycline | prednisone | methylprednisolone | ceftriaxone | adalimumab | betamethasone | humira | cellcept | infliximab | remicade | mycophenolate mofetil | hydrocortisone | kenalog-40 | triamcinolone | medrol dosepak | amoxicillin | golimumab | simponi | sodium hyaluronate,doxycycline | prednisone,all,False,False,xgb_ranker,xgb_ranker,verified_742,1000,255,255,1000,0,0,0,0.4,1.0,1.0,0.6480409554829326,0.2,1.0,1.0,0.6480409554829326,0.1,1.0,1.0,0.6480409554829326,0.5,1.0,1.0,1.0,0.0,0.0,0.0,1.0
label_core_rerank,eval_0073,doxycycline | prednisone | azithromycin | clindamycin | sulfamethoxazole / trimethoprim | zithromax | ceftin | avelox | moxifloxacin | amoxicillin | amoxil | amoxicillin / clavulanate | augmentin | dexamethasone | cefuroxime | ciprofloxacin | levofloxacin | levaquin | azithromycin dose pack | cleocin,doxycycline | azithromycin | prednisone | clindamycin | minocycline,all,False,False,xgb_ranker,xgb_ranker,verified_742,1000,710,710,1000,0,0,0,0.8,0.8,1.0,0.8153225004907431,0.4,0.8,1.0,0.8153225004907431,0.2,0.8,1.0,0.8153225004907431,1.0,1.0,1.0,1.0,0.0,0.0,0.0,1.0
label_core_rerank,eval_0095,aciphex | doxycycline | prednisone | rabeprazole | calcium carbonate / simethicone | prevacid | axid ar | nexium 24hr | prilosec otc | aluminum hydroxide / magnesium hydroxide / simethicone | nizatidine | protonix iv | omeprazole / sodium bicarbonate | tagamet hb | mylanta | zegerid | pepcid ac chewable tablets | triamcinolone | gentamicin | mylanta maximum strength,prednisone,all,False,False,xgb_ranker,xgb_ranker,verified_742,1000,109,109,1000,0,0,0,0.2,1.0,1.0,0.5,0.1,1.0,1.0,0.5,0.05,1.0,1.0,0.5,0.3333333333333333,1.0,1.0,1.0,0.0,0.0,0.0,1.0
label_core_rerank,eval_0092,isotretinoin | accutane | benzoyl peroxide / clindamycin | tretinoin | adapalene / benzoyl peroxide | epiduo | magnesium hydroxide | claravis | benzaclin | spironolactone | doxycycline | phillips' milk of magnesia | duac | retin-a | dapsone | aczone | clindamycin / tretinoin | drospirenone / ethinyl estradiol | onexton | benzoyl peroxide / sulfur,adapalene / benzoyl peroxide,all,False,False,xgb_ranker,xgb_ranker,verified_742,726,273,273,726,0,0,0,0.2,1.0,1.0,0.38685280723454163,0.1,1.0,1.0,0.38685280723454163,0.05,1.0,1.0,0.38685280723454163,0.2,1.0,1.0,1.0,0.0,0.0,0.0,1.0
label_core_rerank,eval_0094,amitriptyline | spironolactone | doxycycline | venlafaxine | azithromycin | rocephin | phosphorated carbohydrate solution | acidophilus | elavil | methenamine | ceftriaxone | zyvox | vaniqa | linezolid | uta | ampicillin | sulfatrim | hiprex | allopurinol | eflornithine,doxycycline,all,False,False,xgb_ranker,xgb_ranker,verified_742,172,172,172,172,0,0,0,0.2,1.0,1.0,0.5,0.1,1.0,1.0,0.5,0.05,1.0,1.0,0.5,0.3333333333333333,1.0,1.0,1.0,0.0,0.0,0.0,1.0
label_core_rerank,eval_0079,aluminum hydroxide / magnesium hydroxide / simethicone | ranitidine | lansoprazole | cimetidine | omeprazole | pantoprazole | famotidine | cyproheptadine | prednisone | acetaminophen / phenyltoloxamine | acetaminophen / caffeine | excedrin tension headache | excedrin quick tab | deltasone | dexbrompheniramine / pseudoephedrine | drixoral cold and allergy | valacyclovir | valtrex | chlorpheniramine / hydrocodone | tussionex pennkinetic,lansoprazole | ranitidine | omeprazole | pantoprazole,all,False,False,xgb_ranker,xgb_ranker,verified_742,719,549,549,719,0,0,0,0.6,0.75,1.0,0.5407142188659049,0.4,1.0,1.0,0.688026127815017,0.2,1.0,1.0,0.688026127815017,0.5,1.0,1.0,1.0,0.0,0.0,0.0,1.0
label_core_rerank,eval_0097,promethazine | meclizine | phenylephrine | diltiazem | cardizem | cartia xt | cyproheptadine | prednisone | acetaminophen / phenyltoloxamine | acetaminophen / caffeine | excedrin tension headache | cardizem cd | excedrin quick tab | deltasone | dexbrompheniramine / pseudoephedrine | drixoral cold and allergy | valacyclovir | valtrex | chlorpheniramine / hydrocodone | tussionex pennkinetic,promethazine | meclizine | phenylephrine | propranolol,all,False,False,xgb_ranker,xgb_ranker,verified_742,1000,684,684,881,0,0,0,0.6,0.75,1.0,0.7990559142278677,0.3,0.75,1.0,0.7990559142278677,0.15,0.75,1.0,0.7990559142278677,1.0,1.0,1.0,1.0,0.0,0.0,0.0,1.0
label_core_rerank,eval_0102,elocon | clobetasol | desonide | prednisone | flurandrenolide | cordran tape | clocortolone | clobex | cloderm | methylprednisolone | mometasone | betamethasone | cellcept | fluocinonide | fluocinolone | mycophenolate mofetil | budesonide | hydrocortisone | desoximetasone | zenpep,prednisone | methylprednisolone,all,False,False,xgb_ranker,xgb_ranker,verified_742,54,49,49,54,0,0,0,0.2,0.5,1.0,0.26406812257259094,0.2,1.0,1.0,0.44130740935663865,0.1,1.0,1.0,0.44130740935663865,0.25,1.0,1.0,1.0,0.0,0.0,0.0,1.0
label_core_rerank,eval_0096,triamcinolone | sucralfate | ciprofloxacin | levofloxacin | ofloxacin | doxycycline | ibuprofen | naproxen | flanax pain reliever | aleve | naprosyn | cipro | diclofenac | prednisone | methylprednisolone | adalimumab | humira | cellcept | infliximab | remicade,triamcinolone | sucralfate,all,False,False,xgb_ranker,xgb_ranker,verified_742,672,311,311,672,0,0,0,0.4,1.0,1.0,0.9134015924715543,0.2,1.0,1.0,0.9134015924715543,0.1,1.0,1.0,0.9134015924715543,1.0,1.0,1.0,1.0,0.0,0.0,0.0,1.0
label_core_rerank,eval_0100,lidocaine | hydrocortisone | hydrocortisone / pramoxine | pramosone | proctofoam | pramoxine | dibucaine | nupercainal | proctofoam hc | proctosol-hc | tronolane anesthetic for hemorrhoids | pramoxine / zinc oxide | analpram-hc | hydrocortisone / lidocaine | phenylephrine | lmx 5 | phenylephrine / pramoxine | recticare | anucort-hc | anusol-hc suppositories,hydrocortisone | hydrocortisone / pramoxine | lidocaine,all,False,False,xgb_ranker,xgb_ranker,verified_742,275,164,164,275,0,0,0,0.6,1.0,1.0,0.9049765583210164,0.3,1.0,1.0,0.9049765583210164,0.15,1.0,1.0,0.9049765583210164,1.0,1.0,1.0,1.0,0.0,0.0,0.0,1.0
label_core_rerank,eval_0103,doxycycline | ibuprofen | naproxen | triamcinolone | flanax pain reliever | aleve | naprosyn | cephalexin | bactrim | sulfamethoxazole / trimethoprim | oxybutynin | avelox | moxifloxacin | doxy 100 | sucralfate | ditropan xl | ciprofloxacin | levofloxacin | bactrim ds | levaquin,naproxen | triamcinolone,all,False,False,xgb_ranker,xgb_ranker,verified_742,273,273,273,273,0,0,0,0.4,1.0,1.0,0.5540663910176149,0.2,1.0,1.0,0.5540663910176149,0.1,1.0,1.0,0.5540663910176149,0.3333333333333333,1.0,1.0,1.0,0.0,0.0,0.0,1.0
label_core_rerank,eval_0111,cyproheptadine | promethazine | prednisone | omalizumab | epipen | ketotifen | xolair | chlor-trimeton | phenergan | ketorolac | chlorpheniramine | epinephrine | ranitidine | carbinoxamine | alavert | zaditor | aristocort | azelastine | triamcinolone | tetracaine,prednisone | promethazine,all,False,False,xgb_ranker,xgb_ranker,verified_742,558,76,76,558,0,0,0,0.4,1.0,1.0,0.6787622294601761,0.2,1.0,1.0,0.6787622294601761,0.1,1.0,1.0,0.6787622294601761,0.5,1.0,1.0,1.0,0.0,0.0,0.0,1.0
label_core_rerank,eval_0107,doxycycline | chlorpromazine | thorazine | minocycline | dexamethasone | haloperidol | haldol | prochlorperazine | compazine | elocon | clobetasol | desonide | prednisone | flurandrenolide | cordran tape | clocortolone | clobex | cloderm | mometasone | betamethasone,prednisone | mometasone | clobetasol,all,False,False,xgb_ranker,xgb_ranker,verified_742,389,300,300,389,0,0,0,0.0,0.0,0.0,0.0,0.0,0.0,0.0,0.0,0.15,1.0,1.0,0.3627387024619543,0.09090909090909091,1.0,1.0,1.0,0.0,0.0,0.0,1.0
label_core_rerank,eval_0086,tretinoin | doxycycline | dapsone | clindamycin | sulfamethoxazole / trimethoprim | minocycline | dexamethasone | erythromycin | liraglutide | gabapentin | victoza | clobetasol | desmopressin | pregabalin | pramlintide | humulin r u-500 (concentrated) | spironolactone | duloxetine | nortriptyline | cymbalta,tretinoin | doxycycline | spironolactone | liraglutide | victoza | clindamycin,all,False,False,xgb_ranker,xgb_ranker,verified_742,1000,625,625,923,0,0,0,0.6,0.5,1.0,0.6992148198508501,0.4,0.6666666666666666,1.0,0.7415843660879832,0.3,1.0,1.0,0.8793205510939726,1.0,1.0,1.0,1.0,0.0,0.0,0.0,1.0
label_core_rerank,eval_0067,baclofen | onabotulinumtoxina | botox | lioresal | ibuprofen | naproxen | lorazepam | ativan | aleve | dysport | abobotulinumtoxina | myobloc | botulinum toxin type b | xeomin | incobotulinumtoxina | doxycycline | cephalexin | triamcinolone | bactrim | sulfamethoxazole / trimethoprim,onabotulinumtoxina | botox | naproxen | ibuprofen | aleve,all,False,False,xgb_ranker,xgb_ranker,verified_742,1000,187,187,945,0,0,0,0.6,0.6,1.0,0.553477551616607,0.5,1.0,1.0,0.7280924438219062,0.25,1.0,1.0,0.7280924438219062,0.5,1.0,1.0,1.0,0.0,0.0,0.0,1.0
label_core_rerank,eval_0106,stelara | enbrel | ustekinumab | doxycycline | etanercept | prednisone | methylprednisolone | adalimumab | betamethasone | humira | ibuprofen | naproxen | infliximab | methotrexate | remicade | hydrocortisone | kenalog-40 | triamcinolone | flanax pain reliever | kenalog-10,prednisone | enbrel,all,False,False,xgb_ranker,xgb_ranker,verified_742,573,255,255,573,0,0,0,0.2,0.5,1.0,0.3868528072345416,0.2,1.0,1.0,0.6052602440527058,0.1,1.0,1.0,0.6052602440527058,0.5,1.0,1.0,1.0,0.0,0.0,0.0,1.0
label_core_rerank,eval_0090,doxycycline | azithromycin | rocephin | ceftriaxone | zyvox | linezolid | fluconazole | cephalexin | gentamicin | bactrim | sulfamethoxazole / trimethoprim | minocycline | ceftin | avelox | moxifloxacin | amoxicillin | keflex | amoxil | amoxicillin / clavulanate | augmentin,sulfamethoxazole / trimethoprim | bactrim | fluconazole,all,False,False,xgb_ranker,xgb_ranker,verified_742,1000,287,287,1000,0,0,0,0.0,0.0,0.0,0.0,0.2,0.6666666666666666,1.0,0.29207821544003326,0.15,1.0,1.0,0.42298020560823046,0.14285714285714285,1.0,1.0,1.0,0.0,0.0,0.0,1.0
label_core_rerank,eval_0115,prednisone | aristocort | triamcinolone | corticotropin | deltasone | acthar | loteprednol | lotemax | prednisolone | cyproheptadine | promethazine | omalizumab | epipen | ketotifen | xolair | chlor-trimeton | phenergan | ketorolac | chlorpheniramine | epinephrine,prednisone | triamcinolone | corticotropin | prednisolone | loteprednol | lotemax,all,False,False,xgb_ranker,xgb_ranker,verified_742,322,322,322,322,0,0,0,0.6,0.5,1.0,0.6061192078055617,0.6,1.0,1.0,0.8590726775296743,0.3,1.0,1.0,0.8590726775296743,1.0,1.0,1.0,1.0,0.0,0.0,0.0,1.0
label_core_rerank,eval_0110,doxycycline | prednisone | azithromycin | methylprednisolone | mometasone | epinephrine | ampicillin | budesonide | kenalog-40 | augmentin xr | triamcinolone | bactrim | medrol dosepak | sulfamethoxazole / trimethoprim | flunisolide | zithromax | ceftin | ceftibuten | cedax | singulair,prednisone,all,False,False,xgb_ranker,xgb_ranker,verified_742,1000,681,681,986,0,0,0,0.2,1.0,1.0,0.6309297535714574,0.1,1.0,1.0,0.6309297535714574,0.05,1.0,1.0,0.6309297535714574,0.5,1.0,1.0,1.0,0.0,0.0,0.0,1.0
label_core_rerank,eval_0099,doxycycline | prednisone | methylprednisolone | aspirin | kenalog-40 | triamcinolone | medrol dosepak | amoxicillin | dexamethasone | deltasone | canakinumab | ceftriaxone | aristocort | cefotaxime | minocycline | hydroxychloroquine | cephalexin | bactrim | sulfamethoxazole / trimethoprim | tetracycline,prednisone | methylprednisolone | triamcinolone,all,False,False,xgb_ranker,xgb_ranker,verified_742,1000,755,755,1000,0,0,0,0.4,0.6666666666666666,1.0,0.5307212739772436,0.3,1.0,1.0,0.6978817289434458,0.15,1.0,1.0,0.6978817289434458,0.5,1.0,1.0,1.0,0.0,0.0,0.0,1.0
label_core_rerank,eval_0119,doxycycline | gentamicin | minocycline | moxifloxacin | ciprofloxacin | levofloxacin | amikacin | bethanechol | bcg | prednisone | lansoprazole | azithromycin | rocephin | ceftriaxone | dexamethasone | zyvox | linezolid | fluconazole | sulfamethoxazole / trimethoprim | ceftin,doxycycline | ciprofloxacin,all,False,False,xgb_ranker,xgb_ranker,verified_742,1000,363,363,973,0,0,0,0.4,1.0,1.0,0.8503449055347546,0.2,1.0,1.0,0.8503449055347546,0.1,1.0,1.0,0.8503449055347546,1.0,1.0,1.0,1.0,0.0,0.0,0.0,1.0
label_core_rerank,eval_0112,valacyclovir | valtrex | acyclovir | doxycycline | prednisone | mometasone | aluminum hydroxide / magnesium hydroxide / simethicone | kenalog-40 | triamcinolone | lansoprazole | moxifloxacin | cimetidine | omeprazole | dexamethasone | ciprofloxacin | levofloxacin | fluticasone | pantoprazole | rifampin | famotidine,valacyclovir | valtrex | acyclovir,all,False,False,xgb_ranker,xgb_ranker,verified_742,1000,516,516,964,0,0,0,0.6,1.0,1.0,1.0,0.3,1.0,1.0,1.0,0.15,1.0,1.0,1.0,1.0,1.0,1.0,1.0,0.0,0.0,0.0,1.0
label_core_rerank,eval_0109,doxycycline | prednisone | methotrexate | minocycline | dexamethasone | ceftriaxone | cefotaxime | amoxicillin | stelara | enbrel | ustekinumab | etanercept | methylprednisolone | adalimumab | betamethasone | humira | infliximab | remicade | hydrocortisone | kenalog-40,minocycline | methotrexate,all,False,False,xgb_ranker,xgb_ranker,verified_742,898,544,544,898,0,0,0,0.4,1.0,1.0,0.5540663910176149,0.2,1.0,1.0,0.5540663910176149,0.1,1.0,1.0,0.5540663910176149,0.3333333333333333,1.0,1.0,1.0,0.0,0.0,0.0,1.0
label_core_rerank,eval_0124,prednisone | omalizumab | xolair | epinephrine | aristocort | triamcinolone | cromolyn | deltasone | prednisolone | pepcid | famotidine | cyproheptadine | promethazine | epipen | ketotifen | chlor-trimeton | phenergan | ketorolac | chlorpheniramine | ranitidine,prednisone | triamcinolone | omalizumab | xolair | cromolyn,all,False,False,xgb_ranker,xgb_ranker,verified_742,995,288,288,995,0,0,0,0.6,0.6,1.0,0.6989858872287212,0.5,1.0,1.0,0.9295017305333748,0.25,1.0,1.0,0.9295017305333748,1.0,1.0,1.0,1.0,0.0,0.0,0.0,1.0
label_core_rerank,eval_0131,doxycycline | ceftriaxone | sulfamethoxazole / trimethoprim | dexamethasone | ciprofloxacin | erythromycin | cefotaxime | lansoprazole | minocycline | pyridoxine | prednisone | azithromycin | ampicillin | floxin | cipro | ofloxacin | dexamethasone intensol | clindamycin | pyrimethamine | esomeprazole,azithromycin | prednisone | ceftriaxone,all,False,False,xgb_ranker,xgb_ranker,verified_742,1000,449,449,1000,0,0,0,0.2,0.3333333333333333,1.0,0.3212043018970804,0.1,0.3333333333333333,1.0,0.3212043018970804,0.15,1.0,1.0,0.5549315038844566,0.5,1.0,1.0,1.0,0.0,0.0,0.0,1.0
label_core_rerank,eval_0121,doxycycline | hydroxychloroquine | doxy 100 | prednisone | methylprednisolone | aspirin | kenalog-40 | triamcinolone | medrol dosepak | amoxicillin | dexamethasone | corticotropin | deltasone | loteprednol | lotemax | prednisolone | canakinumab | lithium | chlorpromazine | allopurinol,doxycycline | hydroxychloroquine,all,False,False,xgb_ranker,xgb_ranker,verified_742,1000,287,287,1000,0,0,0,0.4,1.0,1.0,1.0,0.2,1.0,1.0,1.0,0.1,1.0,1.0,1.0,1.0,1.0,1.0,1.0,0.0,0.0,0.0,1.0
label_core_rerank,eval_0135,propranolol | verapamil | nitroglycerin | atenolol | nadolol | corgard | metoprolol | caduet | verelan pm | coreg | tenormin | lopressor | calan sr | toprol-xl | bisoprolol | lisinopril | ramipril | diltiazem | altace | carvedilol,propranolol | metoprolol,all,False,False,xgb_ranker,xgb_ranker,verified_742,1000,335,335,970,0,0,0,0.2,0.5,1.0,0.6131471927654584,0.2,1.0,1.0,0.8175295903539446,0.1,1.0,1.0,0.8175295903539446,1.0,1.0,1.0,1.0,0.0,0.0,0.0,1.0
label_core_rerank,eval_0117,isotretinoin | accutane | benzoyl peroxide / clindamycin | tretinoin | adapalene / benzoyl peroxide | epiduo | magnesium hydroxide | claravis | benzaclin | spironolactone | doxycycline | phillips' milk of magnesia | duac | retin-a | dapsone | aczone | clindamycin / tretinoin | drospirenone / ethinyl estradiol | onexton | benzoyl peroxide / sulfur,adapalene / benzoyl peroxide,all,False,False,xgb_ranker,xgb_ranker,verified_742,273,273,273,273,0,0,0,0.2,1.0,1.0,0.38685280723454163,0.1,1.0,1.0,0.38685280723454163,0.05,1.0,1.0,0.38685280723454163,0.2,1.0,1.0,1.0,0.0,0.0,0.0,1.0
label_core_rerank,eval_0116,lisinopril | gabapentin | fosinopril | pregabalin | captopril | ramipril | nortriptyline | cozaar | topiramate | altace | moexipril | losartan | lyrica | hydrochlorothiazide | neurontin | topamax | benazepril | avapro | irbesartan | perindopril,gabapentin | pregabalin | topiramate | clonidine | onabotulinumtoxina,all,False,False,xgb_ranker,xgb_ranker,verified_742,1000,637,637,817,0,0,0,0.4,0.4,1.0,0.28204775464847154,0.3,0.6,1.0,0.4020143092377811,0.15,0.6,1.0,0.4020143092377811,0.5,1.0,1.0,1.0,0.0,0.0,0.0,1.0
label_core_rerank,eval_0104,rifabutin | aciphex | doxycycline | prednisone | rabeprazole | calcium carbonate / simethicone | prevacid | axid ar | nexium 24hr | prilosec otc | aluminum hydroxide / magnesium hydroxide / simethicone | nizatidine | protonix iv | omeprazole / sodium bicarbonate | mylanta | tagamet hb | zegerid | pepcid ac chewable tablets | triamcinolone | rifadin,rifabutin,all,False,False,xgb_ranker,xgb_ranker,verified_742,1000,116,116,994,0,0,0,0.2,1.0,1.0,1.0,0.1,1.0,1.0,1.0,0.05,1.0,1.0,1.0,1.0,1.0,1.0,1.0,0.0,0.0,0.0,1.0
label_core_rerank,eval_0122,doxycycline | prednisone | azithromycin | rocephin | aclidinium | tudorza pressair | xopenex | methylprednisolone | omalizumab | ceftriaxone | mometasone | xolair | levalbuterol | primatene mist | intal inhaler | zafirlukast | accolate | guaifenesin | epinephrine | ipratropium inhalation solution,prednisone,all,False,False,xgb_ranker,xgb_ranker,verified_742,1000,221,221,996,0,0,0,0.2,1.0,1.0,0.6309297535714574,0.1,1.0,1.0,0.6309297535714574,0.05,1.0,1.0,0.6309297535714574,0.5,1.0,1.0,1.0,0.0,0.0,0.0,1.0
label_core_rerank,eval_0125,amitriptyline | doxycycline | phosphorated carbohydrate solution | elavil | ceftriaxone | ampicillin | lactobacillus acidophilus | sulfamethoxazole / trimethoprim | hydroxyzine | minocycline | ciprofloxacin | atarax | cipro | ofloxacin | spironolactone | venlafaxine | azithromycin | rocephin | acidophilus | methenamine,doxycycline | sulfamethoxazole / trimethoprim | azithromycin,all,False,False,xgb_ranker,xgb_ranker,verified_742,303,303,172,172,0,0,0,0.2,0.3333333333333333,1.0,0.23981246656813146,0.2,0.6666666666666666,1.0,0.41967181649423,0.15,1.0,1.0,0.5108230402175501,0.5,1.0,1.0,1.0,0.0,0.0,0.0,1.0
label_core_rerank,eval_0138,"calcifediol | calcitriol | parathyroid hormone | ergocalciferol | propylthiouracil | sodium iodide-i-131 | calcium lactate | calcium phosphate, tribasic | aluminum chloride hexahydrate | drysol | gabapentin | amitriptyline | hypercare | clonidine | xerac ac | catapres | potassium iodide | pima | tapazole | oxybutynin",thyroid desiccated | armour thyroid,all,False,False,xgb_ranker,xgb_ranker,verified_742,688,132,132,688,0,0,0,0.0,0.0,0.0,0.0,0.0,0.0,0.0,0.0,0.0,0.0,0.0,0.0,0.0,1.0,1.0,1.0,0.0,0.0,0.0,1.0
label_core_rerank,eval_0130,doxycycline | ibuprofen | naproxen | triamcinolone | flanax pain reliever | aleve | naprosyn | cephalexin | bactrim | sulfamethoxazole / trimethoprim | oxybutynin | avelox | moxifloxacin | doxy 100 | sucralfate | ditropan xl | ciprofloxacin | levofloxacin | bactrim ds | levaquin,prednisone | enbrel | naproxen,all,False,False,xgb_ranker,xgb_ranker,verified_742,573,273,273,573,0,0,0,0.2,0.3333333333333333,1.0,0.2850703250369507,0.1,0.3333333333333333,1.0,0.2850703250369507,0.05,0.3333333333333333,1.0,0.2850703250369507,0.3333333333333333,1.0,1.0,1.0,0.0,0.0,0.0,1.0
label_core_rerank,eval_0129,clonazepam | propranolol | gabapentin | amitriptyline | sumatriptan | diclofenac | prednisone | clonidine | lithium | nortriptyline | verapamil | elavil | zolmitriptan | atenolol | nadolol | corgard | divalproex sodium | nimodipine | depakote er | metoprolol,propranolol,all,False,False,xgb_ranker,xgb_ranker,verified_742,1000,179,179,1000,0,0,0,0.2,1.0,1.0,0.6309297535714574,0.1,1.0,1.0,0.6309297535714574,0.05,1.0,1.0,0.6309297535714574,0.5,1.0,1.0,1.0,0.0,0.0,0.0,1.0
label_core_rerank,eval_0133,stelara | enbrel | ustekinumab | doxycycline | etanercept | prednisone | methylprednisolone | adalimumab | betamethasone | humira | infliximab | methotrexate | remicade | hydrocortisone | kenalog-40 | triamcinolone | kenalog-10 | minocycline | dexamethasone | tetracycline,prednisone | enbrel | stelara | ustekinumab | adalimumab,all,False,False,xgb_ranker,xgb_ranker,verified_742,1000,393,393,901,0,0,0,0.6,0.6,1.0,0.7557806593071948,0.5,1.0,1.0,0.9518915761561842,0.25,1.0,1.0,0.9518915761561842,1.0,1.0,1.0,1.0,0.0,0.0,0.0,1.0
label_core_rerank,eval_0146,liraglutide | gabapentin | victoza | tretinoin | clobetasol | desmopressin | pregabalin | pramlintide | humulin r u-500 (concentrated) | duloxetine | nortriptyline | cymbalta | chromium picolinate | byetta | symlin | topiramate | exubera | insulin isophane | ddavp | insulin aspart / insulin aspart protamine,liraglutide | victoza,all,False,False,xgb_ranker,xgb_ranker,verified_742,1000,228,228,1000,0,0,0,0.4,1.0,1.0,0.9197207891481876,0.2,1.0,1.0,0.9197207891481876,0.1,1.0,1.0,0.9197207891481876,1.0,1.0,1.0,1.0,0.0,0.0,0.0,1.0
label_core_rerank,eval_0151,cyproheptadine | promethazine | prednisone | chlor-trimeton | phenergan | chlorpheniramine | epinephrine | ranitidine | carbinoxamine | azelastine | triamcinolone | tetracaine | olopatadine | diphenhydramine | benadryl | cetirizine | allegra | fexofenadine | zyrtec | levocetirizine,prednisone | promethazine | cyproheptadine,all,False,False,xgb_ranker,xgb_ranker,verified_742,1000,558,558,1000,0,0,0,0.6,1.0,1.0,1.0,0.3,1.0,1.0,1.0,0.15,1.0,1.0,1.0,1.0,1.0,1.0,1.0,0.0,0.0,0.0,1.0
label_core_rerank,eval_0150,clonidine | sodium bicarbonate | rifabutin | stribild | cobicistat / elvitegravir / emtricitabine / tenofovir | efavirenz / emtricitabine / tenofovir | atripla | ondansetron | triumeq | abacavir / dolutegravir / lamivudine | epzicom | complera | emtricitabine / rilpivirine / tenofovir | abacavir / lamivudine | enfuvirtide | fuzeon | atazanavir | reyataz | isentress | cobicistat / elvitegravir / emtricitabine / tenofovir alafenamide,rifabutin,all,False,False,xgb_ranker,xgb_ranker,verified_742,1000,119,119,986,0,0,0,0.2,1.0,1.0,0.5,0.1,1.0,1.0,0.5,0.05,1.0,1.0,0.5,0.3333333333333333,1.0,1.0,1.0,0.0,0.0,0.0,1.0
label_core_rerank,eval_0136,prednisone | dexamethasone | methylprednisolone | adalimumab | humira | infliximab | remicade | hydrocortisone | triamcinolone | prednisolone | doxycycline | methotrexate | minocycline | stelara | enbrel | ustekinumab | etanercept | betamethasone | kenalog-40 | kenalog-10,prednisone | dexamethasone | adalimumab | humira | methylprednisolone,all,False,False,xgb_ranker,xgb_ranker,verified_742,1000,393,393,998,0,0,0,1.0,1.0,1.0,0.8919478197221427,0.5,1.0,1.0,0.8919478197221427,0.25,1.0,1.0,0.8919478197221427,1.0,1.0,1.0,1.0,0.0,0.0,0.0,1.0
label_core_rerank,eval_0134,insulin regular | sodium bicarbonate | bromocriptine | liraglutide | gabapentin | victoza | tretinoin | clobetasol | desmopressin | pregabalin | pramlintide | humulin r u-500 (concentrated) | duloxetine | nortriptyline | cymbalta | spironolactone | chromium picolinate | byetta | symlin | topiramate,liraglutide | victoza,all,False,False,xgb_ranker,xgb_ranker,verified_742,1000,282,282,1000,0,0,0,0.2,0.5,1.0,0.26406812257259094,0.2,1.0,1.0,0.48247555939075515,0.1,1.0,1.0,0.48247555939075515,0.25,1.0,1.0,1.0,0.0,0.0,0.0,1.0
label_core_rerank,eval_0156,"calcifediol | calcitriol | parathyroid hormone | ergocalciferol | calcium lactate | calcium phosphate, tribasic | thyroid desiccated | westhroid | cenestin | estropipate | conjugated estrogens | armour thyroid | premarin | thyquidity | rayaldee | estradiol | esterified estrogens | tirosint | doxorubicin | levothyroxine",thyroid desiccated | armour thyroid | levothyroxine,all,False,False,xgb_ranker,xgb_ranker,verified_742,1000,132,132,958,0,0,0,0.0,0.0,0.0,0.0,0.1,0.3333333333333333,1.0,0.12669792223864473,0.15,1.0,1.0,0.35921782385985457,0.14285714285714285,1.0,1.0,1.0,0.0,0.0,0.0,1.0
label_core_rerank,eval_0142,amitriptyline | spironolactone | doxycycline | venlafaxine | azithromycin | rocephin | phosphorated carbohydrate solution | acidophilus | elavil | methenamine | ceftriaxone | zyvox | vaniqa | linezolid | uta | ampicillin | sulfatrim | hiprex | allopurinol | eflornithine,doxycycline,all,False,False,xgb_ranker,xgb_ranker,verified_742,172,172,172,172,0,0,0,0.2,1.0,1.0,0.5,0.1,1.0,1.0,0.5,0.05,1.0,1.0,0.5,0.3333333333333333,1.0,1.0,1.0,0.0,0.0,0.0,1.0
label_core_rerank,eval_0145,doxycycline | prednisone | azithromycin | rocephin | methylprednisolone | ceftriaxone | mometasone | epinephrine | ampicillin | budesonide | kenalog-40 | augmentin xr | triamcinolone | bactrim | medrol dosepak | sulfamethoxazole / trimethoprim | flunisolide | zithromax | ceftin | ceftibuten,azithromycin | prednisone,all,False,False,xgb_ranker,xgb_ranker,verified_742,1000,221,221,1000,0,0,0,0.4,1.0,1.0,0.6787622294601761,0.2,1.0,1.0,0.6787622294601761,0.1,1.0,1.0,0.6787622294601761,0.5,1.0,1.0,1.0,0.0,0.0,0.0,1.0
label_core_rerank,eval_0144,doxycycline | prednisone | metronidazole | azithromycin | rocephin | dapsone | ceftriaxone | zyvox | linezolid | filgrastim | neupogen | fluconazole | clindamycin | tobramycin | pyrimethamine | xenleta | gentamicin | cefotaxime | ferralet 90 | integra,doxycycline | azithromycin,all,False,False,xgb_ranker,xgb_ranker,verified_742,1000,132,132,1000,0,0,0,0.4,1.0,1.0,0.8772153153380493,0.2,1.0,1.0,0.8772153153380493,0.1,1.0,1.0,0.8772153153380493,1.0,1.0,1.0,1.0,0.0,0.0,0.0,1.0
label_core_rerank,eval_0155,diclofenac | prednisone | methylprednisolone | adalimumab | humira | cellcept | infliximab | remicade | mycophenolate mofetil | hydrocortisone | triamcinolone | golimumab | simponi | dexamethasone | famotidine / ibuprofen | duexis | vimovo | azathioprine | esomeprazole / naproxen | imuran,adalimumab | humira,all,False,False,xgb_ranker,xgb_ranker,verified_742,525,311,311,525,0,0,0,0.4,1.0,1.0,0.5012658353418871,0.2,1.0,1.0,0.5012658353418871,0.1,1.0,1.0,0.5012658353418871,0.25,1.0,1.0,1.0,0.0,0.0,0.0,1.0
label_core_rerank,eval_0163,clonidine | filgrastim | sodium bicarbonate | epivir-hbv | tenofovir | viread | lamivudine | rifabutin | cobicistat / elvitegravir / emtricitabine / tenofovir | stribild | efavirenz / emtricitabine / tenofovir | atripla | ondansetron | triumeq | abacavir / dolutegravir / lamivudine | epzicom | emtricitabine / rilpivirine / tenofovir | complera | abacavir / lamivudine | fuzeon,tenofovir | viread,all,False,False,xgb_ranker,xgb_ranker,verified_742,1000,119,119,1000,0,0,0,0.2,0.5,1.0,0.23719771276929622,0.2,1.0,1.0,0.4556051495874604,0.1,1.0,1.0,0.4556051495874604,0.2,1.0,1.0,1.0,0.0,0.0,0.0,1.0
label_core_rerank,eval_0148,elocon | clobetasol | stelara | enbrel | ustekinumab | desonide | doxycycline | etanercept | prednisone | flurandrenolide | cordran tape | clocortolone | clobex | cloderm | thiothixene | desowen | methylprednisolone | adalimumab | mometasone | betamethasone,enbrel,all,False,False,xgb_ranker,xgb_ranker,verified_742,726,164,164,726,0,0,0,0.2,1.0,1.0,0.4306765580733931,0.1,1.0,1.0,0.4306765580733931,0.05,1.0,1.0,0.4306765580733931,0.25,1.0,1.0,1.0,0.0,0.0,0.0,1.0
label_core_rerank,eval_0171,doxycycline | prednisone | azithromycin | rocephin | methylprednisolone | ceftriaxone | mometasone | epinephrine | ampicillin | budesonide | kenalog-40 | augmentin xr | triamcinolone | bactrim | medrol dosepak | sulfamethoxazole / trimethoprim | flunisolide | zithromax | ceftin | cedax,prednisone,all,False,False,xgb_ranker,xgb_ranker,verified_742,1000,221,221,1000,0,0,0,0.2,1.0,1.0,0.6309297535714574,0.1,1.0,1.0,0.6309297535714574,0.05,1.0,1.0,0.6309297535714574,0.5,1.0,1.0,1.0,0.0,0.0,0.0,1.0
label_core_rerank,eval_0177,diclofenac | tramadol | stelara | acetaminophen / hydrocodone | enbrel | ustekinumab | doxycycline | etanercept | prednisone | lortab | ketoprofen | norco | indomethacin | valdecoxib | voltaren | duloxetine | cataflam | cymbalta | naprelan | probenecid,diclofenac | tramadol | acetaminophen / hydrocodone,all,False,False,xgb_ranker,xgb_ranker,verified_742,420,255,255,420,0,0,0,0.6,1.0,1.0,0.9736505918364026,0.3,1.0,1.0,0.9736505918364026,0.15,1.0,1.0,0.9736505918364026,1.0,1.0,1.0,1.0,0.0,0.0,0.0,1.0
label_core_rerank,eval_0180,isotretinoin | accutane | benzoyl peroxide / clindamycin | tretinoin | adapalene / benzoyl peroxide | epiduo | magnesium hydroxide | claravis | benzaclin | spironolactone | doxycycline | phillips' milk of magnesia | duac | retin-a | dapsone | aczone | clindamycin / tretinoin | drospirenone / ethinyl estradiol | onexton | benzoyl peroxide / sulfur,adapalene / benzoyl peroxide,all,False,False,xgb_ranker,xgb_ranker,verified_742,273,273,273,273,0,0,0,0.2,1.0,1.0,0.38685280723454163,0.1,1.0,1.0,0.38685280723454163,0.05,1.0,1.0,0.38685280723454163,0.2,1.0,1.0,1.0,0.0,0.0,0.0,1.0
label_core_rerank,eval_0175,"calcifediol | calcitriol | parathyroid hormone | ergocalciferol | calcium lactate | calcium phosphate, tribasic | thyroid desiccated | westhroid | cenestin | estropipate | conjugated estrogens | armour thyroid | premarin | thyquidity | rayaldee | estradiol | esterified estrogens | tirosint | doxorubicin | levothyroxine",thyroid desiccated | armour thyroid | levothyroxine,all,False,False,xgb_ranker,xgb_ranker,verified_742,634,132,132,634,0,0,0,0.0,0.0,0.0,0.0,0.1,0.3333333333333333,1.0,0.1564262420075855,0.15,1.0,1.0,0.3900840631017693,0.14285714285714285,1.0,1.0,1.0,0.0,0.0,0.0,1.0
label_core_rerank,eval_0183,rabeprazole | omeprazole / sodium bicarbonate | ranitidine | lansoprazole | zantac | esomeprazole | protonix | nexium | sucralfate | cimetidine | omeprazole | pantoprazole | carafate | pepcid | calcium carbonate | famotidine | aciphex | calcium carbonate / simethicone | prevacid | axid ar,aciphex | dexlansoprazole | rabeprazole | esomeprazole | lansoprazole | nexium,all,False,False,xgb_ranker,xgb_ranker,verified_742,721,109,109,721,0,0,0,0.4,0.3333333333333333,1.0,0.48522855511632257,0.4,0.6666666666666666,1.0,0.6361757670231624,0.25,0.8333333333333334,1.0,0.7087435981937824,1.0,1.0,1.0,1.0,0.0,0.0,0.0,1.0
label_core_rerank,eval_0187,elocon | clobetasol | stelara | enbrel | ustekinumab | desonide | doxycycline | etanercept | prednisone | flurandrenolide | cordran tape | clocortolone | clobex | cloderm | thiothixene | desowen | methylprednisolone | adalimumab | mometasone | betamethasone,enbrel,all,False,False,xgb_ranker,xgb_ranker,verified_742,726,164,164,726,0,0,0,0.2,1.0,1.0,0.4306765580733931,0.1,1.0,1.0,0.4306765580733931,0.05,1.0,1.0,0.4306765580733931,0.25,1.0,1.0,1.0,0.0,0.0,0.0,1.0
label_core_rerank,eval_0185,cyproheptadine | promethazine | prednisone | chlor-trimeton | phenergan | chlorpheniramine | epinephrine | ranitidine | carbinoxamine | azelastine | triamcinolone | tetracaine | olopatadine | diphenhydramine | benadryl | cetirizine | allegra | fexofenadine | zyrtec | levocetirizine,promethazine | cyproheptadine,all,False,False,xgb_ranker,xgb_ranker,verified_742,672,558,511,625,0,0,0,0.4,1.0,1.0,1.0,0.2,1.0,1.0,1.0,0.1,1.0,1.0,1.0,1.0,1.0,1.0,1.0,0.0,0.0,0.0,1.0
label_core_rerank,eval_0190,prednisone | methylprednisolone | cellcept | mycophenolate mofetil | hydrocortisone | triamcinolone | dexamethasone | azathioprine | imuran | betamethasone | medrol dosepak | pancreatin | diclofenac | adalimumab | humira | infliximab | remicade | golimumab | simponi | famotidine / ibuprofen,adalimumab | humira | infliximab | remicade,all,False,False,xgb_ranker,xgb_ranker,verified_742,672,346,346,672,0,0,0,0.0,0.0,0.0,0.0,0.0,0.0,0.0,0.0,0.2,1.0,1.0,0.3866406125694651,0.07142857142857142,1.0,1.0,1.0,0.0,0.0,0.0,1.0
label_core_rerank,eval_0184,amitriptyline | venlafaxine | elavil | memantine | spironolactone | doxycycline | azithromycin | ceftriaxone | ampicillin | allopurinol | magnesium oxide | doryx | augmentin xr | cephalexin | sodium bicarbonate | bactrim | sulfamethoxazole / trimethoprim | ceftin | avelox | moxifloxacin,amitriptyline | venlafaxine | elavil | azithromycin,all,False,False,xgb_ranker,xgb_ranker,verified_742,1000,347,347,927,0,0,0,0.6,0.75,1.0,0.8530852898337354,0.4,1.0,1.0,0.9517901481960025,0.2,1.0,1.0,0.9517901481960025,1.0,1.0,1.0,1.0,0.0,0.0,0.0,1.0
label_core_rerank,eval_0178,doxycycline | prednisone | metronidazole | azithromycin | rocephin | dapsone | ceftriaxone | zyvox | linezolid | filgrastim | neupogen | fluconazole | clindamycin | tobramycin | xenleta | lefamulin | cefotaxime | gentamicin | ferralet 90 | oxymetholone,doxycycline | azithromycin,all,False,False,xgb_ranker,xgb_ranker,verified_742,1000,132,132,1000,0,0,0,0.4,1.0,1.0,0.8772153153380493,0.2,1.0,1.0,0.8772153153380493,0.1,1.0,1.0,0.8772153153380493,1.0,1.0,1.0,1.0,0.0,0.0,0.0,1.0
label_core_rerank,eval_0188,"epivir-hbv | tenofovir | viread | lamivudine | peginterferon alfa-2a | interferon alfa-2b | hepatitis b adult vaccine | adefovir | hepatitis a adult vaccine / hepatitis b adult vaccine | entecavir | peginterferon alfa-2b | diphtheria and tetanus toxoids / pertussis, acellular / poliovirus vaccine, inactivated / haemophilus b conjugate / hepatitis b vaccine | diphtheria toxoid / hepatitis b pediatric vaccine / pertussis, acellular / poliovirus vaccine, inactivated / tetanus toxoid | tenofovir alafenamide | hepatitis b pediatric vaccine | hepatitis b immune globulin | elocon | clobetasol | desonide | doxycycline",tenofovir | peginterferon alfa-2a | viread,all,False,False,xgb_ranker,xgb_ranker,verified_742,467,16,16,467,0,0,0,0.6,1.0,1.0,0.7122630665145961,0.3,1.0,1.0,0.7122630665145961,0.15,1.0,1.0,0.7122630665145961,0.5,1.0,1.0,1.0,0.0,0.0,0.0,1.0
label_core_rerank,eval_0201,clonidine | catapres | hytrin | terazosin | aluminum chloride hexahydrate | drysol | gabapentin | amitriptyline | hypercare | xerac ac | potassium iodide | pima | tapazole | oxybutynin | onabotulinumtoxina | botox | benztropine | methimazole | propylthiouracil | iodine / potassium iodide,clonidine | catapres,all,False,False,xgb_ranker,xgb_ranker,verified_742,825,22,22,825,0,0,0,0.4,1.0,1.0,1.0,0.2,1.0,1.0,1.0,0.1,1.0,1.0,1.0,1.0,1.0,1.0,1.0,0.0,0.0,0.0,1.0
label_core_rerank,eval_0199,doxycycline | triamcinolone | ibuprofen | naproxen | flanax pain reliever | aleve | naprosyn | cephalexin | bactrim | sulfamethoxazole / trimethoprim | oxybutynin | avelox | moxifloxacin | doxy 100 | sucralfate | ciprofloxacin | levofloxacin | bactrim ds | levaquin | cipro,triamcinolone | naproxen,all,False,False,xgb_ranker,xgb_ranker,verified_742,1000,25,25,1000,0,0,0,0.4,1.0,1.0,0.5992429307166866,0.2,1.0,1.0,0.5992429307166866,0.1,1.0,1.0,0.5992429307166866,0.5,1.0,1.0,1.0,0.0,0.0,0.0,1.0
label_core_rerank,eval_0195,ranitidine | lansoprazole | cimetidine | omeprazole | pantoprazole | famotidine | prednisone | methylprednisolone | budesonide | triamcinolone | dexamethasone | ciprofloxacin | levofloxacin | benzocaine | doxycycline | azithromycin | mometasone | ampicillin | doryx | kenalog-40,lansoprazole | ranitidine | omeprazole,all,False,False,xgb_ranker,xgb_ranker,verified_742,1000,605,605,949,0,0,0,0.6,1.0,1.0,0.8798581971190338,0.3,1.0,1.0,0.8798581971190338,0.15,1.0,1.0,0.8798581971190338,1.0,1.0,1.0,1.0,0.0,0.0,0.0,1.0
label_core_rerank,eval_0192,isotretinoin | accutane | benzoyl peroxide / clindamycin | tretinoin | adapalene / benzoyl peroxide | epiduo | magnesium hydroxide | claravis | benzaclin | spironolactone | doxycycline | phillips' milk of magnesia | duac | retin-a | dapsone | aczone | clindamycin / tretinoin | drospirenone / ethinyl estradiol | onexton | benzoyl peroxide / sulfur,isotretinoin | accutane | adapalene / benzoyl peroxide,all,False,False,xgb_ranker,xgb_ranker,verified_742,726,273,273,726,0,0,0,0.6,1.0,1.0,0.840466744283681,0.3,1.0,1.0,0.840466744283681,0.15,1.0,1.0,0.840466744283681,1.0,1.0,1.0,1.0,0.0,0.0,0.0,1.0
label_core_rerank,eval_0186,tadalafil | propranolol | sildenafil | dextroamphetamine | dexedrine | spironolactone | azor | amlodipine / olmesartan | clonidine | modafinil | amlodipine / hydrochlorothiazide / valsartan | exforge hct | avalide | verapamil | armodafinil | travoprost | hydrochlorothiazide / irbesartan | provigil | nuvigil | benicar,propranolol,all,False,False,xgb_ranker,xgb_ranker,verified_742,1000,275,275,1000,0,0,0,0.2,1.0,1.0,0.6309297535714574,0.1,1.0,1.0,0.6309297535714574,0.05,1.0,1.0,0.6309297535714574,0.5,1.0,1.0,1.0,0.0,0.0,0.0,1.0
label_core_rerank,eval_0205,thyroid desiccated | westhroid | cenestin | estropipate | conjugated estrogens | armour thyroid | premarin | calcifediol | thyquidity | rayaldee | estradiol | esterified estrogens | tirosint | doxorubicin | levothyroxine | synthroid | cytomel | nature-throid | liothyronine | calcitriol,thyroid desiccated | armour thyroid | levothyroxine,all,False,False,xgb_ranker,xgb_ranker,verified_742,87,61,61,87,0,0,0,0.2,0.3333333333333333,1.0,0.4692787260227565,0.2,0.6666666666666666,1.0,0.6364391809889588,0.15,1.0,1.0,0.753758862494648,1.0,1.0,1.0,1.0,0.0,0.0,0.0,1.0
label_core_rerank,eval_0206,doxycycline | prednisone | metronidazole | azithromycin | rocephin | ceftriaxone | zyvox | linezolid | fluconazole | clindamycin | tobramycin | gentamicin | cefotaxime | vancocin hcl | sulfamethoxazole / trimethoprim | zithromax | minocycline | ceftin | flagyl | avelox,doxycycline | azithromycin | clindamycin,all,False,False,xgb_ranker,xgb_ranker,verified_742,1000,239,239,940,0,0,0,0.4,0.6666666666666666,1.0,0.625639979507489,0.3,1.0,1.0,0.7355117181677423,0.15,1.0,1.0,0.7355117181677423,1.0,1.0,1.0,1.0,0.0,0.0,0.0,1.0
label_core_rerank,eval_0179,gabapentin | amitriptyline | sumatriptan | nortriptyline | elavil | zolmitriptan | pamelor | metoclopramide | reglan | doxycycline | promethazine | ceftriaxone | phenergan | meclizine | chlorpromazine | ampicillin | lansoprazole | sulfamethoxazole / trimethoprim | prednisone | thorazine,sumatriptan | clonidine,all,False,False,xgb_ranker,xgb_ranker,verified_742,1000,315,315,927,0,0,0,0.2,0.5,1.0,0.35195904451706733,0.1,0.5,1.0,0.35195904451706733,0.05,0.5,1.0,0.35195904451706733,0.3333333333333333,1.0,1.0,1.0,0.0,0.0,0.0,1.0
label_core_rerank,eval_0209,clonidine | catapres | hytrin | terazosin | gabapentin | amitriptyline | onabotulinumtoxina | botox | aluminum chloride hexahydrate | drysol | hypercare | xerac ac | pima | potassium iodide | tapazole | oxybutynin | benztropine | prednisone | methimazole | glycopyrronium,clonidine | catapres,all,False,False,xgb_ranker,xgb_ranker,verified_742,1000,447,447,738,0,0,0,0.4,1.0,1.0,1.0,0.2,1.0,1.0,1.0,0.1,1.0,1.0,1.0,1.0,1.0,1.0,1.0,0.0,0.0,0.0,1.0
label_core_rerank,eval_0204,rabeprazole | omeprazole / sodium bicarbonate | ranitidine | lansoprazole | zantac | esomeprazole | protonix | nexium | sucralfate | cimetidine | omeprazole | pantoprazole | carafate | pepcid | calcium carbonate | famotidine | diclofenac | prednisone | chlordiazepoxide / clidinium | clonidine,rabeprazole | esomeprazole | lansoprazole,all,False,False,xgb_ranker,xgb_ranker,verified_742,955,80,80,955,0,0,0,0.4,0.6666666666666666,1.0,0.6713860725233042,0.3,1.0,1.0,0.8385465274895064,0.15,1.0,1.0,0.8385465274895064,1.0,1.0,1.0,1.0,0.0,0.0,0.0,1.0
label_core_rerank,eval_0212,promethazine | phenergan | hydroxyzine | diphenhydramine | benadryl | atarax | vistaril | prednisone | triamcinolone | doxepin | corticotropin | doxycycline | loteprednol | lotemax | ampicillin | prednisolone | lansoprazole | sulfamethoxazole / trimethoprim | omeprazole | dexamethasone,prednisone | promethazine | hydroxyzine | doxycycline | sulfamethoxazole / trimethoprim,all,False,False,xgb_ranker,xgb_ranker,verified_742,991,214,214,991,0,0,0,0.4,0.4,1.0,0.5977804022055987,0.3,0.6,1.0,0.6815931670619154,0.25,1.0,1.0,0.815933570421895,1.0,1.0,1.0,1.0,0.0,0.0,0.0,1.0
label_core_rerank,eval_0200,doxycycline | minocycline | prednisone | methotrexate | dexamethasone | chloramphenicol | tazorac | tazarotene | tetracycline | elocon | clobetasol | stelara | enbrel | ustekinumab | desonide | etanercept | flurandrenolide | cordran tape | clocortolone | clobex,prednisone | methotrexate | dexamethasone | enbrel | stelara,all,False,False,xgb_ranker,xgb_ranker,verified_742,888,575,575,888,0,0,0,0.6,0.6,1.0,0.3818875609005223,0.3,0.6,1.0,0.3818875609005223,0.25,1.0,1.0,0.5810272394445147,0.3333333333333333,1.0,1.0,1.0,0.0,0.0,0.0,1.0
label_core_rerank,eval_0196,metoclopramide | reglan | clonazepam | klonopin | propranolol | rizatriptan | treximet | lamotrigine | gabapentin | naproxen / sumatriptan | amitriptyline | relpax | maxalt | eletriptan | acetaminophen / butalbital / caffeine | frovatriptan | sumatriptan | bupropion | aspirin / butalbital / caffeine | diclofenac,lansoprazole | omeprazole | propranolol,all,False,False,xgb_ranker,xgb_ranker,verified_742,1000,222,222,1000,0,0,0,0.2,0.3333333333333333,1.0,0.13129701067492244,0.1,0.3333333333333333,1.0,0.13129701067492244,0.05,0.3333333333333333,1.0,0.13129701067492244,0.2,1.0,1.0,1.0,0.0,0.0,0.0,1.0
label_core_rerank,eval_0216,doxycycline | ibuprofen | naproxen | cephalexin | triamcinolone | flanax pain reliever | bactrim | sulfamethoxazole / trimethoprim | oxybutynin | avelox | moxifloxacin | doxy 100 | sucralfate | ditropan xl | aleve | ciprofloxacin | naprosyn | levofloxacin | bactrim ds | levaquin,naproxen,all,False,False,xgb_ranker,xgb_ranker,verified_742,372,25,25,372,0,0,0,0.2,1.0,1.0,0.5,0.1,1.0,1.0,0.5,0.05,1.0,1.0,0.5,0.3333333333333333,1.0,1.0,1.0,0.0,0.0,0.0,1.0
label_core_rerank,eval_0210,cefadroxil | retapamulin | altabax | mupirocin | cefuroxime | sulconazole | ammoniated mercury | ozenoxacin | cobicistat / elvitegravir / emtricitabine / tenofovir | stribild | dexbrompheniramine / pseudoephedrine | drixoral cold and allergy | valacyclovir | efavirenz / emtricitabine / tenofovir | valtrex | atripla | aciphex | chlorpheniramine / hydrocodone | tussionex pennkinetic | ondansetron,cefuroxime | mupirocin | retapamulin,all,False,False,xgb_ranker,xgb_ranker,verified_742,1000,8,8,1000,0,0,0,0.6,1.0,1.0,0.6717573587424964,0.3,1.0,1.0,0.6717573587424964,0.15,1.0,1.0,0.6717573587424964,0.5,1.0,1.0,1.0,0.0,0.0,0.0,1.0
label_core_rerank,eval_0217,prednisone | mometasone | triamcinolone | dexamethasone | fluticasone | methylprednisolone | budesonide | medrol dosepak | dupilumab | elocon | clobetasol | desonide | flurandrenolide | cordran tape | clocortolone | clobex | cloderm | betamethasone | fluocinonide | fluocinolone,prednisone,all,False,False,xgb_ranker,xgb_ranker,verified_742,734,49,49,734,0,0,0,0.2,1.0,1.0,1.0,0.1,1.0,1.0,1.0,0.05,1.0,1.0,1.0,1.0,1.0,1.0,1.0,0.0,0.0,0.0,1.0
label_core_rerank,eval_0198,cyproheptadine | promethazine | prednisone | chlor-trimeton | phenergan | chlorpheniramine | epinephrine | ranitidine | carbinoxamine | azelastine | triamcinolone | tetracaine | olopatadine | diphenhydramine | benadryl | cetirizine | allegra | fexofenadine | zyrtec | levocetirizine,promethazine | cyproheptadine,all,False,False,xgb_ranker,xgb_ranker,verified_742,558,76,76,558,0,0,0,0.4,1.0,1.0,1.0,0.2,1.0,1.0,1.0,0.1,1.0,1.0,1.0,1.0,1.0,1.0,1.0,0.0,0.0,0.0,1.0
label_core_rerank,eval_0215,liraglutide | gabapentin | victoza | tretinoin | clobetasol | desmopressin | pregabalin | pramlintide | humulin r u-500 (concentrated) | duloxetine | nortriptyline | cymbalta | chromium picolinate | byetta | symlin | topiramate | exubera | insulin isophane | ddavp | insulin aspart / insulin aspart protamine,liraglutide | victoza,all,False,False,xgb_ranker,xgb_ranker,verified_742,1000,228,228,1000,0,0,0,0.4,1.0,1.0,0.9197207891481876,0.2,1.0,1.0,0.9197207891481876,0.1,1.0,1.0,0.9197207891481876,1.0,1.0,1.0,1.0,0.0,0.0,0.0,1.0
label_core_rerank,eval_0221,isotretinoin | accutane | benzoyl peroxide / clindamycin | tretinoin | adapalene / benzoyl peroxide | epiduo | magnesium hydroxide | claravis | benzaclin | spironolactone | doxycycline | phillips' milk of magnesia | duac | retin-a | dapsone | aczone | clindamycin / tretinoin | drospirenone / ethinyl estradiol | onexton | benzoyl peroxide / sulfur,isotretinoin | accutane | adapalene / benzoyl peroxide,all,False,False,xgb_ranker,xgb_ranker,verified_742,273,273,273,273,0,0,0,0.6,1.0,1.0,0.9615980861491925,0.3,1.0,1.0,0.9615980861491925,0.15,1.0,1.0,0.9615980861491925,1.0,1.0,1.0,1.0,0.0,0.0,0.0,1.0
label_core_rerank,eval_0220,elocon | clobetasol | stelara | enbrel | ustekinumab | desonide | doxycycline | etanercept | prednisone | flurandrenolide | cordran tape | clocortolone | clobex | cloderm | thiothixene | desowen | methylprednisolone | adalimumab | mometasone | betamethasone,enbrel,all,False,False,xgb_ranker,xgb_ranker,verified_742,353,164,164,353,0,0,0,0.2,1.0,1.0,0.4306765580733931,0.1,1.0,1.0,0.4306765580733931,0.05,1.0,1.0,0.4306765580733931,0.25,1.0,1.0,1.0,0.0,0.0,0.0,1.0
label_core_rerank,eval_0222,diclofenac | tramadol | stelara | acetaminophen / hydrocodone | enbrel | ustekinumab | doxycycline | etanercept | prednisone | lortab | ketoprofen | norco | indomethacin | valdecoxib | voltaren | duloxetine | cataflam | cymbalta | naprelan | probenecid,diclofenac,all,False,False,xgb_ranker,xgb_ranker,verified_742,403,255,255,403,0,0,0,0.2,1.0,1.0,1.0,0.1,1.0,1.0,1.0,0.05,1.0,1.0,1.0,1.0,1.0,1.0,1.0,0.0,0.0,0.0,1.0
label_core_rerank,eval_0225,liraglutide | gabapentin | victoza | tretinoin | clobetasol | desmopressin | pregabalin | pramlintide | humulin r u-500 (concentrated) | duloxetine | nortriptyline | cymbalta | chromium picolinate | byetta | symlin | topiramate | exubera | insulin isophane | ddavp | novolog mix 70 / 30,liraglutide | victoza,all,False,False,xgb_ranker,xgb_ranker,verified_742,616,228,228,616,0,0,0,0.4,1.0,1.0,0.9197207891481876,0.2,1.0,1.0,0.9197207891481876,0.1,1.0,1.0,0.9197207891481876,1.0,1.0,1.0,1.0,0.0,0.0,0.0,1.0
label_core_rerank,eval_0219,clonidine | propranolol | catapres | verapamil | benicar | atenolol | nadolol | corgard | innopran xl | olmesartan | metoprolol | verelan pm | inderal | tenormin | calan sr | lisinopril | amlodipine | inderal la | norvasc | prinivil,propranolol | spironolactone | clonidine | catapres | terazosin | hytrin | benicar | olmesartan | verapamil,all,False,False,xgb_ranker,xgb_ranker,verified_742,1000,447,447,1000,0,0,0,1.0,0.5555555555555556,1.0,1.0,0.6,0.6666666666666666,1.0,0.8221478928130895,0.3,0.6666666666666666,1.0,0.8221478928130895,1.0,1.0,1.0,1.0,0.0,0.0,0.0,1.0
label_core_rerank,eval_0230,doxycycline | prednisone | azithromycin | rocephin | aclidinium | tudorza pressair | xopenex | methylprednisolone | omalizumab | ceftriaxone | mometasone | xolair | levalbuterol | primatene mist | accolate | zafirlukast | intal inhaler | guaifenesin | epinephrine | ipratropium inhalation solution,prednisone,all,False,False,xgb_ranker,xgb_ranker,verified_742,1000,221,221,1000,0,0,0,0.2,1.0,1.0,0.6309297535714574,0.1,1.0,1.0,0.6309297535714574,0.05,1.0,1.0,0.6309297535714574,0.5,1.0,1.0,1.0,0.0,0.0,0.0,1.0
label_core_rerank,eval_0229,doxycycline | minocycline | tazorac | tazarotene | tetracycline | dapsone | clindamycin | sulfamethoxazole / trimethoprim | erythromycin | prednisone | dexamethasone | isotretinoin | accutane | benzoyl peroxide / clindamycin | tretinoin | adapalene / benzoyl peroxide | epiduo | magnesium hydroxide | claravis | benzaclin,tazarotene | dapsone | clindamycin,all,False,False,xgb_ranker,xgb_ranker,verified_742,802,555,479,726,0,0,0,0.2,0.3333333333333333,1.0,0.2192560461704936,0.3,1.0,1.0,0.5098509238173572,0.15,1.0,1.0,0.5098509238173572,0.25,1.0,1.0,1.0,0.0,0.0,0.0,1.0
label_core_rerank,eval_0235,stribild | cobicistat / elvitegravir / emtricitabine / tenofovir | efavirenz / emtricitabine / tenofovir | atripla | ondansetron | triumeq | abacavir / dolutegravir / lamivudine | clonidine | epzicom | emtricitabine / rilpivirine / tenofovir | complera | abacavir / lamivudine | fuzeon | enfuvirtide | reyataz | atazanavir | isentress | cobicistat / elvitegravir / emtricitabine / tenofovir alafenamide | genvoya | filgrastim,stribild | efavirenz / emtricitabine / tenofovir,all,False,False,xgb_ranker,xgb_ranker,verified_742,154,119,119,154,0,0,0,0.4,1.0,1.0,0.9197207891481876,0.2,1.0,1.0,0.9197207891481876,0.1,1.0,1.0,0.9197207891481876,1.0,1.0,1.0,1.0,0.0,0.0,0.0,1.0
label_core_rerank,eval_0231,"calcifediol | calcitriol | parathyroid hormone | ergocalciferol | calcium phosphate, tribasic | calcium lactate | thyroid desiccated | westhroid | cenestin | estropipate | conjugated estrogens | armour thyroid | premarin | rayaldee | thyquidity | estradiol | esterified estrogens | tirosint | doxorubicin | levothyroxine",thyroid desiccated | armour thyroid | levothyroxine,all,False,False,xgb_ranker,xgb_ranker,verified_742,1000,112,112,958,0,0,0,0.0,0.0,0.0,0.0,0.1,0.3333333333333333,1.0,0.12669792223864473,0.15,1.0,1.0,0.35921782385985457,0.14285714285714285,1.0,1.0,1.0,0.0,0.0,0.0,1.0
label_core_rerank,eval_0207,dexamethasone | clobetasol | fluocinolone | duloxetine | cymbalta | zostrix | capsaicin | prednisone | ibuprofen | naproxen | capzasin-hp | aleve | zostrix diabetic foot pain | liraglutide | gabapentin | victoza | tretinoin | desmopressin | pregabalin | pramlintide,duloxetine | cymbalta,all,False,False,xgb_ranker,xgb_ranker,verified_742,1000,476,273,797,0,0,0,0.4,1.0,1.0,0.5012658353418872,0.2,1.0,1.0,0.5012658353418872,0.1,1.0,1.0,0.5012658353418872,0.25,1.0,1.0,1.0,0.0,0.0,0.0,1.0
label_core_rerank,eval_0233,prednisone | methylprednisolone | adalimumab | humira | infliximab | remicade | hydrocortisone | triamcinolone | dexamethasone | cyclosporine | prednisolone | elocon | clobetasol | stelara | enbrel | ustekinumab | desonide | doxycycline | etanercept | flurandrenolide,prednisone | adalimumab | humira,all,False,False,xgb_ranker,xgb_ranker,verified_742,238,164,164,238,0,0,0,0.6,1.0,1.0,0.8132022820105483,0.3,1.0,1.0,0.8132022820105483,0.15,1.0,1.0,0.8132022820105483,1.0,1.0,1.0,1.0,0.0,0.0,0.0,1.0
label_core_rerank,eval_0223,triamcinolone | sucralfate | ciprofloxacin | levofloxacin | ofloxacin | doxycycline | cipro | ibuprofen | naproxen | flanax pain reliever | aleve | naprosyn | cephalexin | bactrim | sulfamethoxazole / trimethoprim | oxybutynin | avelox | moxifloxacin | doxy 100 | ditropan xl,triamcinolone | sucralfate | prednisone | adalimumab,all,False,False,xgb_ranker,xgb_ranker,verified_742,672,325,325,672,0,0,0,0.4,0.5,1.0,0.6357429506707164,0.2,0.5,1.0,0.6357429506707164,0.1,0.5,1.0,0.6357429506707164,1.0,1.0,1.0,1.0,0.0,0.0,0.0,1.0
label_core_rerank,eval_0213,clonidine | catapres | hytrin | terazosin | aluminum chloride hexahydrate | drysol | gabapentin | amitriptyline | hypercare | onabotulinumtoxina | botox | xerac ac | tapazole | pima | potassium iodide | oxybutynin | benztropine | methimazole | sodium iodide-i-131 | propylthiouracil,clonidine | catapres | terazosin | hytrin,all,False,False,xgb_ranker,xgb_ranker,verified_742,1000,293,293,1000,0,0,0,0.8,1.0,1.0,1.0,0.4,1.0,1.0,1.0,0.2,1.0,1.0,1.0,1.0,1.0,1.0,1.0,0.0,0.0,0.0,1.0
label_core_rerank,eval_0218,doxycycline | prednisone | metronidazole | azithromycin | rocephin | dapsone | ceftriaxone | zyvox | linezolid | filgrastim | neupogen | fluconazole | clindamycin | tobramycin | pyrimethamine | xenleta | lefamulin | gentamicin | ferralet 90 | cefotaxime,doxycycline | azithromycin,all,False,False,xgb_ranker,xgb_ranker,verified_742,1000,132,132,1000,0,0,0,0.4,1.0,1.0,0.8772153153380493,0.2,1.0,1.0,0.8772153153380493,0.1,1.0,1.0,0.8772153153380493,1.0,1.0,1.0,1.0,0.0,0.0,0.0,1.0
label_core_rerank,eval_0242,"calcifediol | calcitriol | parathyroid hormone | ergocalciferol | calcium phosphate, tribasic | calcium lactate | thyroid desiccated | westhroid | cenestin | estropipate | conjugated estrogens | armour thyroid | premarin | rayaldee | thyquidity | estradiol | esterified estrogens | tirosint | doxorubicin | levothyroxine",thyroid desiccated | armour thyroid | levothyroxine,all,False,False,xgb_ranker,xgb_ranker,verified_742,1000,385,385,952,0,0,0,0.0,0.0,0.0,0.0,0.1,0.3333333333333333,1.0,0.1564262420075855,0.15,1.0,1.0,0.3900840631017693,0.14285714285714285,1.0,1.0,1.0,0.0,0.0,0.0,1.0
label_core_rerank,eval_0241,baclofen | onabotulinumtoxina | botox | lioresal | lorazepam | ativan | abobotulinumtoxina | dysport | botulinum toxin type b | myobloc | incobotulinumtoxina | xeomin | ibuprofen | naproxen | aleve | propranolol | clonidine | verapamil | benicar | atenolol,baclofen | onabotulinumtoxina | botox | lioresal | propranolol,all,False,False,xgb_ranker,xgb_ranker,verified_742,1000,187,187,892,0,0,0,0.8,0.8,1.0,0.7790559043488847,0.4,0.8,1.0,0.7790559043488847,0.25,1.0,1.0,0.8704816048787549,1.0,1.0,1.0,1.0,0.0,0.0,0.0,1.0
label_core_rerank,eval_0237,doxycycline | azithromycin | rocephin | acidophilus | methenamine | ceftriaxone | zyvox | linezolid | hiprex | lactobacillus acidophilus | fluconazole | cephalexin | doripenem | gentamicin | bactrim | sulfamethoxazole / trimethoprim | minocycline | ceftin | avelox | moxifloxacin,sulfamethoxazole / trimethoprim | bactrim | fluconazole,all,False,False,xgb_ranker,xgb_ranker,verified_742,481,287,287,481,0,0,0,0.0,0.0,0.0,0.0,0.0,0.0,0.0,0.0,0.15,1.0,1.0,0.3630309663999042,0.09090909090909091,1.0,1.0,1.0,0.0,0.0,0.0,1.0
label_core_rerank,eval_0244,doxycycline | hydroxychloroquine | doxy 100 | lithium | divalproex sodium | depakote er | depakote | valproic acid | prednisone | deltasone | chlorpromazine | allopurinol | clindamycin | artemether / lumefantrine | coartem | halofantrine | halfan | stavzor | pyrimethamine / sulfadoxine | pyrimethamine,doxycycline | prednisone | methylprednisolone | hydroxychloroquine | doxy 100 | deltasone | diclofenac | naproxen,all,False,False,xgb_ranker,xgb_ranker,verified_742,1000,446,446,809,0,0,0,0.6,0.375,1.0,0.7227265726449517,0.5,0.625,1.0,0.7280920761425088,0.25,0.625,1.0,0.7280920761425088,1.0,1.0,1.0,1.0,0.0,0.0,0.0,1.0
label_core_rerank,eval_0252,clonazepam | klonopin | propranolol | rizatriptan | treximet | lamotrigine | gabapentin | naproxen / sumatriptan | amitriptyline | relpax | maxalt | eletriptan | acetaminophen / butalbital / caffeine | frovatriptan | sumatriptan | bupropion | aspirin / butalbital / caffeine | diclofenac | frova | maxalt-mlt,gabapentin | propranolol,all,False,False,xgb_ranker,xgb_ranker,verified_742,1000,179,179,1000,0,0,0,0.2,0.5,1.0,0.35195904451706733,0.2,1.0,1.0,0.5083852865246528,0.1,1.0,1.0,0.5083852865246528,0.3333333333333333,1.0,1.0,1.0,0.0,0.0,0.0,1.0
label_core_rerank,eval_0227,"azithromycin | ceftriaxone | ampicillin | ciprofloxacin | cipro | typhoid vaccine, inactivated | typhoid vaccine, live | clonazepam | klonopin | dexbrompheniramine / pseudoephedrine | drixoral cold and allergy | lamotrigine | gabapentin | naproxen / sumatriptan | amitriptyline | maxalt | dextroamphetamine | eletriptan | acetaminophen / butalbital / caffeine | frovatriptan",ceftriaxone | ciprofloxacin,all,False,False,xgb_ranker,xgb_ranker,verified_742,1000,7,7,1000,0,0,0,0.4,1.0,1.0,0.5992429307166866,0.2,1.0,1.0,0.5992429307166866,0.1,1.0,1.0,0.5992429307166866,0.5,1.0,1.0,1.0,0.0,0.0,0.0,1.0
label_core_rerank,eval_0232,cyproheptadine | promethazine | prednisone | omalizumab | epipen | ketotifen | xolair | chlor-trimeton | phenergan | ketorolac | chlorpheniramine | epinephrine | ranitidine | carbinoxamine | alavert | zaditor | aristocort | azelastine | triamcinolone | tetracaine,prednisone | promethazine,all,False,False,xgb_ranker,xgb_ranker,verified_742,558,76,76,558,0,0,0,0.4,1.0,1.0,0.6787622294601761,0.2,1.0,1.0,0.6787622294601761,0.1,1.0,1.0,0.6787622294601761,0.5,1.0,1.0,1.0,0.0,0.0,0.0,1.0
label_core_rerank,eval_0257,rabeprazole | omeprazole / sodium bicarbonate | ranitidine | lansoprazole | zantac | esomeprazole | protonix | nexium | sucralfate | cimetidine | omeprazole | pantoprazole | carafate | pepcid | calcium carbonate | famotidine | diclofenac | prednisone | chlordiazepoxide / clidinium | clonidine,rabeprazole | esomeprazole | lansoprazole,all,False,False,xgb_ranker,xgb_ranker,verified_742,468,80,80,468,0,0,0,0.4,0.6666666666666666,1.0,0.6713860725233042,0.3,1.0,1.0,0.8385465274895064,0.15,1.0,1.0,0.8385465274895064,1.0,1.0,1.0,1.0,0.0,0.0,0.0,1.0
label_core_rerank,eval_0251,oxybutynin | doxycycline | ibuprofen | naproxen | triamcinolone | flanax pain reliever | aleve | naprosyn | aluminum chloride hexahydrate | drysol | gabapentin | amitriptyline | hypercare | clonidine | xerac ac | catapres | pima | potassium iodide | tapazole | onabotulinumtoxina,prednisone | enbrel | naproxen | triamcinolone | ibuprofen,all,False,False,xgb_ranker,xgb_ranker,verified_742,690,294,294,690,0,0,0,0.6,0.6,1.0,0.4441707531757099,0.3,0.6,1.0,0.4441707531757099,0.15,0.6,1.0,0.4441707531757099,0.3333333333333333,1.0,1.0,1.0,0.0,0.0,0.0,1.0
label_core_rerank,eval_0249,doxycycline | prednisone | gentamicin | lansoprazole | minocycline | moxifloxacin | dexamethasone | ciprofloxacin | levofloxacin | rifampin | amikacin | aciphex | rabeprazole | calcium carbonate / simethicone | prevacid | axid ar | nexium 24hr | prilosec otc | aluminum hydroxide / magnesium hydroxide / simethicone | nizatidine,doxycycline,all,False,False,xgb_ranker,xgb_ranker,verified_742,1000,230,230,1000,0,0,0,0.2,1.0,1.0,1.0,0.1,1.0,1.0,1.0,0.05,1.0,1.0,1.0,1.0,1.0,1.0,1.0,0.0,0.0,0.0,1.0
label_core_rerank,eval_0246,clonidine | catapres | hytrin | terazosin | sodium iodide-i-131 | propylthiouracil | aluminum chloride hexahydrate | drysol | gabapentin | amitriptyline | hypercare | xerac ac | pima | potassium iodide | tapazole | oxybutynin | onabotulinumtoxina | botox | benztropine | methimazole,thyroid desiccated | armour thyroid | levothyroxine,all,False,False,xgb_ranker,xgb_ranker,verified_742,1000,352,126,742,0,0,0,0.0,0.0,0.0,0.0,0.0,0.0,0.0,0.0,0.0,0.0,0.0,0.0,0.0,1.0,1.0,1.0,0.0,0.0,0.0,1.0
label_core_rerank,eval_0260,doxycycline | ibuprofen | naproxen | cephalexin | triamcinolone | flanax pain reliever | bactrim | sulfamethoxazole / trimethoprim | oxybutynin | avelox | moxifloxacin | doxy 100 | sucralfate | ditropan xl | aleve | ciprofloxacin | naprosyn | levofloxacin | bactrim ds | levaquin,naproxen,all,False,False,xgb_ranker,xgb_ranker,verified_742,273,25,25,273,0,0,0,0.2,1.0,1.0,0.5,0.1,1.0,1.0,0.5,0.05,1.0,1.0,0.5,0.3333333333333333,1.0,1.0,1.0,0.0,0.0,0.0,1.0
label_core_rerank,eval_0250,foscarnet | immune globulin intramuscular | doxycycline | ceftriaxone | sulfamethoxazole / trimethoprim | dexamethasone | ciprofloxacin | erythromycin | gabapentin | cipro | amitriptyline | prednisone | nortriptyline | metoclopramide | reglan | valacyclovir | valtrex | acyclovir | chlorpromazine | thorazine,valacyclovir | valtrex | acyclovir,all,False,False,xgb_ranker,xgb_ranker,verified_742,1000,322,322,749,0,0,0,0.0,0.0,0.0,0.0,0.0,0.0,0.0,0.0,0.15,1.0,1.0,0.33782057848058294,0.0625,1.0,1.0,1.0,0.0,0.0,0.0,1.0
label_core_rerank,eval_0261,elocon | clobetasol | stelara | enbrel | ustekinumab | desonide | doxycycline | etanercept | prednisone | flurandrenolide | cordran tape | clocortolone | clobex | cloderm | thiothixene | desowen | methylprednisolone | adalimumab | mometasone | betamethasone,enbrel,all,False,False,xgb_ranker,xgb_ranker,verified_742,164,164,164,164,0,0,0,0.2,1.0,1.0,0.4306765580733931,0.1,1.0,1.0,0.4306765580733931,0.05,1.0,1.0,0.4306765580733931,0.25,1.0,1.0,1.0,0.0,0.0,0.0,1.0
label_core_rerank,eval_0264,prednisone | methylprednisolone | cellcept | mycophenolate mofetil | hydrocortisone | triamcinolone | dexamethasone | azathioprine | imuran | diclofenac | adalimumab | humira | infliximab | remicade | golimumab | simponi | famotidine / ibuprofen | duexis | vimovo | esomeprazole / naproxen,adalimumab | humira | infliximab | remicade,all,False,False,xgb_ranker,xgb_ranker,verified_742,672,346,346,672,0,0,0,0.0,0.0,0.0,0.0,0.0,0.0,0.0,0.0,0.2,1.0,1.0,0.4168433904426998,0.09090909090909091,1.0,1.0,1.0,0.0,0.0,0.0,1.0
label_core_rerank,eval_0268,prednisone | aristocort | triamcinolone | corticotropin | deltasone | acthar | loteprednol | lotemax | prednisolone | cyproheptadine | promethazine | omalizumab | epipen | ketotifen | xolair | chlor-trimeton | phenergan | ketorolac | chlorpheniramine | epinephrine,prednisone | triamcinolone | prednisolone | loteprednol | lotemax,all,False,False,xgb_ranker,xgb_ranker,verified_742,340,322,322,340,0,0,0,0.4,0.4,1.0,0.3985202681370658,0.5,1.0,1.0,0.7370572078601025,0.25,1.0,1.0,0.7370572078601025,1.0,1.0,1.0,1.0,0.0,0.0,0.0,1.0
label_core_rerank,eval_0267,cefuroxime | retapamulin | altabax | doxycycline | clindamycin | cephalexin | bactrim | sulfamethoxazole / trimethoprim | minocycline | keflex | doxy 100 | bactrim ds | vibramycin | septra | septra ds | smz-tmp ds | cefadroxil | mupirocin | ozenoxacin | sulconazole,isotretinoin | accutane | adapalene / benzoyl peroxide | doxycycline | cefuroxime | mupirocin | retapamulin,all,False,False,xgb_ranker,xgb_ranker,verified_742,726,425,425,726,0,0,0,0.6,0.42857142857142855,1.0,0.5148326631814688,0.3,0.42857142857142855,1.0,0.44539172680943867,0.2,0.5714285714285714,1.0,0.5144640153006464,1.0,1.0,1.0,1.0,0.0,0.0,0.0,1.0
label_core_rerank,eval_0253,elocon | clobetasol | stelara | enbrel | ustekinumab | desonide | doxycycline | etanercept | prednisone | flurandrenolide | cordran tape | clocortolone | clobex | cloderm | thiothixene | desowen | methylprednisolone | adalimumab | mometasone | betamethasone,prednisone | enbrel,all,False,False,xgb_ranker,xgb_ranker,verified_742,164,164,164,164,0,0,0,0.2,0.5,1.0,0.3031610197508214,0.2,1.0,1.0,0.44442799261065036,0.1,1.0,1.0,0.44442799261065036,0.25,1.0,1.0,1.0,0.0,0.0,0.0,1.0
label_core_rerank,eval_0276,doxycycline | prednisone | azithromycin | rocephin | methylprednisolone | ceftriaxone | mometasone | epinephrine | ampicillin | budesonide | kenalog-40 | augmentin xr | triamcinolone | bactrim | medrol dosepak | sulfamethoxazole / trimethoprim | flunisolide | zithromax | ceftin | cedax,prednisone,all,False,False,xgb_ranker,xgb_ranker,verified_742,1000,221,221,1000,0,0,0,0.2,1.0,1.0,0.6309297535714574,0.1,1.0,1.0,0.6309297535714574,0.05,1.0,1.0,0.6309297535714574,0.5,1.0,1.0,1.0,0.0,0.0,0.0,1.0
label_core_rerank,eval_0277,liraglutide | gabapentin | victoza | tretinoin | clobetasol | desmopressin | pregabalin | pramlintide | humulin r u-500 (concentrated) | duloxetine | nortriptyline | cymbalta | chromium picolinate | byetta | symlin | topiramate | exubera | insulin isophane | ddavp | insulin aspart / insulin aspart protamine,liraglutide | victoza,all,False,False,xgb_ranker,xgb_ranker,verified_742,453,228,228,453,0,0,0,0.4,1.0,1.0,0.9197207891481876,0.2,1.0,1.0,0.9197207891481876,0.1,1.0,1.0,0.9197207891481876,1.0,1.0,1.0,1.0,0.0,0.0,0.0,1.0
label_core_rerank,eval_0272,prednisone | methylprednisolone | cellcept | mycophenolate mofetil | hydrocortisone | triamcinolone | dexamethasone | azathioprine | imuran | budesonide | mercaptopurine | betamethasone | medrol dosepak | pancreatin | elocon | clobetasol | desonide | flurandrenolide | cordran tape | clocortolone,budesonide,all,False,False,xgb_ranker,xgb_ranker,verified_742,659,346,126,439,0,0,0,0.0,0.0,0.0,0.0,0.1,1.0,1.0,0.2890648263178879,0.05,1.0,1.0,0.2890648263178879,0.1,1.0,1.0,1.0,0.0,0.0,0.0,1.0
label_core_rerank,eval_0262,diclofenac | tramadol | stelara | acetaminophen / hydrocodone | enbrel | ustekinumab | doxycycline | etanercept | prednisone | lortab | ketoprofen | norco | indomethacin | valdecoxib | voltaren | duloxetine | cataflam | cymbalta | naprelan | probenecid,diclofenac | tramadol | acetaminophen / hydrocodone,all,False,False,xgb_ranker,xgb_ranker,verified_742,273,255,255,273,0,0,0,0.6,1.0,1.0,0.9736505918364026,0.3,1.0,1.0,0.9736505918364026,0.15,1.0,1.0,0.9736505918364026,1.0,1.0,1.0,1.0,0.0,0.0,0.0,1.0
label_core_rerank,eval_0275,amitriptyline | spironolactone | doxycycline | venlafaxine | azithromycin | rocephin | phosphorated carbohydrate solution | acidophilus | elavil | methenamine | ceftriaxone | zyvox | vaniqa | linezolid | uta | ampicillin | sulfatrim | hiprex | allopurinol | eflornithine,doxycycline,all,False,False,xgb_ranker,xgb_ranker,verified_742,172,172,172,172,0,0,0,0.2,1.0,1.0,0.5,0.1,1.0,1.0,0.5,0.05,1.0,1.0,0.5,0.3333333333333333,1.0,1.0,1.0,0.0,0.0,0.0,1.0
label_core_rerank,eval_0271,tretinoin | liraglutide | gabapentin | victoza | clobetasol | desmopressin | pregabalin | pramlintide | humulin r u-500 (concentrated) | duloxetine | nortriptyline | cymbalta | chromium picolinate | byetta | symlin | topiramate | exubera | insulin isophane | ddavp | insulin aspart / insulin aspart protamine,tretinoin | doxycycline | spironolactone | liraglutide | victoza,all,False,False,xgb_ranker,xgb_ranker,verified_742,949,560,508,897,0,0,0,0.6,0.6,1.0,0.7428263532604289,0.3,0.6,1.0,0.7428263532604289,0.15,0.6,1.0,0.7428263532604289,1.0,1.0,1.0,1.0,0.0,0.0,0.0,1.0
label_core_rerank,eval_0279,cyproheptadine | promethazine | prednisone | chlor-trimeton | phenergan | chlorpheniramine | epinephrine | ranitidine | carbinoxamine | azelastine | triamcinolone | tetracaine | olopatadine | diphenhydramine | benadryl | cetirizine | allegra | fexofenadine | zyrtec | levocetirizine,prednisone | promethazine | cyproheptadine | triamcinolone | azelastine | phenergan,all,False,False,xgb_ranker,xgb_ranker,verified_742,1000,558,558,1000,0,0,0,0.8,0.6666666666666666,1.0,0.8539316501572934,0.5,0.8333333333333334,1.0,0.8493587936665264,0.3,1.0,1.0,0.9337676022490267,1.0,1.0,1.0,1.0,0.0,0.0,0.0,1.0
label_core_rerank,eval_0284,doxycycline | prednisone | azithromycin | rocephin | ceftriaxone | sulfamethoxazole / trimethoprim | zithromax | ceftin | avelox | moxifloxacin | amoxicillin | amoxil | amoxicillin / clavulanate | biaxin xl | augmentin | dexamethasone | cefuroxime | clarithromycin | ciprofloxacin | erythromycin,doxycycline | azithromycin | prednisone | sulfamethoxazole / trimethoprim | ceftriaxone,all,False,False,xgb_ranker,xgb_ranker,verified_742,1000,319,319,1000,0,0,0,0.8,0.8,1.0,0.8191577303746509,0.5,1.0,1.0,0.9137949195204103,0.25,1.0,1.0,0.9137949195204103,1.0,1.0,1.0,1.0,0.0,0.0,0.0,1.0
label_core_rerank,eval_0281,doxycycline | prednisone | metronidazole | azithromycin | rocephin | dapsone | ceftriaxone | zyvox | linezolid | filgrastim | neupogen | fluconazole | clindamycin | tobramycin | vancocin hcl | cefotaxime | gentamicin | lefamulin | pyrimethamine | ferralet 90,doxycycline | azithromycin,all,False,False,xgb_ranker,xgb_ranker,verified_742,1000,132,132,1000,0,0,0,0.4,1.0,1.0,0.7724397457735779,0.2,1.0,1.0,0.7724397457735779,0.1,1.0,1.0,0.7724397457735779,1.0,1.0,1.0,1.0,0.0,0.0,0.0,1.0
label_core_rerank,eval_0269,liraglutide | gabapentin | victoza | tretinoin | clobetasol | desmopressin | pregabalin | pramlintide | humulin r u-500 (concentrated) | duloxetine | nortriptyline | cymbalta | chromium picolinate | byetta | symlin | topiramate | exubera | insulin isophane | ddavp | novolog mix 70 / 30,liraglutide | victoza,all,False,False,xgb_ranker,xgb_ranker,verified_742,1000,228,228,1000,0,0,0,0.4,1.0,1.0,0.9197207891481876,0.2,1.0,1.0,0.9197207891481876,0.1,1.0,1.0,0.9197207891481876,1.0,1.0,1.0,1.0,0.0,0.0,0.0,1.0
label_core_rerank,eval_0270,cefadroxil | retapamulin | altabax | mupirocin | cefuroxime | sulconazole | ammoniated mercury | ozenoxacin | cobicistat / elvitegravir / emtricitabine / tenofovir | stribild | dexbrompheniramine / pseudoephedrine | drixoral cold and allergy | valacyclovir | efavirenz / emtricitabine / tenofovir | valtrex | atripla | aciphex | chlorpheniramine / hydrocodone | tussionex pennkinetic | ondansetron,cefuroxime | mupirocin | retapamulin,all,False,False,xgb_ranker,xgb_ranker,verified_742,1000,8,8,1000,0,0,0,0.6,1.0,1.0,0.6717573587424964,0.3,1.0,1.0,0.6717573587424964,0.15,1.0,1.0,0.6717573587424964,0.5,1.0,1.0,1.0,0.0,0.0,0.0,1.0
label_core_rerank,eval_0280,doxycycline | clindamycin | cephalexin | bactrim | sulfamethoxazole / trimethoprim | minocycline | keflex | doxy 100 | bactrim ds | vibramycin | septra | septra ds | smz-tmp ds | doryx | isotretinoin | accutane | benzoyl peroxide / clindamycin | tretinoin | adapalene / benzoyl peroxide | epiduo,doxycycline | clindamycin | minocycline,all,False,False,xgb_ranker,xgb_ranker,verified_742,888,420,420,888,0,0,0,0.4,0.6666666666666666,1.0,0.7653606369886218,0.3,1.0,1.0,0.932521091954824,0.15,1.0,1.0,0.932521091954824,1.0,1.0,1.0,1.0,0.0,0.0,0.0,1.0
label_core_rerank,eval_0287,lorazepam | ativan | onabotulinumtoxina | botox | gabapentin | amitriptyline | sumatriptan | opium | ondansetron | zofran | dimenhydrinate | cholestyramine | doxycycline | alosetron | dramamine | promethazine | emend | aprepitant | lotronex | loperamide,onabotulinumtoxina | gabapentin | amitriptyline,all,False,False,xgb_ranker,xgb_ranker,verified_742,265,155,147,257,0,0,0,0.4,0.6666666666666666,1.0,0.41618115554873086,0.3,1.0,1.0,0.5833416105149332,0.15,1.0,1.0,0.5833416105149332,0.3333333333333333,1.0,1.0,1.0,0.0,0.0,0.0,1.0
label_core_rerank,eval_0273,propranolol | clonidine | verapamil | benicar | atenolol | catapres | nadolol | corgard | innopran xl | olmesartan | metoprolol | verelan pm | inderal | tenormin | calan sr | lisinopril | amlodipine | inderal la | norvasc | prinivil,propranolol | clonidine,all,False,False,xgb_ranker,xgb_ranker,verified_742,1000,433,433,1000,0,0,0,0.4,1.0,1.0,1.0,0.2,1.0,1.0,1.0,0.1,1.0,1.0,1.0,1.0,1.0,1.0,1.0,0.0,0.0,0.0,1.0
label_core_rerank,eval_0292,diclofenac | tramadol | stelara | acetaminophen / hydrocodone | enbrel | ustekinumab | doxycycline | etanercept | prednisone | lortab | ketoprofen | norco | indomethacin | valdecoxib | voltaren | duloxetine | cataflam | cymbalta | naprelan | probenecid,diclofenac,all,False,False,xgb_ranker,xgb_ranker,verified_742,255,255,255,255,0,0,0,0.2,1.0,1.0,1.0,0.1,1.0,1.0,1.0,0.05,1.0,1.0,1.0,1.0,1.0,1.0,1.0,0.0,0.0,0.0,1.0
label_core_rerank,eval_0278,doxycycline | azithromycin | rocephin | acidophilus | methenamine | ceftriaxone | zyvox | linezolid | hiprex | lactobacillus acidophilus | fluconazole | cephalexin | doripenem | gentamicin | bactrim | sulfamethoxazole / trimethoprim | minocycline | ceftin | avelox | moxifloxacin,doxycycline | azithromycin | bactrim | fluconazole,all,False,False,xgb_ranker,xgb_ranker,verified_742,481,287,287,481,0,0,0,0.4,0.5,1.0,0.4829420709752337,0.2,0.5,1.0,0.4829420709752337,0.2,1.0,1.0,0.7178836443702017,1.0,1.0,1.0,1.0,0.0,0.0,0.0,1.0
label_core_rerank,eval_0297,aciphex | rabeprazole | calcium carbonate / simethicone | prevacid | axid ar | nexium 24hr | prilosec otc | aluminum hydroxide / magnesium hydroxide / simethicone | nizatidine | protonix iv | omeprazole / sodium bicarbonate | axid | mylanta | ranitidine | zegerid | pepcid ac chewable tablets | dexlansoprazole | lansoprazole | zantac | kapidex,aciphex | dexlansoprazole | rabeprazole,all,False,False,xgb_ranker,xgb_ranker,verified_742,222,45,45,222,0,0,0,0.4,0.6666666666666666,1.0,0.7653606369886218,0.2,0.6666666666666666,1.0,0.7653606369886218,0.15,1.0,1.0,0.8778995257840894,1.0,1.0,1.0,1.0,0.0,0.0,0.0,1.0
label_core_rerank,eval_0296,elocon | clobetasol | stelara | enbrel | ustekinumab | desonide | doxycycline | etanercept | prednisone | flurandrenolide | cordran tape | clocortolone | clobex | cloderm | thiothixene | desowen | methylprednisolone | adalimumab | mometasone | betamethasone,prednisone | enbrel,all,False,False,xgb_ranker,xgb_ranker,verified_742,164,164,164,164,0,0,0,0.2,0.5,1.0,0.3031610197508214,0.2,1.0,1.0,0.44442799261065036,0.1,1.0,1.0,0.44442799261065036,0.25,1.0,1.0,1.0,0.0,0.0,0.0,1.0
label_core_rerank,eval_0291,gabapentin | amitriptyline | doxycycline | ceftriaxone | cefotaxime | lansoprazole | sulfamethoxazole / trimethoprim | minocycline | dexamethasone | pyridoxine | ciprofloxacin | erythromycin | lorazepam | ativan | sumatriptan | opium | ondansetron | zofran | dimenhydrinate | cholestyramine,doxycycline,all,False,False,xgb_ranker,xgb_ranker,verified_742,956,145,145,956,0,0,0,0.2,1.0,1.0,0.5,0.1,1.0,1.0,0.5,0.05,1.0,1.0,0.5,0.3333333333333333,1.0,1.0,1.0,0.0,0.0,0.0,1.0
label_core_rerank,eval_0290,doxycycline | prednisone | azithromycin | rocephin | aclidinium | tudorza pressair | xopenex | methylprednisolone | omalizumab | ceftriaxone | mometasone | xolair | levalbuterol | primatene mist | accolate | intal inhaler | zafirlukast | guaifenesin | epinephrine | ipratropium inhalation solution,prednisone,all,False,False,xgb_ranker,xgb_ranker,verified_742,505,221,221,505,0,0,0,0.2,1.0,1.0,0.6309297535714575,0.1,1.0,1.0,0.6309297535714575,0.05,1.0,1.0,0.6309297535714575,0.5,1.0,1.0,1.0,0.0,0.0,0.0,1.0
label_core_rerank,eval_0300,diclofenac | prednisone | methylprednisolone | adalimumab | humira | cellcept | infliximab | remicade | mycophenolate mofetil | hydrocortisone | triamcinolone | golimumab | simponi | dexamethasone | famotidine / ibuprofen | duexis | vimovo | azathioprine | esomeprazole / naproxen | imuran,adalimumab | humira,all,False,False,xgb_ranker,xgb_ranker,verified_742,325,311,259,273,0,0,0,0.4,1.0,1.0,0.5012658353418872,0.2,1.0,1.0,0.5012658353418872,0.1,1.0,1.0,0.5012658353418872,0.25,1.0,1.0,1.0,0.0,0.0,0.0,1.0
label_core_rerank,eval_0294,doxycycline | prednisone | metronidazole | azithromycin | rocephin | dapsone | ceftriaxone | zyvox | linezolid | filgrastim | neupogen | fluconazole | clindamycin | tobramycin | pyrimethamine | xenleta | gentamicin | lefamulin | ferralet 90 | cefotaxime,doxycycline | azithromycin,all,False,False,xgb_ranker,xgb_ranker,verified_742,1000,132,132,1000,0,0,0,0.4,1.0,1.0,0.7724397457735779,0.2,1.0,1.0,0.7724397457735779,0.1,1.0,1.0,0.7724397457735779,1.0,1.0,1.0,1.0,0.0,0.0,0.0,1.0
label_core_rerank,eval_0293,doxycycline | chlorpromazine | thorazine | haloperidol | haldol | lithium | allopurinol | clindamycin | coartem | artemether / lumefantrine | divalproex sodium | fansidar | daraprim | stavzor | halfan | halofantrine | pyrimethamine | pyrimethamine / sulfadoxine | depakote er | hydroxychloroquine,doxycycline | sulfamethoxazole / trimethoprim,all,False,False,xgb_ranker,xgb_ranker,verified_742,991,174,174,991,0,0,0,0.2,0.5,1.0,0.7039180890341347,0.1,0.5,1.0,0.7039180890341347,0.05,0.5,1.0,0.7039180890341347,1.0,1.0,1.0,1.0,0.0,0.0,0.0,1.0
label_core_rerank,eval_0298,gabapentin | pregabalin | nortriptyline | topiramate | lyrica | neurontin | topamax | lisinopril | amitriptyline | prednisone | clonidine | catapres | onabotulinumtoxina | botox | metoclopramide | reglan | insulin regular | sodium bicarbonate | fosinopril | dexamethasone,topiramate | amitriptyline,all,False,False,xgb_ranker,xgb_ranker,verified_742,1000,399,399,1000,0,0,0,0.2,0.5,1.0,0.3031610197508214,0.2,1.0,1.0,0.44442799261065036,0.1,1.0,1.0,0.44442799261065036,0.25,1.0,1.0,1.0,0.0,0.0,0.0,1.0
label_core_rerank,eval_0286,amitriptyline | elavil | doxycycline | ceftriaxone | ampicillin | sulfamethoxazole / trimethoprim | ciprofloxacin | cipro | azithromycin | allopurinol | risperdal | risperidone | venlafaxine | phosphorated carbohydrate solution | lactobacillus acidophilus | hydroxyzine | minocycline | atarax | memantine | ofloxacin,doxycycline | sulfamethoxazole / trimethoprim | sumatriptan | azithromycin,all,False,False,xgb_ranker,xgb_ranker,verified_742,1000,471,471,907,0,0,0,0.2,0.25,1.0,0.14805728754340064,0.3,0.75,1.0,0.39541386657785715,0.15,0.75,1.0,0.39541386657785715,0.3333333333333333,1.0,1.0,1.0,0.0,0.0,0.0,1.0
label_core_rerank,eval_0289,lorazepam | ativan | baclofen | onabotulinumtoxina | botox | dysport | abobotulinumtoxina | lioresal | myobloc | botulinum toxin type b | xeomin | incobotulinumtoxina | acetaminophen | tadalafil | propranolol | sildenafil | dextroamphetamine | dexedrine | spironolactone | azor,baclofen,all,False,False,xgb_ranker,xgb_ranker,verified_742,438,12,12,438,0,0,0,0.2,1.0,1.0,0.5,0.1,1.0,1.0,0.5,0.05,1.0,1.0,0.5,0.3333333333333333,1.0,1.0,1.0,0.0,0.0,0.0,1.0
verified_learned_rerank,eval_0011,doxycycline | clindamycin | cephalexin | bactrim | sulfamethoxazole / trimethoprim | minocycline | keflex | doxy 100 | bactrim ds | vibramycin | septra | septra ds | smz-tmp ds | isotretinoin | accutane | benzoyl peroxide / clindamycin | tretinoin | adapalene / benzoyl peroxide | epiduo | magnesium hydroxide,doxycycline | clindamycin | sulfamethoxazole / trimethoprim,all,False,True,xgb_ranker,xgb_ranker,verified_742,420,273,273,420,0,0,0,0.6,1.0,1.0,0.9615980861491925,0.3,1.0,1.0,0.9615980861491925,0.15,1.0,1.0,0.9615980861491925,1.0,1.0,1.0,1.0,0.0,0.0,0.0,1.0
verified_learned_rerank,eval_0006,prednisone | hydrocortisone | triamcinolone | dexamethasone | ciprofloxacin | calcium carbonate | prednisolone | elocon | clobetasol | desonide | doxycycline | flurandrenolide | cordran tape | clocortolone | azithromycin | clobex | cloderm | ceftriaxone | mometasone | betamethasone,ciprofloxacin,all,False,True,xgb_ranker,xgb_ranker,verified_742,1000,80,80,1000,0,0,0,0.2,1.0,1.0,0.38685280723454163,0.1,1.0,1.0,0.38685280723454163,0.05,1.0,1.0,0.38685280723454163,0.2,1.0,1.0,1.0,0.0,0.0,0.0,1.0
verified_learned_rerank,eval_0009,doxycycline | prednisone | azithromycin | rocephin | aclidinium | tudorza pressair | xopenex | methylprednisolone | omalizumab | ceftriaxone | mometasone | xolair | levalbuterol | primatene mist | intal inhaler | accolate | zafirlukast | guaifenesin | epinephrine | ipratropium inhalation solution,prednisone,all,False,True,xgb_ranker,xgb_ranker,verified_742,1000,221,221,1000,0,0,0,0.2,1.0,1.0,0.6309297535714574,0.1,1.0,1.0,0.6309297535714574,0.05,1.0,1.0,0.6309297535714574,0.5,1.0,1.0,1.0,0.0,0.0,0.0,1.0
verified_learned_rerank,eval_0016,isotretinoin | accutane | benzoyl peroxide / clindamycin | tretinoin | adapalene / benzoyl peroxide | epiduo | magnesium hydroxide | claravis | benzaclin | spironolactone | doxycycline | phillips' milk of magnesia | duac | retin-a | dapsone | aczone | clindamycin / tretinoin | drospirenone / ethinyl estradiol | onexton | benzoyl peroxide / sulfur,isotretinoin | accutane | adapalene / benzoyl peroxide,all,False,True,xgb_ranker,xgb_ranker,verified_742,726,273,273,726,0,0,0,0.6,1.0,1.0,0.9469024295259745,0.3,1.0,1.0,0.9469024295259745,0.15,1.0,1.0,0.9469024295259745,1.0,1.0,1.0,1.0,0.0,0.0,0.0,1.0
verified_learned_rerank,eval_0019,doxycycline | ibuprofen | naproxen | triamcinolone | flanax pain reliever | aleve | naprosyn | cephalexin | bactrim | sulfamethoxazole / trimethoprim | oxybutynin | avelox | moxifloxacin | doxy 100 | sucralfate | ditropan xl | ciprofloxacin | levofloxacin | bactrim ds | levaquin,naproxen | triamcinolone,all,False,True,xgb_ranker,xgb_ranker,verified_742,273,273,273,273,0,0,0,0.4,1.0,1.0,0.5706417189553201,0.2,1.0,1.0,0.5706417189553201,0.1,1.0,1.0,0.5706417189553201,0.3333333333333333,1.0,1.0,1.0,0.0,0.0,0.0,1.0
verified_learned_rerank,eval_0010,elocon | clobetasol | stelara | enbrel | ustekinumab | desonide | doxycycline | etanercept | prednisone | flurandrenolide | cordran tape | clocortolone | clobex | cloderm | thiothixene | desowen | methylprednisolone | adalimumab | mometasone | betamethasone,prednisone | enbrel,all,False,True,xgb_ranker,xgb_ranker,verified_742,882,164,164,882,0,0,0,0.2,0.5,1.0,0.3031610197508214,0.2,1.0,1.0,0.44442799261065036,0.1,1.0,1.0,0.44442799261065036,0.25,1.0,1.0,1.0,0.0,0.0,0.0,1.0
verified_learned_rerank,eval_0002,doxycycline | prednisone | azithromycin | rocephin | ceftriaxone | sulfamethoxazole / trimethoprim | zithromax | ceftin | avelox | moxifloxacin | amoxicillin | amoxil | amoxicillin / clavulanate | biaxin xl | augmentin | dexamethasone | cefuroxime | clarithromycin | ciprofloxacin | erythromycin,prednisone,all,False,True,xgb_ranker,xgb_ranker,verified_742,734,221,221,734,0,0,0,0.2,1.0,1.0,0.6309297535714574,0.1,1.0,1.0,0.6309297535714574,0.05,1.0,1.0,0.6309297535714574,0.5,1.0,1.0,1.0,0.0,0.0,0.0,1.0
verified_learned_rerank,eval_0017,doxycycline | prednisone | azithromycin | methylprednisolone | mometasone | epinephrine | ampicillin | budesonide | kenalog-40 | augmentin xr | triamcinolone | bactrim | medrol dosepak | sulfamethoxazole / trimethoprim | flunisolide | zithromax | ceftin | cedax | ceftibuten | singulair,prednisone | methylprednisolone,all,False,True,xgb_ranker,xgb_ranker,verified_742,1000,681,681,1000,0,0,0,0.4,1.0,1.0,0.6509209298071326,0.2,1.0,1.0,0.6509209298071326,0.1,1.0,1.0,0.6509209298071326,0.5,1.0,1.0,1.0,0.0,0.0,0.0,1.0
verified_learned_rerank,eval_0020,clonazepam | klonopin | propranolol | rizatriptan | treximet | lamotrigine | gabapentin | naproxen / sumatriptan | amitriptyline | relpax | maxalt | eletriptan | acetaminophen / butalbital / caffeine | frovatriptan | sumatriptan | bupropion | aspirin / butalbital / caffeine | diclofenac | frova | maxalt-mlt,propranolol,all,False,True,xgb_ranker,xgb_ranker,verified_742,1000,179,179,947,0,0,0,0.2,1.0,1.0,0.5,0.1,1.0,1.0,0.5,0.05,1.0,1.0,0.5,0.3333333333333333,1.0,1.0,0.0,0.0,0.0,0.0,1.0
verified_learned_rerank,eval_0021,propranolol | verapamil | nitro-bid | aspirin | epinephrine | nitroglycerin | enoxaparin | lovenox | atenolol | nadolol | corgard | angiomax | bayer aspirin extra strength plus | streptokinase | dalteparin | fragmin | bivalirudin | warfarin | plavix | metoprolol,metoprolol,all,False,True,xgb_ranker,xgb_ranker,verified_742,1000,90,90,1000,0,0,0,0.0,0.0,0.0,0.0,0.0,0.0,0.0,0.0,0.05,1.0,1.0,0.22767024869695296,0.05,1.0,1.0,1.0,0.0,0.0,0.0,1.0
verified_learned_rerank,eval_0012,clonazepam | propranolol | gabapentin | amitriptyline | sumatriptan | diclofenac | prednisone | clonidine | lithium | nortriptyline | verapamil | elavil | zolmitriptan | atenolol | nadolol | corgard | divalproex sodium | nimodipine | depakote er | metoprolol,propranolol,all,False,True,xgb_ranker,xgb_ranker,verified_742,1000,179,179,1000,0,0,0,0.2,1.0,1.0,0.6309297535714574,0.1,1.0,1.0,0.6309297535714574,0.05,1.0,1.0,0.6309297535714574,0.5,1.0,1.0,1.0,0.0,0.0,0.0,1.0
verified_learned_rerank,eval_0008,clonazepam | klonopin | propranolol | rizatriptan | treximet | lamotrigine | gabapentin | naproxen / sumatriptan | amitriptyline | relpax | maxalt | eletriptan | acetaminophen / butalbital / caffeine | frovatriptan | sumatriptan | bupropion | aspirin / butalbital / caffeine | diclofenac | frova | maxalt-mlt,gabapentin | propranolol,all,False,True,xgb_ranker,xgb_ranker,verified_742,1000,179,179,1000,0,0,0,0.2,0.5,1.0,0.35195904451706733,0.2,1.0,1.0,0.5083852865246528,0.1,1.0,1.0,0.5083852865246528,0.3333333333333333,1.0,1.0,1.0,0.0,0.0,0.0,1.0
verified_learned_rerank,eval_0005,cyproheptadine | promethazine | prednisone | chlor-trimeton | phenergan | chlorpheniramine | epinephrine | ranitidine | carbinoxamine | azelastine | triamcinolone | tetracaine | olopatadine | diphenhydramine | benadryl | cetirizine | allegra | fexofenadine | zyrtec | levocetirizine,promethazine | cyproheptadine,all,False,True,xgb_ranker,xgb_ranker,verified_742,1000,558,517,958,0,0,0,0.4,1.0,1.0,1.0,0.2,1.0,1.0,1.0,0.1,1.0,1.0,1.0,1.0,1.0,1.0,1.0,0.0,0.0,0.0,1.0
verified_learned_rerank,eval_0027,doxycycline | ibuprofen | naproxen | triamcinolone | flanax pain reliever | aleve | naprosyn | diclofenac | tramadol | stelara | acetaminophen / hydrocodone | enbrel | ustekinumab | etanercept | prednisone | lortab | ketoprofen | norco | indomethacin | valdecoxib,diclofenac | naproxen | triamcinolone,all,False,True,xgb_ranker,xgb_ranker,verified_742,273,273,273,273,0,0,0,0.4,0.6666666666666666,1.0,0.4007190842355906,0.3,1.0,1.0,0.5613212351841308,0.15,1.0,1.0,0.5613212351841308,0.3333333333333333,1.0,1.0,1.0,0.0,0.0,0.0,1.0
verified_learned_rerank,eval_0007,amitriptyline | venlafaxine | elavil | memantine | propranolol | spironolactone | clonidine | verapamil | benicar | atenolol | catapres | nadolol | corgard | innopran xl | olmesartan | metoprolol | verelan pm | inderal | tenormin | calan sr,propranolol | clonidine | amitriptyline | elavil,all,False,True,xgb_ranker,xgb_ranker,verified_742,1000,600,471,698,0,0,0,0.6,0.75,1.0,0.7803208329297955,0.4,1.0,1.0,0.8722223468555713,0.2,1.0,1.0,0.8722223468555713,1.0,1.0,1.0,1.0,0.0,0.0,0.0,1.0
verified_learned_rerank,eval_0034,prednisone | methylprednisolone | cellcept | mycophenolate mofetil | hydrocortisone | triamcinolone | dexamethasone | azathioprine | imuran | betamethasone | medrol dosepak | pancreatin | diclofenac | adalimumab | humira | infliximab | remicade | golimumab | simponi | famotidine / ibuprofen,prednisone | methylprednisolone | triamcinolone | adalimumab | humira | infliximab | remicade,all,False,True,xgb_ranker,xgb_ranker,verified_742,672,346,346,672,0,0,0,0.4,0.2857142857142857,1.0,0.5531464700081437,0.3,0.42857142857142855,1.0,0.546216915252498,0.35,1.0,1.0,0.8184602169811083,1.0,1.0,1.0,1.0,0.0,0.0,0.0,1.0
verified_learned_rerank,eval_0036,doxycycline | prednisone | methotrexate | minocycline | dexamethasone | chloramphenicol | stelara | enbrel | ustekinumab | etanercept | methylprednisolone | adalimumab | betamethasone | humira | infliximab | remicade | hydrocortisone | kenalog-40 | triamcinolone | kenalog-10,doxycycline | prednisone,all,False,True,xgb_ranker,xgb_ranker,verified_742,952,544,544,952,0,0,0,0.4,1.0,1.0,1.0,0.2,1.0,1.0,1.0,0.1,1.0,1.0,1.0,1.0,1.0,1.0,1.0,0.0,0.0,0.0,1.0
verified_learned_rerank,eval_0037,baclofen | onabotulinumtoxina | botox | lioresal | lorazepam | ativan | abobotulinumtoxina | dysport | botulinum toxin type b | myobloc | incobotulinumtoxina | xeomin | diclofenac | tramadol | stelara | acetaminophen / hydrocodone | enbrel | ustekinumab | doxycycline | etanercept,diclofenac | onabotulinumtoxina | botox,all,False,True,xgb_ranker,xgb_ranker,verified_742,570,267,267,570,0,0,0,0.4,0.6666666666666666,1.0,0.4298593499260986,0.2,0.6666666666666666,1.0,0.4298593499260986,0.15,1.0,1.0,0.579606526573812,0.5,1.0,1.0,1.0,0.0,0.0,0.0,1.0
verified_learned_rerank,eval_0023,clonidine | catapres | hytrin | terazosin | aluminum chloride hexahydrate | drysol | gabapentin | amitriptyline | hypercare | propylthiouracil | sodium iodide-i-131 | xerac ac | pima | potassium iodide | tapazole | oxybutynin | onabotulinumtoxina | botox | benztropine | methimazole,thyroid desiccated | armour thyroid | levothyroxine,all,False,True,xgb_ranker,xgb_ranker,verified_742,824,352,81,553,0,0,0,0.0,0.0,0.0,0.0,0.0,0.0,0.0,0.0,0.0,0.0,0.0,0.0,0.0,1.0,1.0,1.0,0.0,0.0,0.0,1.0
verified_learned_rerank,eval_0039,doxycycline | prednisone | azithromycin | methylprednisolone | mometasone | epinephrine | ampicillin | budesonide | kenalog-40 | augmentin xr | triamcinolone | bactrim | medrol dosepak | sulfamethoxazole / trimethoprim | flunisolide | zithromax | ceftin | cedax | ceftibuten | singulair,prednisone | methylprednisolone,all,False,True,xgb_ranker,xgb_ranker,verified_742,1000,681,681,1000,0,0,0,0.4,1.0,1.0,0.6509209298071326,0.2,1.0,1.0,0.6509209298071326,0.1,1.0,1.0,0.6509209298071326,0.5,1.0,1.0,1.0,0.0,0.0,0.0,1.0
verified_learned_rerank,eval_0029,doxycycline | prednisone | azithromycin | rocephin | aclidinium | tudorza pressair | xopenex | methylprednisolone | omalizumab | ceftriaxone | mometasone | xolair | levalbuterol | primatene mist | accolate | zafirlukast | intal inhaler | guaifenesin | epinephrine | ampicillin,prednisone,all,False,True,xgb_ranker,xgb_ranker,verified_742,1000,221,221,1000,0,0,0,0.2,1.0,1.0,0.6309297535714574,0.1,1.0,1.0,0.6309297535714574,0.05,1.0,1.0,0.6309297535714574,0.5,1.0,1.0,1.0,0.0,0.0,0.0,1.0
verified_learned_rerank,eval_0033,cefadroxil | retapamulin | altabax | mupirocin | cefuroxime | ammoniated mercury | sulconazole | ozenoxacin | isotretinoin | accutane | valacyclovir | valtrex | benzoyl peroxide / clindamycin | tretinoin | elocon | adapalene / benzoyl peroxide | epiduo | clobetasol | stelara | magnesium hydroxide,cefuroxime | mupirocin | retapamulin,all,False,True,xgb_ranker,xgb_ranker,verified_742,731,8,8,731,0,0,0,0.6,1.0,1.0,0.6797310500037657,0.3,1.0,1.0,0.6797310500037657,0.15,1.0,1.0,0.6797310500037657,0.5,1.0,1.0,1.0,0.0,0.0,0.0,1.0
verified_learned_rerank,eval_0041,doxycycline | azithromycin | rocephin | acidophilus | methenamine | ceftriaxone | zyvox | linezolid | hiprex | lactobacillus acidophilus | fluconazole | cephalexin | doripenem | gentamicin | bactrim | sulfamethoxazole / trimethoprim | minocycline | ceftin | avelox | moxifloxacin,doxycycline | azithromycin | sulfamethoxazole / trimethoprim | bactrim | fluconazole,all,False,True,xgb_ranker,xgb_ranker,verified_742,481,287,287,481,0,0,0,0.4,0.4,1.0,0.4063180457160617,0.2,0.4,1.0,0.4063180457160617,0.25,1.0,1.0,0.6954092773654924,1.0,1.0,1.0,1.0,0.0,0.0,0.0,1.0
verified_learned_rerank,eval_0018,clonazepam | klonopin | propranolol | rizatriptan | treximet | lamotrigine | gabapentin | naproxen / sumatriptan | amitriptyline | relpax | maxalt | eletriptan | acetaminophen / butalbital / caffeine | frovatriptan | sumatriptan | bupropion | aspirin / butalbital / caffeine | diclofenac | frova | maxalt-mlt,gabapentin | propranolol,all,False,True,xgb_ranker,xgb_ranker,verified_742,1000,179,179,1000,0,0,0,0.2,0.5,1.0,0.35195904451706733,0.2,1.0,1.0,0.5083852865246528,0.1,1.0,1.0,0.5083852865246528,0.3333333333333333,1.0,1.0,1.0,0.0,0.0,0.0,1.0
verified_learned_rerank,eval_0045,rabeprazole | omeprazole / sodium bicarbonate | ranitidine | lansoprazole | zantac | esomeprazole | protonix | nexium | sucralfate | cimetidine | omeprazole | pantoprazole | carafate | pepcid | calcium carbonate | famotidine | diclofenac | prednisone | clonidine | chlordiazepoxide / clidinium,rabeprazole | esomeprazole | lansoprazole,all,False,True,xgb_ranker,xgb_ranker,verified_742,660,109,109,660,0,0,0,0.4,0.6666666666666666,1.0,0.6713860725233042,0.3,1.0,1.0,0.8385465274895064,0.15,1.0,1.0,0.8385465274895064,1.0,1.0,1.0,1.0,0.0,0.0,0.0,1.0
verified_learned_rerank,eval_0047,cefadroxil | retapamulin | altabax | mupirocin | cefuroxime | ozenoxacin | ammoniated mercury | sulconazole,mupirocin | retapamulin,all,False,True,xgb_ranker,xgb_ranker,verified_742,8,8,8,8,0,0,0,0.4,1.0,1.0,0.6509209298071326,0.2,1.0,1.0,0.6509209298071326,0.1,1.0,1.0,0.6509209298071326,0.5,1.0,1.0,1.0,0.0,0.0,0.0,1.0
verified_learned_rerank,eval_0049,aciphex | rabeprazole | calcium carbonate / simethicone | prevacid | axid ar | nexium 24hr | prilosec otc | aluminum hydroxide / magnesium hydroxide / simethicone | nizatidine | protonix iv | omeprazole / sodium bicarbonate | mylanta | zegerid | pepcid ac chewable tablets | dexlansoprazole | lansoprazole | esomeprazole | dexilant | protonix | nexium,aciphex | dexlansoprazole | rabeprazole,all,False,True,xgb_ranker,xgb_ranker,verified_742,1000,45,45,1000,0,0,0,0.4,0.6666666666666666,1.0,0.7653606369886218,0.2,0.6666666666666666,1.0,0.7653606369886218,0.15,1.0,1.0,0.8826803184943108,1.0,1.0,1.0,1.0,0.0,0.0,0.0,1.0
verified_learned_rerank,eval_0054,doxycycline | prednisone | azithromycin | methylprednisolone | mometasone | epinephrine | ampicillin | budesonide | kenalog-40 | augmentin xr | triamcinolone | bactrim | medrol dosepak | sulfamethoxazole / trimethoprim | flunisolide | zithromax | ceftin | ceftibuten | cedax | singulair,prednisone | methylprednisolone,all,False,True,xgb_ranker,xgb_ranker,verified_742,1000,681,681,1000,0,0,0,0.4,1.0,1.0,0.6509209298071326,0.2,1.0,1.0,0.6509209298071326,0.1,1.0,1.0,0.6509209298071326,0.5,1.0,1.0,1.0,0.0,0.0,0.0,1.0
verified_learned_rerank,eval_0053,doxycycline | prednisone | azithromycin | methylprednisolone | mometasone | epinephrine | ampicillin | budesonide | kenalog-40 | augmentin xr | triamcinolone | bactrim | medrol dosepak | sulfamethoxazole / trimethoprim | flunisolide | zithromax | ceftin | cedax | ceftibuten | singulair,prednisone | methylprednisolone,all,False,True,xgb_ranker,xgb_ranker,verified_742,1000,681,681,1000,0,0,0,0.4,1.0,1.0,0.6509209298071326,0.2,1.0,1.0,0.6509209298071326,0.1,1.0,1.0,0.6509209298071326,0.5,1.0,1.0,1.0,0.0,0.0,0.0,1.0
verified_learned_rerank,eval_0058,doxycycline | lithium | chlorpromazine | allopurinol | clindamycin | coartem | artemether / lumefantrine | divalproex sodium | halfan | halofantrine | daraprim | fansidar | pyrimethamine / sulfadoxine | pyrimethamine | stavzor | depakote er | thorazine | hydroxychloroquine | depakote | risperdal,doxycycline | clindamycin,all,False,True,xgb_ranker,xgb_ranker,verified_742,1000,34,34,1000,0,0,0,0.4,1.0,1.0,0.8854598815714874,0.2,1.0,1.0,0.8854598815714874,0.1,1.0,1.0,0.8854598815714874,1.0,1.0,1.0,1.0,0.0,0.0,0.0,1.0
verified_learned_rerank,eval_0030,prednisone | omalizumab | xolair | epinephrine | aristocort | triamcinolone | cromolyn | deltasone | prednisolone | cyproheptadine | promethazine | chlor-trimeton | phenergan | chlorpheniramine | ranitidine | carbinoxamine | azelastine | tetracaine | olopatadine | diphenhydramine,prednisone | promethazine | cyproheptadine | methylprednisolone,all,False,True,xgb_ranker,xgb_ranker,verified_742,1000,288,288,951,0,0,0,0.2,0.25,1.0,0.2961145750868013,0.2,0.5,1.0,0.4245090374132933,0.15,0.75,1.0,0.5484076451507108,1.0,1.0,1.0,1.0,0.0,0.0,0.0,1.0
verified_learned_rerank,eval_0051,doxycycline | prednisone | azithromycin | rocephin | methylprednisolone | ceftriaxone | mometasone | epinephrine | ampicillin | budesonide | kenalog-40 | augmentin xr | triamcinolone | bactrim | medrol dosepak | sulfamethoxazole / trimethoprim | flunisolide | zithromax | ceftin | cedax,prednisone,all,False,True,xgb_ranker,xgb_ranker,verified_742,1000,221,221,1000,0,0,0,0.2,1.0,1.0,0.6309297535714575,0.1,1.0,1.0,0.6309297535714575,0.05,1.0,1.0,0.6309297535714575,0.5,1.0,1.0,1.0,0.0,0.0,0.0,1.0
verified_learned_rerank,eval_0050,doxycycline | prednisone | azithromycin | rocephin | aclidinium | tudorza pressair | xopenex | methylprednisolone | omalizumab | ceftriaxone | mometasone | xolair | levalbuterol | primatene mist | accolate | zafirlukast | intal inhaler | guaifenesin | epinephrine | ipratropium inhalation solution,prednisone,all,False,True,xgb_ranker,xgb_ranker,verified_742,536,221,221,536,0,0,0,0.2,1.0,1.0,0.6309297535714575,0.1,1.0,1.0,0.6309297535714575,0.05,1.0,1.0,0.6309297535714575,0.5,1.0,1.0,1.0,0.0,0.0,0.0,1.0
verified_learned_rerank,eval_0055,spironolactone | gabapentin | urea | amitriptyline | icosapent | vascepa | cyproheptadine | insulin regular | magnesium amino acids chelate | rocaltrol | prednisone | clonidine | magnesium oxide | glucose | pregabalin | sodium bicarbonate | magnesium gluconate | calcifediol | acetaminophen / phenyltoloxamine | nortriptyline,gabapentin | amitriptyline,all,False,True,xgb_ranker,xgb_ranker,verified_742,1000,236,236,1000,0,0,0,0.4,1.0,1.0,0.6509209298071326,0.2,1.0,1.0,0.6509209298071326,0.1,1.0,1.0,0.6509209298071326,0.5,1.0,1.0,1.0,0.0,0.0,0.0,1.0
verified_learned_rerank,eval_0059,doxycycline | prednisone | azithromycin | rocephin | ceftriaxone | sulfamethoxazole / trimethoprim | zithromax | ceftin | avelox | moxifloxacin | amoxicillin | amoxil | amoxicillin / clavulanate | biaxin xl | augmentin | dexamethasone | cefuroxime | clarithromycin | ciprofloxacin | erythromycin,prednisone,all,False,True,xgb_ranker,xgb_ranker,verified_742,1000,221,221,1000,0,0,0,0.2,1.0,1.0,0.6309297535714574,0.1,1.0,1.0,0.6309297535714574,0.05,1.0,1.0,0.6309297535714574,0.5,1.0,1.0,1.0,0.0,0.0,0.0,1.0
verified_learned_rerank,eval_0057,doxycycline | prednisone | triamcinolone | moxifloxacin | dexamethasone | ciprofloxacin | levofloxacin | aciphex | rabeprazole | calcium carbonate / simethicone | prevacid | axid ar | nexium 24hr | prilosec otc | aluminum hydroxide / magnesium hydroxide / simethicone | nizatidine | protonix iv | omeprazole / sodium bicarbonate | tagamet hb | mylanta,prednisone,all,False,True,xgb_ranker,xgb_ranker,verified_742,1000,323,323,1000,0,0,0,0.2,1.0,1.0,0.6309297535714575,0.1,1.0,1.0,0.6309297535714575,0.05,1.0,1.0,0.6309297535714575,0.5,1.0,1.0,1.0,0.0,0.0,0.0,1.0
verified_learned_rerank,eval_0042,prednisone | aristocort | triamcinolone | corticotropin | deltasone | acthar | loteprednol | lotemax | prednisolone | doxycycline | methylprednisolone | aspirin | kenalog-40 | medrol dosepak | amoxicillin | dexamethasone | canakinumab | diclofenac | tramadol | stelara,prednisone | triamcinolone | methylprednisolone,all,False,True,xgb_ranker,xgb_ranker,verified_742,796,322,322,796,0,0,0,0.4,0.6666666666666666,1.0,0.7039180890341348,0.2,0.6666666666666666,1.0,0.7039180890341348,0.15,1.0,1.0,0.834820079202332,1.0,1.0,1.0,1.0,0.0,0.0,0.0,1.0
verified_learned_rerank,eval_0070,doxycycline | prednisone | azithromycin | rocephin | methylprednisolone | ceftriaxone | mometasone | epinephrine | ampicillin | budesonide | kenalog-40 | augmentin xr | triamcinolone | bactrim | medrol dosepak | sulfamethoxazole / trimethoprim | flunisolide | zithromax | ceftin | ceftibuten,prednisone,all,False,True,xgb_ranker,xgb_ranker,verified_742,1000,221,221,977,0,0,0,0.2,1.0,1.0,0.6309297535714574,0.1,1.0,1.0,0.6309297535714574,0.05,1.0,1.0,0.6309297535714574,0.5,1.0,1.0,1.0,0.0,0.0,0.0,1.0
verified_learned_rerank,eval_0068,ephedrine | caffeine | prednisone | deltasone | phenylephrine | diltiazem | cardizem | cartia xt | cardizem cd | esmolol | clonidine | catapres | cyproheptadine | lisinopril | acetaminophen / phenyltoloxamine | acetaminophen / caffeine | excedrin tension headache | doxycycline | excedrin quick tab | azithromycin,prednisone | diltiazem,all,False,True,xgb_ranker,xgb_ranker,verified_742,1000,650,650,581,0,0,0,0.2,0.5,1.0,0.3065735963827292,0.2,1.0,1.0,0.5249810332008934,0.1,1.0,1.0,0.5249810332008934,0.3333333333333333,1.0,1.0,1.0,0.0,0.0,0.0,1.0
verified_learned_rerank,eval_0072,proctofoam | pramoxine | dibucaine | nupercainal | hydrocortisone | proctofoam hc | proctosol-hc | pramoxine / zinc oxide | tronolane anesthetic for hemorrhoids | hydrocortisone / pramoxine | analpram-hc | hydrocortisone / lidocaine | phenylephrine | lmx 5 | pramosone | lidocaine | phenylephrine / pramoxine | recticare | anucort-hc | anusol-hc suppositories,hydrocortisone | pramoxine | proctofoam,all,False,True,xgb_ranker,xgb_ranker,verified_742,22,20,20,22,0,0,0,0.6,1.0,1.0,0.9615980861491925,0.3,1.0,1.0,0.9615980861491925,0.15,1.0,1.0,0.9615980861491925,1.0,1.0,1.0,1.0,0.0,0.0,0.0,1.0
verified_learned_rerank,eval_0069,doxycycline | triamcinolone | oxybutynin | prednisone | methylprednisolone | hydrocortisone | kenalog-40 | minocycline | dexamethasone | tetracycline | prednisolone | ibuprofen | naproxen | flanax pain reliever | aleve | naprosyn | stelara | enbrel | ustekinumab | etanercept,prednisone | methylprednisolone | triamcinolone | naproxen,all,False,True,xgb_ranker,xgb_ranker,verified_742,1000,294,294,1000,0,0,0,0.6,0.75,1.0,0.5654495432396527,0.3,0.75,1.0,0.5654495432396527,0.2,1.0,1.0,0.6679826818578746,0.5,1.0,1.0,1.0,0.0,0.0,0.0,1.0
verified_learned_rerank,eval_0048,doxycycline | prednisone | triamcinolone | minocycline | dexamethasone | tetracycline | cortisone | moxifloxacin | sucralfate | ciprofloxacin | levofloxacin | aciphex | rabeprazole | calcium carbonate / simethicone | prevacid | axid ar | nexium 24hr | prilosec otc | aluminum hydroxide / magnesium hydroxide / simethicone | nizatidine,prednisone | triamcinolone | moxifloxacin | ciprofloxacin,all,False,True,xgb_ranker,xgb_ranker,verified_742,1000,357,357,773,0,0,0,0.4,0.5,1.0,0.44149241373678083,0.4,1.0,1.0,0.6774887494560811,0.2,1.0,1.0,0.6774887494560811,0.5,1.0,1.0,1.0,0.0,0.0,0.0,1.0
verified_learned_rerank,eval_0066,diclofenac | tramadol | stelara | acetaminophen / hydrocodone | enbrel | ustekinumab | doxycycline | etanercept | prednisone | lortab | ketoprofen | norco | indomethacin | valdecoxib | voltaren | duloxetine | cataflam | cymbalta | naprelan | probenecid,diclofenac | tramadol,all,False,True,xgb_ranker,xgb_ranker,verified_742,273,255,255,273,0,0,0,0.4,1.0,1.0,1.0,0.2,1.0,1.0,1.0,0.1,1.0,1.0,1.0,1.0,1.0,1.0,1.0,0.0,0.0,0.0,1.0
verified_learned_rerank,eval_0074,cyproheptadine | promethazine | prednisone | chlor-trimeton | phenergan | chlorpheniramine | epinephrine | ranitidine | carbinoxamine | azelastine | triamcinolone | tetracaine | olopatadine | diphenhydramine | benadryl | cetirizine | allegra | fexofenadine | zyrtec | levocetirizine,promethazine | cyproheptadine,all,False,True,xgb_ranker,xgb_ranker,verified_742,1000,558,517,958,0,0,0,0.4,1.0,1.0,1.0,0.2,1.0,1.0,1.0,0.1,1.0,1.0,1.0,1.0,1.0,1.0,1.0,0.0,0.0,0.0,1.0
verified_learned_rerank,eval_0076,diclofenac | tramadol | stelara | acetaminophen / hydrocodone | enbrel | ustekinumab | doxycycline | etanercept | prednisone | lortab | ketoprofen | norco | indomethacin | valdecoxib | voltaren | duloxetine | cataflam | cymbalta | naprelan | probenecid,diclofenac | tramadol | acetaminophen / hydrocodone,all,False,True,xgb_ranker,xgb_ranker,verified_742,273,255,255,273,0,0,0,0.6,1.0,1.0,0.9736505918364026,0.3,1.0,1.0,0.9736505918364026,0.15,1.0,1.0,0.9736505918364026,1.0,1.0,1.0,1.0,0.0,0.0,0.0,1.0
verified_learned_rerank,eval_0061,tretinoin | doxycycline | minocycline | tetracycline | isotretinoin | accutane | benzoyl peroxide / clindamycin | adapalene / benzoyl peroxide | epiduo | magnesium hydroxide | claravis | benzaclin | spironolactone | phillips' milk of magnesia | duac | retin-a | dapsone | aczone | clindamycin / tretinoin | drospirenone / ethinyl estradiol,tretinoin | doxycycline | minocycline,all,False,True,xgb_ranker,xgb_ranker,verified_742,670,500,500,670,0,0,0,0.6,1.0,1.0,1.0,0.3,1.0,1.0,1.0,0.15,1.0,1.0,1.0,1.0,1.0,1.0,1.0,0.0,0.0,0.0,1.0
verified_learned_rerank,eval_0082,propylthiouracil | sodium iodide-i-131 | thyroid desiccated | westhroid | cenestin | estropipate | conjugated estrogens | armour thyroid | premarin | calcifediol | thyquidity | rayaldee | estradiol | esterified estrogens | tirosint | doxorubicin | levothyroxine | synthroid | cytomel | nature-throid,thyroid desiccated | armour thyroid | levothyroxine,all,False,True,xgb_ranker,xgb_ranker,verified_742,634,81,81,634,0,0,0,0.2,0.3333333333333333,1.0,0.19004688335796713,0.2,0.6666666666666666,1.0,0.30995311664203284,0.15,1.0,1.0,0.44667995222701307,0.3333333333333333,1.0,1.0,1.0,0.0,0.0,0.0,1.0
verified_learned_rerank,eval_0060,doxycycline | ibuprofen | naproxen | triamcinolone | flanax pain reliever | aleve | naprosyn | cephalexin | bactrim | sulfamethoxazole / trimethoprim | oxybutynin | avelox | moxifloxacin | doxy 100 | sucralfate | ditropan xl | ciprofloxacin | levofloxacin | bactrim ds | levaquin,naproxen,all,False,True,xgb_ranker,xgb_ranker,verified_742,273,273,273,273,0,0,0,0.2,1.0,1.0,0.5,0.1,1.0,1.0,0.5,0.05,1.0,1.0,0.5,0.3333333333333333,1.0,1.0,1.0,0.0,0.0,0.0,1.0
verified_learned_rerank,eval_0083,doxycycline | clindamycin | cephalexin | bactrim | sulfamethoxazole / trimethoprim | minocycline | keflex | doxy 100 | bactrim ds | vibramycin | septra | septra ds | smz-tmp ds | tretinoin | dexamethasone | spironolactone | dapsone | doryx | doxorubicin | tetracycline,tretinoin | doxycycline | spironolactone | liraglutide,all,False,True,xgb_ranker,xgb_ranker,verified_742,1000,646,646,794,0,0,0,0.2,0.25,1.0,0.4135568126659915,0.1,0.25,1.0,0.4135568126659915,0.15,0.75,1.0,0.5868612631929018,1.0,1.0,1.0,1.0,0.0,0.0,0.0,1.0
verified_learned_rerank,eval_0065,propylthiouracil | sodium iodide-i-131 | clonidine | thyroid desiccated | westhroid | cenestin | estropipate | conjugated estrogens | catapres | armour thyroid | premarin | calcifediol | thyquidity | rayaldee | estradiol | esterified estrogens | tirosint | doxorubicin | levothyroxine | onabotulinumtoxina,thyroid desiccated | armour thyroid | levothyroxine,all,False,True,xgb_ranker,xgb_ranker,verified_742,748,81,81,748,0,0,0,0.2,0.3333333333333333,1.0,0.20210734650054762,0.2,0.6666666666666666,1.0,0.3377593199329954,0.15,1.0,1.0,0.446340193034029,0.25,1.0,1.0,1.0,0.0,0.0,0.0,1.0
verified_learned_rerank,eval_0084,doxycycline | prednisone | azithromycin | rocephin | ceftriaxone | sulfamethoxazole / trimethoprim | zithromax | ceftin | avelox | moxifloxacin | amoxicillin | amoxil | amoxicillin / clavulanate | biaxin xl | augmentin | dexamethasone | cefuroxime | clarithromycin | ciprofloxacin | erythromycin,doxycycline | azithromycin | prednisone | clindamycin,all,False,True,xgb_ranker,xgb_ranker,verified_742,1000,319,319,1000,0,0,0,0.6,0.75,1.0,0.8530852898337354,0.3,0.75,1.0,0.8530852898337354,0.15,0.75,1.0,0.8530852898337354,1.0,1.0,1.0,1.0,0.0,0.0,0.0,1.0
verified_learned_rerank,eval_0078,cyproheptadine | promethazine | prednisone | omalizumab | epipen | ketotifen | xolair | chlor-trimeton | phenergan | ketorolac | chlorpheniramine | epinephrine | ranitidine | carbinoxamine | alavert | zaditor | aristocort | azelastine | triamcinolone | tetracaine,prednisone | promethazine,all,False,True,xgb_ranker,xgb_ranker,verified_742,558,76,76,558,0,0,0,0.4,1.0,1.0,0.6934264036172708,0.2,1.0,1.0,0.6934264036172708,0.1,1.0,1.0,0.6934264036172708,0.5,1.0,1.0,1.0,0.0,0.0,0.0,1.0
verified_learned_rerank,eval_0063,propranolol | verapamil | nitroglycerin | atenolol | nadolol | corgard | metoprolol | verelan pm | caduet | coreg | tenormin | lopressor | calan sr | toprol-xl | bisoprolol | lisinopril | ramipril | diltiazem | altace | carvedilol,propranolol | verapamil | metoprolol | spironolactone,all,False,True,xgb_ranker,xgb_ranker,verified_742,1000,335,335,975,0,0,0,0.4,0.5,1.0,0.6744821105691429,0.3,0.75,1.0,0.8123343814578067,0.15,0.75,1.0,0.8123343814578067,1.0,1.0,1.0,1.0,0.0,0.0,0.0,1.0
verified_learned_rerank,eval_0089,isotretinoin | accutane | benzoyl peroxide / clindamycin | tretinoin | adapalene / benzoyl peroxide | epiduo | magnesium hydroxide | claravis | benzaclin | spironolactone | doxycycline | phillips' milk of magnesia | duac | retin-a | dapsone | aczone | clindamycin / tretinoin | drospirenone / ethinyl estradiol | onexton | benzoyl peroxide / sulfur,adapalene / benzoyl peroxide,all,False,True,xgb_ranker,xgb_ranker,verified_742,273,273,273,273,0,0,0,0.2,1.0,1.0,0.38685280723454163,0.1,1.0,1.0,0.38685280723454163,0.05,1.0,1.0,0.38685280723454163,0.2,1.0,1.0,1.0,0.0,0.0,0.0,1.0
verified_learned_rerank,eval_0075,doxycycline | prednisone | azithromycin | rocephin | methylprednisolone | ceftriaxone | mometasone | epinephrine | ampicillin | budesonide | kenalog-40 | augmentin xr | triamcinolone | bactrim | medrol dosepak | sulfamethoxazole / trimethoprim | flunisolide | zithromax | ceftin | ceftibuten,prednisone,all,False,True,xgb_ranker,xgb_ranker,verified_742,1000,221,221,1000,0,0,0,0.2,1.0,1.0,0.6309297535714574,0.1,1.0,1.0,0.6309297535714574,0.05,1.0,1.0,0.6309297535714574,0.5,1.0,1.0,1.0,0.0,0.0,0.0,1.0
verified_learned_rerank,eval_0087,amitriptyline | venlafaxine | elavil | memantine | spironolactone | doxycycline | azithromycin | ceftriaxone | ampicillin | allopurinol | magnesium oxide | doryx | augmentin xr | cephalexin | sodium bicarbonate | bactrim | sulfamethoxazole / trimethoprim | ceftin | avelox | moxifloxacin,amitriptyline | venlafaxine | elavil,all,False,True,xgb_ranker,xgb_ranker,verified_742,1000,347,347,927,0,0,0,0.6,1.0,1.0,1.0,0.3,1.0,1.0,1.0,0.15,1.0,1.0,1.0,1.0,1.0,1.0,1.0,0.0,0.0,0.0,1.0
verified_learned_rerank,eval_0093,diclofenac | doxycycline | prednisone | methylprednisolone | ceftriaxone | adalimumab | betamethasone | humira | cellcept | infliximab | remicade | mycophenolate mofetil | hydrocortisone | kenalog-40 | triamcinolone | medrol dosepak | amoxicillin | golimumab | simponi | sodium hyaluronate,doxycycline | prednisone,all,False,True,xgb_ranker,xgb_ranker,verified_742,1000,255,255,1000,0,0,0,0.4,1.0,1.0,0.6480409554829326,0.2,1.0,1.0,0.6480409554829326,0.1,1.0,1.0,0.6480409554829326,0.5,1.0,1.0,1.0,0.0,0.0,0.0,1.0
verified_learned_rerank,eval_0073,doxycycline | prednisone | azithromycin | clindamycin | sulfamethoxazole / trimethoprim | zithromax | ceftin | avelox | moxifloxacin | amoxicillin | amoxil | amoxicillin / clavulanate | augmentin | dexamethasone | cefuroxime | ciprofloxacin | levofloxacin | levaquin | azithromycin dose pack | cleocin,doxycycline | azithromycin | prednisone | clindamycin | minocycline,all,False,True,xgb_ranker,xgb_ranker,verified_742,1000,710,710,1000,0,0,0,0.8,0.8,1.0,0.8153225004907431,0.4,0.8,1.0,0.8153225004907431,0.2,0.8,1.0,0.8153225004907431,1.0,1.0,1.0,1.0,0.0,0.0,0.0,1.0
verified_learned_rerank,eval_0095,aciphex | doxycycline | prednisone | rabeprazole | calcium carbonate / simethicone | prevacid | axid ar | nexium 24hr | prilosec otc | aluminum hydroxide / magnesium hydroxide / simethicone | nizatidine | protonix iv | omeprazole / sodium bicarbonate | tagamet hb | mylanta | zegerid | pepcid ac chewable tablets | triamcinolone | gentamicin | mylanta maximum strength,prednisone,all,False,True,xgb_ranker,xgb_ranker,verified_742,1000,109,109,1000,0,0,0,0.2,1.0,1.0,0.5,0.1,1.0,1.0,0.5,0.05,1.0,1.0,0.5,0.3333333333333333,1.0,1.0,1.0,0.0,0.0,0.0,1.0
verified_learned_rerank,eval_0092,isotretinoin | accutane | benzoyl peroxide / clindamycin | tretinoin | adapalene / benzoyl peroxide | epiduo | magnesium hydroxide | claravis | benzaclin | spironolactone | doxycycline | phillips' milk of magnesia | duac | retin-a | dapsone | aczone | clindamycin / tretinoin | drospirenone / ethinyl estradiol | onexton | benzoyl peroxide / sulfur,adapalene / benzoyl peroxide,all,False,True,xgb_ranker,xgb_ranker,verified_742,726,273,273,726,0,0,0,0.2,1.0,1.0,0.38685280723454163,0.1,1.0,1.0,0.38685280723454163,0.05,1.0,1.0,0.38685280723454163,0.2,1.0,1.0,1.0,0.0,0.0,0.0,1.0
verified_learned_rerank,eval_0094,amitriptyline | spironolactone | doxycycline | venlafaxine | azithromycin | rocephin | phosphorated carbohydrate solution | acidophilus | elavil | methenamine | ceftriaxone | zyvox | vaniqa | linezolid | uta | ampicillin | sulfatrim | hiprex | allopurinol | eflornithine,doxycycline,all,False,True,xgb_ranker,xgb_ranker,verified_742,172,172,172,172,0,0,0,0.2,1.0,1.0,0.5,0.1,1.0,1.0,0.5,0.05,1.0,1.0,0.5,0.3333333333333333,1.0,1.0,1.0,0.0,0.0,0.0,1.0
verified_learned_rerank,eval_0079,aluminum hydroxide / magnesium hydroxide / simethicone | ranitidine | lansoprazole | cimetidine | omeprazole | pantoprazole | famotidine | cyproheptadine | prednisone | acetaminophen / phenyltoloxamine | acetaminophen / caffeine | excedrin tension headache | excedrin quick tab | deltasone | dexbrompheniramine / pseudoephedrine | drixoral cold and allergy | valacyclovir | valtrex | chlorpheniramine / hydrocodone | tussionex pennkinetic,lansoprazole | ranitidine | omeprazole | pantoprazole,all,False,True,xgb_ranker,xgb_ranker,verified_742,719,549,549,719,0,0,0,0.6,0.75,1.0,0.5407142188659049,0.4,1.0,1.0,0.688026127815017,0.2,1.0,1.0,0.688026127815017,0.5,1.0,1.0,1.0,0.0,0.0,0.0,1.0
verified_learned_rerank,eval_0097,promethazine | meclizine | phenylephrine | diltiazem | cardizem | cartia xt | cyproheptadine | prednisone | acetaminophen / phenyltoloxamine | acetaminophen / caffeine | excedrin tension headache | cardizem cd | excedrin quick tab | deltasone | dexbrompheniramine / pseudoephedrine | drixoral cold and allergy | valacyclovir | valtrex | chlorpheniramine / hydrocodone | tussionex pennkinetic,promethazine | meclizine | phenylephrine | propranolol,all,False,True,xgb_ranker,xgb_ranker,verified_742,1000,684,684,881,0,0,0,0.6,0.75,1.0,0.7990559142278677,0.3,0.75,1.0,0.7990559142278677,0.15,0.75,1.0,0.7990559142278677,1.0,1.0,1.0,1.0,0.0,0.0,0.0,1.0
verified_learned_rerank,eval_0102,elocon | clobetasol | desonide | prednisone | flurandrenolide | cordran tape | clocortolone | clobex | cloderm | methylprednisolone | mometasone | betamethasone | cellcept | fluocinonide | fluocinolone | mycophenolate mofetil | budesonide | hydrocortisone | desoximetasone | zenpep,prednisone | methylprednisolone,all,False,True,xgb_ranker,xgb_ranker,verified_742,54,49,49,54,0,0,0,0.2,0.5,1.0,0.26406812257259094,0.2,1.0,1.0,0.44130740935663865,0.1,1.0,1.0,0.44130740935663865,0.25,1.0,1.0,1.0,0.0,0.0,0.0,1.0
verified_learned_rerank,eval_0096,triamcinolone | sucralfate | ciprofloxacin | levofloxacin | ofloxacin | doxycycline | ibuprofen | naproxen | flanax pain reliever | aleve | naprosyn | cipro | diclofenac | prednisone | methylprednisolone | adalimumab | humira | cellcept | infliximab | remicade,triamcinolone | sucralfate,all,False,True,xgb_ranker,xgb_ranker,verified_742,672,311,311,672,0,0,0,0.4,1.0,1.0,0.9134015924715543,0.2,1.0,1.0,0.9134015924715543,0.1,1.0,1.0,0.9134015924715543,1.0,1.0,1.0,1.0,0.0,0.0,0.0,1.0
verified_learned_rerank,eval_0100,lidocaine | hydrocortisone | hydrocortisone / pramoxine | pramosone | proctofoam | pramoxine | dibucaine | nupercainal | proctofoam hc | proctosol-hc | tronolane anesthetic for hemorrhoids | pramoxine / zinc oxide | analpram-hc | hydrocortisone / lidocaine | phenylephrine | lmx 5 | phenylephrine / pramoxine | recticare | anucort-hc | anusol-hc suppositories,hydrocortisone | hydrocortisone / pramoxine | lidocaine,all,False,True,xgb_ranker,xgb_ranker,verified_742,275,164,164,275,0,0,0,0.6,1.0,1.0,0.9049765583210164,0.3,1.0,1.0,0.9049765583210164,0.15,1.0,1.0,0.9049765583210164,1.0,1.0,1.0,1.0,0.0,0.0,0.0,1.0
verified_learned_rerank,eval_0103,doxycycline | ibuprofen | naproxen | triamcinolone | flanax pain reliever | aleve | naprosyn | cephalexin | bactrim | sulfamethoxazole / trimethoprim | oxybutynin | avelox | moxifloxacin | doxy 100 | sucralfate | ditropan xl | ciprofloxacin | levofloxacin | bactrim ds | levaquin,naproxen | triamcinolone,all,False,True,xgb_ranker,xgb_ranker,verified_742,273,273,273,273,0,0,0,0.4,1.0,1.0,0.5540663910176149,0.2,1.0,1.0,0.5540663910176149,0.1,1.0,1.0,0.5540663910176149,0.3333333333333333,1.0,1.0,1.0,0.0,0.0,0.0,1.0
verified_learned_rerank,eval_0111,cyproheptadine | promethazine | prednisone | omalizumab | epipen | ketotifen | xolair | chlor-trimeton | phenergan | ketorolac | chlorpheniramine | epinephrine | ranitidine | carbinoxamine | alavert | zaditor | aristocort | azelastine | triamcinolone | tetracaine,prednisone | promethazine,all,False,True,xgb_ranker,xgb_ranker,verified_742,558,76,76,558,0,0,0,0.4,1.0,1.0,0.6787622294601761,0.2,1.0,1.0,0.6787622294601761,0.1,1.0,1.0,0.6787622294601761,0.5,1.0,1.0,1.0,0.0,0.0,0.0,1.0
verified_learned_rerank,eval_0107,doxycycline | chlorpromazine | thorazine | minocycline | dexamethasone | haloperidol | haldol | prochlorperazine | compazine | elocon | clobetasol | desonide | prednisone | flurandrenolide | cordran tape | clocortolone | clobex | cloderm | mometasone | betamethasone,prednisone | mometasone | clobetasol,all,False,True,xgb_ranker,xgb_ranker,verified_742,389,300,300,389,0,0,0,0.0,0.0,0.0,0.0,0.0,0.0,0.0,0.0,0.15,1.0,1.0,0.3627387024619543,0.09090909090909091,1.0,1.0,1.0,0.0,0.0,0.0,1.0
verified_learned_rerank,eval_0086,tretinoin | doxycycline | dapsone | clindamycin | sulfamethoxazole / trimethoprim | minocycline | dexamethasone | erythromycin | liraglutide | gabapentin | victoza | clobetasol | desmopressin | pregabalin | pramlintide | humulin r u-500 (concentrated) | spironolactone | duloxetine | nortriptyline | cymbalta,tretinoin | doxycycline | spironolactone | liraglutide | victoza | clindamycin,all,False,True,xgb_ranker,xgb_ranker,verified_742,1000,625,625,923,0,0,0,0.6,0.5,1.0,0.6992148198508501,0.4,0.6666666666666666,1.0,0.7415843660879832,0.3,1.0,1.0,0.8793205510939726,1.0,1.0,1.0,1.0,0.0,0.0,0.0,1.0
verified_learned_rerank,eval_0067,baclofen | onabotulinumtoxina | botox | lioresal | ibuprofen | naproxen | lorazepam | ativan | aleve | dysport | abobotulinumtoxina | myobloc | botulinum toxin type b | xeomin | incobotulinumtoxina | doxycycline | cephalexin | triamcinolone | bactrim | sulfamethoxazole / trimethoprim,onabotulinumtoxina | botox | naproxen | ibuprofen | aleve,all,False,True,xgb_ranker,xgb_ranker,verified_742,1000,187,187,945,0,0,0,0.6,0.6,1.0,0.553477551616607,0.5,1.0,1.0,0.7280924438219062,0.25,1.0,1.0,0.7280924438219062,0.5,1.0,1.0,1.0,0.0,0.0,0.0,1.0
verified_learned_rerank,eval_0106,stelara | enbrel | ustekinumab | doxycycline | etanercept | prednisone | methylprednisolone | adalimumab | betamethasone | humira | ibuprofen | naproxen | infliximab | methotrexate | remicade | hydrocortisone | kenalog-40 | triamcinolone | flanax pain reliever | kenalog-10,prednisone | enbrel,all,False,True,xgb_ranker,xgb_ranker,verified_742,573,255,255,573,0,0,0,0.2,0.5,1.0,0.3868528072345416,0.2,1.0,1.0,0.6052602440527058,0.1,1.0,1.0,0.6052602440527058,0.5,1.0,1.0,1.0,0.0,0.0,0.0,1.0
verified_learned_rerank,eval_0090,doxycycline | azithromycin | rocephin | ceftriaxone | zyvox | linezolid | fluconazole | cephalexin | gentamicin | bactrim | sulfamethoxazole / trimethoprim | minocycline | ceftin | avelox | moxifloxacin | amoxicillin | keflex | amoxil | amoxicillin / clavulanate | augmentin,sulfamethoxazole / trimethoprim | bactrim | fluconazole,all,False,True,xgb_ranker,xgb_ranker,verified_742,1000,287,287,1000,0,0,0,0.0,0.0,0.0,0.0,0.2,0.6666666666666666,1.0,0.29207821544003326,0.15,1.0,1.0,0.42298020560823046,0.14285714285714285,1.0,1.0,1.0,0.0,0.0,0.0,1.0
verified_learned_rerank,eval_0115,prednisone | aristocort | triamcinolone | corticotropin | deltasone | acthar | loteprednol | lotemax | prednisolone | cyproheptadine | promethazine | omalizumab | epipen | ketotifen | xolair | chlor-trimeton | phenergan | ketorolac | chlorpheniramine | epinephrine,prednisone | triamcinolone | corticotropin | prednisolone | loteprednol | lotemax,all,False,True,xgb_ranker,xgb_ranker,verified_742,322,322,322,322,0,0,0,0.6,0.5,1.0,0.6061192078055617,0.6,1.0,1.0,0.8590726775296743,0.3,1.0,1.0,0.8590726775296743,1.0,1.0,1.0,1.0,0.0,0.0,0.0,1.0
verified_learned_rerank,eval_0110,doxycycline | prednisone | azithromycin | methylprednisolone | mometasone | epinephrine | ampicillin | budesonide | kenalog-40 | augmentin xr | triamcinolone | bactrim | medrol dosepak | sulfamethoxazole / trimethoprim | flunisolide | zithromax | ceftin | ceftibuten | cedax | singulair,prednisone,all,False,True,xgb_ranker,xgb_ranker,verified_742,1000,681,681,986,0,0,0,0.2,1.0,1.0,0.6309297535714574,0.1,1.0,1.0,0.6309297535714574,0.05,1.0,1.0,0.6309297535714574,0.5,1.0,1.0,1.0,0.0,0.0,0.0,1.0
verified_learned_rerank,eval_0099,doxycycline | prednisone | methylprednisolone | aspirin | kenalog-40 | triamcinolone | medrol dosepak | amoxicillin | dexamethasone | deltasone | canakinumab | ceftriaxone | aristocort | cefotaxime | minocycline | hydroxychloroquine | cephalexin | bactrim | sulfamethoxazole / trimethoprim | tetracycline,prednisone | methylprednisolone | triamcinolone,all,False,True,xgb_ranker,xgb_ranker,verified_742,1000,755,755,1000,0,0,0,0.4,0.6666666666666666,1.0,0.5307212739772436,0.3,1.0,1.0,0.6978817289434458,0.15,1.0,1.0,0.6978817289434458,0.5,1.0,1.0,1.0,0.0,0.0,0.0,1.0
verified_learned_rerank,eval_0119,doxycycline | gentamicin | minocycline | moxifloxacin | ciprofloxacin | levofloxacin | amikacin | bethanechol | bcg | prednisone | lansoprazole | azithromycin | rocephin | ceftriaxone | dexamethasone | zyvox | linezolid | fluconazole | sulfamethoxazole / trimethoprim | ceftin,doxycycline | ciprofloxacin,all,False,True,xgb_ranker,xgb_ranker,verified_742,1000,363,363,973,0,0,0,0.4,1.0,1.0,0.8503449055347546,0.2,1.0,1.0,0.8503449055347546,0.1,1.0,1.0,0.8503449055347546,1.0,1.0,1.0,1.0,0.0,0.0,0.0,1.0
verified_learned_rerank,eval_0112,valacyclovir | valtrex | acyclovir | doxycycline | prednisone | mometasone | aluminum hydroxide / magnesium hydroxide / simethicone | kenalog-40 | triamcinolone | lansoprazole | moxifloxacin | cimetidine | omeprazole | dexamethasone | ciprofloxacin | levofloxacin | fluticasone | pantoprazole | rifampin | famotidine,valacyclovir | valtrex | acyclovir,all,False,True,xgb_ranker,xgb_ranker,verified_742,1000,516,516,964,0,0,0,0.6,1.0,1.0,1.0,0.3,1.0,1.0,1.0,0.15,1.0,1.0,1.0,1.0,1.0,1.0,1.0,0.0,0.0,0.0,1.0
verified_learned_rerank,eval_0109,doxycycline | prednisone | methotrexate | minocycline | dexamethasone | ceftriaxone | cefotaxime | amoxicillin | stelara | enbrel | ustekinumab | etanercept | methylprednisolone | adalimumab | betamethasone | humira | infliximab | remicade | hydrocortisone | kenalog-40,minocycline | methotrexate,all,False,True,xgb_ranker,xgb_ranker,verified_742,898,544,544,898,0,0,0,0.4,1.0,1.0,0.5540663910176149,0.2,1.0,1.0,0.5540663910176149,0.1,1.0,1.0,0.5540663910176149,0.3333333333333333,1.0,1.0,1.0,0.0,0.0,0.0,1.0
verified_learned_rerank,eval_0124,prednisone | omalizumab | xolair | epinephrine | aristocort | triamcinolone | cromolyn | deltasone | prednisolone | pepcid | famotidine | cyproheptadine | promethazine | epipen | ketotifen | chlor-trimeton | phenergan | ketorolac | chlorpheniramine | ranitidine,prednisone | triamcinolone | omalizumab | xolair | cromolyn,all,False,True,xgb_ranker,xgb_ranker,verified_742,995,288,288,995,0,0,0,0.6,0.6,1.0,0.6989858872287212,0.5,1.0,1.0,0.9295017305333748,0.25,1.0,1.0,0.9295017305333748,1.0,1.0,1.0,1.0,0.0,0.0,0.0,1.0
verified_learned_rerank,eval_0131,doxycycline | ceftriaxone | sulfamethoxazole / trimethoprim | dexamethasone | ciprofloxacin | erythromycin | cefotaxime | lansoprazole | minocycline | pyridoxine | prednisone | azithromycin | ampicillin | floxin | cipro | ofloxacin | dexamethasone intensol | clindamycin | pyrimethamine | esomeprazole,azithromycin | prednisone | ceftriaxone,all,False,True,xgb_ranker,xgb_ranker,verified_742,1000,449,449,1000,0,0,0,0.2,0.3333333333333333,1.0,0.3212043018970804,0.1,0.3333333333333333,1.0,0.3212043018970804,0.15,1.0,1.0,0.5549315038844566,0.5,1.0,1.0,1.0,0.0,0.0,0.0,1.0
verified_learned_rerank,eval_0121,doxycycline | hydroxychloroquine | doxy 100 | prednisone | methylprednisolone | aspirin | kenalog-40 | triamcinolone | medrol dosepak | amoxicillin | dexamethasone | corticotropin | deltasone | loteprednol | lotemax | prednisolone | canakinumab | lithium | chlorpromazine | allopurinol,doxycycline | hydroxychloroquine,all,False,True,xgb_ranker,xgb_ranker,verified_742,1000,287,287,1000,0,0,0,0.4,1.0,1.0,1.0,0.2,1.0,1.0,1.0,0.1,1.0,1.0,1.0,1.0,1.0,1.0,1.0,0.0,0.0,0.0,1.0
verified_learned_rerank,eval_0135,propranolol | verapamil | nitroglycerin | atenolol | nadolol | corgard | metoprolol | caduet | verelan pm | coreg | tenormin | lopressor | calan sr | toprol-xl | bisoprolol | lisinopril | ramipril | diltiazem | altace | carvedilol,propranolol | metoprolol,all,False,True,xgb_ranker,xgb_ranker,verified_742,1000,335,335,970,0,0,0,0.2,0.5,1.0,0.6131471927654584,0.2,1.0,1.0,0.8175295903539446,0.1,1.0,1.0,0.8175295903539446,1.0,1.0,1.0,1.0,0.0,0.0,0.0,1.0
verified_learned_rerank,eval_0117,isotretinoin | accutane | benzoyl peroxide / clindamycin | tretinoin | adapalene / benzoyl peroxide | epiduo | magnesium hydroxide | claravis | benzaclin | spironolactone | doxycycline | phillips' milk of magnesia | duac | retin-a | dapsone | aczone | clindamycin / tretinoin | drospirenone / ethinyl estradiol | onexton | benzoyl peroxide / sulfur,adapalene / benzoyl peroxide,all,False,True,xgb_ranker,xgb_ranker,verified_742,273,273,273,273,0,0,0,0.2,1.0,1.0,0.38685280723454163,0.1,1.0,1.0,0.38685280723454163,0.05,1.0,1.0,0.38685280723454163,0.2,1.0,1.0,1.0,0.0,0.0,0.0,1.0
verified_learned_rerank,eval_0116,lisinopril | gabapentin | fosinopril | pregabalin | captopril | ramipril | nortriptyline | cozaar | topiramate | altace | moexipril | losartan | lyrica | hydrochlorothiazide | neurontin | topamax | benazepril | avapro | irbesartan | perindopril,gabapentin | pregabalin | topiramate | clonidine | onabotulinumtoxina,all,False,True,xgb_ranker,xgb_ranker,verified_742,1000,637,637,817,0,0,0,0.4,0.4,1.0,0.28204775464847154,0.3,0.6,1.0,0.4020143092377811,0.15,0.6,1.0,0.4020143092377811,0.5,1.0,1.0,1.0,0.0,0.0,0.0,1.0
verified_learned_rerank,eval_0104,rifabutin | aciphex | doxycycline | prednisone | rabeprazole | calcium carbonate / simethicone | prevacid | axid ar | nexium 24hr | prilosec otc | aluminum hydroxide / magnesium hydroxide / simethicone | nizatidine | protonix iv | omeprazole / sodium bicarbonate | mylanta | tagamet hb | zegerid | pepcid ac chewable tablets | triamcinolone | rifadin,rifabutin,all,False,True,xgb_ranker,xgb_ranker,verified_742,1000,116,116,994,0,0,0,0.2,1.0,1.0,1.0,0.1,1.0,1.0,1.0,0.05,1.0,1.0,1.0,1.0,1.0,1.0,1.0,0.0,0.0,0.0,1.0
verified_learned_rerank,eval_0122,doxycycline | prednisone | azithromycin | rocephin | aclidinium | tudorza pressair | xopenex | methylprednisolone | omalizumab | ceftriaxone | mometasone | xolair | levalbuterol | primatene mist | intal inhaler | zafirlukast | accolate | guaifenesin | epinephrine | ipratropium inhalation solution,prednisone,all,False,True,xgb_ranker,xgb_ranker,verified_742,1000,221,221,996,0,0,0,0.2,1.0,1.0,0.6309297535714574,0.1,1.0,1.0,0.6309297535714574,0.05,1.0,1.0,0.6309297535714574,0.5,1.0,1.0,1.0,0.0,0.0,0.0,1.0
verified_learned_rerank,eval_0125,amitriptyline | doxycycline | phosphorated carbohydrate solution | elavil | ceftriaxone | ampicillin | lactobacillus acidophilus | sulfamethoxazole / trimethoprim | hydroxyzine | minocycline | ciprofloxacin | atarax | cipro | ofloxacin | spironolactone | venlafaxine | azithromycin | rocephin | acidophilus | methenamine,doxycycline | sulfamethoxazole / trimethoprim | azithromycin,all,False,True,xgb_ranker,xgb_ranker,verified_742,303,303,172,172,0,0,0,0.2,0.3333333333333333,1.0,0.23981246656813146,0.2,0.6666666666666666,1.0,0.41967181649423,0.15,1.0,1.0,0.5108230402175501,0.5,1.0,1.0,1.0,0.0,0.0,0.0,1.0
verified_learned_rerank,eval_0138,"calcifediol | calcitriol | parathyroid hormone | ergocalciferol | propylthiouracil | sodium iodide-i-131 | calcium lactate | calcium phosphate, tribasic | aluminum chloride hexahydrate | drysol | gabapentin | amitriptyline | hypercare | clonidine | xerac ac | catapres | potassium iodide | pima | tapazole | oxybutynin",thyroid desiccated | armour thyroid,all,False,True,xgb_ranker,xgb_ranker,verified_742,688,132,132,688,0,0,0,0.0,0.0,0.0,0.0,0.0,0.0,0.0,0.0,0.0,0.0,0.0,0.0,0.0,1.0,1.0,1.0,0.0,0.0,0.0,1.0
verified_learned_rerank,eval_0130,doxycycline | ibuprofen | naproxen | triamcinolone | flanax pain reliever | aleve | naprosyn | cephalexin | bactrim | sulfamethoxazole / trimethoprim | oxybutynin | avelox | moxifloxacin | doxy 100 | sucralfate | ditropan xl | ciprofloxacin | levofloxacin | bactrim ds | levaquin,prednisone | enbrel | naproxen,all,False,True,xgb_ranker,xgb_ranker,verified_742,573,273,273,573,0,0,0,0.2,0.3333333333333333,1.0,0.2850703250369507,0.1,0.3333333333333333,1.0,0.2850703250369507,0.05,0.3333333333333333,1.0,0.2850703250369507,0.3333333333333333,1.0,1.0,1.0,0.0,0.0,0.0,1.0
verified_learned_rerank,eval_0129,clonazepam | propranolol | gabapentin | amitriptyline | sumatriptan | diclofenac | prednisone | clonidine | lithium | nortriptyline | verapamil | elavil | zolmitriptan | atenolol | nadolol | corgard | divalproex sodium | nimodipine | depakote er | metoprolol,propranolol,all,False,True,xgb_ranker,xgb_ranker,verified_742,1000,179,179,1000,0,0,0,0.2,1.0,1.0,0.6309297535714574,0.1,1.0,1.0,0.6309297535714574,0.05,1.0,1.0,0.6309297535714574,0.5,1.0,1.0,1.0,0.0,0.0,0.0,1.0
verified_learned_rerank,eval_0133,stelara | enbrel | ustekinumab | doxycycline | etanercept | prednisone | methylprednisolone | adalimumab | betamethasone | humira | infliximab | methotrexate | remicade | hydrocortisone | kenalog-40 | triamcinolone | kenalog-10 | minocycline | dexamethasone | tetracycline,prednisone | enbrel | stelara | ustekinumab | adalimumab,all,False,True,xgb_ranker,xgb_ranker,verified_742,1000,393,393,901,0,0,0,0.6,0.6,1.0,0.7557806593071948,0.5,1.0,1.0,0.9518915761561842,0.25,1.0,1.0,0.9518915761561842,1.0,1.0,1.0,1.0,0.0,0.0,0.0,1.0
verified_learned_rerank,eval_0146,liraglutide | gabapentin | victoza | tretinoin | clobetasol | desmopressin | pregabalin | pramlintide | humulin r u-500 (concentrated) | duloxetine | nortriptyline | cymbalta | chromium picolinate | byetta | symlin | topiramate | exubera | insulin isophane | ddavp | insulin aspart / insulin aspart protamine,liraglutide | victoza,all,False,True,xgb_ranker,xgb_ranker,verified_742,1000,228,228,1000,0,0,0,0.4,1.0,1.0,0.9197207891481876,0.2,1.0,1.0,0.9197207891481876,0.1,1.0,1.0,0.9197207891481876,1.0,1.0,1.0,1.0,0.0,0.0,0.0,1.0
verified_learned_rerank,eval_0151,cyproheptadine | promethazine | prednisone | chlor-trimeton | phenergan | chlorpheniramine | epinephrine | ranitidine | carbinoxamine | azelastine | triamcinolone | tetracaine | olopatadine | diphenhydramine | benadryl | cetirizine | allegra | fexofenadine | zyrtec | levocetirizine,prednisone | promethazine | cyproheptadine,all,False,True,xgb_ranker,xgb_ranker,verified_742,1000,558,558,1000,0,0,0,0.6,1.0,1.0,1.0,0.3,1.0,1.0,1.0,0.15,1.0,1.0,1.0,1.0,1.0,1.0,1.0,0.0,0.0,0.0,1.0
verified_learned_rerank,eval_0150,clonidine | sodium bicarbonate | rifabutin | stribild | cobicistat / elvitegravir / emtricitabine / tenofovir | efavirenz / emtricitabine / tenofovir | atripla | ondansetron | triumeq | abacavir / dolutegravir / lamivudine | epzicom | complera | emtricitabine / rilpivirine / tenofovir | abacavir / lamivudine | enfuvirtide | fuzeon | atazanavir | reyataz | isentress | cobicistat / elvitegravir / emtricitabine / tenofovir alafenamide,rifabutin,all,False,True,xgb_ranker,xgb_ranker,verified_742,1000,119,119,986,0,0,0,0.2,1.0,1.0,0.5,0.1,1.0,1.0,0.5,0.05,1.0,1.0,0.5,0.3333333333333333,1.0,1.0,1.0,0.0,0.0,0.0,1.0
verified_learned_rerank,eval_0136,prednisone | dexamethasone | methylprednisolone | adalimumab | humira | infliximab | remicade | hydrocortisone | triamcinolone | prednisolone | doxycycline | methotrexate | minocycline | stelara | enbrel | ustekinumab | etanercept | betamethasone | kenalog-40 | kenalog-10,prednisone | dexamethasone | adalimumab | humira | methylprednisolone,all,False,True,xgb_ranker,xgb_ranker,verified_742,1000,393,393,998,0,0,0,1.0,1.0,1.0,0.8919478197221427,0.5,1.0,1.0,0.8919478197221427,0.25,1.0,1.0,0.8919478197221427,1.0,1.0,1.0,1.0,0.0,0.0,0.0,1.0
verified_learned_rerank,eval_0134,insulin regular | sodium bicarbonate | bromocriptine | liraglutide | gabapentin | victoza | tretinoin | clobetasol | desmopressin | pregabalin | pramlintide | humulin r u-500 (concentrated) | duloxetine | nortriptyline | cymbalta | spironolactone | chromium picolinate | byetta | symlin | topiramate,liraglutide | victoza,all,False,True,xgb_ranker,xgb_ranker,verified_742,1000,282,282,1000,0,0,0,0.2,0.5,1.0,0.26406812257259094,0.2,1.0,1.0,0.48247555939075515,0.1,1.0,1.0,0.48247555939075515,0.25,1.0,1.0,1.0,0.0,0.0,0.0,1.0
verified_learned_rerank,eval_0156,"calcifediol | calcitriol | parathyroid hormone | ergocalciferol | calcium lactate | calcium phosphate, tribasic | thyroid desiccated | westhroid | cenestin | estropipate | conjugated estrogens | armour thyroid | premarin | thyquidity | rayaldee | estradiol | esterified estrogens | tirosint | doxorubicin | levothyroxine",thyroid desiccated | armour thyroid | levothyroxine,all,False,True,xgb_ranker,xgb_ranker,verified_742,1000,132,132,958,0,0,0,0.0,0.0,0.0,0.0,0.1,0.3333333333333333,1.0,0.12669792223864473,0.15,1.0,1.0,0.35921782385985457,0.14285714285714285,1.0,1.0,1.0,0.0,0.0,0.0,1.0
verified_learned_rerank,eval_0142,amitriptyline | spironolactone | doxycycline | venlafaxine | azithromycin | rocephin | phosphorated carbohydrate solution | acidophilus | elavil | methenamine | ceftriaxone | zyvox | vaniqa | linezolid | uta | ampicillin | sulfatrim | hiprex | allopurinol | eflornithine,doxycycline,all,False,True,xgb_ranker,xgb_ranker,verified_742,172,172,172,172,0,0,0,0.2,1.0,1.0,0.5,0.1,1.0,1.0,0.5,0.05,1.0,1.0,0.5,0.3333333333333333,1.0,1.0,1.0,0.0,0.0,0.0,1.0
verified_learned_rerank,eval_0145,doxycycline | prednisone | azithromycin | rocephin | methylprednisolone | ceftriaxone | mometasone | epinephrine | ampicillin | budesonide | kenalog-40 | augmentin xr | triamcinolone | bactrim | medrol dosepak | sulfamethoxazole / trimethoprim | flunisolide | zithromax | ceftin | ceftibuten,azithromycin | prednisone,all,False,True,xgb_ranker,xgb_ranker,verified_742,1000,221,221,1000,0,0,0,0.4,1.0,1.0,0.6787622294601761,0.2,1.0,1.0,0.6787622294601761,0.1,1.0,1.0,0.6787622294601761,0.5,1.0,1.0,1.0,0.0,0.0,0.0,1.0
verified_learned_rerank,eval_0144,doxycycline | prednisone | metronidazole | azithromycin | rocephin | dapsone | ceftriaxone | zyvox | linezolid | filgrastim | neupogen | fluconazole | clindamycin | tobramycin | pyrimethamine | xenleta | gentamicin | cefotaxime | ferralet 90 | integra,doxycycline | azithromycin,all,False,True,xgb_ranker,xgb_ranker,verified_742,1000,132,132,1000,0,0,0,0.4,1.0,1.0,0.8772153153380493,0.2,1.0,1.0,0.8772153153380493,0.1,1.0,1.0,0.8772153153380493,1.0,1.0,1.0,1.0,0.0,0.0,0.0,1.0
verified_learned_rerank,eval_0155,diclofenac | prednisone | methylprednisolone | adalimumab | humira | cellcept | infliximab | remicade | mycophenolate mofetil | hydrocortisone | triamcinolone | golimumab | simponi | dexamethasone | famotidine / ibuprofen | duexis | vimovo | azathioprine | esomeprazole / naproxen | imuran,adalimumab | humira,all,False,True,xgb_ranker,xgb_ranker,verified_742,525,311,311,525,0,0,0,0.4,1.0,1.0,0.5012658353418871,0.2,1.0,1.0,0.5012658353418871,0.1,1.0,1.0,0.5012658353418871,0.25,1.0,1.0,1.0,0.0,0.0,0.0,1.0
verified_learned_rerank,eval_0163,clonidine | filgrastim | sodium bicarbonate | epivir-hbv | tenofovir | viread | lamivudine | rifabutin | cobicistat / elvitegravir / emtricitabine / tenofovir | stribild | efavirenz / emtricitabine / tenofovir | atripla | ondansetron | triumeq | abacavir / dolutegravir / lamivudine | epzicom | emtricitabine / rilpivirine / tenofovir | complera | abacavir / lamivudine | fuzeon,tenofovir | viread,all,False,True,xgb_ranker,xgb_ranker,verified_742,1000,119,119,1000,0,0,0,0.2,0.5,1.0,0.23719771276929622,0.2,1.0,1.0,0.4556051495874604,0.1,1.0,1.0,0.4556051495874604,0.2,1.0,1.0,1.0,0.0,0.0,0.0,1.0
verified_learned_rerank,eval_0148,elocon | clobetasol | stelara | enbrel | ustekinumab | desonide | doxycycline | etanercept | prednisone | flurandrenolide | cordran tape | clocortolone | clobex | cloderm | thiothixene | desowen | methylprednisolone | adalimumab | mometasone | betamethasone,enbrel,all,False,True,xgb_ranker,xgb_ranker,verified_742,726,164,164,726,0,0,0,0.2,1.0,1.0,0.4306765580733931,0.1,1.0,1.0,0.4306765580733931,0.05,1.0,1.0,0.4306765580733931,0.25,1.0,1.0,1.0,0.0,0.0,0.0,1.0
verified_learned_rerank,eval_0171,doxycycline | prednisone | azithromycin | rocephin | methylprednisolone | ceftriaxone | mometasone | epinephrine | ampicillin | budesonide | kenalog-40 | augmentin xr | triamcinolone | bactrim | medrol dosepak | sulfamethoxazole / trimethoprim | flunisolide | zithromax | ceftin | cedax,prednisone,all,False,True,xgb_ranker,xgb_ranker,verified_742,1000,221,221,1000,0,0,0,0.2,1.0,1.0,0.6309297535714574,0.1,1.0,1.0,0.6309297535714574,0.05,1.0,1.0,0.6309297535714574,0.5,1.0,1.0,1.0,0.0,0.0,0.0,1.0
verified_learned_rerank,eval_0177,diclofenac | tramadol | stelara | acetaminophen / hydrocodone | enbrel | ustekinumab | doxycycline | etanercept | prednisone | lortab | ketoprofen | norco | indomethacin | valdecoxib | voltaren | duloxetine | cataflam | cymbalta | naprelan | probenecid,diclofenac | tramadol | acetaminophen / hydrocodone,all,False,True,xgb_ranker,xgb_ranker,verified_742,420,255,255,420,0,0,0,0.6,1.0,1.0,0.9736505918364026,0.3,1.0,1.0,0.9736505918364026,0.15,1.0,1.0,0.9736505918364026,1.0,1.0,1.0,1.0,0.0,0.0,0.0,1.0
verified_learned_rerank,eval_0180,isotretinoin | accutane | benzoyl peroxide / clindamycin | tretinoin | adapalene / benzoyl peroxide | epiduo | magnesium hydroxide | claravis | benzaclin | spironolactone | doxycycline | phillips' milk of magnesia | duac | retin-a | dapsone | aczone | clindamycin / tretinoin | drospirenone / ethinyl estradiol | onexton | benzoyl peroxide / sulfur,adapalene / benzoyl peroxide,all,False,True,xgb_ranker,xgb_ranker,verified_742,273,273,273,273,0,0,0,0.2,1.0,1.0,0.38685280723454163,0.1,1.0,1.0,0.38685280723454163,0.05,1.0,1.0,0.38685280723454163,0.2,1.0,1.0,1.0,0.0,0.0,0.0,1.0
verified_learned_rerank,eval_0175,"calcifediol | calcitriol | parathyroid hormone | ergocalciferol | calcium lactate | calcium phosphate, tribasic | thyroid desiccated | westhroid | cenestin | estropipate | conjugated estrogens | armour thyroid | premarin | thyquidity | rayaldee | estradiol | esterified estrogens | tirosint | doxorubicin | levothyroxine",thyroid desiccated | armour thyroid | levothyroxine,all,False,True,xgb_ranker,xgb_ranker,verified_742,634,132,132,634,0,0,0,0.0,0.0,0.0,0.0,0.1,0.3333333333333333,1.0,0.1564262420075855,0.15,1.0,1.0,0.3900840631017693,0.14285714285714285,1.0,1.0,1.0,0.0,0.0,0.0,1.0
verified_learned_rerank,eval_0183,rabeprazole | omeprazole / sodium bicarbonate | ranitidine | lansoprazole | zantac | esomeprazole | protonix | nexium | sucralfate | cimetidine | omeprazole | pantoprazole | carafate | pepcid | calcium carbonate | famotidine | aciphex | calcium carbonate / simethicone | prevacid | axid ar,aciphex | dexlansoprazole | rabeprazole | esomeprazole | lansoprazole | nexium,all,False,True,xgb_ranker,xgb_ranker,verified_742,721,109,109,721,0,0,0,0.4,0.3333333333333333,1.0,0.48522855511632257,0.4,0.6666666666666666,1.0,0.6361757670231624,0.25,0.8333333333333334,1.0,0.7087435981937824,1.0,1.0,1.0,1.0,0.0,0.0,0.0,1.0
verified_learned_rerank,eval_0187,elocon | clobetasol | stelara | enbrel | ustekinumab | desonide | doxycycline | etanercept | prednisone | flurandrenolide | cordran tape | clocortolone | clobex | cloderm | thiothixene | desowen | methylprednisolone | adalimumab | mometasone | betamethasone,enbrel,all,False,True,xgb_ranker,xgb_ranker,verified_742,726,164,164,726,0,0,0,0.2,1.0,1.0,0.4306765580733931,0.1,1.0,1.0,0.4306765580733931,0.05,1.0,1.0,0.4306765580733931,0.25,1.0,1.0,1.0,0.0,0.0,0.0,1.0
verified_learned_rerank,eval_0185,cyproheptadine | promethazine | prednisone | chlor-trimeton | phenergan | chlorpheniramine | epinephrine | ranitidine | carbinoxamine | azelastine | triamcinolone | tetracaine | olopatadine | diphenhydramine | benadryl | cetirizine | allegra | fexofenadine | zyrtec | levocetirizine,promethazine | cyproheptadine,all,False,True,xgb_ranker,xgb_ranker,verified_742,672,558,511,625,0,0,0,0.4,1.0,1.0,1.0,0.2,1.0,1.0,1.0,0.1,1.0,1.0,1.0,1.0,1.0,1.0,1.0,0.0,0.0,0.0,1.0
verified_learned_rerank,eval_0190,prednisone | methylprednisolone | cellcept | mycophenolate mofetil | hydrocortisone | triamcinolone | dexamethasone | azathioprine | imuran | betamethasone | medrol dosepak | pancreatin | diclofenac | adalimumab | humira | infliximab | remicade | golimumab | simponi | famotidine / ibuprofen,adalimumab | humira | infliximab | remicade,all,False,True,xgb_ranker,xgb_ranker,verified_742,672,346,346,672,0,0,0,0.0,0.0,0.0,0.0,0.0,0.0,0.0,0.0,0.2,1.0,1.0,0.3866406125694651,0.07142857142857142,1.0,1.0,1.0,0.0,0.0,0.0,1.0
verified_learned_rerank,eval_0184,amitriptyline | venlafaxine | elavil | memantine | spironolactone | doxycycline | azithromycin | ceftriaxone | ampicillin | allopurinol | magnesium oxide | doryx | augmentin xr | cephalexin | sodium bicarbonate | bactrim | sulfamethoxazole / trimethoprim | ceftin | avelox | moxifloxacin,amitriptyline | venlafaxine | elavil | azithromycin,all,False,True,xgb_ranker,xgb_ranker,verified_742,1000,347,347,927,0,0,0,0.6,0.75,1.0,0.8530852898337354,0.4,1.0,1.0,0.9517901481960025,0.2,1.0,1.0,0.9517901481960025,1.0,1.0,1.0,1.0,0.0,0.0,0.0,1.0
verified_learned_rerank,eval_0178,doxycycline | prednisone | metronidazole | azithromycin | rocephin | dapsone | ceftriaxone | zyvox | linezolid | filgrastim | neupogen | fluconazole | clindamycin | tobramycin | xenleta | lefamulin | cefotaxime | gentamicin | ferralet 90 | oxymetholone,doxycycline | azithromycin,all,False,True,xgb_ranker,xgb_ranker,verified_742,1000,132,132,1000,0,0,0,0.4,1.0,1.0,0.8772153153380493,0.2,1.0,1.0,0.8772153153380493,0.1,1.0,1.0,0.8772153153380493,1.0,1.0,1.0,1.0,0.0,0.0,0.0,1.0
verified_learned_rerank,eval_0188,"epivir-hbv | tenofovir | viread | lamivudine | peginterferon alfa-2a | interferon alfa-2b | hepatitis b adult vaccine | adefovir | hepatitis a adult vaccine / hepatitis b adult vaccine | entecavir | peginterferon alfa-2b | diphtheria and tetanus toxoids / pertussis, acellular / poliovirus vaccine, inactivated / haemophilus b conjugate / hepatitis b vaccine | diphtheria toxoid / hepatitis b pediatric vaccine / pertussis, acellular / poliovirus vaccine, inactivated / tetanus toxoid | tenofovir alafenamide | hepatitis b pediatric vaccine | hepatitis b immune globulin | elocon | clobetasol | desonide | doxycycline",tenofovir | peginterferon alfa-2a | viread,all,False,True,xgb_ranker,xgb_ranker,verified_742,467,16,16,467,0,0,0,0.6,1.0,1.0,0.7122630665145961,0.3,1.0,1.0,0.7122630665145961,0.15,1.0,1.0,0.7122630665145961,0.5,1.0,1.0,1.0,0.0,0.0,0.0,1.0
verified_learned_rerank,eval_0201,clonidine | catapres | hytrin | terazosin | aluminum chloride hexahydrate | drysol | gabapentin | amitriptyline | hypercare | xerac ac | potassium iodide | pima | tapazole | oxybutynin | onabotulinumtoxina | botox | benztropine | methimazole | propylthiouracil | iodine / potassium iodide,clonidine | catapres,all,False,True,xgb_ranker,xgb_ranker,verified_742,825,22,22,825,0,0,0,0.4,1.0,1.0,1.0,0.2,1.0,1.0,1.0,0.1,1.0,1.0,1.0,1.0,1.0,1.0,1.0,0.0,0.0,0.0,1.0
verified_learned_rerank,eval_0199,doxycycline | triamcinolone | ibuprofen | naproxen | flanax pain reliever | aleve | naprosyn | cephalexin | bactrim | sulfamethoxazole / trimethoprim | oxybutynin | avelox | moxifloxacin | doxy 100 | sucralfate | ciprofloxacin | levofloxacin | bactrim ds | levaquin | cipro,triamcinolone | naproxen,all,False,True,xgb_ranker,xgb_ranker,verified_742,1000,25,25,1000,0,0,0,0.4,1.0,1.0,0.5992429307166866,0.2,1.0,1.0,0.5992429307166866,0.1,1.0,1.0,0.5992429307166866,0.5,1.0,1.0,1.0,0.0,0.0,0.0,1.0
verified_learned_rerank,eval_0195,ranitidine | lansoprazole | cimetidine | omeprazole | pantoprazole | famotidine | prednisone | methylprednisolone | budesonide | triamcinolone | dexamethasone | ciprofloxacin | levofloxacin | benzocaine | doxycycline | azithromycin | mometasone | ampicillin | doryx | kenalog-40,lansoprazole | ranitidine | omeprazole,all,False,True,xgb_ranker,xgb_ranker,verified_742,1000,605,605,949,0,0,0,0.6,1.0,1.0,0.8798581971190338,0.3,1.0,1.0,0.8798581971190338,0.15,1.0,1.0,0.8798581971190338,1.0,1.0,1.0,1.0,0.0,0.0,0.0,1.0
verified_learned_rerank,eval_0192,isotretinoin | accutane | benzoyl peroxide / clindamycin | tretinoin | adapalene / benzoyl peroxide | epiduo | magnesium hydroxide | claravis | benzaclin | spironolactone | doxycycline | phillips' milk of magnesia | duac | retin-a | dapsone | aczone | clindamycin / tretinoin | drospirenone / ethinyl estradiol | onexton | benzoyl peroxide / sulfur,isotretinoin | accutane | adapalene / benzoyl peroxide,all,False,True,xgb_ranker,xgb_ranker,verified_742,726,273,273,726,0,0,0,0.6,1.0,1.0,0.840466744283681,0.3,1.0,1.0,0.840466744283681,0.15,1.0,1.0,0.840466744283681,1.0,1.0,1.0,1.0,0.0,0.0,0.0,1.0
verified_learned_rerank,eval_0186,tadalafil | propranolol | sildenafil | dextroamphetamine | dexedrine | spironolactone | azor | amlodipine / olmesartan | clonidine | modafinil | amlodipine / hydrochlorothiazide / valsartan | exforge hct | avalide | verapamil | armodafinil | travoprost | hydrochlorothiazide / irbesartan | provigil | nuvigil | benicar,propranolol,all,False,True,xgb_ranker,xgb_ranker,verified_742,1000,275,275,1000,0,0,0,0.2,1.0,1.0,0.6309297535714574,0.1,1.0,1.0,0.6309297535714574,0.05,1.0,1.0,0.6309297535714574,0.5,1.0,1.0,1.0,0.0,0.0,0.0,1.0
verified_learned_rerank,eval_0205,thyroid desiccated | westhroid | cenestin | estropipate | conjugated estrogens | armour thyroid | premarin | calcifediol | thyquidity | rayaldee | estradiol | esterified estrogens | tirosint | doxorubicin | levothyroxine | synthroid | cytomel | nature-throid | liothyronine | calcitriol,thyroid desiccated | armour thyroid | levothyroxine,all,False,True,xgb_ranker,xgb_ranker,verified_742,87,61,61,87,0,0,0,0.2,0.3333333333333333,1.0,0.4692787260227565,0.2,0.6666666666666666,1.0,0.6364391809889588,0.15,1.0,1.0,0.753758862494648,1.0,1.0,1.0,1.0,0.0,0.0,0.0,1.0
verified_learned_rerank,eval_0206,doxycycline | prednisone | metronidazole | azithromycin | rocephin | ceftriaxone | zyvox | linezolid | fluconazole | clindamycin | tobramycin | gentamicin | cefotaxime | vancocin hcl | sulfamethoxazole / trimethoprim | zithromax | minocycline | ceftin | flagyl | avelox,doxycycline | azithromycin | clindamycin,all,False,True,xgb_ranker,xgb_ranker,verified_742,1000,239,239,940,0,0,0,0.4,0.6666666666666666,1.0,0.625639979507489,0.3,1.0,1.0,0.7355117181677423,0.15,1.0,1.0,0.7355117181677423,1.0,1.0,1.0,1.0,0.0,0.0,0.0,1.0
verified_learned_rerank,eval_0179,gabapentin | amitriptyline | sumatriptan | nortriptyline | elavil | zolmitriptan | pamelor | metoclopramide | reglan | doxycycline | promethazine | ceftriaxone | phenergan | meclizine | chlorpromazine | ampicillin | lansoprazole | sulfamethoxazole / trimethoprim | prednisone | thorazine,sumatriptan | clonidine,all,False,True,xgb_ranker,xgb_ranker,verified_742,1000,315,315,927,0,0,0,0.2,0.5,1.0,0.35195904451706733,0.1,0.5,1.0,0.35195904451706733,0.05,0.5,1.0,0.35195904451706733,0.3333333333333333,1.0,1.0,1.0,0.0,0.0,0.0,1.0
verified_learned_rerank,eval_0209,clonidine | catapres | hytrin | terazosin | gabapentin | amitriptyline | onabotulinumtoxina | botox | aluminum chloride hexahydrate | drysol | hypercare | xerac ac | pima | potassium iodide | tapazole | oxybutynin | benztropine | prednisone | methimazole | glycopyrronium,clonidine | catapres,all,False,True,xgb_ranker,xgb_ranker,verified_742,1000,447,447,738,0,0,0,0.4,1.0,1.0,1.0,0.2,1.0,1.0,1.0,0.1,1.0,1.0,1.0,1.0,1.0,1.0,1.0,0.0,0.0,0.0,1.0
verified_learned_rerank,eval_0204,rabeprazole | omeprazole / sodium bicarbonate | ranitidine | lansoprazole | zantac | esomeprazole | protonix | nexium | sucralfate | cimetidine | omeprazole | pantoprazole | carafate | pepcid | calcium carbonate | famotidine | diclofenac | prednisone | chlordiazepoxide / clidinium | clonidine,rabeprazole | esomeprazole | lansoprazole,all,False,True,xgb_ranker,xgb_ranker,verified_742,955,80,80,955,0,0,0,0.4,0.6666666666666666,1.0,0.6713860725233042,0.3,1.0,1.0,0.8385465274895064,0.15,1.0,1.0,0.8385465274895064,1.0,1.0,1.0,1.0,0.0,0.0,0.0,1.0
verified_learned_rerank,eval_0212,promethazine | phenergan | hydroxyzine | diphenhydramine | benadryl | atarax | vistaril | prednisone | triamcinolone | doxepin | corticotropin | doxycycline | loteprednol | lotemax | ampicillin | prednisolone | lansoprazole | sulfamethoxazole / trimethoprim | omeprazole | dexamethasone,prednisone | promethazine | hydroxyzine | doxycycline | sulfamethoxazole / trimethoprim,all,False,True,xgb_ranker,xgb_ranker,verified_742,991,214,214,991,0,0,0,0.4,0.4,1.0,0.5977804022055987,0.3,0.6,1.0,0.6815931670619154,0.25,1.0,1.0,0.815933570421895,1.0,1.0,1.0,1.0,0.0,0.0,0.0,1.0
verified_learned_rerank,eval_0200,doxycycline | minocycline | prednisone | methotrexate | dexamethasone | chloramphenicol | tazorac | tazarotene | tetracycline | elocon | clobetasol | stelara | enbrel | ustekinumab | desonide | etanercept | flurandrenolide | cordran tape | clocortolone | clobex,prednisone | methotrexate | dexamethasone | enbrel | stelara,all,False,True,xgb_ranker,xgb_ranker,verified_742,888,575,575,888,0,0,0,0.6,0.6,1.0,0.3818875609005223,0.3,0.6,1.0,0.3818875609005223,0.25,1.0,1.0,0.5810272394445147,0.3333333333333333,1.0,1.0,1.0,0.0,0.0,0.0,1.0
verified_learned_rerank,eval_0196,metoclopramide | reglan | clonazepam | klonopin | propranolol | rizatriptan | treximet | lamotrigine | gabapentin | naproxen / sumatriptan | amitriptyline | relpax | maxalt | eletriptan | acetaminophen / butalbital / caffeine | frovatriptan | sumatriptan | bupropion | aspirin / butalbital / caffeine | diclofenac,lansoprazole | omeprazole | propranolol,all,False,True,xgb_ranker,xgb_ranker,verified_742,1000,222,222,1000,0,0,0,0.2,0.3333333333333333,1.0,0.13129701067492244,0.1,0.3333333333333333,1.0,0.13129701067492244,0.05,0.3333333333333333,1.0,0.13129701067492244,0.2,1.0,1.0,1.0,0.0,0.0,0.0,1.0
verified_learned_rerank,eval_0216,doxycycline | ibuprofen | naproxen | cephalexin | triamcinolone | flanax pain reliever | bactrim | sulfamethoxazole / trimethoprim | oxybutynin | avelox | moxifloxacin | doxy 100 | sucralfate | ditropan xl | aleve | ciprofloxacin | naprosyn | levofloxacin | bactrim ds | levaquin,naproxen,all,False,True,xgb_ranker,xgb_ranker,verified_742,372,25,25,372,0,0,0,0.2,1.0,1.0,0.5,0.1,1.0,1.0,0.5,0.05,1.0,1.0,0.5,0.3333333333333333,1.0,1.0,1.0,0.0,0.0,0.0,1.0
verified_learned_rerank,eval_0210,cefadroxil | retapamulin | altabax | mupirocin | cefuroxime | sulconazole | ammoniated mercury | ozenoxacin | cobicistat / elvitegravir / emtricitabine / tenofovir | stribild | dexbrompheniramine / pseudoephedrine | drixoral cold and allergy | valacyclovir | efavirenz / emtricitabine / tenofovir | valtrex | atripla | aciphex | chlorpheniramine / hydrocodone | tussionex pennkinetic | ondansetron,cefuroxime | mupirocin | retapamulin,all,False,True,xgb_ranker,xgb_ranker,verified_742,1000,8,8,1000,0,0,0,0.6,1.0,1.0,0.6717573587424964,0.3,1.0,1.0,0.6717573587424964,0.15,1.0,1.0,0.6717573587424964,0.5,1.0,1.0,1.0,0.0,0.0,0.0,1.0
verified_learned_rerank,eval_0217,prednisone | mometasone | triamcinolone | dexamethasone | fluticasone | methylprednisolone | budesonide | medrol dosepak | dupilumab | elocon | clobetasol | desonide | flurandrenolide | cordran tape | clocortolone | clobex | cloderm | betamethasone | fluocinonide | fluocinolone,prednisone,all,False,True,xgb_ranker,xgb_ranker,verified_742,734,49,49,734,0,0,0,0.2,1.0,1.0,1.0,0.1,1.0,1.0,1.0,0.05,1.0,1.0,1.0,1.0,1.0,1.0,1.0,0.0,0.0,0.0,1.0
verified_learned_rerank,eval_0198,cyproheptadine | promethazine | prednisone | chlor-trimeton | phenergan | chlorpheniramine | epinephrine | ranitidine | carbinoxamine | azelastine | triamcinolone | tetracaine | olopatadine | diphenhydramine | benadryl | cetirizine | allegra | fexofenadine | zyrtec | levocetirizine,promethazine | cyproheptadine,all,False,True,xgb_ranker,xgb_ranker,verified_742,558,76,76,558,0,0,0,0.4,1.0,1.0,1.0,0.2,1.0,1.0,1.0,0.1,1.0,1.0,1.0,1.0,1.0,1.0,1.0,0.0,0.0,0.0,1.0
verified_learned_rerank,eval_0215,liraglutide | gabapentin | victoza | tretinoin | clobetasol | desmopressin | pregabalin | pramlintide | humulin r u-500 (concentrated) | duloxetine | nortriptyline | cymbalta | chromium picolinate | byetta | symlin | topiramate | exubera | insulin isophane | ddavp | insulin aspart / insulin aspart protamine,liraglutide | victoza,all,False,True,xgb_ranker,xgb_ranker,verified_742,1000,228,228,1000,0,0,0,0.4,1.0,1.0,0.9197207891481876,0.2,1.0,1.0,0.9197207891481876,0.1,1.0,1.0,0.9197207891481876,1.0,1.0,1.0,1.0,0.0,0.0,0.0,1.0
verified_learned_rerank,eval_0221,isotretinoin | accutane | benzoyl peroxide / clindamycin | tretinoin | adapalene / benzoyl peroxide | epiduo | magnesium hydroxide | claravis | benzaclin | spironolactone | doxycycline | phillips' milk of magnesia | duac | retin-a | dapsone | aczone | clindamycin / tretinoin | drospirenone / ethinyl estradiol | onexton | benzoyl peroxide / sulfur,isotretinoin | accutane | adapalene / benzoyl peroxide,all,False,True,xgb_ranker,xgb_ranker,verified_742,273,273,273,273,0,0,0,0.6,1.0,1.0,0.9615980861491925,0.3,1.0,1.0,0.9615980861491925,0.15,1.0,1.0,0.9615980861491925,1.0,1.0,1.0,1.0,0.0,0.0,0.0,1.0
verified_learned_rerank,eval_0220,elocon | clobetasol | stelara | enbrel | ustekinumab | desonide | doxycycline | etanercept | prednisone | flurandrenolide | cordran tape | clocortolone | clobex | cloderm | thiothixene | desowen | methylprednisolone | adalimumab | mometasone | betamethasone,enbrel,all,False,True,xgb_ranker,xgb_ranker,verified_742,353,164,164,353,0,0,0,0.2,1.0,1.0,0.4306765580733931,0.1,1.0,1.0,0.4306765580733931,0.05,1.0,1.0,0.4306765580733931,0.25,1.0,1.0,1.0,0.0,0.0,0.0,1.0
verified_learned_rerank,eval_0222,diclofenac | tramadol | stelara | acetaminophen / hydrocodone | enbrel | ustekinumab | doxycycline | etanercept | prednisone | lortab | ketoprofen | norco | indomethacin | valdecoxib | voltaren | duloxetine | cataflam | cymbalta | naprelan | probenecid,diclofenac,all,False,True,xgb_ranker,xgb_ranker,verified_742,403,255,255,403,0,0,0,0.2,1.0,1.0,1.0,0.1,1.0,1.0,1.0,0.05,1.0,1.0,1.0,1.0,1.0,1.0,1.0,0.0,0.0,0.0,1.0
verified_learned_rerank,eval_0225,liraglutide | gabapentin | victoza | tretinoin | clobetasol | desmopressin | pregabalin | pramlintide | humulin r u-500 (concentrated) | duloxetine | nortriptyline | cymbalta | chromium picolinate | byetta | symlin | topiramate | exubera | insulin isophane | ddavp | novolog mix 70 / 30,liraglutide | victoza,all,False,True,xgb_ranker,xgb_ranker,verified_742,616,228,228,616,0,0,0,0.4,1.0,1.0,0.9197207891481876,0.2,1.0,1.0,0.9197207891481876,0.1,1.0,1.0,0.9197207891481876,1.0,1.0,1.0,1.0,0.0,0.0,0.0,1.0
verified_learned_rerank,eval_0219,clonidine | propranolol | catapres | verapamil | benicar | atenolol | nadolol | corgard | innopran xl | olmesartan | metoprolol | verelan pm | inderal | tenormin | calan sr | lisinopril | amlodipine | inderal la | norvasc | prinivil,propranolol | spironolactone | clonidine | catapres | terazosin | hytrin | benicar | olmesartan | verapamil,all,False,True,xgb_ranker,xgb_ranker,verified_742,1000,447,447,1000,0,0,0,1.0,0.5555555555555556,1.0,1.0,0.6,0.6666666666666666,1.0,0.8221478928130895,0.3,0.6666666666666666,1.0,0.8221478928130895,1.0,1.0,1.0,1.0,0.0,0.0,0.0,1.0
verified_learned_rerank,eval_0230,doxycycline | prednisone | azithromycin | rocephin | aclidinium | tudorza pressair | xopenex | methylprednisolone | omalizumab | ceftriaxone | mometasone | xolair | levalbuterol | primatene mist | accolate | zafirlukast | intal inhaler | guaifenesin | epinephrine | ipratropium inhalation solution,prednisone,all,False,True,xgb_ranker,xgb_ranker,verified_742,1000,221,221,1000,0,0,0,0.2,1.0,1.0,0.6309297535714574,0.1,1.0,1.0,0.6309297535714574,0.05,1.0,1.0,0.6309297535714574,0.5,1.0,1.0,1.0,0.0,0.0,0.0,1.0
verified_learned_rerank,eval_0229,doxycycline | minocycline | tazorac | tazarotene | tetracycline | dapsone | clindamycin | sulfamethoxazole / trimethoprim | erythromycin | prednisone | dexamethasone | isotretinoin | accutane | benzoyl peroxide / clindamycin | tretinoin | adapalene / benzoyl peroxide | epiduo | magnesium hydroxide | claravis | benzaclin,tazarotene | dapsone | clindamycin,all,False,True,xgb_ranker,xgb_ranker,verified_742,802,555,479,726,0,0,0,0.2,0.3333333333333333,1.0,0.2192560461704936,0.3,1.0,1.0,0.5098509238173572,0.15,1.0,1.0,0.5098509238173572,0.25,1.0,1.0,1.0,0.0,0.0,0.0,1.0
verified_learned_rerank,eval_0235,stribild | cobicistat / elvitegravir / emtricitabine / tenofovir | efavirenz / emtricitabine / tenofovir | atripla | ondansetron | triumeq | abacavir / dolutegravir / lamivudine | clonidine | epzicom | emtricitabine / rilpivirine / tenofovir | complera | abacavir / lamivudine | fuzeon | enfuvirtide | reyataz | atazanavir | isentress | cobicistat / elvitegravir / emtricitabine / tenofovir alafenamide | genvoya | filgrastim,stribild | efavirenz / emtricitabine / tenofovir,all,False,True,xgb_ranker,xgb_ranker,verified_742,154,119,119,154,0,0,0,0.4,1.0,1.0,0.9197207891481876,0.2,1.0,1.0,0.9197207891481876,0.1,1.0,1.0,0.9197207891481876,1.0,1.0,1.0,1.0,0.0,0.0,0.0,1.0
verified_learned_rerank,eval_0231,"calcifediol | calcitriol | parathyroid hormone | ergocalciferol | calcium phosphate, tribasic | calcium lactate | thyroid desiccated | westhroid | cenestin | estropipate | conjugated estrogens | armour thyroid | premarin | rayaldee | thyquidity | estradiol | esterified estrogens | tirosint | doxorubicin | levothyroxine",thyroid desiccated | armour thyroid | levothyroxine,all,False,True,xgb_ranker,xgb_ranker,verified_742,1000,112,112,958,0,0,0,0.0,0.0,0.0,0.0,0.1,0.3333333333333333,1.0,0.12669792223864473,0.15,1.0,1.0,0.35921782385985457,0.14285714285714285,1.0,1.0,1.0,0.0,0.0,0.0,1.0
verified_learned_rerank,eval_0207,dexamethasone | clobetasol | fluocinolone | duloxetine | cymbalta | zostrix | capsaicin | prednisone | ibuprofen | naproxen | capzasin-hp | aleve | zostrix diabetic foot pain | liraglutide | gabapentin | victoza | tretinoin | desmopressin | pregabalin | pramlintide,duloxetine | cymbalta,all,False,True,xgb_ranker,xgb_ranker,verified_742,1000,476,273,797,0,0,0,0.4,1.0,1.0,0.5012658353418872,0.2,1.0,1.0,0.5012658353418872,0.1,1.0,1.0,0.5012658353418872,0.25,1.0,1.0,1.0,0.0,0.0,0.0,1.0
verified_learned_rerank,eval_0233,prednisone | methylprednisolone | adalimumab | humira | infliximab | remicade | hydrocortisone | triamcinolone | dexamethasone | cyclosporine | prednisolone | elocon | clobetasol | stelara | enbrel | ustekinumab | desonide | doxycycline | etanercept | flurandrenolide,prednisone | adalimumab | humira,all,False,True,xgb_ranker,xgb_ranker,verified_742,238,164,164,238,0,0,0,0.6,1.0,1.0,0.8132022820105483,0.3,1.0,1.0,0.8132022820105483,0.15,1.0,1.0,0.8132022820105483,1.0,1.0,1.0,1.0,0.0,0.0,0.0,1.0
verified_learned_rerank,eval_0223,triamcinolone | sucralfate | ciprofloxacin | levofloxacin | ofloxacin | doxycycline | cipro | ibuprofen | naproxen | flanax pain reliever | aleve | naprosyn | cephalexin | bactrim | sulfamethoxazole / trimethoprim | oxybutynin | avelox | moxifloxacin | doxy 100 | ditropan xl,triamcinolone | sucralfate | prednisone | adalimumab,all,False,True,xgb_ranker,xgb_ranker,verified_742,672,325,325,672,0,0,0,0.4,0.5,1.0,0.6357429506707164,0.2,0.5,1.0,0.6357429506707164,0.1,0.5,1.0,0.6357429506707164,1.0,1.0,1.0,1.0,0.0,0.0,0.0,1.0
verified_learned_rerank,eval_0213,clonidine | catapres | hytrin | terazosin | aluminum chloride hexahydrate | drysol | gabapentin | amitriptyline | hypercare | onabotulinumtoxina | botox | xerac ac | tapazole | pima | potassium iodide | oxybutynin | benztropine | methimazole | sodium iodide-i-131 | propylthiouracil,clonidine | catapres | terazosin | hytrin,all,False,True,xgb_ranker,xgb_ranker,verified_742,1000,293,293,1000,0,0,0,0.8,1.0,1.0,1.0,0.4,1.0,1.0,1.0,0.2,1.0,1.0,1.0,1.0,1.0,1.0,1.0,0.0,0.0,0.0,1.0
verified_learned_rerank,eval_0218,doxycycline | prednisone | metronidazole | azithromycin | rocephin | dapsone | ceftriaxone | zyvox | linezolid | filgrastim | neupogen | fluconazole | clindamycin | tobramycin | pyrimethamine | xenleta | lefamulin | gentamicin | ferralet 90 | cefotaxime,doxycycline | azithromycin,all,False,True,xgb_ranker,xgb_ranker,verified_742,1000,132,132,1000,0,0,0,0.4,1.0,1.0,0.8772153153380493,0.2,1.0,1.0,0.8772153153380493,0.1,1.0,1.0,0.8772153153380493,1.0,1.0,1.0,1.0,0.0,0.0,0.0,1.0
verified_learned_rerank,eval_0242,"calcifediol | calcitriol | parathyroid hormone | ergocalciferol | calcium phosphate, tribasic | calcium lactate | thyroid desiccated | westhroid | cenestin | estropipate | conjugated estrogens | armour thyroid | premarin | rayaldee | thyquidity | estradiol | esterified estrogens | tirosint | doxorubicin | levothyroxine",thyroid desiccated | armour thyroid | levothyroxine,all,False,True,xgb_ranker,xgb_ranker,verified_742,1000,385,385,952,0,0,0,0.0,0.0,0.0,0.0,0.1,0.3333333333333333,1.0,0.1564262420075855,0.15,1.0,1.0,0.3900840631017693,0.14285714285714285,1.0,1.0,1.0,0.0,0.0,0.0,1.0
verified_learned_rerank,eval_0241,baclofen | onabotulinumtoxina | botox | lioresal | lorazepam | ativan | abobotulinumtoxina | dysport | botulinum toxin type b | myobloc | incobotulinumtoxina | xeomin | ibuprofen | naproxen | aleve | propranolol | clonidine | verapamil | benicar | atenolol,baclofen | onabotulinumtoxina | botox | lioresal | propranolol,all,False,True,xgb_ranker,xgb_ranker,verified_742,1000,187,187,892,0,0,0,0.8,0.8,1.0,0.7790559043488847,0.4,0.8,1.0,0.7790559043488847,0.25,1.0,1.0,0.8704816048787549,1.0,1.0,1.0,1.0,0.0,0.0,0.0,1.0
verified_learned_rerank,eval_0237,doxycycline | azithromycin | rocephin | acidophilus | methenamine | ceftriaxone | zyvox | linezolid | hiprex | lactobacillus acidophilus | fluconazole | cephalexin | doripenem | gentamicin | bactrim | sulfamethoxazole / trimethoprim | minocycline | ceftin | avelox | moxifloxacin,sulfamethoxazole / trimethoprim | bactrim | fluconazole,all,False,True,xgb_ranker,xgb_ranker,verified_742,481,287,287,481,0,0,0,0.0,0.0,0.0,0.0,0.0,0.0,0.0,0.0,0.15,1.0,1.0,0.3630309663999042,0.09090909090909091,1.0,1.0,1.0,0.0,0.0,0.0,1.0
verified_learned_rerank,eval_0244,doxycycline | hydroxychloroquine | doxy 100 | lithium | divalproex sodium | depakote er | depakote | valproic acid | prednisone | deltasone | chlorpromazine | allopurinol | clindamycin | artemether / lumefantrine | coartem | halofantrine | halfan | stavzor | pyrimethamine / sulfadoxine | pyrimethamine,doxycycline | prednisone | methylprednisolone | hydroxychloroquine | doxy 100 | deltasone | diclofenac | naproxen,all,False,True,xgb_ranker,xgb_ranker,verified_742,1000,446,446,809,0,0,0,0.6,0.375,1.0,0.7227265726449517,0.5,0.625,1.0,0.7280920761425088,0.25,0.625,1.0,0.7280920761425088,1.0,1.0,1.0,1.0,0.0,0.0,0.0,1.0
verified_learned_rerank,eval_0252,clonazepam | klonopin | propranolol | rizatriptan | treximet | lamotrigine | gabapentin | naproxen / sumatriptan | amitriptyline | relpax | maxalt | eletriptan | acetaminophen / butalbital / caffeine | frovatriptan | sumatriptan | bupropion | aspirin / butalbital / caffeine | diclofenac | frova | maxalt-mlt,gabapentin | propranolol,all,False,True,xgb_ranker,xgb_ranker,verified_742,1000,179,179,1000,0,0,0,0.2,0.5,1.0,0.35195904451706733,0.2,1.0,1.0,0.5083852865246528,0.1,1.0,1.0,0.5083852865246528,0.3333333333333333,1.0,1.0,1.0,0.0,0.0,0.0,1.0
verified_learned_rerank,eval_0227,"azithromycin | ceftriaxone | ampicillin | ciprofloxacin | cipro | typhoid vaccine, inactivated | typhoid vaccine, live | clonazepam | klonopin | dexbrompheniramine / pseudoephedrine | drixoral cold and allergy | lamotrigine | gabapentin | naproxen / sumatriptan | amitriptyline | maxalt | dextroamphetamine | eletriptan | acetaminophen / butalbital / caffeine | frovatriptan",ceftriaxone | ciprofloxacin,all,False,True,xgb_ranker,xgb_ranker,verified_742,1000,7,7,1000,0,0,0,0.4,1.0,1.0,0.5992429307166866,0.2,1.0,1.0,0.5992429307166866,0.1,1.0,1.0,0.5992429307166866,0.5,1.0,1.0,1.0,0.0,0.0,0.0,1.0
verified_learned_rerank,eval_0232,cyproheptadine | promethazine | prednisone | omalizumab | epipen | ketotifen | xolair | chlor-trimeton | phenergan | ketorolac | chlorpheniramine | epinephrine | ranitidine | carbinoxamine | alavert | zaditor | aristocort | azelastine | triamcinolone | tetracaine,prednisone | promethazine,all,False,True,xgb_ranker,xgb_ranker,verified_742,558,76,76,558,0,0,0,0.4,1.0,1.0,0.6787622294601761,0.2,1.0,1.0,0.6787622294601761,0.1,1.0,1.0,0.6787622294601761,0.5,1.0,1.0,1.0,0.0,0.0,0.0,1.0
verified_learned_rerank,eval_0257,rabeprazole | omeprazole / sodium bicarbonate | ranitidine | lansoprazole | zantac | esomeprazole | protonix | nexium | sucralfate | cimetidine | omeprazole | pantoprazole | carafate | pepcid | calcium carbonate | famotidine | diclofenac | prednisone | chlordiazepoxide / clidinium | clonidine,rabeprazole | esomeprazole | lansoprazole,all,False,True,xgb_ranker,xgb_ranker,verified_742,468,80,80,468,0,0,0,0.4,0.6666666666666666,1.0,0.6713860725233042,0.3,1.0,1.0,0.8385465274895064,0.15,1.0,1.0,0.8385465274895064,1.0,1.0,1.0,1.0,0.0,0.0,0.0,1.0
verified_learned_rerank,eval_0251,oxybutynin | doxycycline | ibuprofen | naproxen | triamcinolone | flanax pain reliever | aleve | naprosyn | aluminum chloride hexahydrate | drysol | gabapentin | amitriptyline | hypercare | clonidine | xerac ac | catapres | pima | potassium iodide | tapazole | onabotulinumtoxina,prednisone | enbrel | naproxen | triamcinolone | ibuprofen,all,False,True,xgb_ranker,xgb_ranker,verified_742,690,294,294,690,0,0,0,0.6,0.6,1.0,0.4441707531757099,0.3,0.6,1.0,0.4441707531757099,0.15,0.6,1.0,0.4441707531757099,0.3333333333333333,1.0,1.0,1.0,0.0,0.0,0.0,1.0
verified_learned_rerank,eval_0249,doxycycline | prednisone | gentamicin | lansoprazole | minocycline | moxifloxacin | dexamethasone | ciprofloxacin | levofloxacin | rifampin | amikacin | aciphex | rabeprazole | calcium carbonate / simethicone | prevacid | axid ar | nexium 24hr | prilosec otc | aluminum hydroxide / magnesium hydroxide / simethicone | nizatidine,doxycycline,all,False,True,xgb_ranker,xgb_ranker,verified_742,1000,230,230,1000,0,0,0,0.2,1.0,1.0,1.0,0.1,1.0,1.0,1.0,0.05,1.0,1.0,1.0,1.0,1.0,1.0,1.0,0.0,0.0,0.0,1.0
verified_learned_rerank,eval_0246,clonidine | catapres | hytrin | terazosin | sodium iodide-i-131 | propylthiouracil | aluminum chloride hexahydrate | drysol | gabapentin | amitriptyline | hypercare | xerac ac | pima | potassium iodide | tapazole | oxybutynin | onabotulinumtoxina | botox | benztropine | methimazole,thyroid desiccated | armour thyroid | levothyroxine,all,False,True,xgb_ranker,xgb_ranker,verified_742,1000,352,126,742,0,0,0,0.0,0.0,0.0,0.0,0.0,0.0,0.0,0.0,0.0,0.0,0.0,0.0,0.0,1.0,1.0,1.0,0.0,0.0,0.0,1.0
verified_learned_rerank,eval_0260,doxycycline | ibuprofen | naproxen | cephalexin | triamcinolone | flanax pain reliever | bactrim | sulfamethoxazole / trimethoprim | oxybutynin | avelox | moxifloxacin | doxy 100 | sucralfate | ditropan xl | aleve | ciprofloxacin | naprosyn | levofloxacin | bactrim ds | levaquin,naproxen,all,False,True,xgb_ranker,xgb_ranker,verified_742,273,25,25,273,0,0,0,0.2,1.0,1.0,0.5,0.1,1.0,1.0,0.5,0.05,1.0,1.0,0.5,0.3333333333333333,1.0,1.0,1.0,0.0,0.0,0.0,1.0
verified_learned_rerank,eval_0250,foscarnet | immune globulin intramuscular | doxycycline | ceftriaxone | sulfamethoxazole / trimethoprim | dexamethasone | ciprofloxacin | erythromycin | gabapentin | cipro | amitriptyline | prednisone | nortriptyline | metoclopramide | reglan | valacyclovir | valtrex | acyclovir | chlorpromazine | thorazine,valacyclovir | valtrex | acyclovir,all,False,True,xgb_ranker,xgb_ranker,verified_742,1000,322,322,749,0,0,0,0.0,0.0,0.0,0.0,0.0,0.0,0.0,0.0,0.15,1.0,1.0,0.33782057848058294,0.0625,1.0,1.0,1.0,0.0,0.0,0.0,1.0
verified_learned_rerank,eval_0261,elocon | clobetasol | stelara | enbrel | ustekinumab | desonide | doxycycline | etanercept | prednisone | flurandrenolide | cordran tape | clocortolone | clobex | cloderm | thiothixene | desowen | methylprednisolone | adalimumab | mometasone | betamethasone,enbrel,all,False,True,xgb_ranker,xgb_ranker,verified_742,164,164,164,164,0,0,0,0.2,1.0,1.0,0.4306765580733931,0.1,1.0,1.0,0.4306765580733931,0.05,1.0,1.0,0.4306765580733931,0.25,1.0,1.0,1.0,0.0,0.0,0.0,1.0
verified_learned_rerank,eval_0264,prednisone | methylprednisolone | cellcept | mycophenolate mofetil | hydrocortisone | triamcinolone | dexamethasone | azathioprine | imuran | diclofenac | adalimumab | humira | infliximab | remicade | golimumab | simponi | famotidine / ibuprofen | duexis | vimovo | esomeprazole / naproxen,adalimumab | humira | infliximab | remicade,all,False,True,xgb_ranker,xgb_ranker,verified_742,672,346,346,672,0,0,0,0.0,0.0,0.0,0.0,0.0,0.0,0.0,0.0,0.2,1.0,1.0,0.4168433904426998,0.09090909090909091,1.0,1.0,1.0,0.0,0.0,0.0,1.0
verified_learned_rerank,eval_0268,prednisone | aristocort | triamcinolone | corticotropin | deltasone | acthar | loteprednol | lotemax | prednisolone | cyproheptadine | promethazine | omalizumab | epipen | ketotifen | xolair | chlor-trimeton | phenergan | ketorolac | chlorpheniramine | epinephrine,prednisone | triamcinolone | prednisolone | loteprednol | lotemax,all,False,True,xgb_ranker,xgb_ranker,verified_742,340,322,322,340,0,0,0,0.4,0.4,1.0,0.3985202681370658,0.5,1.0,1.0,0.7370572078601025,0.25,1.0,1.0,0.7370572078601025,1.0,1.0,1.0,1.0,0.0,0.0,0.0,1.0
verified_learned_rerank,eval_0267,cefuroxime | retapamulin | altabax | doxycycline | clindamycin | cephalexin | bactrim | sulfamethoxazole / trimethoprim | minocycline | keflex | doxy 100 | bactrim ds | vibramycin | septra | septra ds | smz-tmp ds | cefadroxil | mupirocin | ozenoxacin | sulconazole,isotretinoin | accutane | adapalene / benzoyl peroxide | doxycycline | cefuroxime | mupirocin | retapamulin,all,False,True,xgb_ranker,xgb_ranker,verified_742,726,425,425,726,0,0,0,0.6,0.42857142857142855,1.0,0.5148326631814688,0.3,0.42857142857142855,1.0,0.44539172680943867,0.2,0.5714285714285714,1.0,0.5144640153006464,1.0,1.0,1.0,1.0,0.0,0.0,0.0,1.0
verified_learned_rerank,eval_0253,elocon | clobetasol | stelara | enbrel | ustekinumab | desonide | doxycycline | etanercept | prednisone | flurandrenolide | cordran tape | clocortolone | clobex | cloderm | thiothixene | desowen | methylprednisolone | adalimumab | mometasone | betamethasone,prednisone | enbrel,all,False,True,xgb_ranker,xgb_ranker,verified_742,164,164,164,164,0,0,0,0.2,0.5,1.0,0.3031610197508214,0.2,1.0,1.0,0.44442799261065036,0.1,1.0,1.0,0.44442799261065036,0.25,1.0,1.0,1.0,0.0,0.0,0.0,1.0
verified_learned_rerank,eval_0276,doxycycline | prednisone | azithromycin | rocephin | methylprednisolone | ceftriaxone | mometasone | epinephrine | ampicillin | budesonide | kenalog-40 | augmentin xr | triamcinolone | bactrim | medrol dosepak | sulfamethoxazole / trimethoprim | flunisolide | zithromax | ceftin | cedax,prednisone,all,False,True,xgb_ranker,xgb_ranker,verified_742,1000,221,221,1000,0,0,0,0.2,1.0,1.0,0.6309297535714574,0.1,1.0,1.0,0.6309297535714574,0.05,1.0,1.0,0.6309297535714574,0.5,1.0,1.0,1.0,0.0,0.0,0.0,1.0
verified_learned_rerank,eval_0277,liraglutide | gabapentin | victoza | tretinoin | clobetasol | desmopressin | pregabalin | pramlintide | humulin r u-500 (concentrated) | duloxetine | nortriptyline | cymbalta | chromium picolinate | byetta | symlin | topiramate | exubera | insulin isophane | ddavp | insulin aspart / insulin aspart protamine,liraglutide | victoza,all,False,True,xgb_ranker,xgb_ranker,verified_742,453,228,228,453,0,0,0,0.4,1.0,1.0,0.9197207891481876,0.2,1.0,1.0,0.9197207891481876,0.1,1.0,1.0,0.9197207891481876,1.0,1.0,1.0,1.0,0.0,0.0,0.0,1.0
verified_learned_rerank,eval_0272,prednisone | methylprednisolone | cellcept | mycophenolate mofetil | hydrocortisone | triamcinolone | dexamethasone | azathioprine | imuran | budesonide | mercaptopurine | betamethasone | medrol dosepak | pancreatin | elocon | clobetasol | desonide | flurandrenolide | cordran tape | clocortolone,budesonide,all,False,True,xgb_ranker,xgb_ranker,verified_742,659,346,126,439,0,0,0,0.0,0.0,0.0,0.0,0.1,1.0,1.0,0.2890648263178879,0.05,1.0,1.0,0.2890648263178879,0.1,1.0,1.0,1.0,0.0,0.0,0.0,1.0
verified_learned_rerank,eval_0262,diclofenac | tramadol | stelara | acetaminophen / hydrocodone | enbrel | ustekinumab | doxycycline | etanercept | prednisone | lortab | ketoprofen | norco | indomethacin | valdecoxib | voltaren | duloxetine | cataflam | cymbalta | naprelan | probenecid,diclofenac | tramadol | acetaminophen / hydrocodone,all,False,True,xgb_ranker,xgb_ranker,verified_742,273,255,255,273,0,0,0,0.6,1.0,1.0,0.9736505918364026,0.3,1.0,1.0,0.9736505918364026,0.15,1.0,1.0,0.9736505918364026,1.0,1.0,1.0,1.0,0.0,0.0,0.0,1.0
verified_learned_rerank,eval_0275,amitriptyline | spironolactone | doxycycline | venlafaxine | azithromycin | rocephin | phosphorated carbohydrate solution | acidophilus | elavil | methenamine | ceftriaxone | zyvox | vaniqa | linezolid | uta | ampicillin | sulfatrim | hiprex | allopurinol | eflornithine,doxycycline,all,False,True,xgb_ranker,xgb_ranker,verified_742,172,172,172,172,0,0,0,0.2,1.0,1.0,0.5,0.1,1.0,1.0,0.5,0.05,1.0,1.0,0.5,0.3333333333333333,1.0,1.0,1.0,0.0,0.0,0.0,1.0
verified_learned_rerank,eval_0271,tretinoin | liraglutide | gabapentin | victoza | clobetasol | desmopressin | pregabalin | pramlintide | humulin r u-500 (concentrated) | duloxetine | nortriptyline | cymbalta | chromium picolinate | byetta | symlin | topiramate | exubera | insulin isophane | ddavp | insulin aspart / insulin aspart protamine,tretinoin | doxycycline | spironolactone | liraglutide | victoza,all,False,True,xgb_ranker,xgb_ranker,verified_742,949,560,508,897,0,0,0,0.6,0.6,1.0,0.7428263532604289,0.3,0.6,1.0,0.7428263532604289,0.15,0.6,1.0,0.7428263532604289,1.0,1.0,1.0,1.0,0.0,0.0,0.0,1.0
verified_learned_rerank,eval_0279,cyproheptadine | promethazine | prednisone | chlor-trimeton | phenergan | chlorpheniramine | epinephrine | ranitidine | carbinoxamine | azelastine | triamcinolone | tetracaine | olopatadine | diphenhydramine | benadryl | cetirizine | allegra | fexofenadine | zyrtec | levocetirizine,prednisone | promethazine | cyproheptadine | triamcinolone | azelastine | phenergan,all,False,True,xgb_ranker,xgb_ranker,verified_742,1000,558,558,1000,0,0,0,0.8,0.6666666666666666,1.0,0.8539316501572934,0.5,0.8333333333333334,1.0,0.8493587936665264,0.3,1.0,1.0,0.9337676022490267,1.0,1.0,1.0,1.0,0.0,0.0,0.0,1.0
verified_learned_rerank,eval_0284,doxycycline | prednisone | azithromycin | rocephin | ceftriaxone | sulfamethoxazole / trimethoprim | zithromax | ceftin | avelox | moxifloxacin | amoxicillin | amoxil | amoxicillin / clavulanate | biaxin xl | augmentin | dexamethasone | cefuroxime | clarithromycin | ciprofloxacin | erythromycin,doxycycline | azithromycin | prednisone | sulfamethoxazole / trimethoprim | ceftriaxone,all,False,True,xgb_ranker,xgb_ranker,verified_742,1000,319,319,1000,0,0,0,0.8,0.8,1.0,0.8191577303746509,0.5,1.0,1.0,0.9137949195204103,0.25,1.0,1.0,0.9137949195204103,1.0,1.0,1.0,1.0,0.0,0.0,0.0,1.0
verified_learned_rerank,eval_0281,doxycycline | prednisone | metronidazole | azithromycin | rocephin | dapsone | ceftriaxone | zyvox | linezolid | filgrastim | neupogen | fluconazole | clindamycin | tobramycin | vancocin hcl | cefotaxime | gentamicin | lefamulin | pyrimethamine | ferralet 90,doxycycline | azithromycin,all,False,True,xgb_ranker,xgb_ranker,verified_742,1000,132,132,1000,0,0,0,0.4,1.0,1.0,0.7724397457735779,0.2,1.0,1.0,0.7724397457735779,0.1,1.0,1.0,0.7724397457735779,1.0,1.0,1.0,1.0,0.0,0.0,0.0,1.0
verified_learned_rerank,eval_0269,liraglutide | gabapentin | victoza | tretinoin | clobetasol | desmopressin | pregabalin | pramlintide | humulin r u-500 (concentrated) | duloxetine | nortriptyline | cymbalta | chromium picolinate | byetta | symlin | topiramate | exubera | insulin isophane | ddavp | novolog mix 70 / 30,liraglutide | victoza,all,False,True,xgb_ranker,xgb_ranker,verified_742,1000,228,228,1000,0,0,0,0.4,1.0,1.0,0.9197207891481876,0.2,1.0,1.0,0.9197207891481876,0.1,1.0,1.0,0.9197207891481876,1.0,1.0,1.0,1.0,0.0,0.0,0.0,1.0
verified_learned_rerank,eval_0270,cefadroxil | retapamulin | altabax | mupirocin | cefuroxime | sulconazole | ammoniated mercury | ozenoxacin | cobicistat / elvitegravir / emtricitabine / tenofovir | stribild | dexbrompheniramine / pseudoephedrine | drixoral cold and allergy | valacyclovir | efavirenz / emtricitabine / tenofovir | valtrex | atripla | aciphex | chlorpheniramine / hydrocodone | tussionex pennkinetic | ondansetron,cefuroxime | mupirocin | retapamulin,all,False,True,xgb_ranker,xgb_ranker,verified_742,1000,8,8,1000,0,0,0,0.6,1.0,1.0,0.6717573587424964,0.3,1.0,1.0,0.6717573587424964,0.15,1.0,1.0,0.6717573587424964,0.5,1.0,1.0,1.0,0.0,0.0,0.0,1.0
verified_learned_rerank,eval_0280,doxycycline | clindamycin | cephalexin | bactrim | sulfamethoxazole / trimethoprim | minocycline | keflex | doxy 100 | bactrim ds | vibramycin | septra | septra ds | smz-tmp ds | doryx | isotretinoin | accutane | benzoyl peroxide / clindamycin | tretinoin | adapalene / benzoyl peroxide | epiduo,doxycycline | clindamycin | minocycline,all,False,True,xgb_ranker,xgb_ranker,verified_742,888,420,420,888,0,0,0,0.4,0.6666666666666666,1.0,0.7653606369886218,0.3,1.0,1.0,0.932521091954824,0.15,1.0,1.0,0.932521091954824,1.0,1.0,1.0,1.0,0.0,0.0,0.0,1.0
verified_learned_rerank,eval_0287,lorazepam | ativan | onabotulinumtoxina | botox | gabapentin | amitriptyline | sumatriptan | opium | ondansetron | zofran | dimenhydrinate | cholestyramine | doxycycline | alosetron | dramamine | promethazine | emend | aprepitant | lotronex | loperamide,onabotulinumtoxina | gabapentin | amitriptyline,all,False,True,xgb_ranker,xgb_ranker,verified_742,265,155,147,257,0,0,0,0.4,0.6666666666666666,1.0,0.41618115554873086,0.3,1.0,1.0,0.5833416105149332,0.15,1.0,1.0,0.5833416105149332,0.3333333333333333,1.0,1.0,1.0,0.0,0.0,0.0,1.0
verified_learned_rerank,eval_0273,propranolol | clonidine | verapamil | benicar | atenolol | catapres | nadolol | corgard | innopran xl | olmesartan | metoprolol | verelan pm | inderal | tenormin | calan sr | lisinopril | amlodipine | inderal la | norvasc | prinivil,propranolol | clonidine,all,False,True,xgb_ranker,xgb_ranker,verified_742,1000,433,433,1000,0,0,0,0.4,1.0,1.0,1.0,0.2,1.0,1.0,1.0,0.1,1.0,1.0,1.0,1.0,1.0,1.0,1.0,0.0,0.0,0.0,1.0
verified_learned_rerank,eval_0292,diclofenac | tramadol | stelara | acetaminophen / hydrocodone | enbrel | ustekinumab | doxycycline | etanercept | prednisone | lortab | ketoprofen | norco | indomethacin | valdecoxib | voltaren | duloxetine | cataflam | cymbalta | naprelan | probenecid,diclofenac,all,False,True,xgb_ranker,xgb_ranker,verified_742,255,255,255,255,0,0,0,0.2,1.0,1.0,1.0,0.1,1.0,1.0,1.0,0.05,1.0,1.0,1.0,1.0,1.0,1.0,1.0,0.0,0.0,0.0,1.0
verified_learned_rerank,eval_0278,doxycycline | azithromycin | rocephin | acidophilus | methenamine | ceftriaxone | zyvox | linezolid | hiprex | lactobacillus acidophilus | fluconazole | cephalexin | doripenem | gentamicin | bactrim | sulfamethoxazole / trimethoprim | minocycline | ceftin | avelox | moxifloxacin,doxycycline | azithromycin | bactrim | fluconazole,all,False,True,xgb_ranker,xgb_ranker,verified_742,481,287,287,481,0,0,0,0.4,0.5,1.0,0.4829420709752337,0.2,0.5,1.0,0.4829420709752337,0.2,1.0,1.0,0.7178836443702017,1.0,1.0,1.0,1.0,0.0,0.0,0.0,1.0
verified_learned_rerank,eval_0297,aciphex | rabeprazole | calcium carbonate / simethicone | prevacid | axid ar | nexium 24hr | prilosec otc | aluminum hydroxide / magnesium hydroxide / simethicone | nizatidine | protonix iv | omeprazole / sodium bicarbonate | axid | mylanta | ranitidine | zegerid | pepcid ac chewable tablets | dexlansoprazole | lansoprazole | zantac | kapidex,aciphex | dexlansoprazole | rabeprazole,all,False,True,xgb_ranker,xgb_ranker,verified_742,222,45,45,222,0,0,0,0.4,0.6666666666666666,1.0,0.7653606369886218,0.2,0.6666666666666666,1.0,0.7653606369886218,0.15,1.0,1.0,0.8778995257840894,1.0,1.0,1.0,1.0,0.0,0.0,0.0,1.0
verified_learned_rerank,eval_0296,elocon | clobetasol | stelara | enbrel | ustekinumab | desonide | doxycycline | etanercept | prednisone | flurandrenolide | cordran tape | clocortolone | clobex | cloderm | thiothixene | desowen | methylprednisolone | adalimumab | mometasone | betamethasone,prednisone | enbrel,all,False,True,xgb_ranker,xgb_ranker,verified_742,164,164,164,164,0,0,0,0.2,0.5,1.0,0.3031610197508214,0.2,1.0,1.0,0.44442799261065036,0.1,1.0,1.0,0.44442799261065036,0.25,1.0,1.0,1.0,0.0,0.0,0.0,1.0
verified_learned_rerank,eval_0291,gabapentin | amitriptyline | doxycycline | ceftriaxone | cefotaxime | lansoprazole | sulfamethoxazole / trimethoprim | minocycline | dexamethasone | pyridoxine | ciprofloxacin | erythromycin | lorazepam | ativan | sumatriptan | opium | ondansetron | zofran | dimenhydrinate | cholestyramine,doxycycline,all,False,True,xgb_ranker,xgb_ranker,verified_742,956,145,145,956,0,0,0,0.2,1.0,1.0,0.5,0.1,1.0,1.0,0.5,0.05,1.0,1.0,0.5,0.3333333333333333,1.0,1.0,1.0,0.0,0.0,0.0,1.0
verified_learned_rerank,eval_0290,doxycycline | prednisone | azithromycin | rocephin | aclidinium | tudorza pressair | xopenex | methylprednisolone | omalizumab | ceftriaxone | mometasone | xolair | levalbuterol | primatene mist | accolate | intal inhaler | zafirlukast | guaifenesin | epinephrine | ipratropium inhalation solution,prednisone,all,False,True,xgb_ranker,xgb_ranker,verified_742,505,221,221,505,0,0,0,0.2,1.0,1.0,0.6309297535714575,0.1,1.0,1.0,0.6309297535714575,0.05,1.0,1.0,0.6309297535714575,0.5,1.0,1.0,1.0,0.0,0.0,0.0,1.0
verified_learned_rerank,eval_0300,diclofenac | prednisone | methylprednisolone | adalimumab | humira | cellcept | infliximab | remicade | mycophenolate mofetil | hydrocortisone | triamcinolone | golimumab | simponi | dexamethasone | famotidine / ibuprofen | duexis | vimovo | azathioprine | esomeprazole / naproxen | imuran,adalimumab | humira,all,False,True,xgb_ranker,xgb_ranker,verified_742,325,311,259,273,0,0,0,0.4,1.0,1.0,0.5012658353418872,0.2,1.0,1.0,0.5012658353418872,0.1,1.0,1.0,0.5012658353418872,0.25,1.0,1.0,1.0,0.0,0.0,0.0,1.0
verified_learned_rerank,eval_0294,doxycycline | prednisone | metronidazole | azithromycin | rocephin | dapsone | ceftriaxone | zyvox | linezolid | filgrastim | neupogen | fluconazole | clindamycin | tobramycin | pyrimethamine | xenleta | gentamicin | lefamulin | ferralet 90 | cefotaxime,doxycycline | azithromycin,all,False,True,xgb_ranker,xgb_ranker,verified_742,1000,132,132,1000,0,0,0,0.4,1.0,1.0,0.7724397457735779,0.2,1.0,1.0,0.7724397457735779,0.1,1.0,1.0,0.7724397457735779,1.0,1.0,1.0,1.0,0.0,0.0,0.0,1.0
verified_learned_rerank,eval_0293,doxycycline | chlorpromazine | thorazine | haloperidol | haldol | lithium | allopurinol | clindamycin | coartem | artemether / lumefantrine | divalproex sodium | fansidar | daraprim | stavzor | halfan | halofantrine | pyrimethamine | pyrimethamine / sulfadoxine | depakote er | hydroxychloroquine,doxycycline | sulfamethoxazole / trimethoprim,all,False,True,xgb_ranker,xgb_ranker,verified_742,991,174,174,991,0,0,0,0.2,0.5,1.0,0.7039180890341347,0.1,0.5,1.0,0.7039180890341347,0.05,0.5,1.0,0.7039180890341347,1.0,1.0,1.0,1.0,0.0,0.0,0.0,1.0
verified_learned_rerank,eval_0298,gabapentin | pregabalin | nortriptyline | topiramate | lyrica | neurontin | topamax | lisinopril | amitriptyline | prednisone | clonidine | catapres | onabotulinumtoxina | botox | metoclopramide | reglan | insulin regular | sodium bicarbonate | fosinopril | dexamethasone,topiramate | amitriptyline,all,False,True,xgb_ranker,xgb_ranker,verified_742,1000,399,399,1000,0,0,0,0.2,0.5,1.0,0.3031610197508214,0.2,1.0,1.0,0.44442799261065036,0.1,1.0,1.0,0.44442799261065036,0.25,1.0,1.0,1.0,0.0,0.0,0.0,1.0
verified_learned_rerank,eval_0286,amitriptyline | elavil | doxycycline | ceftriaxone | ampicillin | sulfamethoxazole / trimethoprim | ciprofloxacin | cipro | azithromycin | allopurinol | risperdal | risperidone | venlafaxine | phosphorated carbohydrate solution | lactobacillus acidophilus | hydroxyzine | minocycline | atarax | memantine | ofloxacin,doxycycline | sulfamethoxazole / trimethoprim | sumatriptan | azithromycin,all,False,True,xgb_ranker,xgb_ranker,verified_742,1000,471,471,907,0,0,0,0.2,0.25,1.0,0.14805728754340064,0.3,0.75,1.0,0.39541386657785715,0.15,0.75,1.0,0.39541386657785715,0.3333333333333333,1.0,1.0,1.0,0.0,0.0,0.0,1.0
verified_learned_rerank,eval_0289,lorazepam | ativan | baclofen | onabotulinumtoxina | botox | dysport | abobotulinumtoxina | lioresal | myobloc | botulinum toxin type b | xeomin | incobotulinumtoxina | acetaminophen | tadalafil | propranolol | sildenafil | dextroamphetamine | dexedrine | spironolactone | azor,baclofen,all,False,True,xgb_ranker,xgb_ranker,verified_742,438,12,12,438,0,0,0,0.2,1.0,1.0,0.5,0.1,1.0,1.0,0.5,0.05,1.0,1.0,0.5,0.3333333333333333,1.0,1.0,1.0,0.0,0.0,0.0,1.0
verified_xgb_ranker,eval_0011,doxycycline | sulfamethoxazole / trimethoprim | bactrim | isotretinoin | minocycline | clindamycin | cephalexin | accutane | keflex | doxy 100 | septra | vibramycin | bactrim ds | benzoyl peroxide / clindamycin | adapalene / benzoyl peroxide | tretinoin | claravis | magnesium hydroxide | epiduo | benzaclin,doxycycline | clindamycin | sulfamethoxazole / trimethoprim,all,True,False,xgb_ranker,xgb_ranker,verified_742,420,273,273,420,0,0,0,0.4,0.6666666666666666,1.0,0.7232329748419101,0.3,1.0,1.0,0.9045769045236105,0.15,1.0,1.0,0.9045769045236105,1.0,1.0,1.0,1.0,0.0,0.0,0.0,1.0
verified_xgb_ranker,eval_0006,prednisone | triamcinolone | hydrocortisone | plan b one-step | plan b | levonorgestrel | elocon | dexamethasone | ciprofloxacin | azithromycin | imatinib | clobetasol | desonide | doxycycline | cordran tape | donnatal | cloderm | erlotinib | methadone | diazepam,ciprofloxacin,all,True,False,xgb_ranker,xgb_ranker,verified_742,1000,80,80,1000,0,0,0,0.0,0.0,0.0,0.0,0.1,1.0,1.0,0.3010299956639812,0.05,1.0,1.0,0.3010299956639812,0.1111111111111111,1.0,1.0,1.0,0.0,0.0,0.0,1.0
verified_xgb_ranker,eval_0009,prednisone | doxycycline | azithromycin | sulfamethoxazole / trimethoprim | xopenex | methylprednisolone | omalizumab | aclidinium | tudorza pressair | rocephin | mometasone | xolair | ceftriaxone | combivent | bactrim | proventil hfa | levalbuterol | primatene mist | accolate | zafirlukast,prednisone,all,True,False,xgb_ranker,xgb_ranker,verified_742,1000,221,221,1000,0,0,0,0.2,1.0,1.0,1.0,0.1,1.0,1.0,1.0,0.05,1.0,1.0,1.0,1.0,1.0,1.0,1.0,0.0,0.0,0.0,1.0
verified_xgb_ranker,eval_0016,isotretinoin | accutane | adapalene / benzoyl peroxide | tretinoin | benzoyl peroxide / clindamycin | claravis | magnesium hydroxide | epiduo | doxycycline | spironolactone | benzaclin | duac | phillips' milk of magnesia | sulfamethoxazole / trimethoprim | dapsone | aczone | clindamycin / tretinoin | retin-a | bactrim | onexton,isotretinoin | accutane | adapalene / benzoyl peroxide,all,True,False,xgb_ranker,xgb_ranker,verified_742,726,273,273,726,0,0,0,0.6,1.0,1.0,1.0,0.3,1.0,1.0,1.0,0.15,1.0,1.0,1.0,1.0,1.0,1.0,1.0,0.0,0.0,0.0,1.0
verified_xgb_ranker,eval_0019,naproxen | doxycycline | triamcinolone | bactrim | sulfamethoxazole / trimethoprim | ibuprofen | cephalexin | avelox | moxifloxacin | flanax pain reliever | aleve | oxybutynin | ditropan xl | doxy 100 | sucralfate | naprosyn | ciprofloxacin | levofloxacin | cipro | bactrim ds,naproxen | triamcinolone,all,True,False,xgb_ranker,xgb_ranker,verified_742,273,273,273,273,0,0,0,0.4,1.0,1.0,0.9197207891481876,0.2,1.0,1.0,0.9197207891481876,0.1,1.0,1.0,0.9197207891481876,1.0,1.0,1.0,1.0,0.0,0.0,0.0,1.0
verified_xgb_ranker,eval_0010,enbrel | prednisone | desonide | doxycycline | ustekinumab | etanercept | stelara | elocon | clobetasol | flurandrenolide | cordran tape | cloderm | methylprednisolone | desowen | clocortolone | thiothixene | clobex | adalimumab | humira | mometasone,prednisone | enbrel,all,True,False,xgb_ranker,xgb_ranker,verified_742,882,164,164,882,0,0,0,0.4,1.0,1.0,1.0,0.2,1.0,1.0,1.0,0.1,1.0,1.0,1.0,1.0,1.0,1.0,1.0,0.0,0.0,0.0,1.0
verified_xgb_ranker,eval_0002,prednisone | doxycycline | azithromycin | sulfamethoxazole / trimethoprim | rocephin | ceftriaxone | zithromax | ceftin | amoxicillin | avelox | moxifloxacin | amoxil | amoxicillin / clavulanate | metronidazole | erythromycin | dexamethasone | ciprofloxacin | clarithromycin | cefuroxime | augmentin,prednisone,all,True,False,xgb_ranker,xgb_ranker,verified_742,734,221,221,734,0,0,0,0.2,1.0,1.0,1.0,0.1,1.0,1.0,1.0,0.05,1.0,1.0,1.0,1.0,1.0,1.0,1.0,0.0,0.0,0.0,1.0
verified_xgb_ranker,eval_0017,doxycycline | prednisone | azithromycin | methylprednisolone | sulfamethoxazole / trimethoprim | mometasone | bactrim | medrol dosepak | triamcinolone | ceftin | cedax | ceftibuten | flunisolide | zithromax | aluminum hydroxide / magnesium hydroxide / simethicone | lansoprazole | omalizumab | xopenex | augmentin xr | kenalog-40,prednisone | methylprednisolone,all,True,False,xgb_ranker,xgb_ranker,verified_742,1000,681,681,1000,0,0,0,0.4,1.0,1.0,0.6509209298071326,0.2,1.0,1.0,0.6509209298071326,0.1,1.0,1.0,0.6509209298071326,0.5,1.0,1.0,1.0,0.0,0.0,0.0,1.0
verified_xgb_ranker,eval_0020,clonazepam | klonopin | propranolol | rizatriptan | maxalt | relpax | prednisone | diclofenac | bupropion | aspirin / butalbital / caffeine | frovatriptan | acetaminophen / butalbital / caffeine | eletriptan | sumatriptan | lamotrigine | gabapentin | naproxen / sumatriptan | amitriptyline | fioricet | treximet,propranolol,all,True,False,xgb_ranker,xgb_ranker,verified_742,1000,179,179,947,0,0,0,0.2,1.0,1.0,0.5,0.1,1.0,1.0,0.5,0.05,1.0,1.0,0.5,0.3333333333333333,1.0,1.0,0.0,0.0,0.0,0.0,1.0
verified_xgb_ranker,eval_0021,propranolol | metoprolol | plavix | warfarin | verapamil | epinephrine | atenolol | nitroglycerin | lovenox | enoxaparin | aspirin | nadolol | corgard | nitro-bid | clopidogrel | caduet | nitrolingual pumpspray | verelan pm | ranolazine | ranexa,metoprolol,all,True,False,xgb_ranker,xgb_ranker,verified_742,1000,90,90,1000,0,0,0,0.2,1.0,1.0,0.6309297535714574,0.1,1.0,1.0,0.6309297535714574,0.05,1.0,1.0,0.6309297535714574,0.5,1.0,1.0,1.0,0.0,0.0,0.0,1.0
verified_xgb_ranker,eval_0012,clonazepam | propranolol | prednisone | gabapentin | amitriptyline | klonopin | rizatriptan | sumatriptan | diclofenac | lamotrigine | naproxen / sumatriptan | treximet | migergot | frovatriptan | eletriptan | acetaminophen / butalbital / caffeine | relpax | maxalt | bupropion | aspirin / butalbital / caffeine,propranolol,all,True,False,xgb_ranker,xgb_ranker,verified_742,1000,179,179,1000,0,0,0,0.2,1.0,1.0,0.6309297535714574,0.1,1.0,1.0,0.6309297535714574,0.05,1.0,1.0,0.6309297535714574,0.5,1.0,1.0,1.0,0.0,0.0,0.0,1.0
verified_xgb_ranker,eval_0008,propranolol | klonopin | clonazepam | rizatriptan | prednisone | lamotrigine | amitriptyline | naproxen / sumatriptan | treximet | gabapentin | maxalt | relpax | sumatriptan | aspirin / butalbital / caffeine | diclofenac | bupropion | migergot | eletriptan | frovatriptan | acetaminophen / butalbital / caffeine,gabapentin | propranolol,all,True,False,xgb_ranker,xgb_ranker,verified_742,1000,179,179,1000,0,0,0,0.2,0.5,1.0,0.7039180890341347,0.2,1.0,1.0,0.8395700624665824,0.1,1.0,1.0,0.8395700624665824,1.0,1.0,1.0,1.0,0.0,0.0,0.0,1.0
verified_xgb_ranker,eval_0005,prednisone | promethazine | cyproheptadine | dexbrompheniramine / pseudoephedrine | drixoral cold and allergy | valacyclovir | valtrex | chlorpheniramine / hydrocodone | azelastine | triamcinolone | acyclovir | tussionex pennkinetic | phenergan | chlor-trimeton | chlorpheniramine | carbinoxamine | semprex-d | doxycycline | acrivastine / pseudoephedrine | privine,promethazine | cyproheptadine,all,True,False,xgb_ranker,xgb_ranker,verified_742,1000,558,517,958,0,0,0,0.4,1.0,1.0,0.6934264036172708,0.2,1.0,1.0,0.6934264036172708,0.1,1.0,1.0,0.6934264036172708,0.5,1.0,1.0,1.0,0.0,0.0,0.0,1.0
verified_xgb_ranker,eval_0027,naproxen | doxycycline | triamcinolone | ibuprofen | aleve | flanax pain reliever | naprosyn | diclofenac | prednisone | acetaminophen / hydrocodone | enbrel | tramadol | stelara | ustekinumab | etanercept | indomethacin | acetaminophen / aspirin / caffeine | ketoprofen | methylprednisolone | lortab,diclofenac | naproxen | triamcinolone,all,True,False,xgb_ranker,xgb_ranker,verified_742,273,273,273,273,0,0,0,0.4,0.6666666666666666,1.0,0.6787956981029196,0.3,1.0,1.0,0.8393978490514599,0.15,1.0,1.0,0.8393978490514599,1.0,1.0,1.0,1.0,0.0,0.0,0.0,1.0
verified_xgb_ranker,eval_0007,amitriptyline | venlafaxine | clonazepam | klonopin | rizatriptan | metoprolol | elavil | propranolol | clonidine | prednisone | spironolactone | lamotrigine | gabapentin | naproxen / sumatriptan | treximet | verapamil | maxalt | relpax | fioricet | phenelzine,propranolol | clonidine | amitriptyline | elavil,all,True,False,xgb_ranker,xgb_ranker,verified_742,1000,600,471,698,0,0,0,0.2,0.25,1.0,0.4135568126659915,0.4,1.0,1.0,0.7648670695219999,0.2,1.0,1.0,0.7648670695219999,1.0,1.0,1.0,1.0,0.0,0.0,0.0,1.0
verified_xgb_ranker,eval_0034,prednisone | methylprednisolone | diclofenac | triamcinolone | adalimumab | humira | hydrocortisone | doxycycline | mycophenolate mofetil | cellcept | medrol dosepak | betamethasone | remicade | infliximab | dexamethasone | golimumab | simponi | azathioprine | ceftriaxone | imuran,prednisone | methylprednisolone | triamcinolone | adalimumab | humira | infliximab | remicade,all,True,False,xgb_ranker,xgb_ranker,verified_742,672,346,346,672,0,0,0,0.8,0.5714285714285714,1.0,0.8304198973631919,0.5,0.7142857142857143,1.0,0.7709363892380908,0.35,1.0,1.0,0.9134893335104652,1.0,1.0,1.0,1.0,0.0,0.0,0.0,1.0
verified_xgb_ranker,eval_0036,prednisone | doxycycline | enbrel | stelara | minocycline | ustekinumab | methotrexate | etanercept | methylprednisolone | ceftriaxone | dexamethasone | adalimumab | betamethasone | humira | diclofenac | elocon | clobetasol | desonide | kenalog-10 | tramadol,doxycycline | prednisone,all,True,False,xgb_ranker,xgb_ranker,verified_742,952,544,544,952,0,0,0,0.4,1.0,1.0,1.0,0.2,1.0,1.0,1.0,0.1,1.0,1.0,1.0,1.0,1.0,1.0,1.0,0.0,0.0,0.0,1.0
verified_xgb_ranker,eval_0037,baclofen | onabotulinumtoxina | botox | lorazepam | diclofenac | ativan | acetaminophen / hydrocodone | enbrel | tramadol | stelara | prednisone | doxycycline | etanercept | ustekinumab | lioresal | klonopin | clonazepam | propranolol | phentermine | adipex-p,diclofenac | onabotulinumtoxina | botox,all,True,False,xgb_ranker,xgb_ranker,verified_742,570,267,267,570,0,0,0,0.6,1.0,1.0,0.6504198609257138,0.3,1.0,1.0,0.6504198609257138,0.15,1.0,1.0,0.6504198609257138,0.5,1.0,1.0,1.0,0.0,0.0,0.0,1.0
verified_xgb_ranker,eval_0023,clonidine | catapres | hypercare | aluminum chloride hexahydrate | drysol | amitriptyline | gabapentin | xerac ac | botox | onabotulinumtoxina | terazosin | hytrin | oxybutynin | pima | potassium iodide | tapazole | tadalafil | propranolol | sildenafil | dextroamphetamine,thyroid desiccated | armour thyroid | levothyroxine,all,True,False,xgb_ranker,xgb_ranker,verified_742,824,352,81,553,0,0,0,0.0,0.0,0.0,0.0,0.0,0.0,0.0,0.0,0.0,0.0,0.0,0.0,0.0,1.0,1.0,1.0,0.0,0.0,0.0,1.0
verified_xgb_ranker,eval_0039,prednisone | doxycycline | methylprednisolone | azithromycin | bactrim | sulfamethoxazole / trimethoprim | mometasone | medrol dosepak | triamcinolone | zithromax | flunisolide | ceftin | epinephrine | budesonide | kenalog-40 | augmentin xr | ampicillin | ceftibuten | cedax | amoxil,prednisone | methylprednisolone,all,True,False,xgb_ranker,xgb_ranker,verified_742,1000,681,681,1000,0,0,0,0.4,1.0,1.0,0.9197207891481876,0.2,1.0,1.0,0.9197207891481876,0.1,1.0,1.0,0.9197207891481876,1.0,1.0,1.0,1.0,0.0,0.0,0.0,1.0
verified_xgb_ranker,eval_0029,prednisone | doxycycline | azithromycin | sulfamethoxazole / trimethoprim | tudorza pressair | aclidinium | omalizumab | methylprednisolone | xopenex | rocephin | mometasone | xolair | proventil hfa | combivent | bactrim | ceftriaxone | levalbuterol | primatene mist | accolate | intal inhaler,prednisone,all,True,False,xgb_ranker,xgb_ranker,verified_742,1000,221,221,1000,0,0,0,0.2,1.0,1.0,1.0,0.1,1.0,1.0,1.0,0.05,1.0,1.0,1.0,1.0,1.0,1.0,1.0,0.0,0.0,0.0,1.0
verified_xgb_ranker,eval_0033,mupirocin | retapamulin | altabax | cefuroxime | cefadroxil | ammoniated mercury | sulconazole | ozenoxacin | isotretinoin | accutane | valtrex | valacyclovir | adapalene / benzoyl peroxide | elocon | tretinoin | benzoyl peroxide / clindamycin | epiduo | clobetasol | stelara | prednisone,cefuroxime | mupirocin | retapamulin,all,True,False,xgb_ranker,xgb_ranker,verified_742,731,8,8,731,0,0,0,0.6,1.0,1.0,0.9674679834891694,0.3,1.0,1.0,0.9674679834891694,0.15,1.0,1.0,0.9674679834891694,1.0,1.0,1.0,1.0,0.0,0.0,0.0,1.0
verified_xgb_ranker,eval_0041,doxycycline | bactrim | azithromycin | sulfamethoxazole / trimethoprim | rocephin | acidophilus | fluconazole | minocycline | methenamine | ceftriaxone | ceftin | lactobacillus acidophilus | linezolid | cephalexin | zyvox | hiprex | itraconazole | amoxil | moxifloxacin | avelox,doxycycline | azithromycin | sulfamethoxazole / trimethoprim | bactrim | fluconazole,all,True,False,xgb_ranker,xgb_ranker,verified_742,481,287,287,481,0,0,0,0.8,0.8,1.0,0.7704205338234995,0.5,1.0,1.0,0.8949869183738747,0.25,1.0,1.0,0.8949869183738747,1.0,1.0,1.0,1.0,0.0,0.0,0.0,1.0
verified_xgb_ranker,eval_0018,propranolol | klonopin | clonazepam | rizatriptan | prednisone | treximet | amitriptyline | lamotrigine | naproxen / sumatriptan | gabapentin | relpax | maxalt | aspirin / butalbital / caffeine | sumatriptan | bupropion | diclofenac | migergot | frovatriptan | acetaminophen / butalbital / caffeine | eletriptan,gabapentin | propranolol,all,True,False,xgb_ranker,xgb_ranker,verified_742,1000,179,179,1000,0,0,0,0.2,0.5,1.0,0.7039180890341347,0.2,1.0,1.0,0.8395700624665824,0.1,1.0,1.0,0.8395700624665824,1.0,1.0,1.0,1.0,0.0,0.0,0.0,1.0
verified_xgb_ranker,eval_0045,rabeprazole | lansoprazole | esomeprazole | prednisone | zantac | diclofenac | clonidine | omeprazole / sodium bicarbonate | ranitidine | sucralfate | cimetidine | protonix | nexium | omeprazole | pantoprazole | carafate | famotidine | pepcid | calcium carbonate | librax,rabeprazole | esomeprazole | lansoprazole,all,True,False,xgb_ranker,xgb_ranker,verified_742,660,109,109,660,0,0,0,0.6,1.0,1.0,1.0,0.3,1.0,1.0,1.0,0.15,1.0,1.0,1.0,1.0,1.0,1.0,1.0,0.0,0.0,0.0,1.0
verified_xgb_ranker,eval_0047,mupirocin | retapamulin | altabax | cefuroxime | cefadroxil | ozenoxacin | ammoniated mercury | sulconazole,mupirocin | retapamulin,all,True,False,xgb_ranker,xgb_ranker,verified_742,8,8,8,8,0,0,0,0.4,1.0,1.0,1.0,0.2,1.0,1.0,1.0,0.1,1.0,1.0,1.0,1.0,1.0,1.0,1.0,0.0,0.0,0.0,1.0
verified_xgb_ranker,eval_0049,aciphex | rabeprazole | calcium carbonate / simethicone | axid ar | prevacid | prilosec otc | nexium 24hr | aluminum hydroxide / magnesium hydroxide / simethicone | dexlansoprazole | lansoprazole | zegerid | pepcid ac chewable tablets | nizatidine | omeprazole / sodium bicarbonate | protonix iv | esomeprazole | mylanta | protonix | dexilant | nexium,aciphex | dexlansoprazole | rabeprazole,all,True,False,xgb_ranker,xgb_ranker,verified_742,1000,45,45,1000,0,0,0,0.4,0.6666666666666666,1.0,0.7653606369886218,0.3,1.0,1.0,0.9066276098484508,0.15,1.0,1.0,0.9066276098484508,1.0,1.0,1.0,1.0,0.0,0.0,0.0,1.0
verified_xgb_ranker,eval_0054,prednisone | doxycycline | methylprednisolone | azithromycin | bactrim | sulfamethoxazole / trimethoprim | mometasone | medrol dosepak | triamcinolone | zithromax | flunisolide | ceftin | epinephrine | budesonide | kenalog-40 | augmentin xr | ampicillin | ceftibuten | cedax | amoxil,prednisone | methylprednisolone,all,True,False,xgb_ranker,xgb_ranker,verified_742,1000,681,681,1000,0,0,0,0.4,1.0,1.0,0.9197207891481876,0.2,1.0,1.0,0.9197207891481876,0.1,1.0,1.0,0.9197207891481876,1.0,1.0,1.0,1.0,0.0,0.0,0.0,1.0
verified_xgb_ranker,eval_0053,prednisone | doxycycline | methylprednisolone | azithromycin | bactrim | sulfamethoxazole / trimethoprim | mometasone | medrol dosepak | triamcinolone | zithromax | flunisolide | ceftin | dexbrompheniramine / pseudoephedrine | epinephrine | valtrex | drixoral cold and allergy | valacyclovir | budesonide | augmentin xr | kenalog-40,prednisone | methylprednisolone,all,True,False,xgb_ranker,xgb_ranker,verified_742,1000,681,681,1000,0,0,0,0.4,1.0,1.0,0.9197207891481876,0.2,1.0,1.0,0.9197207891481876,0.1,1.0,1.0,0.9197207891481876,1.0,1.0,1.0,1.0,0.0,0.0,0.0,1.0
verified_xgb_ranker,eval_0058,doxycycline | lithium | depakote er | clindamycin | thorazine | allopurinol | chlorpromazine | divalproex sodium | artemether / lumefantrine | coartem | depakote | hydroxychloroquine | halfan | halofantrine | pyrimethamine | fansidar | stavzor | daraprim | pyrimethamine / sulfadoxine | risperdal,doxycycline | clindamycin,all,True,False,xgb_ranker,xgb_ranker,verified_742,1000,34,34,1000,0,0,0,0.4,1.0,1.0,0.9060254355346823,0.2,1.0,1.0,0.9060254355346823,0.1,1.0,1.0,0.9060254355346823,1.0,1.0,1.0,1.0,0.0,0.0,0.0,1.0
verified_xgb_ranker,eval_0030,prednisone | omalizumab | promethazine | cyproheptadine | triamcinolone | xolair | diphenhydramine | doxycycline | aristocort | epinephrine | azithromycin | azelastine | ranitidine | methylprednisolone | carbinoxamine | chlor-trimeton | phenergan | chlorpheniramine | cromolyn | olopatadine,prednisone | promethazine | cyproheptadine | methylprednisolone,all,True,False,xgb_ranker,xgb_ranker,verified_742,1000,288,288,951,0,0,0,0.6,0.75,1.0,0.7094949153925256,0.3,0.75,1.0,0.7094949153925256,0.2,1.0,1.0,0.7852878171491412,1.0,1.0,1.0,1.0,0.0,0.0,0.0,1.0
verified_xgb_ranker,eval_0051,prednisone | doxycycline | azithromycin | methylprednisolone | sulfamethoxazole / trimethoprim | rocephin | mometasone | ceftriaxone | bactrim | medrol dosepak | triamcinolone | zithromax | flunisolide | augmentin xr | kenalog-40 | budesonide | epinephrine | ampicillin | ceftin | cedax,prednisone,all,True,False,xgb_ranker,xgb_ranker,verified_742,1000,221,221,1000,0,0,0,0.2,1.0,1.0,1.0,0.1,1.0,1.0,1.0,0.05,1.0,1.0,1.0,1.0,1.0,1.0,1.0,0.0,0.0,0.0,1.0
verified_xgb_ranker,eval_0050,prednisone | doxycycline | azithromycin | tudorza pressair | aclidinium | sulfamethoxazole / trimethoprim | methylprednisolone | omalizumab | xopenex | rocephin | mometasone | xolair | ceftriaxone | levalbuterol | zafirlukast | intal inhaler | accolate | primatene mist | proventil hfa | bactrim,prednisone,all,True,False,xgb_ranker,xgb_ranker,verified_742,536,221,221,536,0,0,0,0.2,1.0,1.0,1.0,0.1,1.0,1.0,1.0,0.05,1.0,1.0,1.0,1.0,1.0,1.0,1.0,0.0,0.0,0.0,1.0
verified_xgb_ranker,eval_0055,amitriptyline | gabapentin | prednisone | spironolactone | urea | cyproheptadine | clonidine | pregabalin | nortriptyline | vascepa | icosapent | acetaminophen / phenyltoloxamine | topiramate | glucose | magnesium oxide | calcifediol | sodium bicarbonate | magnesium gluconate | insulin regular | propranolol,gabapentin | amitriptyline,all,True,False,xgb_ranker,xgb_ranker,verified_742,1000,236,236,1000,0,0,0,0.4,1.0,1.0,1.0,0.2,1.0,1.0,1.0,0.1,1.0,1.0,1.0,1.0,1.0,1.0,1.0,0.0,0.0,0.0,1.0
verified_xgb_ranker,eval_0059,prednisone | doxycycline | azithromycin | sulfamethoxazole / trimethoprim | rocephin | ceftriaxone | zithromax | ceftin | amoxicillin | avelox | moxifloxacin | amoxil | metronidazole | dapsone | amoxicillin / clavulanate | erythromycin | dexamethasone | ciprofloxacin | clarithromycin | cefuroxime,prednisone,all,True,False,xgb_ranker,xgb_ranker,verified_742,1000,221,221,1000,0,0,0,0.2,1.0,1.0,1.0,0.1,1.0,1.0,1.0,0.05,1.0,1.0,1.0,1.0,1.0,1.0,1.0,0.0,0.0,0.0,1.0
verified_xgb_ranker,eval_0057,prednisone | doxycycline | aciphex | azithromycin | omalizumab | methylprednisolone | xopenex | aclidinium | tudorza pressair | rabeprazole | rocephin | mometasone | xolair | ceftriaxone | triamcinolone | calcium carbonate / simethicone | sulfamethoxazole / trimethoprim | levalbuterol | accolate | primatene mist,prednisone,all,True,False,xgb_ranker,xgb_ranker,verified_742,1000,323,323,1000,0,0,0,0.2,1.0,1.0,1.0,0.1,1.0,1.0,1.0,0.05,1.0,1.0,1.0,1.0,1.0,1.0,1.0,0.0,0.0,0.0,1.0
verified_xgb_ranker,eval_0042,prednisone | triamcinolone | aristocort | doxycycline | prednisolone | corticotropin | acthar | lotemax | loteprednol | deltasone | methylprednisolone | cyproheptadine | promethazine | omalizumab | medrol dosepak | ketotifen | kenalog-40 | aspirin | xolair | epipen,prednisone | triamcinolone | methylprednisolone,all,True,False,xgb_ranker,xgb_ranker,verified_742,796,322,322,796,0,0,0,0.4,0.6666666666666666,1.0,0.7653606369886218,0.2,0.6666666666666666,1.0,0.7653606369886218,0.15,1.0,1.0,0.896262627156819,1.0,1.0,1.0,1.0,0.0,0.0,0.0,1.0
verified_xgb_ranker,eval_0070,prednisone | doxycycline | azithromycin | methylprednisolone | rocephin | sulfamethoxazole / trimethoprim | mometasone | ceftriaxone | bactrim | medrol dosepak | triamcinolone | zithromax | flunisolide | kenalog-40 | augmentin xr | budesonide | epinephrine | ampicillin | ceftin | ceftibuten,prednisone,all,True,False,xgb_ranker,xgb_ranker,verified_742,1000,221,221,977,0,0,0,0.2,1.0,1.0,1.0,0.1,1.0,1.0,1.0,0.05,1.0,1.0,1.0,1.0,1.0,1.0,1.0,0.0,0.0,0.0,1.0
verified_xgb_ranker,eval_0068,prednisone | doxycycline | cyproheptadine | azithromycin | methylprednisolone | acetaminophen / phenyltoloxamine | catapres | mometasone | ceftriaxone | sulfamethoxazole / trimethoprim | clonidine | caffeine | bactrim | ephedrine | medrol dosepak | metoprolol | zithromax | triamcinolone | flunisolide | olmesartan,prednisone | diltiazem,all,True,False,xgb_ranker,xgb_ranker,verified_742,1000,650,650,581,0,0,0,0.2,0.5,1.0,0.6131471927654584,0.1,0.5,1.0,0.6131471927654584,0.05,0.5,1.0,0.6131471927654584,1.0,1.0,1.0,1.0,0.0,0.0,0.0,1.0
verified_xgb_ranker,eval_0072,pramoxine | proctofoam | hydrocortisone / pramoxine | dibucaine | hydrocortisone | nupercainal | proctosol-hc | proctofoam hc | phenylephrine | analpram-hc | hydrocortisone / lidocaine | pramosone | lmx 5 | pramoxine / zinc oxide | tronolane anesthetic for hemorrhoids | lidocaine | phenylephrine / pramoxine | anusol-hc suppositories | anucort-hc | recticare,hydrocortisone | pramoxine | proctofoam,all,True,False,xgb_ranker,xgb_ranker,verified_742,22,20,20,22,0,0,0,0.6,1.0,1.0,0.9615980861491925,0.3,1.0,1.0,0.9615980861491925,0.15,1.0,1.0,0.9615980861491925,1.0,1.0,1.0,1.0,0.0,0.0,0.0,1.0
verified_xgb_ranker,eval_0069,doxycycline | prednisone | methylprednisolone | triamcinolone | minocycline | hydrocortisone | kenalog-40 | aluminum chloride hexahydrate | enbrel | drysol | stelara | oxybutynin | etanercept | hypercare | ustekinumab | desvenlafaxine | amitriptyline | gabapentin | naproxen | cymbalta,prednisone | methylprednisolone | triamcinolone | naproxen,all,True,False,xgb_ranker,xgb_ranker,verified_742,1000,294,294,1000,0,0,0,0.6,0.75,1.0,0.6096199500078984,0.3,0.75,1.0,0.6096199500078984,0.2,1.0,1.0,0.6999453884282882,0.5,1.0,1.0,1.0,0.0,0.0,0.0,1.0
verified_xgb_ranker,eval_0048,prednisone | doxycycline | minocycline | triamcinolone | aciphex | dexamethasone | tetracycline | rabeprazole | calcium carbonate / simethicone | prevacid | axid ar | moxifloxacin | nexium 24hr | prilosec otc | esomeprazole | protonix | omeprazole / sodium bicarbonate | dexlansoprazole | lansoprazole | protonix iv,prednisone | triamcinolone | moxifloxacin | ciprofloxacin,all,True,False,xgb_ranker,xgb_ranker,verified_742,1000,357,357,773,0,0,0,0.4,0.5,1.0,0.5585075862632192,0.2,0.5,1.0,0.5585075862632192,0.15,0.75,1.0,0.6640031704983296,1.0,1.0,1.0,1.0,0.0,0.0,0.0,1.0
verified_xgb_ranker,eval_0066,diclofenac | prednisone | enbrel | acetaminophen / hydrocodone | tramadol | stelara | doxycycline | ustekinumab | etanercept | ketoprofen | lortab | indomethacin | acetaminophen / aspirin / caffeine | naproxen | norco | cymbalta | cataflam | duloxetine | methylprednisolone | etodolac,diclofenac | tramadol,all,True,False,xgb_ranker,xgb_ranker,verified_742,273,255,255,273,0,0,0,0.4,1.0,1.0,0.8854598815714874,0.2,1.0,1.0,0.8854598815714874,0.1,1.0,1.0,0.8854598815714874,1.0,1.0,1.0,1.0,0.0,0.0,0.0,1.0
verified_xgb_ranker,eval_0074,prednisone | promethazine | cyproheptadine | dexbrompheniramine / pseudoephedrine | valtrex | valacyclovir | drixoral cold and allergy | chlorpheniramine / hydrocodone | acyclovir | azelastine | triamcinolone | chlor-trimeton | phenergan | chlorpheniramine | privine | semprex-d | acrivastine / pseudoephedrine | doxycycline | tussionex pennkinetic | zutripro,promethazine | cyproheptadine,all,True,False,xgb_ranker,xgb_ranker,verified_742,1000,558,517,958,0,0,0,0.4,1.0,1.0,0.6934264036172708,0.2,1.0,1.0,0.6934264036172708,0.1,1.0,1.0,0.6934264036172708,0.5,1.0,1.0,1.0,0.0,0.0,0.0,1.0
verified_xgb_ranker,eval_0076,prednisone | naproxen | acetaminophen / aspirin / caffeine | diclofenac | enbrel | acetaminophen / hydrocodone | tramadol | stelara | doxycycline | ustekinumab | ketoprofen | indomethacin | lortab | etanercept | cataflam | cymbalta | methylprednisolone | duloxetine | norco | probenecid,diclofenac | tramadol | acetaminophen / hydrocodone,all,True,False,xgb_ranker,xgb_ranker,verified_742,273,255,255,273,0,0,0,0.2,0.3333333333333333,1.0,0.24554621279155467,0.3,1.0,1.0,0.5076362665093751,0.15,1.0,1.0,0.5076362665093751,0.25,1.0,1.0,1.0,0.0,0.0,0.0,1.0
verified_xgb_ranker,eval_0061,tretinoin | doxycycline | liraglutide | minocycline | isotretinoin | gabapentin | victoza | accutane | clobetasol | tetracycline | benzoyl peroxide / clindamycin | adapalene / benzoyl peroxide | magnesium hydroxide | claravis | epiduo | benzaclin | spironolactone | aluminum chloride hexahydrate | desmopressin | cymbalta,tretinoin | doxycycline | minocycline,all,True,False,xgb_ranker,xgb_ranker,verified_742,670,500,500,670,0,0,0,0.6,1.0,1.0,0.9736505918364026,0.3,1.0,1.0,0.9736505918364026,0.15,1.0,1.0,0.9736505918364026,1.0,1.0,1.0,1.0,0.0,0.0,0.0,1.0
verified_xgb_ranker,eval_0082,levothyroxine | thyroid desiccated | armour thyroid | estradiol | premarin | westhroid | cenestin | conjugated estrogens | estropipate | doxorubicin | esterified estrogens | tirosint | hypercare | thyquidity | calcifediol | rayaldee | gabapentin | amitriptyline | clonidine | drysol,thyroid desiccated | armour thyroid | levothyroxine,all,True,False,xgb_ranker,xgb_ranker,verified_742,634,81,81,634,0,0,0,0.6,1.0,1.0,1.0,0.3,1.0,1.0,1.0,0.15,1.0,1.0,1.0,1.0,1.0,1.0,1.0,0.0,0.0,0.0,1.0
verified_xgb_ranker,eval_0060,naproxen | doxycycline | triamcinolone | ibuprofen | flanax pain reliever | aleve | sulfamethoxazole / trimethoprim | bactrim | naprosyn | cephalexin | oxybutynin | avelox | moxifloxacin | ditropan xl | doxy 100 | sucralfate | diclofenac | prednisone | enbrel | acetaminophen / hydrocodone,naproxen,all,True,False,xgb_ranker,xgb_ranker,verified_742,273,273,273,273,0,0,0,0.2,1.0,1.0,1.0,0.1,1.0,1.0,1.0,0.05,1.0,1.0,1.0,1.0,1.0,1.0,1.0,0.0,0.0,0.0,1.0
verified_xgb_ranker,eval_0083,doxycycline | prednisone | tretinoin | clobetasol | spironolactone | azithromycin | sulfamethoxazole / trimethoprim | metronidazole | dapsone | bactrim | rocephin | ceftriaxone | clindamycin | cephalexin | minocycline | zithromax | fluconazole | tobramycin | gentamicin | cefotaxime,tretinoin | doxycycline | spironolactone | liraglutide,all,True,False,xgb_ranker,xgb_ranker,verified_742,1000,646,646,794,0,0,0,0.6,0.75,1.0,0.7269922949528593,0.3,0.75,1.0,0.7269922949528593,0.15,0.75,1.0,0.7269922949528593,1.0,1.0,1.0,1.0,0.0,0.0,0.0,1.0
verified_xgb_ranker,eval_0065,propylthiouracil | sodium iodide-i-131 | clonidine | thyroid desiccated | amitriptyline | gabapentin | hypercare | catapres | aluminum chloride hexahydrate | drysol | levothyroxine | cenestin | westhroid | botox | onabotulinumtoxina | terazosin | hytrin | estropipate | xerac ac | armour thyroid,thyroid desiccated | armour thyroid | levothyroxine,all,True,False,xgb_ranker,xgb_ranker,verified_742,748,81,81,748,0,0,0,0.2,0.3333333333333333,1.0,0.20210734650054762,0.1,0.3333333333333333,1.0,0.20210734650054762,0.15,1.0,1.0,0.43985014093053504,0.25,1.0,1.0,1.0,0.0,0.0,0.0,1.0
verified_xgb_ranker,eval_0084,prednisone | doxycycline | azithromycin | rocephin | sulfamethoxazole / trimethoprim | zithromax | ceftin | ceftriaxone | dapsone | moxifloxacin | avelox | amoxicillin | metronidazole | amoxil | amoxicillin / clavulanate | dexamethasone | augmentin | biaxin xl | ciprofloxacin | erythromycin,doxycycline | azithromycin | prednisone | clindamycin,all,True,False,xgb_ranker,xgb_ranker,verified_742,1000,319,319,1000,0,0,0,0.6,0.75,1.0,0.7984417502345509,0.3,0.75,1.0,0.7984417502345509,0.15,0.75,1.0,0.7984417502345509,1.0,1.0,1.0,1.0,0.0,0.0,0.0,1.0
verified_xgb_ranker,eval_0078,prednisone | promethazine | cyproheptadine | omalizumab | diphenhydramine | ketotifen | triamcinolone | azelastine | xolair | epinephrine | doxepin | hydroxyzine | patanol | epipen | ranitidine | alavert | carbinoxamine | aristocort | zaditor | phenergan,prednisone | promethazine,all,True,False,xgb_ranker,xgb_ranker,verified_742,558,76,76,558,0,0,0,0.4,1.0,1.0,1.0,0.2,1.0,1.0,1.0,0.1,1.0,1.0,1.0,1.0,1.0,1.0,1.0,0.0,0.0,0.0,1.0
verified_xgb_ranker,eval_0063,propranolol | tadalafil | sildenafil | metoprolol | dextroamphetamine | verapamil | atenolol | corgard | nadolol | dexedrine | azor | nitroglycerin | spironolactone | caduet | verelan pm | toprol-xl | calan sr | clonidine | modafinil | amlodipine / olmesartan,propranolol | verapamil | metoprolol | spironolactone,all,True,False,xgb_ranker,xgb_ranker,verified_742,1000,335,335,975,0,0,0,0.4,0.5,1.0,0.5916660373127837,0.3,0.75,1.0,0.7389779462618958,0.2,1.0,1.0,0.8113916159673535,1.0,1.0,1.0,1.0,0.0,0.0,0.0,1.0
verified_xgb_ranker,eval_0089,isotretinoin | accutane | tretinoin | adapalene / benzoyl peroxide | benzoyl peroxide / clindamycin | claravis | magnesium hydroxide | epiduo | doxycycline | spironolactone | benzaclin | duac | phillips' milk of magnesia | sulfamethoxazole / trimethoprim | dapsone | aczone | clindamycin / tretinoin | retin-a | bactrim | drospirenone / ethinyl estradiol,adapalene / benzoyl peroxide,all,True,False,xgb_ranker,xgb_ranker,verified_742,273,273,273,273,0,0,0,0.2,1.0,1.0,0.4306765580733931,0.1,1.0,1.0,0.4306765580733931,0.05,1.0,1.0,0.4306765580733931,0.25,1.0,1.0,1.0,0.0,0.0,0.0,1.0
verified_xgb_ranker,eval_0075,prednisone | doxycycline | azithromycin | sulfamethoxazole / trimethoprim | methylprednisolone | rocephin | mometasone | ceftriaxone | bactrim | medrol dosepak | zithromax | triamcinolone | flunisolide | xopenex | omalizumab | epinephrine | kenalog-40 | augmentin xr | tudorza pressair | aclidinium,prednisone,all,True,False,xgb_ranker,xgb_ranker,verified_742,1000,221,221,1000,0,0,0,0.2,1.0,1.0,1.0,0.1,1.0,1.0,1.0,0.05,1.0,1.0,1.0,1.0,1.0,1.0,1.0,0.0,0.0,0.0,1.0
verified_xgb_ranker,eval_0087,amitriptyline | venlafaxine | doxycycline | elavil | spironolactone | azithromycin | sulfamethoxazole / trimethoprim | ceftriaxone | bactrim | propranolol | klonopin | clonazepam | memantine | augmentin xr | cephalexin | doryx | magnesium oxide | sodium bicarbonate | ceftin | rizatriptan,amitriptyline | venlafaxine | elavil,all,True,False,xgb_ranker,xgb_ranker,verified_742,1000,347,347,927,0,0,0,0.6,1.0,1.0,0.9674679834891693,0.3,1.0,1.0,0.9674679834891693,0.15,1.0,1.0,0.9674679834891693,1.0,1.0,1.0,1.0,0.0,0.0,0.0,1.0
verified_xgb_ranker,eval_0093,prednisone | diclofenac | doxycycline | methylprednisolone | adalimumab | betamethasone | humira | ceftriaxone | medrol dosepak | triamcinolone | hydrocortisone | kenalog-40 | cellcept | infliximab | remicade | mycophenolate mofetil | amoxicillin | simponi | golimumab | sodium hyaluronate,doxycycline | prednisone,all,True,False,xgb_ranker,xgb_ranker,verified_742,1000,255,255,1000,0,0,0,0.4,1.0,1.0,0.9385574520455129,0.2,1.0,1.0,0.9385574520455129,0.1,1.0,1.0,0.9385574520455129,1.0,1.0,1.0,1.0,0.0,0.0,0.0,1.0
verified_xgb_ranker,eval_0073,prednisone | doxycycline | valtrex | valacyclovir | azithromycin | sulfamethoxazole / trimethoprim | bactrim | clindamycin | acyclovir | zithromax | ceftin | fluconazole | rocephin | minocycline | amoxil | metronidazole | ceftriaxone | cephalexin | tobramycin | linezolid,doxycycline | azithromycin | prednisone | clindamycin | minocycline,all,True,False,xgb_ranker,xgb_ranker,verified_742,1000,710,710,1000,0,0,0,0.6,0.6,1.0,0.64121652256728,0.4,0.8,1.0,0.7326964751810845,0.25,1.0,1.0,0.8069203577866557,1.0,1.0,1.0,1.0,0.0,0.0,0.0,1.0
verified_xgb_ranker,eval_0095,doxycycline | prednisone | aciphex | rabeprazole | axid ar | prevacid | calcium carbonate / simethicone | protonix | prilosec otc | esomeprazole | nexium 24hr | dexlansoprazole | lansoprazole | aluminum hydroxide / magnesium hydroxide / simethicone | minocycline | triamcinolone | protonix iv | omeprazole / sodium bicarbonate | moxifloxacin | dexilant,prednisone,all,True,False,xgb_ranker,xgb_ranker,verified_742,1000,109,109,1000,0,0,0,0.2,1.0,1.0,0.6309297535714575,0.1,1.0,1.0,0.6309297535714575,0.05,1.0,1.0,0.6309297535714575,0.5,1.0,1.0,1.0,0.0,0.0,0.0,1.0
verified_xgb_ranker,eval_0092,isotretinoin | accutane | adapalene / benzoyl peroxide | tretinoin | benzoyl peroxide / clindamycin | magnesium hydroxide | claravis | epiduo | doxycycline | benzaclin | spironolactone | duac | phillips' milk of magnesia | sulfamethoxazole / trimethoprim | dapsone | clindamycin / tretinoin | aczone | retin-a | bactrim | benzoyl peroxide / sulfur,adapalene / benzoyl peroxide,all,True,False,xgb_ranker,xgb_ranker,verified_742,726,273,273,726,0,0,0,0.2,1.0,1.0,0.5,0.1,1.0,1.0,0.5,0.05,1.0,1.0,0.5,0.3333333333333333,1.0,1.0,1.0,0.0,0.0,0.0,1.0
verified_xgb_ranker,eval_0094,doxycycline | spironolactone | amitriptyline | venlafaxine | sulfamethoxazole / trimethoprim | azithromycin | phosphorated carbohydrate solution | rocephin | acidophilus | bactrim | abilify | ceftriaxone | methenamine | elavil | hyoscyamine / methenamine / methylene blue / sodium biphosphate | minocycline | pentosan polysulfate sodium | hydroxyzine | lactobacillus acidophilus | fluconazole,doxycycline,all,True,False,xgb_ranker,xgb_ranker,verified_742,172,172,172,172,0,0,0,0.2,1.0,1.0,1.0,0.1,1.0,1.0,1.0,0.05,1.0,1.0,1.0,1.0,1.0,1.0,1.0,0.0,0.0,0.0,1.0
verified_xgb_ranker,eval_0079,lansoprazole | prednisone | aluminum hydroxide / magnesium hydroxide / simethicone | ranitidine | cyproheptadine | cimetidine | omeprazole | acetaminophen / phenyltoloxamine | pantoprazole | dexbrompheniramine / pseudoephedrine | excedrin tension headache | acetaminophen / caffeine | famotidine | valacyclovir | drixoral cold and allergy | valtrex | aciphex | excedrin quick tab | chlorpheniramine / hydrocodone | acyclovir,lansoprazole | ranitidine | omeprazole | pantoprazole,all,True,False,xgb_ranker,xgb_ranker,verified_742,719,549,549,719,0,0,0,0.4,0.5,1.0,0.532296295763853,0.4,1.0,1.0,0.79464157217617,0.2,1.0,1.0,0.79464157217617,1.0,1.0,1.0,1.0,0.0,0.0,0.0,1.0
verified_xgb_ranker,eval_0097,promethazine | meclizine | dexbrompheniramine / pseudoephedrine | prednisone | cyproheptadine | valacyclovir | valtrex | drixoral cold and allergy | klonopin | clonazepam | propranolol | chlorpheniramine / hydrocodone | rizatriptan | maxalt | relpax | frovatriptan | eletriptan | bupropion | sumatriptan | diclofenac,promethazine | meclizine | phenylephrine | propranolol,all,True,False,xgb_ranker,xgb_ranker,verified_742,1000,684,684,881,0,0,0,0.4,0.5,1.0,0.6357429506707164,0.2,0.5,1.0,0.6357429506707164,0.15,0.75,1.0,0.7268529489060113,1.0,1.0,1.0,1.0,0.0,0.0,0.0,1.0
verified_xgb_ranker,eval_0102,prednisone | desonide | methylprednisolone | elocon | flurandrenolide | clobetasol | cloderm | clobex | tacrolimus | pimecrolimus | dupixent | cordran tape | clocortolone | mometasone | betamethasone | medrol dosepak | triamcinolone | fluocinolone | cutivate | hydrocortisone,prednisone | methylprednisolone,all,True,False,xgb_ranker,xgb_ranker,verified_742,54,49,49,54,0,0,0,0.4,1.0,1.0,0.9197207891481876,0.2,1.0,1.0,0.9197207891481876,0.1,1.0,1.0,0.9197207891481876,1.0,1.0,1.0,1.0,0.0,0.0,0.0,1.0
verified_xgb_ranker,eval_0096,doxycycline | triamcinolone | naproxen | diclofenac | prednisone | sucralfate | acetaminophen / hydrocodone | enbrel | stelara | tramadol | etanercept | ibuprofen | ustekinumab | plan b | phentermine | escitalopram | adipex-p | levonorgestrel | plan b one-step | ciprofloxacin,triamcinolone | sucralfate,all,True,False,xgb_ranker,xgb_ranker,verified_742,672,311,311,672,0,0,0,0.2,0.5,1.0,0.2960819109658652,0.2,1.0,1.0,0.5468225934151687,0.1,1.0,1.0,0.5468225934151687,0.5,1.0,1.0,1.0,0.0,0.0,0.0,1.0
verified_xgb_ranker,eval_0100,hydrocortisone / pramoxine | hydrocortisone | lidocaine | pramosone | pramoxine | proctofoam | nupercainal | hydrocortisone / lidocaine | analpram-hc | dibucaine | phenylephrine | proctosol-hc | proctofoam hc | lorazepam | lmx 5 | pramoxine / zinc oxide | tronolane anesthetic for hemorrhoids | amitriptyline | gabapentin | ativan,hydrocortisone | hydrocortisone / pramoxine | lidocaine,all,True,False,xgb_ranker,xgb_ranker,verified_742,275,164,164,275,0,0,0,0.6,1.0,1.0,1.0,0.3,1.0,1.0,1.0,0.15,1.0,1.0,1.0,1.0,1.0,1.0,1.0,0.0,0.0,0.0,1.0
verified_xgb_ranker,eval_0103,naproxen | doxycycline | triamcinolone | ibuprofen | aleve | flanax pain reliever | sulfamethoxazole / trimethoprim | bactrim | naprosyn | cephalexin | oxybutynin | moxifloxacin | avelox | ditropan xl | sucralfate | doxy 100 | ciprofloxacin | levofloxacin | levaquin | cipro,naproxen | triamcinolone,all,True,False,xgb_ranker,xgb_ranker,verified_742,273,273,273,273,0,0,0,0.4,1.0,1.0,0.9385574520455129,0.2,1.0,1.0,0.9385574520455129,0.1,1.0,1.0,0.9385574520455129,1.0,1.0,1.0,1.0,0.0,0.0,0.0,1.0
verified_xgb_ranker,eval_0111,prednisone | promethazine | cyproheptadine | omalizumab | diphenhydramine | ketotifen | triamcinolone | azelastine | xolair | epinephrine | doxepin | hydroxyzine | patanol | epipen | ranitidine | alavert | carbinoxamine | aristocort | zaditor | phenergan,prednisone | promethazine,all,True,False,xgb_ranker,xgb_ranker,verified_742,558,76,76,558,0,0,0,0.4,1.0,1.0,0.9134015924715543,0.2,1.0,1.0,0.9134015924715543,0.1,1.0,1.0,0.9134015924715543,1.0,1.0,1.0,1.0,0.0,0.0,0.0,1.0
verified_xgb_ranker,eval_0107,doxycycline | prednisone | desonide | thorazine | minocycline | chlorpromazine | elocon | clobetasol | flurandrenolide | dexamethasone | cordran tape | cloderm | clocortolone | clobex | haldol | betamethasone | mometasone | compazine | prochlorperazine | ultravate,prednisone | mometasone | clobetasol,all,True,False,xgb_ranker,xgb_ranker,verified_742,389,300,300,389,0,0,0,0.2,0.3333333333333333,1.0,0.2960819109658653,0.2,0.6666666666666666,1.0,0.4441228664487979,0.15,1.0,1.0,0.5566617552442655,0.5,1.0,1.0,1.0,0.0,0.0,0.0,1.0
verified_xgb_ranker,eval_0086,tretinoin | sulfamethoxazole / trimethoprim | clindamycin | minocycline | dapsone | doxycycline | liraglutide | victoza | gabapentin | spironolactone | dexamethasone | isotretinoin | clobetasol | erythromycin | accutane | desmopressin | pramlintide | pregabalin | cymbalta | nortriptyline,tretinoin | doxycycline | spironolactone | liraglutide | victoza | clindamycin,all,True,False,xgb_ranker,xgb_ranker,verified_742,1000,625,625,923,0,0,0,0.4,0.3333333333333333,1.0,0.5087403079104241,0.6,1.0,1.0,0.8467589661104394,0.3,1.0,1.0,0.8467589661104394,1.0,1.0,1.0,1.0,0.0,0.0,0.0,1.0
verified_xgb_ranker,eval_0067,baclofen | onabotulinumtoxina | botox | naproxen | ibuprofen | lioresal | propranolol | clonazepam | klonopin | ativan | lorazepam | rizatriptan | treximet | gabapentin | lamotrigine | amitriptyline | naproxen / sumatriptan | relpax | maxalt | sumatriptan,onabotulinumtoxina | botox | naproxen | ibuprofen | aleve,all,True,False,xgb_ranker,xgb_ranker,verified_742,1000,187,187,945,0,0,0,0.8,0.8,1.0,0.6678997765524451,0.4,0.8,1.0,0.6678997765524451,0.2,0.8,1.0,0.6678997765524451,0.5,1.0,1.0,1.0,0.0,0.0,0.0,1.0
verified_xgb_ranker,eval_0106,prednisone | enbrel | stelara | doxycycline | ustekinumab | etanercept | naproxen | methylprednisolone | apremilast | adalimumab | betamethasone | humira | ibuprofen | kenalog-10 | triamcinolone | minocycline | hydrocortisone | kenalog-40 | infliximab | flanax pain reliever,prednisone | enbrel,all,True,False,xgb_ranker,xgb_ranker,verified_742,573,255,255,573,0,0,0,0.4,1.0,1.0,1.0,0.2,1.0,1.0,1.0,0.1,1.0,1.0,1.0,1.0,1.0,1.0,1.0,0.0,0.0,0.0,1.0
verified_xgb_ranker,eval_0090,doxycycline | bactrim | sulfamethoxazole / trimethoprim | azithromycin | fluconazole | rocephin | ceftriaxone | minocycline | ceftin | cephalexin | linezolid | zyvox | gentamicin | amoxil | amoxicillin | moxifloxacin | avelox | amoxicillin / clavulanate | keflex | lactobacillus acidophilus,sulfamethoxazole / trimethoprim | bactrim | fluconazole,all,True,False,xgb_ranker,xgb_ranker,verified_742,1000,287,287,1000,0,0,0,0.6,1.0,1.0,0.7122630665145961,0.3,1.0,1.0,0.7122630665145961,0.15,1.0,1.0,0.7122630665145961,0.5,1.0,1.0,1.0,0.0,0.0,0.0,1.0
verified_xgb_ranker,eval_0115,prednisone | triamcinolone | aristocort | corticotropin | prednisolone | acthar | lotemax | loteprednol | deltasone | promethazine | cyproheptadine | diclofenac | tramadol | stelara | omalizumab | acetaminophen / hydrocodone | enbrel | doxycycline | ustekinumab | etanercept,prednisone | triamcinolone | corticotropin | prednisolone | loteprednol | lotemax,all,True,False,xgb_ranker,xgb_ranker,verified_742,322,322,322,322,0,0,0,0.8,0.6666666666666666,1.0,0.7817304474156229,0.6,1.0,1.0,0.9271069801946829,0.3,1.0,1.0,0.9271069801946829,1.0,1.0,1.0,1.0,0.0,0.0,0.0,1.0
verified_xgb_ranker,eval_0110,prednisone | doxycycline | dexbrompheniramine / pseudoephedrine | methylprednisolone | drixoral cold and allergy | valacyclovir | valtrex | azithromycin | bactrim | chlorpheniramine / hydrocodone | sulfamethoxazole / trimethoprim | mometasone | acyclovir | triamcinolone | medrol dosepak | zithromax | flunisolide | tussionex pennkinetic | ceftin | acrivastine / pseudoephedrine,prednisone,all,True,False,xgb_ranker,xgb_ranker,verified_742,1000,681,681,986,0,0,0,0.2,1.0,1.0,1.0,0.1,1.0,1.0,1.0,0.05,1.0,1.0,1.0,1.0,1.0,1.0,1.0,0.0,0.0,0.0,1.0
verified_xgb_ranker,eval_0099,prednisone | doxycycline | methylprednisolone | medrol dosepak | sulfamethoxazole / trimethoprim | triamcinolone | ceftriaxone | kenalog-40 | aspirin | bactrim | minocycline | amoxicillin | cephalexin | aristocort | cefotaxime | hydroxychloroquine | dexbrompheniramine / pseudoephedrine | avelox | moxifloxacin | dexamethasone,prednisone | methylprednisolone | triamcinolone,all,True,False,xgb_ranker,xgb_ranker,verified_742,1000,755,755,1000,0,0,0,0.4,0.6666666666666666,1.0,0.7039180890341348,0.3,1.0,1.0,0.871078544000337,0.15,1.0,1.0,0.871078544000337,1.0,1.0,1.0,1.0,0.0,0.0,0.0,1.0
verified_xgb_ranker,eval_0119,doxycycline | minocycline | prednisone | lansoprazole | sulfamethoxazole / trimethoprim | gentamicin | moxifloxacin | ciprofloxacin | levofloxacin | fluconazole | ceftin | zyvox | linezolid | aciphex | amikacin | amoxil | amoxicillin | avelox | dapsone | azithromycin,doxycycline | ciprofloxacin,all,True,False,xgb_ranker,xgb_ranker,verified_742,1000,363,363,973,0,0,0,0.2,0.5,1.0,0.6131471927654584,0.2,1.0,1.0,0.8065735963827293,0.1,1.0,1.0,0.8065735963827293,1.0,1.0,1.0,1.0,0.0,0.0,0.0,1.0
verified_xgb_ranker,eval_0112,valacyclovir | valtrex | acyclovir | prednisone | doxycycline | mometasone | lansoprazole | aluminum hydroxide / magnesium hydroxide / simethicone | dexbrompheniramine / pseudoephedrine | triamcinolone | drixoral cold and allergy | kenalog-40 | chlorpheniramine / hydrocodone | moxifloxacin | tussionex pennkinetic | acrivastine / pseudoephedrine | semprex-d | cyproheptadine | zutripro | chlorpheniramine / hydrocodone / pseudoephedrine,valacyclovir | valtrex | acyclovir,all,True,False,xgb_ranker,xgb_ranker,verified_742,1000,516,516,964,0,0,0,0.6,1.0,1.0,1.0,0.3,1.0,1.0,1.0,0.15,1.0,1.0,1.0,1.0,1.0,1.0,1.0,0.0,0.0,0.0,1.0
verified_xgb_ranker,eval_0109,prednisone | doxycycline | minocycline | methotrexate | dexamethasone | ceftriaxone | cefotaxime | amoxicillin | enbrel | methylprednisolone | etanercept | ustekinumab | stelara | adalimumab | betamethasone | humira | triamcinolone | kenalog-10 | infliximab | remicade,minocycline | methotrexate,all,True,False,xgb_ranker,xgb_ranker,verified_742,898,544,544,898,0,0,0,0.4,1.0,1.0,0.5378003827621997,0.2,1.0,1.0,0.5378003827621997,0.1,1.0,1.0,0.5378003827621997,0.3333333333333333,1.0,1.0,1.0,0.0,0.0,0.0,1.0
verified_xgb_ranker,eval_0124,prednisone | omalizumab | triamcinolone | xolair | aristocort | epinephrine | cromolyn | prednisolone | promethazine | deltasone | cyproheptadine | diphenhydramine | famotidine | ketotifen | epipen | pepcid | doxepin | azelastine | hydroxyzine | patanol,prednisone | triamcinolone | omalizumab | xolair | cromolyn,all,True,False,xgb_ranker,xgb_ranker,verified_742,995,288,288,995,0,0,0,0.8,0.8,1.0,0.8798281568540702,0.5,1.0,1.0,0.9683882164400849,0.25,1.0,1.0,0.9683882164400849,1.0,1.0,1.0,1.0,0.0,0.0,0.0,1.0
verified_xgb_ranker,eval_0131,doxycycline | prednisone | lansoprazole | azithromycin | sulfamethoxazole / trimethoprim | minocycline | ceftriaxone | ampicillin | cefotaxime | floxin | erythromycin | ciprofloxacin | dexamethasone | zithromax | pyridoxine | ceftin | mometasone | amoxil | rocephin | avelox,azithromycin | prednisone | ceftriaxone,all,True,False,xgb_ranker,xgb_ranker,verified_742,1000,449,449,1000,0,0,0,0.4,0.6666666666666666,1.0,0.4673749993440761,0.3,1.0,1.0,0.637073923869806,0.15,1.0,1.0,0.637073923869806,0.5,1.0,1.0,1.0,0.0,0.0,0.0,1.0
verified_xgb_ranker,eval_0121,doxycycline | prednisone | hydroxychloroquine | methylprednisolone | doxy 100 | medrol dosepak | lithium | triamcinolone | aspirin | kenalog-40 | depakote er | amoxicillin | clindamycin | diclofenac | chlorpromazine | allopurinol | thorazine | artemether / lumefantrine | coartem | divalproex sodium,doxycycline | hydroxychloroquine,all,True,False,xgb_ranker,xgb_ranker,verified_742,1000,287,287,1000,0,0,0,0.4,1.0,1.0,0.9197207891481876,0.2,1.0,1.0,0.9197207891481876,0.1,1.0,1.0,0.9197207891481876,1.0,1.0,1.0,1.0,0.0,0.0,0.0,1.0
verified_xgb_ranker,eval_0135,propranolol | tadalafil | sildenafil | metoprolol | verapamil | dextroamphetamine | atenolol | dexedrine | azor | spironolactone | nadolol | corgard | clonidine | modafinil | amlodipine / olmesartan | nitroglycerin | avalide | toprol-xl | caduet | verelan pm,propranolol | metoprolol,all,True,False,xgb_ranker,xgb_ranker,verified_742,1000,335,335,970,0,0,0,0.4,1.0,1.0,0.8772153153380493,0.2,1.0,1.0,0.8772153153380493,0.1,1.0,1.0,0.8772153153380493,1.0,1.0,1.0,1.0,0.0,0.0,0.0,1.0
verified_xgb_ranker,eval_0117,isotretinoin | accutane | adapalene / benzoyl peroxide | tretinoin | benzoyl peroxide / clindamycin | claravis | magnesium hydroxide | epiduo | doxycycline | benzaclin | spironolactone | duac | phillips' milk of magnesia | sulfamethoxazole / trimethoprim | dapsone | clindamycin / tretinoin | aczone | retin-a | bactrim | benzoyl peroxide / sulfur,adapalene / benzoyl peroxide,all,True,False,xgb_ranker,xgb_ranker,verified_742,273,273,273,273,0,0,0,0.2,1.0,1.0,0.5,0.1,1.0,1.0,0.5,0.05,1.0,1.0,0.5,0.3333333333333333,1.0,1.0,1.0,0.0,0.0,0.0,1.0
verified_xgb_ranker,eval_0116,gabapentin | nortriptyline | pregabalin | topamax | topiramate | neurontin | lyrica | metoprolol | catapres | lisinopril | olmesartan | atenolol | verapamil | benicar | fosinopril | clonidine | corgard | innopran xl | tadalafil | nadolol,gabapentin | pregabalin | topiramate | clonidine | onabotulinumtoxina,all,True,False,xgb_ranker,xgb_ranker,verified_742,1000,637,637,817,0,0,0,0.6,0.6,1.0,0.552688952605752,0.3,0.6,1.0,0.552688952605752,0.2,0.8,1.0,0.6176877523689746,1.0,1.0,1.0,1.0,0.0,0.0,0.0,1.0
verified_xgb_ranker,eval_0104,prednisone | aciphex | doxycycline | rabeprazole | calcium carbonate / simethicone | axid ar | prevacid | prilosec otc | nexium 24hr | aluminum hydroxide / magnesium hydroxide / simethicone | lansoprazole | dexlansoprazole | triamcinolone | minocycline | filgrastim | zegerid | pepcid ac chewable tablets | omeprazole / sodium bicarbonate | rifadin | alka-seltzer heartburn + gas,rifabutin,all,True,False,xgb_ranker,xgb_ranker,verified_742,1000,116,116,994,0,0,0,0.0,0.0,0.0,0.0,0.0,0.0,0.0,0.0,0.0,0.0,0.0,0.0,0.0,1.0,1.0,1.0,0.0,0.0,0.0,1.0
verified_xgb_ranker,eval_0122,prednisone | doxycycline | azithromycin | tudorza pressair | aclidinium | methylprednisolone | omalizumab | xopenex | rocephin | sulfamethoxazole / trimethoprim | mometasone | xolair | ceftriaxone | levalbuterol | zafirlukast | intal inhaler | primatene mist | accolate | proventil hfa | bactrim,prednisone,all,True,False,xgb_ranker,xgb_ranker,verified_742,1000,221,221,996,0,0,0,0.2,1.0,1.0,1.0,0.1,1.0,1.0,1.0,0.05,1.0,1.0,1.0,1.0,1.0,1.0,1.0,0.0,0.0,0.0,1.0
verified_xgb_ranker,eval_0125,doxycycline | amitriptyline | phosphorated carbohydrate solution | sulfamethoxazole / trimethoprim | ceftriaxone | elavil | spironolactone | hydroxyzine | minocycline | lactobacillus acidophilus | ampicillin | azithromycin | venlafaxine | sumatriptan | lorazepam | gabapentin | ativan | rocephin | acidophilus | dimenhydrinate,doxycycline | sulfamethoxazole / trimethoprim | azithromycin,all,True,False,xgb_ranker,xgb_ranker,verified_742,303,303,172,172,0,0,0,0.4,0.6666666666666666,1.0,0.625639979507489,0.2,0.6666666666666666,1.0,0.625639979507489,0.15,1.0,1.0,0.7283558175341313,1.0,1.0,1.0,1.0,0.0,0.0,0.0,1.0
verified_xgb_ranker,eval_0138,aluminum chloride hexahydrate | drysol | hypercare | calcitriol | gabapentin | amitriptyline | calcifediol | clonidine | parathyroid hormone | thyroid desiccated | propylthiouracil | sodium iodide-i-131 | ergocalciferol | westhroid | cenestin | levothyroxine | estropipate | spironolactone | armour thyroid | calcium lactate,thyroid desiccated | armour thyroid,all,True,False,xgb_ranker,xgb_ranker,verified_742,688,132,132,688,0,0,0,0.0,0.0,0.0,0.0,0.1,0.5,1.0,0.17723928678404774,0.1,1.0,1.0,0.3191081886500419,0.1,1.0,1.0,1.0,0.0,0.0,0.0,1.0
verified_xgb_ranker,eval_0130,naproxen | doxycycline | prednisone | triamcinolone | enbrel | ibuprofen | stelara | aleve | bactrim | ustekinumab | etanercept | sulfamethoxazole / trimethoprim | methylprednisolone | flanax pain reliever | naprosyn | adalimumab | betamethasone | humira | cephalexin | moxifloxacin,prednisone | enbrel | naproxen,all,True,False,xgb_ranker,xgb_ranker,verified_742,573,273,273,573,0,0,0,0.6,1.0,1.0,0.9072278740982787,0.3,1.0,1.0,0.9072278740982787,0.15,1.0,1.0,0.9072278740982787,1.0,1.0,1.0,1.0,0.0,0.0,0.0,1.0
verified_xgb_ranker,eval_0129,propranolol | clonazepam | prednisone | gabapentin | amitriptyline | diclofenac | sumatriptan | klonopin | rizatriptan | lithium | clonidine | treximet | lamotrigine | naproxen / sumatriptan | maxalt | relpax | migergot | nortriptyline | acetaminophen / butalbital / caffeine | eletriptan,propranolol,all,True,False,xgb_ranker,xgb_ranker,verified_742,1000,179,179,1000,0,0,0,0.2,1.0,1.0,1.0,0.1,1.0,1.0,1.0,0.05,1.0,1.0,1.0,1.0,1.0,1.0,1.0,0.0,0.0,0.0,1.0
verified_xgb_ranker,eval_0133,enbrel | prednisone | doxycycline | stelara | ustekinumab | etanercept | methylprednisolone | adalimumab | kenalog-10 | triamcinolone | humira | betamethasone | minocycline | hydrocortisone | kenalog-40 | infliximab | remicade | methotrexate | desonide | dexamethasone,prednisone | enbrel | stelara | ustekinumab | adalimumab,all,True,False,xgb_ranker,xgb_ranker,verified_742,1000,393,393,901,0,0,0,0.8,0.8,1.0,0.7938083721161654,0.5,1.0,1.0,0.9056948630555233,0.25,1.0,1.0,0.9056948630555233,1.0,1.0,1.0,1.0,0.0,0.0,0.0,1.0
verified_xgb_ranker,eval_0146,liraglutide | victoza | tretinoin | gabapentin | clobetasol | desmopressin | pramlintide | pregabalin | cymbalta | duloxetine | nortriptyline | byetta | chromium picolinate | humulin r u-500 (concentrated) | insulin isophane | symlin | topiramate | exubera | ddavp | novolog mix 70 / 30,liraglutide | victoza,all,True,False,xgb_ranker,xgb_ranker,verified_742,1000,228,228,1000,0,0,0,0.4,1.0,1.0,1.0,0.2,1.0,1.0,1.0,0.1,1.0,1.0,1.0,1.0,1.0,1.0,1.0,0.0,0.0,0.0,1.0
verified_xgb_ranker,eval_0151,prednisone | promethazine | cyproheptadine | dexbrompheniramine / pseudoephedrine | valacyclovir | valtrex | drixoral cold and allergy | chlorpheniramine / hydrocodone | acyclovir | triamcinolone | azelastine | chlor-trimeton | phenergan | chlorpheniramine | tussionex pennkinetic | epinephrine | doxycycline | semprex-d | acrivastine / pseudoephedrine | privine,prednisone | promethazine | cyproheptadine,all,True,False,xgb_ranker,xgb_ranker,verified_742,1000,558,558,1000,0,0,0,0.6,1.0,1.0,0.9151505377371351,0.3,1.0,1.0,0.9151505377371351,0.15,1.0,1.0,0.9151505377371351,1.0,1.0,1.0,1.0,0.0,0.0,0.0,1.0
verified_xgb_ranker,eval_0150,clonidine | cobicistat / elvitegravir / emtricitabine / tenofovir | stribild | efavirenz / emtricitabine / tenofovir | atripla | sodium bicarbonate | ondansetron | triumeq | abacavir / dolutegravir / lamivudine | emtricitabine / rilpivirine / tenofovir | complera | epzicom | prednisone | aciphex | doxycycline | rabeprazole | calcium carbonate / simethicone | axid ar | enfuvirtide | prevacid,rifabutin,all,True,False,xgb_ranker,xgb_ranker,verified_742,1000,119,119,986,0,0,0,0.0,0.0,0.0,0.0,0.0,0.0,0.0,0.0,0.0,0.0,0.0,0.0,0.0,1.0,1.0,1.0,0.0,0.0,0.0,1.0
verified_xgb_ranker,eval_0136,prednisone | triamcinolone | methylprednisolone | kenalog-10 | adalimumab | minocycline | humira | dexamethasone | hydrocortisone | remicade | methotrexate | kenalog-40 | enbrel | infliximab | doxycycline | stelara | ustekinumab | betamethasone | etanercept | tetracycline,prednisone | dexamethasone | adalimumab | humira | methylprednisolone,all,True,False,xgb_ranker,xgb_ranker,verified_742,1000,393,393,998,0,0,0,0.6,0.6,1.0,0.552688952605752,0.5,1.0,1.0,0.7693418068410907,0.25,1.0,1.0,0.7693418068410907,1.0,1.0,1.0,1.0,0.0,0.0,0.0,1.0
verified_xgb_ranker,eval_0134,liraglutide | victoza | tretinoin | gabapentin | clobetasol | spironolactone | urea | desmopressin | cymbalta | nortriptyline | duloxetine | pregabalin | pramlintide | byetta | chromium picolinate | humulin r u-500 (concentrated) | insulin regular | insulin isophane | sodium bicarbonate | exubera,liraglutide | victoza,all,True,False,xgb_ranker,xgb_ranker,verified_742,1000,282,282,1000,0,0,0,0.4,1.0,1.0,1.0,0.2,1.0,1.0,1.0,0.1,1.0,1.0,1.0,1.0,1.0,1.0,1.0,0.0,0.0,0.0,1.0
verified_xgb_ranker,eval_0156,levothyroxine | thyroid desiccated | aluminum chloride hexahydrate | drysol | hypercare | armour thyroid | premarin | westhroid | cenestin | estradiol | calcitriol | gabapentin | amitriptyline | calcifediol | conjugated estrogens | estropipate | doxorubicin | esterified estrogens | tirosint | clonidine,thyroid desiccated | armour thyroid | levothyroxine,all,True,False,xgb_ranker,xgb_ranker,verified_742,1000,132,132,958,0,0,0,0.4,0.6666666666666666,1.0,0.8099531166420328,0.3,1.0,1.0,0.9453452481212087,0.15,1.0,1.0,0.9453452481212087,1.0,1.0,1.0,1.0,0.0,0.0,0.0,1.0
verified_xgb_ranker,eval_0142,doxycycline | spironolactone | amitriptyline | venlafaxine | sulfamethoxazole / trimethoprim | azithromycin | phosphorated carbohydrate solution | rocephin | acidophilus | bactrim | abilify | ceftriaxone | methenamine | elavil | hyoscyamine / methenamine / methylene blue / sodium biphosphate | minocycline | pentosan polysulfate sodium | hydroxyzine | lactobacillus acidophilus | fluconazole,doxycycline,all,True,False,xgb_ranker,xgb_ranker,verified_742,172,172,172,172,0,0,0,0.2,1.0,1.0,1.0,0.1,1.0,1.0,1.0,0.05,1.0,1.0,1.0,1.0,1.0,1.0,1.0,0.0,0.0,0.0,1.0
verified_xgb_ranker,eval_0145,prednisone | doxycycline | azithromycin | sulfamethoxazole / trimethoprim | methylprednisolone | rocephin | bactrim | medrol dosepak | mometasone | ceftriaxone | triamcinolone | zithromax | flunisolide | kenalog-40 | augmentin xr | budesonide | epinephrine | ampicillin | ceftin | aciphex,azithromycin | prednisone,all,True,False,xgb_ranker,xgb_ranker,verified_742,1000,221,221,1000,0,0,0,0.4,1.0,1.0,0.9385574520455129,0.2,1.0,1.0,0.9385574520455129,0.1,1.0,1.0,0.9385574520455129,1.0,1.0,1.0,1.0,0.0,0.0,0.0,1.0
verified_xgb_ranker,eval_0144,doxycycline | prednisone | azithromycin | dapsone | metronidazole | rocephin | sulfamethoxazole / trimethoprim | ceftriaxone | lansoprazole | clindamycin | zithromax | minocycline | zyvox | linezolid | fluconazole | tobramycin | filgrastim | neupogen | gentamicin | integra,doxycycline | azithromycin,all,True,False,xgb_ranker,xgb_ranker,verified_742,1000,132,132,1000,0,0,0,0.4,1.0,1.0,0.9197207891481876,0.2,1.0,1.0,0.9197207891481876,0.1,1.0,1.0,0.9197207891481876,1.0,1.0,1.0,1.0,0.0,0.0,0.0,1.0
verified_xgb_ranker,eval_0155,prednisone | diclofenac | methylprednisolone | adalimumab | triamcinolone | humira | naproxen | acetaminophen / aspirin / caffeine | hydrocortisone | remicade | mycophenolate mofetil | cellcept | infliximab | indomethacin | naprelan | dexamethasone | ibuprofen | simponi | golimumab | famotidine / ibuprofen,adalimumab | humira,all,True,False,xgb_ranker,xgb_ranker,verified_742,525,311,311,525,0,0,0,0.2,0.5,1.0,0.2640681225725909,0.2,1.0,1.0,0.48247555939075504,0.1,1.0,1.0,0.48247555939075504,0.25,1.0,1.0,1.0,0.0,0.0,0.0,1.0
verified_xgb_ranker,eval_0163,clonidine | tenofovir | viread | filgrastim | lamivudine | sodium bicarbonate | epivir-hbv | qsymia | lorcaserin | belviq | phentermine | adipex-p | saxenda | diethylpropion | cobicistat / elvitegravir / emtricitabine / tenofovir | stribild | phentermine / topiramate | contrave | efavirenz / emtricitabine / tenofovir | atripla,tenofovir | viread,all,True,False,xgb_ranker,xgb_ranker,verified_742,1000,119,119,1000,0,0,0,0.4,1.0,1.0,0.6934264036172708,0.2,1.0,1.0,0.6934264036172708,0.1,1.0,1.0,0.6934264036172708,0.5,1.0,1.0,1.0,0.0,0.0,0.0,1.0
verified_xgb_ranker,eval_0148,enbrel | prednisone | doxycycline | desonide | ustekinumab | etanercept | stelara | elocon | clobetasol | flurandrenolide | cordran tape | cloderm | methylprednisolone | desowen | clocortolone | thiothixene | clobex | adalimumab | humira | betamethasone,enbrel,all,True,False,xgb_ranker,xgb_ranker,verified_742,726,164,164,726,0,0,0,0.2,1.0,1.0,1.0,0.1,1.0,1.0,1.0,0.05,1.0,1.0,1.0,1.0,1.0,1.0,1.0,0.0,0.0,0.0,1.0
verified_xgb_ranker,eval_0171,prednisone | doxycycline | azithromycin | sulfamethoxazole / trimethoprim | methylprednisolone | rocephin | mometasone | bactrim | ceftriaxone | medrol dosepak | triamcinolone | zithromax | flunisolide | augmentin xr | kenalog-40 | budesonide | epinephrine | ampicillin | ceftin | ceftibuten,prednisone,all,True,False,xgb_ranker,xgb_ranker,verified_742,1000,221,221,1000,0,0,0,0.2,1.0,1.0,1.0,0.1,1.0,1.0,1.0,0.05,1.0,1.0,1.0,1.0,1.0,1.0,1.0,0.0,0.0,0.0,1.0
verified_xgb_ranker,eval_0177,prednisone | diclofenac | acetaminophen / hydrocodone | enbrel | stelara | tramadol | doxycycline | ustekinumab | etanercept | ketoprofen | lortab | indomethacin | naproxen | acetaminophen / aspirin / caffeine | norco | cataflam | cymbalta | duloxetine | methylprednisolone | probenecid,diclofenac | tramadol | acetaminophen / hydrocodone,all,True,False,xgb_ranker,xgb_ranker,verified_742,420,255,255,420,0,0,0,0.4,0.6666666666666666,1.0,0.5497655832101642,0.3,1.0,1.0,0.68515771468934,0.15,1.0,1.0,0.68515771468934,0.5,1.0,1.0,1.0,0.0,0.0,0.0,1.0
verified_xgb_ranker,eval_0180,isotretinoin | accutane | tretinoin | adapalene / benzoyl peroxide | benzoyl peroxide / clindamycin | claravis | magnesium hydroxide | epiduo | doxycycline | spironolactone | benzaclin | duac | phillips' milk of magnesia | sulfamethoxazole / trimethoprim | dapsone | aczone | clindamycin / tretinoin | retin-a | drospirenone / ethinyl estradiol | benzoyl peroxide / sulfur,adapalene / benzoyl peroxide,all,True,False,xgb_ranker,xgb_ranker,verified_742,273,273,273,273,0,0,0,0.2,1.0,1.0,0.4306765580733931,0.1,1.0,1.0,0.4306765580733931,0.05,1.0,1.0,0.4306765580733931,0.25,1.0,1.0,1.0,0.0,0.0,0.0,1.0
verified_xgb_ranker,eval_0175,levothyroxine | thyroid desiccated | aluminum chloride hexahydrate | drysol | hypercare | gabapentin | amitriptyline | calcitriol | armour thyroid | calcifediol | cenestin | westhroid | premarin | estradiol | clonidine | conjugated estrogens | estropipate | doxorubicin | tirosint | esterified estrogens,thyroid desiccated | armour thyroid | levothyroxine,all,True,False,xgb_ranker,xgb_ranker,verified_742,634,132,132,634,0,0,0,0.4,0.6666666666666666,1.0,0.7653606369886218,0.3,1.0,1.0,0.9066276098484508,0.15,1.0,1.0,0.9066276098484508,1.0,1.0,1.0,1.0,0.0,0.0,0.0,1.0
verified_xgb_ranker,eval_0183,rabeprazole | aciphex | lansoprazole | esomeprazole | zantac | prevacid | dexlansoprazole | axid ar | calcium carbonate / simethicone | omeprazole / sodium bicarbonate | prilosec otc | ranitidine | sucralfate | protonix iv | zegerid | nexium 24hr | cimetidine | protonix | mylanta | nexium,aciphex | dexlansoprazole | rabeprazole | esomeprazole | lansoprazole | nexium,all,True,False,xgb_ranker,xgb_ranker,verified_742,721,109,109,721,0,0,0,0.8,0.6666666666666666,1.0,0.8687949224876581,0.5,0.8333333333333334,1.0,0.8760157235037965,0.3,1.0,1.0,0.9449092902413696,1.0,1.0,1.0,1.0,0.0,0.0,0.0,1.0
verified_xgb_ranker,eval_0187,enbrel | prednisone | doxycycline | desonide | ustekinumab | etanercept | stelara | elocon | clobetasol | flurandrenolide | cordran tape | cloderm | clocortolone | methylprednisolone | desowen | thiothixene | clobex | adalimumab | humira | betamethasone,enbrel,all,True,False,xgb_ranker,xgb_ranker,verified_742,726,164,164,726,0,0,0,0.2,1.0,1.0,1.0,0.1,1.0,1.0,1.0,0.05,1.0,1.0,1.0,1.0,1.0,1.0,1.0,0.0,0.0,0.0,1.0
verified_xgb_ranker,eval_0185,prednisone | promethazine | cyproheptadine | dexbrompheniramine / pseudoephedrine | valtrex | valacyclovir | drixoral cold and allergy | chlorpheniramine / hydrocodone | acyclovir | triamcinolone | azelastine | tussionex pennkinetic | doxycycline | acrivastine / pseudoephedrine | semprex-d | privine | phenergan | chlor-trimeton | chlorpheniramine | carbinoxamine,promethazine | cyproheptadine,all,True,False,xgb_ranker,xgb_ranker,verified_742,672,558,511,625,0,0,0,0.4,1.0,1.0,0.6934264036172708,0.2,1.0,1.0,0.6934264036172708,0.1,1.0,1.0,0.6934264036172708,0.5,1.0,1.0,1.0,0.0,0.0,0.0,1.0
verified_xgb_ranker,eval_0190,prednisone | methylprednisolone | diclofenac | triamcinolone | hydrocortisone | doxycycline | medrol dosepak | mycophenolate mofetil | cellcept | dexamethasone | betamethasone | azathioprine | imuran | ceftriaxone | adalimumab | humira | pancreatin | kenalog-40 | desonide | cloderm,adalimumab | humira | infliximab | remicade,all,True,False,xgb_ranker,xgb_ranker,verified_742,672,346,346,672,0,0,0,0.0,0.0,0.0,0.0,0.0,0.0,0.0,0.0,0.1,0.5,1.0,0.1931017033607333,0.06666666666666667,1.0,1.0,1.0,0.0,0.0,0.0,1.0
verified_xgb_ranker,eval_0184,amitriptyline | venlafaxine | doxycycline | elavil | spironolactone | azithromycin | sulfamethoxazole / trimethoprim | ceftriaxone | bactrim | propranolol | clonazepam | klonopin | memantine | rizatriptan | augmentin xr | cephalexin | doryx | magnesium oxide | sodium bicarbonate | ceftin,amitriptyline | venlafaxine | elavil | azithromycin,all,True,False,xgb_ranker,xgb_ranker,verified_742,1000,347,347,927,0,0,0,0.6,0.75,1.0,0.8222937675092578,0.4,1.0,1.0,0.9277719073626146,0.2,1.0,1.0,0.9277719073626146,1.0,1.0,1.0,1.0,0.0,0.0,0.0,1.0
verified_xgb_ranker,eval_0178,doxycycline | prednisone | azithromycin | dapsone | metronidazole | rocephin | sulfamethoxazole / trimethoprim | ceftriaxone | lansoprazole | clindamycin | zyvox | linezolid | fluconazole | minocycline | zithromax | tobramycin | neupogen | filgrastim | vancocin hcl | lefamulin,doxycycline | azithromycin,all,True,False,xgb_ranker,xgb_ranker,verified_742,1000,132,132,1000,0,0,0,0.4,1.0,1.0,0.9197207891481876,0.2,1.0,1.0,0.9197207891481876,0.1,1.0,1.0,0.9197207891481876,1.0,1.0,1.0,1.0,0.0,0.0,0.0,1.0
verified_xgb_ranker,eval_0188,"tenofovir | viread | peginterferon alfa-2a | lamivudine | epivir-hbv | diphtheria and tetanus toxoids / pertussis, acellular / poliovirus vaccine, inactivated / haemophilus b conjugate / hepatitis b vaccine | hepatitis a adult vaccine / hepatitis b adult vaccine | entecavir | peginterferon alfa-2b | diphtheria toxoid / hepatitis b pediatric vaccine / pertussis, acellular / poliovirus vaccine, inactivated / tetanus toxoid | adefovir | tenofovir alafenamide | hepatitis b adult vaccine | hepatitis b pediatric vaccine | hepatitis b immune globulin | interferon alfa-2b | elocon | prednisone | clobetasol | methylprednisolone",tenofovir | peginterferon alfa-2a | viread,all,True,False,xgb_ranker,xgb_ranker,verified_742,467,16,16,467,0,0,0,0.6,1.0,1.0,1.0,0.3,1.0,1.0,1.0,0.15,1.0,1.0,1.0,1.0,1.0,1.0,1.0,0.0,0.0,0.0,1.0
verified_xgb_ranker,eval_0201,clonidine | catapres | hytrin | terazosin | aluminum chloride hexahydrate | drysol | hypercare | gabapentin | amitriptyline | botox | onabotulinumtoxina | xerac ac | benztropine | oxybutynin | pima | tapazole | potassium iodide | methimazole | glycopyrronium | iodine / potassium iodide,clonidine | catapres,all,True,False,xgb_ranker,xgb_ranker,verified_742,825,22,22,825,0,0,0,0.4,1.0,1.0,1.0,0.2,1.0,1.0,1.0,0.1,1.0,1.0,1.0,1.0,1.0,1.0,1.0,0.0,0.0,0.0,1.0
verified_xgb_ranker,eval_0199,doxycycline | triamcinolone | prednisone | methylprednisolone | minocycline | naproxen | adipex-p | phentermine | kenalog-40 | hydrocortisone | alprazolam | acetaminophen / oxycodone | aluminum chloride hexahydrate | enbrel | saxenda | diethylpropion | stelara | etanercept | sulfamethoxazole / trimethoprim | qsymia,triamcinolone | naproxen,all,True,False,xgb_ranker,xgb_ranker,verified_742,1000,25,25,1000,0,0,0,0.2,0.5,1.0,0.2960819109658652,0.2,1.0,1.0,0.5468225934151687,0.1,1.0,1.0,0.5468225934151687,0.5,1.0,1.0,1.0,0.0,0.0,0.0,1.0
verified_xgb_ranker,eval_0195,lansoprazole | prednisone | methylprednisolone | triamcinolone | doxycycline | ranitidine | cimetidine | azithromycin | budesonide | omeprazole | pantoprazole | dexbrompheniramine / pseudoephedrine | drixoral cold and allergy | valacyclovir | valtrex | famotidine | mometasone | chlorpheniramine / hydrocodone | esomeprazole | acyclovir,lansoprazole | ranitidine | omeprazole,all,True,False,xgb_ranker,xgb_ranker,verified_742,1000,605,605,949,0,0,0,0.2,0.3333333333333333,1.0,0.5090967735771897,0.3,1.0,1.0,0.7771546971314107,0.15,1.0,1.0,0.7771546971314107,1.0,1.0,1.0,1.0,0.0,0.0,0.0,1.0
verified_xgb_ranker,eval_0192,isotretinoin | accutane | adapalene / benzoyl peroxide | tretinoin | benzoyl peroxide / clindamycin | claravis | magnesium hydroxide | epiduo | doxycycline | spironolactone | benzaclin | duac | phillips' milk of magnesia | sulfamethoxazole / trimethoprim | dapsone | aczone | clindamycin / tretinoin | retin-a | bactrim | onexton,isotretinoin | accutane | adapalene / benzoyl peroxide,all,True,False,xgb_ranker,xgb_ranker,verified_742,726,273,273,726,0,0,0,0.6,1.0,1.0,0.9049765583210164,0.3,1.0,1.0,0.9049765583210164,0.15,1.0,1.0,0.9049765583210164,1.0,1.0,1.0,1.0,0.0,0.0,0.0,1.0
verified_xgb_ranker,eval_0186,tadalafil | propranolol | sildenafil | dextroamphetamine | dexedrine | azor | spironolactone | modafinil | clonidine | amlodipine / olmesartan | cartia xt | amlodipine / hydrochlorothiazide / valsartan | avalide | exforge hct | armodafinil | verapamil | travoprost | hydrochlorothiazide / irbesartan | provigil | diltiazem,propranolol,all,True,False,xgb_ranker,xgb_ranker,verified_742,1000,275,275,1000,0,0,0,0.2,1.0,1.0,0.6309297535714574,0.1,1.0,1.0,0.6309297535714574,0.05,1.0,1.0,0.6309297535714574,0.5,1.0,1.0,1.0,0.0,0.0,0.0,1.0
verified_xgb_ranker,eval_0205,thyroid desiccated | levothyroxine | armour thyroid | estradiol | premarin | cenestin | westhroid | conjugated estrogens | estropipate | doxorubicin | esterified estrogens | tirosint | calcifediol | thyquidity | rayaldee | calcitriol | synthroid | liothyronine | cytomel | nature-throid,thyroid desiccated | armour thyroid | levothyroxine,all,True,False,xgb_ranker,xgb_ranker,verified_742,87,61,61,87,0,0,0,0.6,1.0,1.0,1.0,0.3,1.0,1.0,1.0,0.15,1.0,1.0,1.0,1.0,1.0,1.0,1.0,0.0,0.0,0.0,1.0
verified_xgb_ranker,eval_0206,prednisone | doxycycline | sulfamethoxazole / trimethoprim | azithromycin | clindamycin | fluconazole | rocephin | metronidazole | ceftriaxone | zithromax | minocycline | ceftin | tobramycin | linezolid | zyvox | dapsone | flagyl | amoxil | moxifloxacin | amoxicillin,doxycycline | azithromycin | clindamycin,all,True,False,xgb_ranker,xgb_ranker,verified_742,1000,239,239,940,0,0,0,0.6,1.0,1.0,0.6323990200260963,0.3,1.0,1.0,0.6323990200260963,0.15,1.0,1.0,0.6323990200260963,0.5,1.0,1.0,1.0,0.0,0.0,0.0,1.0
verified_xgb_ranker,eval_0179,sumatriptan | gabapentin | amitriptyline | nortriptyline | doxycycline | promethazine | zolmitriptan | elavil | prednisone | clonidine | lithium | ceftriaxone | sulfamethoxazole / trimethoprim | phenergan | lansoprazole | pamelor | depakote er | thorazine | klonopin | propranolol,sumatriptan | clonidine,all,True,False,xgb_ranker,xgb_ranker,verified_742,1000,315,315,927,0,0,0,0.2,0.5,1.0,0.7039180890341347,0.2,1.0,1.0,0.8395700624665824,0.1,1.0,1.0,0.8395700624665824,1.0,1.0,1.0,1.0,0.0,0.0,0.0,1.0
verified_xgb_ranker,eval_0209,clonidine | amitriptyline | gabapentin | catapres | prednisone | onabotulinumtoxina | botox | hytrin | terazosin | propranolol | hypercare | aluminum chloride hexahydrate | drysol | xerac ac | verapamil | oxybutynin | tadalafil | metoprolol | pima | potassium iodide,clonidine | catapres,all,True,False,xgb_ranker,xgb_ranker,verified_742,1000,447,447,738,0,0,0,0.4,1.0,1.0,0.8772153153380493,0.2,1.0,1.0,0.8772153153380493,0.1,1.0,1.0,0.8772153153380493,1.0,1.0,1.0,1.0,0.0,0.0,0.0,1.0
verified_xgb_ranker,eval_0204,rabeprazole | lansoprazole | esomeprazole | protonix | zantac | omeprazole / sodium bicarbonate | ranitidine | nexium | sucralfate | omeprazole | cimetidine | prednisone | pantoprazole | carafate | diclofenac | librax | clonidine | chlordiazepoxide / clidinium | methylprednisolone | atropine / hyoscyamine / phenobarbital / scopolamine,rabeprazole | esomeprazole | lansoprazole,all,True,False,xgb_ranker,xgb_ranker,verified_742,955,80,80,955,0,0,0,0.6,1.0,1.0,1.0,0.3,1.0,1.0,1.0,0.15,1.0,1.0,1.0,1.0,1.0,1.0,1.0,0.0,0.0,0.0,1.0
verified_xgb_ranker,eval_0212,promethazine | doxycycline | prednisone | hydroxyzine | phenergan | doxepin | atarax | triamcinolone | benadryl | diphenhydramine | vistaril | sulfamethoxazole / trimethoprim | lansoprazole | cyproheptadine | omalizumab | ampicillin | ketotifen | xolair | epipen | ketorolac,prednisone | promethazine | hydroxyzine | doxycycline | sulfamethoxazole / trimethoprim,all,True,False,xgb_ranker,xgb_ranker,verified_742,991,214,214,991,0,0,0,0.8,0.8,1.0,0.8706192246324784,0.4,0.8,1.0,0.8706192246324784,0.25,1.0,1.0,0.9424161458079726,1.0,1.0,1.0,1.0,0.0,0.0,0.0,1.0
verified_xgb_ranker,eval_0200,doxycycline | prednisone | minocycline | methotrexate | dexamethasone | enbrel | desonide | elocon | stelara | etanercept | tazorac | clobetasol | ustekinumab | tazarotene | isotretinoin | accutane | flurandrenolide | sulfamethoxazole / trimethoprim | benzoyl peroxide / clindamycin | adapalene / benzoyl peroxide,prednisone | methotrexate | dexamethasone | enbrel | stelara,all,True,False,xgb_ranker,xgb_ranker,verified_742,888,575,575,888,0,0,0,0.6,0.6,1.0,0.41450645296545835,0.5,1.0,1.0,0.6601154319154062,0.25,1.0,1.0,0.6601154319154062,0.5,1.0,1.0,1.0,0.0,0.0,0.0,1.0
verified_xgb_ranker,eval_0196,klonopin | clonazepam | propranolol | rizatriptan | relpax | maxalt | diclofenac | bupropion | aspirin / butalbital / caffeine | sumatriptan | frovatriptan | eletriptan | acetaminophen / butalbital / caffeine | prednisone | naproxen / sumatriptan | gabapentin | amitriptyline | treximet | lamotrigine | phenelzine,lansoprazole | omeprazole | propranolol,all,True,False,xgb_ranker,xgb_ranker,verified_742,1000,222,222,1000,0,0,0,0.2,0.3333333333333333,1.0,0.1696989245257299,0.1,0.3333333333333333,1.0,0.1696989245257299,0.05,0.3333333333333333,1.0,0.1696989245257299,0.3333333333333333,1.0,1.0,1.0,0.0,0.0,0.0,1.0
verified_xgb_ranker,eval_0216,naproxen | doxycycline | bactrim | sulfamethoxazole / trimethoprim | ibuprofen | triamcinolone | cephalexin | oxybutynin | avelox | moxifloxacin | flanax pain reliever | aleve | ditropan xl | doxy 100 | sucralfate | ciprofloxacin | naprosyn | levofloxacin | levaquin | bactrim ds,naproxen,all,True,False,xgb_ranker,xgb_ranker,verified_742,372,25,25,372,0,0,0,0.2,1.0,1.0,1.0,0.1,1.0,1.0,1.0,0.05,1.0,1.0,1.0,1.0,1.0,1.0,1.0,0.0,0.0,0.0,1.0
verified_xgb_ranker,eval_0210,mupirocin | retapamulin | altabax | cefuroxime | cefadroxil | ammoniated mercury | sulconazole | ozenoxacin | stribild | cobicistat / elvitegravir / emtricitabine / tenofovir | dexbrompheniramine / pseudoephedrine | valacyclovir | valtrex | atripla | drixoral cold and allergy | efavirenz / emtricitabine / tenofovir | chlorpheniramine / hydrocodone | aciphex | prednisone | acyclovir,cefuroxime | mupirocin | retapamulin,all,True,False,xgb_ranker,xgb_ranker,verified_742,1000,8,8,1000,0,0,0,0.6,1.0,1.0,0.9764717729212657,0.3,1.0,1.0,0.9764717729212657,0.15,1.0,1.0,0.9764717729212657,1.0,1.0,1.0,1.0,0.0,0.0,0.0,1.0
verified_xgb_ranker,eval_0217,prednisone | triamcinolone | mometasone | dexamethasone | fluticasone | desonide | elocon | clobetasol | cloderm | flurandrenolide | clobex | methylprednisolone | cordran tape | clocortolone | tacrolimus | pimecrolimus | dupixent | betamethasone | medrol dosepak | cellcept,prednisone,all,True,False,xgb_ranker,xgb_ranker,verified_742,734,49,49,734,0,0,0,0.2,1.0,1.0,1.0,0.1,1.0,1.0,1.0,0.05,1.0,1.0,1.0,1.0,1.0,1.0,1.0,0.0,0.0,0.0,1.0
verified_xgb_ranker,eval_0198,prednisone | promethazine | cyproheptadine | diphenhydramine | triamcinolone | azelastine | epinephrine | ranitidine | carbinoxamine | chlor-trimeton | phenergan | chlorpheniramine | olopatadine | tetracaine | allegra | benadryl | cetirizine | fexofenadine | zyrtec | levocetirizine,promethazine | cyproheptadine,all,True,False,xgb_ranker,xgb_ranker,verified_742,558,76,76,558,0,0,0,0.4,1.0,1.0,0.6934264036172708,0.2,1.0,1.0,0.6934264036172708,0.1,1.0,1.0,0.6934264036172708,0.5,1.0,1.0,1.0,0.0,0.0,0.0,1.0
verified_xgb_ranker,eval_0215,liraglutide | victoza | tretinoin | gabapentin | clobetasol | desmopressin | pramlintide | pregabalin | cymbalta | nortriptyline | duloxetine | chromium picolinate | byetta | humulin r u-500 (concentrated) | insulin isophane | exubera | topiramate | symlin | ddavp | novolog mix 70 / 30,liraglutide | victoza,all,True,False,xgb_ranker,xgb_ranker,verified_742,1000,228,228,1000,0,0,0,0.4,1.0,1.0,1.0,0.2,1.0,1.0,1.0,0.1,1.0,1.0,1.0,1.0,1.0,1.0,1.0,0.0,0.0,0.0,1.0
verified_xgb_ranker,eval_0221,isotretinoin | accutane | tretinoin | adapalene / benzoyl peroxide | benzoyl peroxide / clindamycin | claravis | magnesium hydroxide | epiduo | doxycycline | spironolactone | benzaclin | duac | phillips' milk of magnesia | sulfamethoxazole / trimethoprim | dapsone | aczone | clindamycin / tretinoin | retin-a | drospirenone / ethinyl estradiol | benzoyl peroxide / sulfur,isotretinoin | accutane | adapalene / benzoyl peroxide,all,True,False,xgb_ranker,xgb_ranker,verified_742,273,273,273,273,0,0,0,0.6,1.0,1.0,0.9764717729212657,0.3,1.0,1.0,0.9764717729212657,0.15,1.0,1.0,0.9764717729212657,1.0,1.0,1.0,1.0,0.0,0.0,0.0,1.0
verified_xgb_ranker,eval_0220,enbrel | prednisone | doxycycline | desonide | ustekinumab | etanercept | stelara | elocon | clobetasol | flurandrenolide | cordran tape | cloderm | methylprednisolone | desowen | clocortolone | thiothixene | clobex | adalimumab | humira | mometasone,enbrel,all,True,False,xgb_ranker,xgb_ranker,verified_742,353,164,164,353,0,0,0,0.2,1.0,1.0,1.0,0.1,1.0,1.0,1.0,0.05,1.0,1.0,1.0,1.0,1.0,1.0,1.0,0.0,0.0,0.0,1.0
verified_xgb_ranker,eval_0222,diclofenac | prednisone | acetaminophen / hydrocodone | enbrel | tramadol | stelara | doxycycline | ustekinumab | etanercept | ketoprofen | indomethacin | lortab | acetaminophen / aspirin / caffeine | naproxen | norco | etodolac | cymbalta | cataflam | duloxetine | methylprednisolone,diclofenac,all,True,False,xgb_ranker,xgb_ranker,verified_742,403,255,255,403,0,0,0,0.2,1.0,1.0,1.0,0.1,1.0,1.0,1.0,0.05,1.0,1.0,1.0,1.0,1.0,1.0,1.0,0.0,0.0,0.0,1.0
verified_xgb_ranker,eval_0225,liraglutide | victoza | tretinoin | gabapentin | clobetasol | desmopressin | pramlintide | pregabalin | cymbalta | duloxetine | nortriptyline | chromium picolinate | byetta | humulin r u-500 (concentrated) | insulin isophane | exubera | symlin | topiramate | insulin aspart / insulin aspart protamine | ddavp,liraglutide | victoza,all,True,False,xgb_ranker,xgb_ranker,verified_742,616,228,228,616,0,0,0,0.4,1.0,1.0,1.0,0.2,1.0,1.0,1.0,0.1,1.0,1.0,1.0,1.0,1.0,1.0,1.0,0.0,0.0,0.0,1.0
verified_xgb_ranker,eval_0219,clonidine | propranolol | metoprolol | catapres | verapamil | atenolol | spironolactone | olmesartan | benicar | nadolol | corgard | innopran xl | verelan pm | calan sr | tenormin | inderal | tadalafil | sildenafil | lisinopril | klonopin,propranolol | spironolactone | clonidine | catapres | terazosin | hytrin | benicar | olmesartan | verapamil,all,True,False,xgb_ranker,xgb_ranker,verified_742,1000,447,447,1000,0,0,0,0.8,0.4444444444444444,1.0,0.8304198973631919,0.7,0.7777777777777778,1.0,0.8347567594938208,0.35,0.7777777777777778,1.0,0.8347567594938208,1.0,1.0,1.0,1.0,0.0,0.0,0.0,1.0
verified_xgb_ranker,eval_0230,prednisone | doxycycline | azithromycin | sulfamethoxazole / trimethoprim | aclidinium | tudorza pressair | xopenex | omalizumab | methylprednisolone | rocephin | bactrim | combivent | proventil hfa | xolair | mometasone | medrol dosepak | methylprednisolone dose pack | roflumilast | ceftriaxone | levalbuterol,prednisone,all,True,False,xgb_ranker,xgb_ranker,verified_742,1000,221,221,1000,0,0,0,0.2,1.0,1.0,1.0,0.1,1.0,1.0,1.0,0.05,1.0,1.0,1.0,1.0,1.0,1.0,1.0,0.0,0.0,0.0,1.0
verified_xgb_ranker,eval_0229,doxycycline | minocycline | tazorac | sulfamethoxazole / trimethoprim | tazarotene | clindamycin | dapsone | isotretinoin | prednisone | accutane | azithromycin | rocephin | tetracycline | erythromycin | metronidazole | ceftriaxone | elocon | benzoyl peroxide / clindamycin | adapalene / benzoyl peroxide | tretinoin,tazarotene | dapsone | clindamycin,all,True,False,xgb_ranker,xgb_ranker,verified_742,802,555,479,726,0,0,0,0.2,0.3333333333333333,1.0,0.19694551601238366,0.3,1.0,1.0,0.4914220620445707,0.15,1.0,1.0,0.4914220620445707,0.2,1.0,1.0,1.0,0.0,0.0,0.0,1.0
verified_xgb_ranker,eval_0235,cobicistat / elvitegravir / emtricitabine / tenofovir | stribild | atripla | efavirenz / emtricitabine / tenofovir | ondansetron | abacavir / dolutegravir / lamivudine | triumeq | emtricitabine / rilpivirine / tenofovir | complera | clonidine | epzicom | enfuvirtide | fuzeon | abacavir / lamivudine | megestrol | atazanavir | reyataz | emtricitabine / rilpivirine / tenofovir alafenamide | symtuza | odefsey,stribild | efavirenz / emtricitabine / tenofovir,all,True,False,xgb_ranker,xgb_ranker,verified_742,154,119,119,154,0,0,0,0.4,1.0,1.0,0.6509209298071326,0.2,1.0,1.0,0.6509209298071326,0.1,1.0,1.0,0.6509209298071326,0.5,1.0,1.0,1.0,0.0,0.0,0.0,1.0
verified_xgb_ranker,eval_0231,thyroid desiccated | levothyroxine | armour thyroid | estradiol | premarin | cenestin | westhroid | calcitriol | calcifediol | conjugated estrogens | estropipate | doxorubicin | tirosint | esterified estrogens | rayaldee | thyquidity | synthroid | cytomel | nature-throid | liothyronine,thyroid desiccated | armour thyroid | levothyroxine,all,True,False,xgb_ranker,xgb_ranker,verified_742,1000,112,112,958,0,0,0,0.6,1.0,1.0,0.9298593499260985,0.3,1.0,1.0,0.9298593499260985,0.15,1.0,1.0,0.9298593499260985,1.0,1.0,1.0,1.0,0.0,0.0,0.0,1.0
verified_xgb_ranker,eval_0207,clobetasol | dexamethasone | prednisone | cymbalta | tramadol | duloxetine | liraglutide | acetaminophen / hydrocodone | naproxen | diclofenac | victoza | fluocinolone | gabapentin | tretinoin | zostrix | enbrel | stelara | doxycycline | etanercept | ustekinumab,duloxetine | cymbalta,all,True,False,xgb_ranker,xgb_ranker,verified_742,1000,476,273,797,0,0,0,0.2,0.5,1.0,0.26406812257259094,0.2,1.0,1.0,0.48247555939075515,0.1,1.0,1.0,0.48247555939075515,0.25,1.0,1.0,1.0,0.0,0.0,0.0,1.0
verified_xgb_ranker,eval_0233,prednisone | methylprednisolone | adalimumab | humira | triamcinolone | hydrocortisone | infliximab | remicade | enbrel | desonide | doxycycline | dexamethasone | etanercept | ustekinumab | stelara | elocon | clobetasol | flurandrenolide | desowen | cloderm,prednisone | adalimumab | humira,all,True,False,xgb_ranker,xgb_ranker,verified_742,238,164,164,238,0,0,0,0.6,1.0,1.0,0.8132022820105483,0.3,1.0,1.0,0.8132022820105483,0.15,1.0,1.0,0.8132022820105483,1.0,1.0,1.0,1.0,0.0,0.0,0.0,1.0
verified_xgb_ranker,eval_0223,doxycycline | triamcinolone | sucralfate | ciprofloxacin | levofloxacin | naproxen | ofloxacin | adalimumab | methylprednisolone | prednisone | humira | diclofenac | rabeprazole | librax | clonidine | chlordiazepoxide / clidinium | atropine / hyoscyamine / phenobarbital / scopolamine | cellcept | remicade | infliximab,triamcinolone | sucralfate | prednisone | adalimumab,all,True,False,xgb_ranker,xgb_ranker,verified_742,672,325,325,672,0,0,0,0.4,0.5,1.0,0.4510474610400028,0.4,1.0,1.0,0.6485025357843557,0.2,1.0,1.0,0.6485025357843557,0.5,1.0,1.0,1.0,0.0,0.0,0.0,1.0
verified_xgb_ranker,eval_0213,clonidine | catapres | hytrin | terazosin | propranolol | onabotulinumtoxina | botox | tadalafil | gabapentin | amitriptyline | hypercare | aluminum chloride hexahydrate | drysol | xerac ac | sildenafil | spironolactone | doxycycline | prednisone | dextroamphetamine | benztropine,clonidine | catapres | terazosin | hytrin,all,True,False,xgb_ranker,xgb_ranker,verified_742,1000,293,293,1000,0,0,0,0.8,1.0,1.0,1.0,0.4,1.0,1.0,1.0,0.2,1.0,1.0,1.0,1.0,1.0,1.0,1.0,0.0,0.0,0.0,1.0
verified_xgb_ranker,eval_0218,doxycycline | prednisone | azithromycin | dapsone | metronidazole | rocephin | sulfamethoxazole / trimethoprim | ceftriaxone | lansoprazole | clindamycin | zithromax | minocycline | zyvox | linezolid | fluconazole | tobramycin | neupogen | filgrastim | vancocin hcl | oxymetholone,doxycycline | azithromycin,all,True,False,xgb_ranker,xgb_ranker,verified_742,1000,132,132,1000,0,0,0,0.4,1.0,1.0,0.9197207891481876,0.2,1.0,1.0,0.9197207891481876,0.1,1.0,1.0,0.9197207891481876,1.0,1.0,1.0,1.0,0.0,0.0,0.0,1.0
verified_xgb_ranker,eval_0242,thyroid desiccated | levothyroxine | armour thyroid | estradiol | cenestin | westhroid | premarin | calcitriol | calcifediol | conjugated estrogens | estropipate | doxorubicin | esterified estrogens | tirosint | thyquidity | rayaldee | synthroid | liothyronine | cytomel | nature-throid,thyroid desiccated | armour thyroid | levothyroxine,all,True,False,xgb_ranker,xgb_ranker,verified_742,1000,385,385,952,0,0,0,0.6,1.0,1.0,1.0,0.3,1.0,1.0,1.0,0.15,1.0,1.0,1.0,1.0,1.0,1.0,1.0,0.0,0.0,0.0,1.0
verified_xgb_ranker,eval_0241,onabotulinumtoxina | baclofen | botox | lioresal | lorazepam | ativan | klonopin | propranolol | clonazepam | rizatriptan | abobotulinumtoxina | dysport | naproxen / sumatriptan | treximet | lamotrigine | gabapentin | relpax | maxalt | amitriptyline | eletriptan,baclofen | onabotulinumtoxina | botox | lioresal | propranolol,all,True,False,xgb_ranker,xgb_ranker,verified_742,1000,187,187,892,0,0,0,0.8,0.8,1.0,0.8250296505916044,0.5,1.0,1.0,0.9429186080530879,0.25,1.0,1.0,0.9429186080530879,1.0,1.0,1.0,1.0,0.0,0.0,0.0,1.0
verified_xgb_ranker,eval_0237,doxycycline | bactrim | sulfamethoxazole / trimethoprim | azithromycin | acidophilus | fluconazole | rocephin | methenamine | ceftriaxone | minocycline | ceftin | cephalexin | lactobacillus acidophilus | linezolid | zyvox | hiprex | gentamicin | doripenem | itraconazole | amoxil,sulfamethoxazole / trimethoprim | bactrim | fluconazole,all,True,False,xgb_ranker,xgb_ranker,verified_742,481,287,287,481,0,0,0,0.4,0.6666666666666666,1.0,0.5307212739772436,0.3,1.0,1.0,0.6978817289434458,0.15,1.0,1.0,0.6978817289434458,0.5,1.0,1.0,1.0,0.0,0.0,0.0,1.0
verified_xgb_ranker,eval_0244,doxycycline | prednisone | hydroxychloroquine | methylprednisolone | depakote er | lithium | ceftriaxone | doxy 100 | divalproex sodium | medrol dosepak | triamcinolone | depakote | cyproheptadine | kenalog-40 | aspirin | clindamycin | amoxicillin | allopurinol | chlorpromazine | clonazepam,doxycycline | prednisone | methylprednisolone | hydroxychloroquine | doxy 100 | deltasone | diclofenac | naproxen,all,True,False,xgb_ranker,xgb_ranker,verified_742,1000,446,446,809,0,0,0,0.8,0.5,1.0,0.8687949224876581,0.5,0.625,1.0,0.7698470471801009,0.25,0.625,1.0,0.7698470471801009,1.0,1.0,1.0,1.0,0.0,0.0,0.0,1.0
verified_xgb_ranker,eval_0252,propranolol | klonopin | clonazepam | rizatriptan | prednisone | relpax | maxalt | acetaminophen / aspirin / caffeine | naproxen | diclofenac | aspirin / butalbital / caffeine | bupropion | sumatriptan | acetaminophen / butalbital / caffeine | frovatriptan | eletriptan | fioricet | phenelzine | amitriptyline | naproxen / sumatriptan,gabapentin | propranolol,all,True,False,xgb_ranker,xgb_ranker,verified_742,1000,179,179,1000,0,0,0,0.2,0.5,1.0,0.7039180890341347,0.1,0.5,1.0,0.7039180890341347,0.05,0.5,1.0,0.7039180890341347,1.0,1.0,1.0,1.0,0.0,0.0,0.0,1.0
verified_xgb_ranker,eval_0227,"azithromycin | ceftriaxone | ampicillin | ciprofloxacin | cipro | typhoid vaccine, inactivated | typhoid vaccine, live | diazepam | klonopin | clonazepam | escitalopram | levonorgestrel | dexbrompheniramine / pseudoephedrine | drixoral cold and allergy | maxalt | librium | fentanyl | citalopram | aspirin / butalbital / caffeine | diclofenac",ceftriaxone | ciprofloxacin,all,True,False,xgb_ranker,xgb_ranker,verified_742,1000,7,7,1000,0,0,0,0.4,1.0,1.0,0.5992429307166866,0.2,1.0,1.0,0.5992429307166866,0.1,1.0,1.0,0.5992429307166866,0.5,1.0,1.0,1.0,0.0,0.0,0.0,1.0
verified_xgb_ranker,eval_0232,prednisone | promethazine | cyproheptadine | omalizumab | diphenhydramine | ketotifen | xolair | triamcinolone | azelastine | doxepin | hydroxyzine | patanol | epinephrine | epipen | ranitidine | alavert | carbinoxamine | aristocort | zaditor | phenergan,prednisone | promethazine,all,True,False,xgb_ranker,xgb_ranker,verified_742,558,76,76,558,0,0,0,0.4,1.0,1.0,0.9134015924715543,0.2,1.0,1.0,0.9134015924715543,0.1,1.0,1.0,0.9134015924715543,1.0,1.0,1.0,1.0,0.0,0.0,0.0,1.0
verified_xgb_ranker,eval_0257,rabeprazole | lansoprazole | esomeprazole | protonix | zantac | omeprazole / sodium bicarbonate | ranitidine | nexium | sucralfate | omeprazole | cimetidine | pantoprazole | carafate | prednisone | diclofenac | librax | methylprednisolone | clonidine | chlordiazepoxide / clidinium | adalimumab,rabeprazole | esomeprazole | lansoprazole,all,True,False,xgb_ranker,xgb_ranker,verified_742,468,80,80,468,0,0,0,0.6,1.0,1.0,1.0,0.3,1.0,1.0,1.0,0.15,1.0,1.0,1.0,1.0,1.0,1.0,1.0,0.0,0.0,0.0,1.0
verified_xgb_ranker,eval_0251,doxycycline | naproxen | oxybutynin | prednisone | enbrel | stelara | methylprednisolone | ustekinumab | etanercept | ibuprofen | adalimumab | betamethasone | humira | triamcinolone | kenalog-10 | flanax pain reliever | minocycline | clonidine | hydrocortisone | kenalog-40,prednisone | enbrel | naproxen | triamcinolone | ibuprofen,all,True,False,xgb_ranker,xgb_ranker,verified_742,690,294,294,690,0,0,0,0.6,0.6,1.0,0.48764012507368176,0.4,0.8,1.0,0.595663406018986,0.25,1.0,1.0,0.6594309375134141,0.5,1.0,1.0,1.0,0.0,0.0,0.0,1.0
verified_xgb_ranker,eval_0249,prednisone | doxycycline | aciphex | lansoprazole | minocycline | rabeprazole | moxifloxacin | calcium carbonate / simethicone | gentamicin | axid ar | prevacid | prilosec otc | dexamethasone | nexium 24hr | ciprofloxacin | aluminum hydroxide / magnesium hydroxide / simethicone | levofloxacin | dexlansoprazole | triamcinolone | azithromycin,doxycycline,all,True,False,xgb_ranker,xgb_ranker,verified_742,1000,230,230,1000,0,0,0,0.2,1.0,1.0,0.6309297535714575,0.1,1.0,1.0,0.6309297535714575,0.05,1.0,1.0,0.6309297535714575,0.5,1.0,1.0,1.0,0.0,0.0,0.0,1.0
verified_xgb_ranker,eval_0246,thyroid desiccated | hypercare | aluminum chloride hexahydrate | gabapentin | amitriptyline | drysol | levothyroxine | clonidine | catapres | westhroid | cenestin | armour thyroid | xerac ac | premarin | estradiol | estropipate | botox | onabotulinumtoxina | conjugated estrogens | spironolactone,thyroid desiccated | armour thyroid | levothyroxine,all,True,False,xgb_ranker,xgb_ranker,verified_742,1000,352,126,742,0,0,0,0.2,0.3333333333333333,1.0,0.4692787260227565,0.2,0.6666666666666666,1.0,0.625704968030342,0.15,1.0,1.0,0.7525219848627356,1.0,1.0,1.0,1.0,0.0,0.0,0.0,1.0
verified_xgb_ranker,eval_0260,naproxen | doxycycline | bactrim | sulfamethoxazole / trimethoprim | triamcinolone | ibuprofen | cephalexin | avelox | moxifloxacin | oxybutynin | aleve | ditropan xl | flanax pain reliever | doxy 100 | sucralfate | ciprofloxacin | naprosyn | levofloxacin | cipro | levaquin,naproxen,all,True,False,xgb_ranker,xgb_ranker,verified_742,273,25,25,273,0,0,0,0.2,1.0,1.0,1.0,0.1,1.0,1.0,1.0,0.05,1.0,1.0,1.0,1.0,1.0,1.0,1.0,0.0,0.0,0.0,1.0
verified_xgb_ranker,eval_0250,doxycycline | prednisone | acyclovir | amitriptyline | gabapentin | valacyclovir | valtrex | promethazine | sulfamethoxazole / trimethoprim | ceftriaxone | nortriptyline | foscarnet | zolmitriptan | elavil | sumatriptan | propranolol | klonopin | clonazepam | lorazepam | cholestyramine,valacyclovir | valtrex | acyclovir,all,True,False,xgb_ranker,xgb_ranker,verified_742,1000,322,322,749,0,0,0,0.2,0.3333333333333333,1.0,0.23463936301137825,0.3,1.0,1.0,0.5582260599851661,0.15,1.0,1.0,0.5582260599851661,0.3333333333333333,1.0,1.0,1.0,0.0,0.0,0.0,1.0
verified_xgb_ranker,eval_0261,enbrel | prednisone | doxycycline | desonide | ustekinumab | etanercept | stelara | elocon | clobetasol | flurandrenolide | cordran tape | cloderm | clocortolone | desowen | methylprednisolone | thiothixene | clobex | adalimumab | mometasone | betamethasone,enbrel,all,True,False,xgb_ranker,xgb_ranker,verified_742,164,164,164,164,0,0,0,0.2,1.0,1.0,1.0,0.1,1.0,1.0,1.0,0.05,1.0,1.0,1.0,1.0,1.0,1.0,1.0,0.0,0.0,0.0,1.0
verified_xgb_ranker,eval_0264,prednisone | methylprednisolone | triamcinolone | diclofenac | doxycycline | hydrocortisone | adalimumab | mycophenolate mofetil | humira | cellcept | dexamethasone | remicade | ceftriaxone | infliximab | betamethasone | azathioprine | golimumab | simponi | medrol dosepak | sucralfate,adalimumab | humira | infliximab | remicade,all,True,False,xgb_ranker,xgb_ranker,verified_742,672,346,346,672,0,0,0,0.0,0.0,0.0,0.0,0.2,0.5,1.0,0.2476427880871277,0.2,1.0,1.0,0.45305927884337344,0.14285714285714285,1.0,1.0,1.0,0.0,0.0,0.0,1.0
verified_xgb_ranker,eval_0268,prednisone | triamcinolone | aristocort | corticotropin | prednisolone | deltasone | acthar | lotemax | loteprednol | promethazine | cyproheptadine | omalizumab | diclofenac | ketotifen | xolair | epipen | diphenhydramine | enbrel | acetaminophen / hydrocodone | stelara,prednisone | triamcinolone | prednisolone | loteprednol | lotemax,all,True,False,xgb_ranker,xgb_ranker,verified_742,340,322,322,340,0,0,0,0.6,0.6,1.0,0.5360848314498015,0.5,1.0,1.0,0.7817705333235861,0.25,1.0,1.0,0.7817705333235861,1.0,1.0,1.0,1.0,0.0,0.0,0.0,1.0
verified_xgb_ranker,eval_0267,isotretinoin | accutane | tretinoin | adapalene / benzoyl peroxide | benzoyl peroxide / clindamycin | doxycycline | prednisone | bactrim | sulfamethoxazole / trimethoprim | claravis | magnesium hydroxide | epiduo | clindamycin | benzaclin | spironolactone | minocycline | azithromycin | cephalexin | duac | phillips' milk of magnesia,isotretinoin | accutane | adapalene / benzoyl peroxide | doxycycline | cefuroxime | mupirocin | retapamulin,all,True,False,xgb_ranker,xgb_ranker,verified_742,726,425,425,726,0,0,0,0.6,0.42857142857142855,1.0,0.6992148198508501,0.4,0.5714285714285714,1.0,0.7094205105296679,0.2,0.5714285714285714,1.0,0.7094205105296679,1.0,1.0,1.0,1.0,0.0,0.0,0.0,1.0
verified_xgb_ranker,eval_0253,prednisone | enbrel | elocon | doxycycline | desonide | stelara | clobetasol | ustekinumab | etanercept | flurandrenolide | cordran tape | clocortolone | cloderm | desowen | methylprednisolone | thiothixene | clobex | adalimumab | humira | mometasone,prednisone | enbrel,all,True,False,xgb_ranker,xgb_ranker,verified_742,164,164,164,164,0,0,0,0.4,1.0,1.0,0.9134015924715543,0.2,1.0,1.0,0.9134015924715543,0.1,1.0,1.0,0.9134015924715543,1.0,1.0,1.0,1.0,0.0,0.0,0.0,1.0
verified_xgb_ranker,eval_0276,prednisone | doxycycline | azithromycin | sulfamethoxazole / trimethoprim | methylprednisolone | rocephin | mometasone | ceftriaxone | bactrim | medrol dosepak | zithromax | triamcinolone | flunisolide | omalizumab | xopenex | epinephrine | aclidinium | tudorza pressair | augmentin xr | kenalog-40,prednisone,all,True,False,xgb_ranker,xgb_ranker,verified_742,1000,221,221,1000,0,0,0,0.2,1.0,1.0,1.0,0.1,1.0,1.0,1.0,0.05,1.0,1.0,1.0,1.0,1.0,1.0,1.0,0.0,0.0,0.0,1.0
verified_xgb_ranker,eval_0277,liraglutide | victoza | tretinoin | gabapentin | clobetasol | desmopressin | pramlintide | pregabalin | cymbalta | duloxetine | nortriptyline | byetta | chromium picolinate | humulin r u-500 (concentrated) | insulin isophane | exubera | topiramate | symlin | novolog mix 70 / 30 | insulin aspart / insulin aspart protamine,liraglutide | victoza,all,True,False,xgb_ranker,xgb_ranker,verified_742,453,228,228,453,0,0,0,0.4,1.0,1.0,1.0,0.2,1.0,1.0,1.0,0.1,1.0,1.0,1.0,1.0,1.0,1.0,1.0,0.0,0.0,0.0,1.0
verified_xgb_ranker,eval_0272,prednisone | methylprednisolone | pimecrolimus | tacrolimus | cloderm | flurandrenolide | desonide | triamcinolone | clobex | elocon | clobetasol | betamethasone | medrol dosepak | dupixent | hydrocortisone | cordran tape | clocortolone | cellcept | mycophenolate mofetil | mometasone,budesonide,all,True,False,xgb_ranker,xgb_ranker,verified_742,659,346,126,439,0,0,0,0.0,0.0,0.0,0.0,0.0,0.0,0.0,0.0,0.0,0.0,0.0,0.0,0.0,1.0,1.0,1.0,0.0,0.0,0.0,1.0
verified_xgb_ranker,eval_0262,diclofenac | prednisone | enbrel | acetaminophen / hydrocodone | tramadol | stelara | doxycycline | ustekinumab | etanercept | ketoprofen | indomethacin | lortab | naproxen | acetaminophen / aspirin / caffeine | norco | etodolac | cymbalta | cataflam | duloxetine | methylprednisolone,diclofenac | tramadol | acetaminophen / hydrocodone,all,True,False,xgb_ranker,xgb_ranker,verified_742,273,255,255,273,0,0,0,0.6,1.0,1.0,0.8808784659346812,0.3,1.0,1.0,0.8808784659346812,0.15,1.0,1.0,0.8808784659346812,1.0,1.0,1.0,1.0,0.0,0.0,0.0,1.0
verified_xgb_ranker,eval_0275,doxycycline | spironolactone | amitriptyline | venlafaxine | sulfamethoxazole / trimethoprim | azithromycin | phosphorated carbohydrate solution | rocephin | acidophilus | bactrim | abilify | ceftriaxone | methenamine | elavil | hyoscyamine / methenamine / methylene blue / sodium biphosphate | minocycline | pentosan polysulfate sodium | hydroxyzine | lactobacillus acidophilus | fluconazole,doxycycline,all,True,False,xgb_ranker,xgb_ranker,verified_742,172,172,172,172,0,0,0,0.2,1.0,1.0,1.0,0.1,1.0,1.0,1.0,0.05,1.0,1.0,1.0,1.0,1.0,1.0,1.0,0.0,0.0,0.0,1.0
verified_xgb_ranker,eval_0271,tretinoin | liraglutide | victoza | gabapentin | clobetasol | desmopressin | pregabalin | pramlintide | cymbalta | nortriptyline | duloxetine | humulin r u-500 (concentrated) | byetta | chromium picolinate | isotretinoin | insulin isophane | symlin | topiramate | exubera | novolog mix 70 / 30,tretinoin | doxycycline | spironolactone | liraglutide | victoza,all,True,False,xgb_ranker,xgb_ranker,verified_742,949,560,508,897,0,0,0,0.6,0.6,1.0,0.7629290830701226,0.3,0.6,1.0,0.7629290830701226,0.15,0.6,1.0,0.7629290830701226,1.0,1.0,1.0,1.0,0.0,0.0,0.0,1.0
verified_xgb_ranker,eval_0279,prednisone | promethazine | cyproheptadine | triamcinolone | azelastine | chlor-trimeton | phenergan | chlorpheniramine | epinephrine | carbinoxamine | ranitidine | olopatadine | diphenhydramine | allegra | tetracaine | cetirizine | fexofenadine | benadryl | zyrtec | benadryl allergy,prednisone | promethazine | cyproheptadine | triamcinolone | azelastine | phenergan,all,True,False,xgb_ranker,xgb_ranker,verified_742,1000,558,558,1000,0,0,0,1.0,0.8333333333333334,1.0,1.0,0.6,1.0,1.0,0.9930783166417602,0.3,1.0,1.0,0.9930783166417602,1.0,1.0,1.0,1.0,0.0,0.0,0.0,1.0
verified_xgb_ranker,eval_0284,prednisone | doxycycline | azithromycin | sulfamethoxazole / trimethoprim | rocephin | ceftriaxone | zithromax | ceftin | moxifloxacin | avelox | amoxicillin | xopenex | methylprednisolone | omalizumab | amoxil | aclidinium | tudorza pressair | amoxicillin / clavulanate | proventil hfa | combivent,doxycycline | azithromycin | prednisone | sulfamethoxazole / trimethoprim | ceftriaxone,all,True,False,xgb_ranker,xgb_ranker,verified_742,1000,319,319,1000,0,0,0,0.8,0.8,1.0,0.8798281568540702,0.5,1.0,1.0,0.9744653459998296,0.25,1.0,1.0,0.9744653459998296,1.0,1.0,1.0,1.0,0.0,0.0,0.0,1.0
verified_xgb_ranker,eval_0281,doxycycline | prednisone | azithromycin | dapsone | metronidazole | rocephin | sulfamethoxazole / trimethoprim | ceftriaxone | lansoprazole | clindamycin | minocycline | zithromax | zyvox | linezolid | fluconazole | tobramycin | neupogen | filgrastim | oxymetholone | gentamicin,doxycycline | azithromycin,all,True,False,xgb_ranker,xgb_ranker,verified_742,1000,132,132,1000,0,0,0,0.4,1.0,1.0,0.8212377705398237,0.2,1.0,1.0,0.8212377705398237,0.1,1.0,1.0,0.8212377705398237,1.0,1.0,1.0,1.0,0.0,0.0,0.0,1.0
verified_xgb_ranker,eval_0269,liraglutide | victoza | tretinoin | gabapentin | clobetasol | desmopressin | pramlintide | pregabalin | cymbalta | nortriptyline | duloxetine | byetta | chromium picolinate | humulin r u-500 (concentrated) | insulin isophane | exubera | symlin | topiramate | ddavp | novolog mix 70 / 30,liraglutide | victoza,all,True,False,xgb_ranker,xgb_ranker,verified_742,1000,228,228,1000,0,0,0,0.4,1.0,1.0,1.0,0.2,1.0,1.0,1.0,0.1,1.0,1.0,1.0,1.0,1.0,1.0,1.0,0.0,0.0,0.0,1.0
verified_xgb_ranker,eval_0270,mupirocin | retapamulin | altabax | cefuroxime | cefadroxil | ammoniated mercury | sulconazole | ozenoxacin | stribild | cobicistat / elvitegravir / emtricitabine / tenofovir | dexbrompheniramine / pseudoephedrine | efavirenz / emtricitabine / tenofovir | drixoral cold and allergy | valacyclovir | atripla | valtrex | chlorpheniramine / hydrocodone | aciphex | prednisone | acyclovir,cefuroxime | mupirocin | retapamulin,all,True,False,xgb_ranker,xgb_ranker,verified_742,1000,8,8,1000,0,0,0,0.6,1.0,1.0,0.9764717729212657,0.3,1.0,1.0,0.9764717729212657,0.15,1.0,1.0,0.9764717729212657,1.0,1.0,1.0,1.0,0.0,0.0,0.0,1.0
verified_xgb_ranker,eval_0280,doxycycline | bactrim | sulfamethoxazole / trimethoprim | clindamycin | minocycline | cephalexin | keflex | isotretinoin | doxy 100 | accutane | benzoyl peroxide / clindamycin | tretinoin | adapalene / benzoyl peroxide | bactrim ds | septra | vibramycin | claravis | magnesium hydroxide | epiduo | spironolactone,doxycycline | clindamycin | minocycline,all,True,False,xgb_ranker,xgb_ranker,verified_742,888,420,420,888,0,0,0,0.6,1.0,1.0,0.8529278650606569,0.3,1.0,1.0,0.8529278650606569,0.15,1.0,1.0,0.8529278650606569,1.0,1.0,1.0,1.0,0.0,0.0,0.0,1.0
verified_xgb_ranker,eval_0287,lorazepam | ativan | cholestyramine | doxycycline | promethazine | aprepitant | alosetron | dramamine | emend | dimenhydrinate | zofran | ondansetron | opium | sumatriptan | amitriptyline | gabapentin | lotronex | nortriptyline | loperamide | phosphorated carbohydrate solution,onabotulinumtoxina | gabapentin | amitriptyline,all,True,False,xgb_ranker,xgb_ranker,verified_742,265,155,147,257,0,0,0,0.0,0.0,0.0,0.0,0.0,0.0,0.0,0.0,0.1,0.6666666666666666,1.0,0.23212897623170692,0.06666666666666667,1.0,1.0,1.0,0.0,0.0,0.0,1.0
verified_xgb_ranker,eval_0273,propranolol | clonidine | metoprolol | verapamil | catapres | atenolol | olmesartan | benicar | spironolactone | innopran xl | nadolol | corgard | verelan pm | clonazepam | klonopin | rizatriptan | calan sr | tenormin | inderal | maxalt,propranolol | clonidine,all,True,False,xgb_ranker,xgb_ranker,verified_742,1000,433,433,1000,0,0,0,0.4,1.0,1.0,1.0,0.2,1.0,1.0,1.0,0.1,1.0,1.0,1.0,1.0,1.0,1.0,1.0,0.0,0.0,0.0,1.0
verified_xgb_ranker,eval_0292,diclofenac | prednisone | enbrel | acetaminophen / hydrocodone | tramadol | stelara | doxycycline | ustekinumab | etanercept | ketoprofen | indomethacin | lortab | naproxen | acetaminophen / aspirin / caffeine | norco | cataflam | cymbalta | duloxetine | methylprednisolone | etodolac,diclofenac,all,True,False,xgb_ranker,xgb_ranker,verified_742,255,255,255,255,0,0,0,0.2,1.0,1.0,1.0,0.1,1.0,1.0,1.0,0.05,1.0,1.0,1.0,1.0,1.0,1.0,1.0,0.0,0.0,0.0,1.0
verified_xgb_ranker,eval_0278,doxycycline | azithromycin | bactrim | acidophilus | sulfamethoxazole / trimethoprim | rocephin | methenamine | ceftriaxone | fluconazole | minocycline | ceftin | lactobacillus acidophilus | cephalexin | linezolid | hiprex | zyvox | itraconazole | amoxil | moxifloxacin | avelox,doxycycline | azithromycin | bactrim | fluconazole,all,True,False,xgb_ranker,xgb_ranker,verified_742,481,287,287,481,0,0,0,0.6,0.75,1.0,0.7050280022903347,0.4,1.0,1.0,0.8387370561719669,0.2,1.0,1.0,0.8387370561719669,1.0,1.0,1.0,1.0,0.0,0.0,0.0,1.0
verified_xgb_ranker,eval_0297,aciphex | rabeprazole | prevacid | axid ar | lansoprazole | calcium carbonate / simethicone | dexlansoprazole | esomeprazole | prilosec otc | nexium 24hr | zantac | omeprazole / sodium bicarbonate | zegerid | aluminum hydroxide / magnesium hydroxide / simethicone | protonix iv | protonix | ranitidine | mylanta | axid | pepcid ac chewable tablets,aciphex | dexlansoprazole | rabeprazole,all,True,False,xgb_ranker,xgb_ranker,verified_742,222,45,45,222,0,0,0,0.4,0.6666666666666666,1.0,0.7653606369886218,0.3,1.0,1.0,0.9217868789962073,0.15,1.0,1.0,0.9217868789962073,1.0,1.0,1.0,1.0,0.0,0.0,0.0,1.0
verified_xgb_ranker,eval_0296,enbrel | prednisone | doxycycline | desonide | ustekinumab | etanercept | stelara | elocon | clobetasol | flurandrenolide | cordran tape | cloderm | clocortolone | desowen | methylprednisolone | thiothixene | clobex | adalimumab | mometasone | betamethasone,prednisone | enbrel,all,True,False,xgb_ranker,xgb_ranker,verified_742,164,164,164,164,0,0,0,0.4,1.0,1.0,1.0,0.2,1.0,1.0,1.0,0.1,1.0,1.0,1.0,1.0,1.0,1.0,1.0,0.0,0.0,0.0,1.0
verified_xgb_ranker,eval_0291,doxycycline | cholestyramine | lorazepam | gabapentin | amitriptyline | ativan | sumatriptan | ondansetron | dimenhydrinate | zofran | opium | promethazine | aprepitant | dramamine | alosetron | emend | sulfamethoxazole / trimethoprim | lotronex | ceftriaxone | lansoprazole,doxycycline,all,True,False,xgb_ranker,xgb_ranker,verified_742,956,145,145,956,0,0,0,0.2,1.0,1.0,1.0,0.1,1.0,1.0,1.0,0.05,1.0,1.0,1.0,1.0,1.0,1.0,1.0,0.0,0.0,0.0,1.0
verified_xgb_ranker,eval_0290,prednisone | doxycycline | azithromycin | sulfamethoxazole / trimethoprim | tudorza pressair | aclidinium | xopenex | methylprednisolone | omalizumab | rocephin | combivent | bactrim | proventil hfa | xolair | mometasone | medrol dosepak | roflumilast | methylprednisolone dose pack | ceftriaxone | levalbuterol,prednisone,all,True,False,xgb_ranker,xgb_ranker,verified_742,505,221,221,505,0,0,0,0.2,1.0,1.0,1.0,0.1,1.0,1.0,1.0,0.05,1.0,1.0,1.0,1.0,1.0,1.0,1.0,0.0,0.0,0.0,1.0
verified_xgb_ranker,eval_0300,prednisone | diclofenac | methylprednisolone | adalimumab | humira | triamcinolone | enbrel | acetaminophen / hydrocodone | tramadol | stelara | naproxen | acetaminophen / aspirin / caffeine | hydrocortisone | doxycycline | ustekinumab | remicade | mycophenolate mofetil | indomethacin | cellcept | infliximab,adalimumab | humira,all,True,False,xgb_ranker,xgb_ranker,verified_742,325,311,259,273,0,0,0,0.4,1.0,1.0,0.5012658353418872,0.2,1.0,1.0,0.5012658353418872,0.1,1.0,1.0,0.5012658353418872,0.25,1.0,1.0,1.0,0.0,0.0,0.0,1.0
verified_xgb_ranker,eval_0294,doxycycline | prednisone | azithromycin | dapsone | metronidazole | rocephin | sulfamethoxazole / trimethoprim | ceftriaxone | lansoprazole | clindamycin | linezolid | zyvox | zithromax | minocycline | fluconazole | filgrastim | neupogen | tobramycin | lefamulin | integra,doxycycline | azithromycin,all,True,False,xgb_ranker,xgb_ranker,verified_742,1000,132,132,1000,0,0,0,0.4,1.0,1.0,0.8212377705398237,0.2,1.0,1.0,0.8212377705398237,0.1,1.0,1.0,0.8212377705398237,1.0,1.0,1.0,1.0,0.0,0.0,0.0,1.0
verified_xgb_ranker,eval_0293,doxycycline | thorazine | chlorpromazine | lithium | depakote er | promethazine | clindamycin | allopurinol | divalproex sodium | coartem | artemether / lumefantrine | ceftriaxone | depakote | phenergan | hydroxychloroquine | sulfamethoxazole / trimethoprim | stavzor | fansidar | halofantrine | halfan,doxycycline | sulfamethoxazole / trimethoprim,all,True,False,xgb_ranker,xgb_ranker,verified_742,991,174,174,991,0,0,0,0.2,0.5,1.0,0.7039180890341347,0.1,0.5,1.0,0.7039180890341347,0.1,1.0,1.0,0.8187273837601525,1.0,1.0,1.0,1.0,0.0,0.0,0.0,1.0
verified_xgb_ranker,eval_0298,gabapentin | nortriptyline | pregabalin | topamax | topiramate | amitriptyline | prednisone | neurontin | lyrica | clonidine | lisinopril | propranolol | klonopin | clonazepam | sodium bicarbonate | insulin regular | rizatriptan | liraglutide | catapres | fosinopril,topiramate | amitriptyline,all,True,False,xgb_ranker,xgb_ranker,verified_742,1000,399,399,1000,0,0,0,0.2,0.5,1.0,0.272312688806029,0.2,1.0,1.0,0.43947314377223123,0.1,1.0,1.0,0.43947314377223123,0.2,1.0,1.0,1.0,0.0,0.0,0.0,1.0
verified_xgb_ranker,eval_0286,amitriptyline | doxycycline | sulfamethoxazole / trimethoprim | ceftriaxone | elavil | azithromycin | ampicillin | hydroxyzine | minocycline | lactobacillus acidophilus | venlafaxine | ciprofloxacin | phosphorated carbohydrate solution | propranolol | klonopin | clonazepam | sumatriptan | gabapentin | nortriptyline | zolmitriptan,doxycycline | sulfamethoxazole / trimethoprim | sumatriptan | azithromycin,all,True,False,xgb_ranker,xgb_ranker,verified_742,1000,471,471,907,0,0,0,0.4,0.5,1.0,0.40891342720353335,0.3,0.75,1.0,0.51439156705689,0.2,1.0,1.0,0.6209095170144,0.5,1.0,1.0,1.0,0.0,0.0,0.0,1.0
verified_xgb_ranker,eval_0289,lorazepam | ativan | baclofen | onabotulinumtoxina | botox | abobotulinumtoxina | dysport | botulinum toxin type b | myobloc | lioresal | propranolol | tadalafil | xeomin | incobotulinumtoxina | phentermine | adipex-p | sildenafil | diethylpropion | saxenda | lorcaserin,baclofen,all,True,False,xgb_ranker,xgb_ranker,verified_742,438,12,12,438,0,0,0,0.2,1.0,1.0,0.5,0.1,1.0,1.0,0.5,0.05,1.0,1.0,0.5,0.3333333333333333,1.0,1.0,1.0,0.0,0.0,0.0,1.0
