mode,query_id,recommended,relevant,candidate_union_size,disease,strict,symptom,bm25,dense,prior,precision@5,recall@5,hit@5,ndcg@5,precision@10,recall@10,hit@10,ndcg@10,precision@20,recall@20,hit@20,ndcg@20,mrr,stage_hit_disease,stage_hit_strict,stage_hit_symptom,stage_hit_bm25,stage_hit_dense,stage_hit_prior,stage_hit_union
label_idf_only,eval_0011,septra | cephalexin | septra ds | doxycycline | doxy 100 | clindamycin | vibramycin | minocycline | keflex | sulfamethoxazole / trimethoprim | bactrim ds | bactrim | smz-tmp ds | cerave sa renewing | meted | vestura | veltin | vanoxide-hc | chaparral | magnesium hydroxide,doxycycline | clindamycin | sulfamethoxazole / trimethoprim,420,273,273,420,1000,0,1000,0.2,0.3333333333333333,1.0,0.2192560461704936,0.3,1.0,1.0,0.49870795614091906,0.15,1.0,1.0,0.49870795614091906,0.25,1.0,1.0,1.0,1.0,0.0,1.0,1.0
label_idf_only,eval_0006,prednisolone | hydrocortisone | triamcinolone | calcium carbonate | ciprofloxacin | dexamethasone | prednisone | c1 esterase inhibitor (human) | locoid lipocream | capecitabine | lidex | levonorgestrel | levoleucovorin | kenalog-40 | busulfan | trace elements | lanadelumab | lotemax | kenalog | kalbitor,ciprofloxacin,1000,80,80,1000,1000,0,1000,0.2,1.0,1.0,0.38685280723454163,0.1,1.0,1.0,0.38685280723454163,0.05,1.0,1.0,0.38685280723454163,0.2,1.0,1.0,1.0,1.0,0.0,1.0,1.0
label_idf_only,eval_0009,ery-tab | vantin | cefprozil | ceftibuten | ceftin | ceftriaxone | cefuroxime | cefzil | umeclidinium | umeclidinium / vilanterol | uniphyl | maxair | maxair autohaler | medrol | cefixime | medrol dosepak | ciclesonide | ventolin | ventolin hfa | cilastatin / imipenem,prednisone,1000,221,221,1000,1000,0,1000,0.0,0.0,0.0,0.0,0.0,0.0,0.0,0.0,0.0,0.0,0.0,0.0,0.0,1.0,1.0,1.0,1.0,0.0,0.0,1.0
label_idf_only,eval_0016,ery pads | magnesium hydroxide | meted | vibramycin | vestura | veltin | vanoxide-hc | chaparral | cerave sa renewing | clindets | cephalexin | loryna | carboplatin | twyneo | loestrin fe 1 / 20 | loestrin 24 fe | claravis | clarifoam ef | clascoterone | cleanse & treat,isotretinoin | accutane | adapalene / benzoyl peroxide,726,273,273,726,1000,0,1000,0.0,0.0,0.0,0.0,0.0,0.0,0.0,0.0,0.0,0.0,0.0,0.0,0.0,1.0,1.0,1.0,1.0,0.0,1.0,1.0
label_idf_only,eval_0019,naprosyn | ibuprofen | triamcinolone | naproxen | flanax pain reliever | doxycycline | aleve | doxy 100 | cephalexin | septra ds | lidocaine | levofloxacin | levaquin | moxifloxacin | smz-tmp ds | oxybutynin | ciprofloxacin | cipro | sulfamethoxazole / trimethoprim | bactrim ds,naproxen | triamcinolone,273,273,273,273,1000,0,1000,0.4,1.0,1.0,0.5706417189553201,0.2,1.0,1.0,0.5706417189553201,0.1,1.0,1.0,0.5706417189553201,0.3333333333333333,1.0,1.0,1.0,1.0,0.0,1.0,1.0
label_idf_only,eval_0010,pramosone | ustekinumab | mebendazole | medotar | chlorpromazine | vectical | methotrexate | methoxsalen | methylprednisolone | mg217 medicated tar | clobetasol | clobex | clocortolone | cloderm | coal tar | coal tar / salicylic acid / sulfur | coal tar/salicylic acid | coal tar/salicylic acid/sulfur | wynzora | chloramphenicol,prednisone | enbrel,882,164,164,882,1000,0,1000,0.0,0.0,0.0,0.0,0.0,0.0,0.0,0.0,0.0,0.0,0.0,0.0,0.0,1.0,1.0,1.0,1.0,0.0,1.0,1.0
label_idf_only,eval_0002,erythromycin | cilastatin / imipenem | cefprozil | ceftin | ceftriaxone | cefuroxime | cefzil | vantin | ciprofloxacin | cefixime | clarithromycin | moxifloxacin | zithromax | omnicef | doxycycline | prednisone | cefpodoxime | dexamethasone | cefdinir | avelox,prednisone,734,221,221,734,1000,0,1000,0.0,0.0,0.0,0.0,0.0,0.0,0.0,0.0,0.05,1.0,1.0,0.24465054211822604,0.0625,1.0,1.0,1.0,1.0,0.0,1.0,1.0
label_idf_only,eval_0017,ampicillin | ceftin | decadron | sulfamethoxazole / trimethoprim | flunisolide | bactrim ds | fluticasone | zithromax | bactrim | cefuroxime | azithromycin dose pack | azithromycin | cefzil | moxifloxacin | montelukast | avelox | mometasone | vantin | augmentin xr | amoxicillin,prednisone | methylprednisolone,1000,681,681,1000,1000,0,1000,0.0,0.0,0.0,0.0,0.0,0.0,0.0,0.0,0.0,0.0,0.0,0.0,0.0,1.0,1.0,1.0,1.0,0.0,0.0,1.0
label_idf_only,eval_0020,esgic | nortriptyline | diclofenac | dihydroergotamine | divalproex sodium | dolgic plus | dong quai | elavil | eletriptan | elyxyb | epidrin | ergomar | ergotamine | prednisone | pregabalin | prinivil | prodrin | propranolol | qudexy xr | reglan,propranolol,1000,179,179,1000,1000,0,1000,0.0,0.0,0.0,0.0,0.0,0.0,0.0,0.0,0.05,1.0,1.0,0.23540891336663824,0.05555555555555555,1.0,1.0,0.0,1.0,0.0,1.0,1.0
label_idf_only,eval_0021,prasugrel | nitro td patch-a | dalteparin | nadolol | corgard | coreg cr | coreg | minitran | warfarin | clopidogrel | metoprolol tartrate | metoprolol | verelan pm | verelan | verapamil | vazalore | lovenox | carvedilol | lopressor | lisinopril,metoprolol,1000,90,90,1000,1000,0,1000,0.0,0.0,0.0,0.0,0.0,0.0,0.0,0.0,0.05,1.0,1.0,0.27023815442731974,0.08333333333333333,1.0,1.0,1.0,1.0,0.0,1.0,1.0
label_idf_only,eval_0012,prednisone | depakote er | clonazepam | clonidine | corgard | nadolol | zolmitriptan | nimodipine | nortriptyline | metoclopramide | norvasc | diclofenac | divalproex sodium | pamelor | elavil | propranolol | metoprolol | depakote | verelan pm | sumatriptan,propranolol,1000,179,179,1000,1000,0,1000,0.0,0.0,0.0,0.0,0.0,0.0,0.0,0.0,0.05,1.0,1.0,0.24465054211822604,0.0625,1.0,1.0,1.0,1.0,0.0,1.0,1.0
label_idf_only,eval_0008,esgic | valproic acid | memantine | venlafaxine | verapamil | verelan | verelan pm | methergine | methylergonovine | metoclopramide | metoprolol | vitamin b2 | clonazepam | clonidine | migergot | migraine relief | migranal | wellbutrin | motrin | zanaflex,gabapentin | propranolol,1000,179,179,1000,1000,0,1000,0.0,0.0,0.0,0.0,0.0,0.0,0.0,0.0,0.0,0.0,0.0,0.0,0.0,1.0,1.0,1.0,1.0,0.0,1.0,1.0
label_idf_only,eval_0005,prednisone | chlor-trimeton | promethazine | epinephrine | phenergan | diphenhydramine | olopatadine | dexchlorpheniramine | desloratadine | deltasone | cyproheptadine | xyzal | claritin | clarinex | chlorpheniramine | zyrtec | cetirizine | benadryl | famotidine | loratadine,promethazine | cyproheptadine,1000,558,517,1000,1000,0,1000,0.2,0.5,1.0,0.3065735963827292,0.1,0.5,1.0,0.3065735963827292,0.1,1.0,1.0,0.4776066804504473,0.3333333333333333,1.0,1.0,1.0,1.0,0.0,1.0,1.0
label_idf_only,eval_0027,ibuprofen | naprosyn | triamcinolone | naproxen | flanax pain reliever | doxycycline | aleve | riabni | ridaura | bextra | xeljanz xr | duexis | rinvoq | duloxetine | minocycline | bioflavonoids | bioflavonoids / zinc glycinate | tetracycline | rituxan | rituximab,diclofenac | naproxen | triamcinolone,273,273,273,273,1000,0,1000,0.4,0.6666666666666666,1.0,0.38895497069622353,0.2,0.6666666666666666,1.0,0.38895497069622353,0.1,0.6666666666666666,1.0,0.38895497069622353,0.3333333333333333,1.0,1.0,1.0,1.0,0.0,1.0,1.0
label_idf_only,eval_0007,elavil | venlafaxine | memantine | amitriptyline | nadolol | corgard | benicar | calan sr | norvasc | atenolol | candesartan | catapres | olmesartan | metoprolol | clonidine | amlodipine | verapamil | inderal la | inderal | prinivil,propranolol | clonidine | amitriptyline | elavil,1000,600,471,1000,1000,0,1000,0.4,0.5,1.0,0.5916660373127837,0.2,0.5,1.0,0.5916660373127837,0.15,0.75,1.0,0.6605921727571157,1.0,1.0,1.0,1.0,1.0,0.0,1.0,1.0
label_idf_only,eval_0034,dexamethasone | prednisone | mycophenolate mofetil | methylprednisolone | cellcept | hydrocortisone | azathioprine | triamcinolone | imuran | pancreatin | medrol dosepak | betamethasone | infliximab | duexis | diclofenac | vimovo | prednisolone | sulfazine | sulfasalazine | azulfidine,prednisone | methylprednisolone | triamcinolone | adalimumab | humira | infliximab | remicade,672,346,346,672,1000,0,1000,0.4,0.2857142857142857,1.0,0.360054614577234,0.3,0.42857142857142855,1.0,0.378524278437722,0.2,0.5714285714285714,1.0,0.4507204194703893,0.5,1.0,1.0,1.0,1.0,0.0,1.0,1.0
label_idf_only,eval_0036,prednisone | doxycycline | dexamethasone | minocycline | methotrexate | chloramphenicol | kenalog-40 | enbrel | otrexup | cosentyx | methylprednisolone | ustekinumab | triamcinolone | prednisolone | kenalog-10 | apremilast | tetracycline | etanercept | adalimumab | remicade,doxycycline | prednisone,952,544,544,952,1000,0,1000,0.4,1.0,1.0,1.0,0.2,1.0,1.0,1.0,0.1,1.0,1.0,1.0,1.0,1.0,1.0,1.0,1.0,0.0,1.0,1.0
label_idf_only,eval_0037,baclofen | lioresal | onabotulinumtoxina | botox | lorazepam | dysport | myobloc | xeomin | botulinum toxin type b | incobotulinumtoxina | ativan | abobotulinumtoxina | meclofenamate | chondroitin / glucosamine / methylsulfonylmethane | chondroitin / glucosamine | meloxicam | choline magnesium trisalicylate | medrol dosepak | medrol | celestone soluspan,diclofenac | onabotulinumtoxina | botox,570,267,267,570,1000,0,1000,0.4,0.6666666666666666,1.0,0.3537443585523369,0.2,0.6666666666666666,1.0,0.3537443585523369,0.1,0.6666666666666666,1.0,0.3537443585523369,0.3333333333333333,1.0,1.0,1.0,1.0,0.0,1.0,1.0
label_idf_only,eval_0023,catapres | hytrin | clonidine | terazosin | propylthiouracil | sodium iodide-i-131 | gabapentin | potassium iodide | pima | oxybutynin | onabotulinumtoxina | xerac ac | methimazole | drysol | botox | glycopyrronium | benztropine | amitriptyline | aluminum chloride hexahydrate | hypercare,thyroid desiccated | armour thyroid | levothyroxine,824,352,81,553,1000,0,1000,0.0,0.0,0.0,0.0,0.0,0.0,0.0,0.0,0.0,0.0,0.0,0.0,0.0,1.0,1.0,1.0,1.0,0.0,1.0,1.0
label_idf_only,eval_0039,erythromycin | cefdinir | cefprozil | ceftibuten | ceftin | cefuroxime | cefzil | vantin | medrol dosepak | ciclesonide | cipro | ciprofloxacin | clarithromycin | methylprednisolone | mometasone | montelukast | moxifloxacin | zithromax | decadron | deltasone,prednisone | methylprednisolone,1000,681,681,1000,1000,0,1000,0.0,0.0,0.0,0.0,0.0,0.0,0.0,0.0,0.05,0.5,1.0,0.1569399443779299,0.07142857142857142,1.0,1.0,1.0,1.0,0.0,0.0,1.0
label_idf_only,eval_0029,ery-tab | vantin | cefprozil | ceftibuten | ceftin | ceftriaxone | cefuroxime | cefzil | umeclidinium | umeclidinium / vilanterol | uniphyl | maxair | maxair autohaler | medrol | cefixime | medrol dosepak | ciclesonide | ventolin | ventolin hfa | cilastatin / imipenem,prednisone,1000,221,221,1000,1000,0,1000,0.0,0.0,0.0,0.0,0.0,0.0,0.0,0.0,0.0,0.0,0.0,0.0,0.0,1.0,1.0,1.0,1.0,0.0,0.0,1.0
label_idf_only,eval_0033,retapamulin | cefuroxime | ozenoxacin | mupirocin | altabax | cefadroxil | ammoniated mercury | sulconazole | granulex | balsam peru / castor oil | balsam peru / castor oil / trypsin | xenaderm | zinc oxide | clascoterone | vinblastine | cleanse & treat plus | cleanse & treat | methenamine | methoxsalen | methotrexate,cefuroxime | mupirocin | retapamulin,731,8,8,731,1000,0,1000,0.6,1.0,1.0,0.9674679834891694,0.3,1.0,1.0,0.9674679834891694,0.15,1.0,1.0,0.9674679834891694,1.0,1.0,1.0,1.0,1.0,0.0,1.0,1.0
label_idf_only,eval_0041,acidophilus | cipro | levofloxacin | linezolid | cefazolin | cefepime | ceftin | ceftriaxone | cefuroxime | unasyn | cephalexin | meropenem | lactobacillus acidophilus | ciprofloxacin | vibramycin | minocycline | moxifloxacin | zyvox | diflucan | doripenem,doxycycline | azithromycin | sulfamethoxazole / trimethoprim | bactrim | fluconazole,481,287,287,481,1000,0,1000,0.0,0.0,0.0,0.0,0.0,0.0,0.0,0.0,0.0,0.0,0.0,0.0,0.0,1.0,1.0,1.0,1.0,0.0,1.0,1.0
label_idf_only,eval_0018,esgic | valproic acid | memantine | venlafaxine | verapamil | verelan | verelan pm | methergine | methylergonovine | metoclopramide | metoprolol | vitamin b2 | clonazepam | clonidine | migergot | migraine relief | migranal | wellbutrin | motrin | zanaflex,gabapentin | propranolol,1000,179,179,1000,1000,0,1000,0.0,0.0,0.0,0.0,0.0,0.0,0.0,0.0,0.0,0.0,0.0,0.0,0.0,1.0,1.0,1.0,1.0,0.0,1.0,1.0
label_idf_only,eval_0045,esomeprazole | cimetidine | pepcid | pantoprazole | omeprazole / sodium bicarbonate | omeprazole | nexium | zantac | carafate | calcium carbonate | lansoprazole | sucralfate | ranitidine | rabeprazole | famotidine | protonix | diclofenac | clonidine | prednisone | metoclopramide,rabeprazole | esomeprazole | lansoprazole,660,109,109,660,1000,0,1000,0.2,0.3333333333333333,1.0,0.4692787260227565,0.1,0.3333333333333333,1.0,0.4692787260227565,0.15,1.0,1.0,0.720296371989005,1.0,1.0,1.0,1.0,1.0,0.0,1.0,1.0
label_idf_only,eval_0047,ozenoxacin | retapamulin | mupirocin | cefuroxime | altabax | ammoniated mercury | cefadroxil | sulconazole,mupirocin | retapamulin,8,8,8,8,1000,0,1000,0.4,1.0,1.0,0.6934264036172708,0.2,1.0,1.0,0.6934264036172708,0.1,1.0,1.0,0.6934264036172708,0.5,1.0,1.0,1.0,1.0,0.0,1.0,1.0
label_idf_only,eval_0049,esomeprazole | nizatidine | metoclopramide | zegerid | zegerid otc | mylanta | nexium | nexium 24hr | nexium iv | dexilant | tums regular strength | dexlansoprazole | omeprazole | omeprazole / sodium bicarbonate | pantoprazole | pepcid | pepcid ac chewable tablets | prevacid | cimetidine | carafate,aciphex | dexlansoprazole | rabeprazole,1000,45,45,1000,1000,0,1000,0.0,0.0,0.0,0.0,0.0,0.0,0.0,0.0,0.05,0.3333333333333333,1.0,0.12681701683239352,0.08333333333333333,1.0,1.0,1.0,1.0,0.0,1.0,1.0
label_idf_only,eval_0054,erythromycin | cefdinir | cefprozil | ceftibuten | ceftin | cefuroxime | cefzil | vantin | medrol dosepak | ciclesonide | cipro | ciprofloxacin | clarithromycin | methylprednisolone | mometasone | montelukast | moxifloxacin | zithromax | decadron | deltasone,prednisone | methylprednisolone,1000,681,681,1000,1000,0,1000,0.0,0.0,0.0,0.0,0.0,0.0,0.0,0.0,0.05,0.5,1.0,0.1569399443779299,0.07142857142857142,1.0,1.0,1.0,1.0,0.0,0.0,1.0
label_idf_only,eval_0053,erythromycin | cefdinir | cefprozil | ceftibuten | ceftin | cefuroxime | cefzil | vantin | medrol dosepak | ciclesonide | cipro | ciprofloxacin | clarithromycin | methylprednisolone | mometasone | montelukast | moxifloxacin | zithromax | decadron | deltasone,prednisone | methylprednisolone,1000,681,681,1000,1000,0,1000,0.0,0.0,0.0,0.0,0.0,0.0,0.0,0.0,0.05,0.5,1.0,0.1569399443779299,0.07142857142857142,1.0,1.0,1.0,1.0,0.0,0.0,1.0
label_idf_only,eval_0058,primaquine | coartem | malarone | valproic acid | chloroquine | chlorpromazine | mefloquine | clindamycin | daraprim | lariam | depakote | depakote er | depakote sprinkles | divalproex sodium | doxycycline | fansidar | lithium | doxy 100 | thorazine | halfan,doxycycline | clindamycin,1000,34,34,1000,1000,0,1000,0.0,0.0,0.0,0.0,0.1,0.5,1.0,0.1480409554829326,0.1,1.0,1.0,0.3240204777414663,0.125,1.0,1.0,1.0,1.0,0.0,1.0,1.0
label_idf_only,eval_0030,prednisolone | prednisone | epinephrine | xolair | cromolyn | aristocort | omalizumab | triamcinolone | deltasone | zyrtec | xyzal | cyproheptadine | dexchlorpheniramine | desloratadine | clarinex | diphenhydramine | pepcid | phenergan | claritin | olopatadine,prednisone | promethazine | cyproheptadine | methylprednisolone,1000,288,288,1000,1000,0,1000,0.2,0.25,1.0,0.1868274958884324,0.1,0.25,1.0,0.1868274958884324,0.1,0.5,1.0,0.3068596802941631,0.5,1.0,1.0,1.0,1.0,0.0,1.0,1.0
label_idf_only,eval_0051,erythromycin | cedax | cefixime | cefpodoxime | cefprozil | ceftibuten | ceftin | ceftriaxone | cefuroxime | cefzil | vantin | medrol dosepak | ciclesonide | cilastatin / imipenem | cipro | ciprofloxacin | clarithromycin | methylprednisolone | mometasone | montelukast,prednisone,1000,221,221,1000,1000,0,1000,0.0,0.0,0.0,0.0,0.0,0.0,0.0,0.0,0.0,0.0,0.0,0.0,0.0,1.0,1.0,1.0,1.0,0.0,0.0,1.0
label_idf_only,eval_0050,ery-tab | vantin | cefprozil | ceftibuten | ceftin | ceftriaxone | cefuroxime | cefzil | umeclidinium | umeclidinium / vilanterol | uniphyl | maxair | maxair autohaler | medrol | cefixime | medrol dosepak | ciclesonide | ventolin | ventolin hfa | cilastatin / imipenem,prednisone,536,221,221,536,1000,0,1000,0.0,0.0,0.0,0.0,0.0,0.0,0.0,0.0,0.0,0.0,0.0,0.0,0.0,1.0,1.0,1.0,1.0,0.0,0.0,1.0
label_idf_only,eval_0055,"proglycem | diazoxide | calcium phosphate, tribasic | tricor | lipofen | lovaza | urea | magnesium amino acids chelate | magnesium carbonate | magnesium chloride | magnesium gluconate | magnesium oxide | magnesium sulfate | vascepa | omacor | calcium gluconate | omega-3 polyunsaturated fatty acids | dostinex | pamidronate | parathyroid hormone",gabapentin | amitriptyline,1000,236,236,1000,1000,0,1000,0.0,0.0,0.0,0.0,0.0,0.0,0.0,0.0,0.0,0.0,0.0,0.0,0.0,1.0,1.0,1.0,1.0,0.0,0.0,1.0
label_idf_only,eval_0059,erythromycin | cilastatin / imipenem | cefprozil | ceftin | ceftriaxone | cefuroxime | cefzil | vantin | ciprofloxacin | cefixime | clarithromycin | moxifloxacin | zithromax | dexamethasone | doxycycline | prednisone | cefpodoxime | omnicef | cefdinir | augmentin,prednisone,1000,221,221,1000,1000,0,1000,0.0,0.0,0.0,0.0,0.0,0.0,0.0,0.0,0.05,1.0,1.0,0.24465054211822604,0.0625,1.0,1.0,1.0,1.0,0.0,0.0,1.0
label_idf_only,eval_0057,prednisone | dexamethasone | moxifloxacin | levofloxacin | triamcinolone | doxycycline | ciprofloxacin | mintox plus | mintox | minocycline | milantex | mi-acid | metoclopramide | cimetidine | chloramphenicol | carafate | tums smoothies | zegerid otc | tums regular strength | tums chewy bites with gas relief (lemon & strawberry),prednisone,1000,323,323,1000,1000,0,1000,0.2,1.0,1.0,1.0,0.1,1.0,1.0,1.0,0.05,1.0,1.0,1.0,1.0,1.0,1.0,1.0,1.0,0.0,0.0,1.0
label_idf_only,eval_0042,prednisolone | acthar | aristocort | triamcinolone | lotemax | loteprednol | corticotropin | deltasone | prednisone | medrol dosepak | doxycycline | methylprednisolone | dexamethasone | canakinumab | aspirin | amoxicillin | kenalog-40 | meclofenamate | chondroitin / glucosamine / methylsulfonylmethane | chondroitin / glucosamine,prednisone | triamcinolone | methylprednisolone,796,322,322,796,1000,0,1000,0.2,0.3333333333333333,1.0,0.20210734650054762,0.2,0.6666666666666666,1.0,0.3433743193603766,0.15,1.0,1.0,0.47019133619277015,0.25,1.0,1.0,1.0,1.0,0.0,1.0,1.0
label_idf_only,eval_0070,erythromycin | cipro | cefixime | cefpodoxime | cefprozil | ceftibuten | ceftin | ceftriaxone | cefuroxime | cefzil | vantin | medrol dosepak | ciclesonide | cilastatin / imipenem | ciprofloxacin | cedax | clarithromycin | methylprednisolone | mometasone | moxifloxacin,prednisone,1000,221,221,1000,1000,0,1000,0.0,0.0,0.0,0.0,0.0,0.0,0.0,0.0,0.0,0.0,0.0,0.0,0.0,1.0,1.0,1.0,1.0,0.0,1.0,1.0
label_idf_only,eval_0068,caffeine | ephedrine | prednisone | deltasone | cardizem cd | cartia xt | diltiazem | esmolol | phenylephrine | cardizem | clonidine | lisinopril | catapres | excedrin tension headache | metoclopramide | excedrin quick tab | reglan | acetaminophen / caffeine | acetaminophen / phenyltoloxamine | cyproheptadine,prednisone | diltiazem,1000,650,650,1000,1000,0,1000,0.2,0.5,1.0,0.3065735963827292,0.2,1.0,1.0,0.5109559939712154,0.1,1.0,1.0,0.5109559939712154,0.3333333333333333,1.0,1.0,1.0,1.0,0.0,1.0,1.0
label_idf_only,eval_0072,pramosone | pramoxine | tronolane anesthetic for hemorrhoids | lmx 5 | nupercainal | recticare | lidocaine | proctosol-hc | proctofoam hc | proctofoam | hydrocortisone / pramoxine | anusol-hc suppositories | anucort-hc | hydrocortisone / lidocaine | hydrocortisone | phenylephrine / pramoxine | phenylephrine | analpram-hc | dibucaine | pramoxine / zinc oxide,hydrocortisone | pramoxine | proctofoam,22,20,20,22,1000,0,1000,0.2,0.3333333333333333,1.0,0.3212043018970804,0.2,0.6666666666666666,1.0,0.46836627233016775,0.15,1.0,1.0,0.5532157345930327,0.5,1.0,1.0,1.0,1.0,0.0,1.0,1.0
label_idf_only,eval_0069,triamcinolone | doxycycline | oxybutynin | prednisolone | hydrocortisone | tetracycline | kenalog-40 | methylprednisolone | minocycline | dexamethasone | prednisone | aleve | ibuprofen | flanax pain reliever | naprosyn | naproxen | cytoxan | zoledronic acid | myfortic | mycophenolic acid,prednisone | methylprednisolone | triamcinolone | naproxen,1000,294,294,1000,1000,0,1000,0.2,0.25,1.0,0.3903800499921017,0.2,0.5,1.0,0.5135312443624667,0.2,1.0,1.0,0.7179316962934068,1.0,1.0,1.0,1.0,1.0,0.0,1.0,1.0
label_idf_only,eval_0048,prednisone | cortisone | tetracycline | doxycycline | triamcinolone | dexamethasone | minocycline | sucralfate | moxifloxacin | ciprofloxacin | levofloxacin | tums regular strength | zegerid | mintox plus | mintox | milantex | mi-acid | metoclopramide | cimetidine | chloramphenicol,prednisone | triamcinolone | moxifloxacin | ciprofloxacin,1000,357,357,1000,1000,0,1000,0.4,0.5,1.0,0.5413996682199069,0.4,1.0,1.0,0.7717609143252694,0.2,1.0,1.0,0.7717609143252694,1.0,1.0,1.0,1.0,1.0,0.0,1.0,1.0
label_idf_only,eval_0066,capsaicin | interferon gamma-1b | riabni | ridaura | bextra | duexis | rinvoq | duloxetine | minocycline | bioflavonoids | bioflavonoids / zinc glycinate | tetracycline | rituxan | rituximab | xeljanz | xeljanz xr | colchicine / probenecid | durolane | kenalog-10 | kenalog-40,diclofenac | tramadol,273,255,255,273,1000,0,1000,0.0,0.0,0.0,0.0,0.0,0.0,0.0,0.0,0.0,0.0,0.0,0.0,0.0,1.0,1.0,1.0,1.0,0.0,1.0,1.0
label_idf_only,eval_0074,prednisone | chlor-trimeton | promethazine | epinephrine | phenergan | diphenhydramine | olopatadine | dexchlorpheniramine | desloratadine | deltasone | cyproheptadine | xyzal | claritin | clarinex | chlorpheniramine | zyrtec | cetirizine | benadryl | famotidine | loratadine,promethazine | cyproheptadine,1000,558,517,1000,1000,0,1000,0.2,0.5,1.0,0.3065735963827292,0.1,0.5,1.0,0.3065735963827292,0.1,1.0,1.0,0.4776066804504473,0.3333333333333333,1.0,1.0,1.0,1.0,0.0,1.0,1.0
label_idf_only,eval_0076,capsaicin | interferon gamma-1b | riabni | ridaura | bextra | duexis | rinvoq | duloxetine | minocycline | bioflavonoids | bioflavonoids / zinc glycinate | tetracycline | rituxan | rituximab | xeljanz | xeljanz xr | colchicine / probenecid | durolane | kenalog-10 | kenalog-40,diclofenac | tramadol | acetaminophen / hydrocodone,273,255,255,273,1000,0,1000,0.0,0.0,0.0,0.0,0.0,0.0,0.0,0.0,0.0,0.0,0.0,0.0,0.0,1.0,1.0,1.0,1.0,0.0,1.0,1.0
label_idf_only,eval_0061,tretinoin | tetracycline | minocycline | doxycycline | cephalexin | vestura | veltin | vanoxide-hc | chaparral | magnesium hydroxide | cerave sa renewing | carboplatin | loryna | meted | twyneo | loestrin fe 1 / 20 | loestrin 24 fe | lo-zumandimine | vibramycin | clarifoam ef,tretinoin | doxycycline | minocycline,670,500,500,670,1000,0,1000,0.6,1.0,1.0,0.9238850086262381,0.3,1.0,1.0,0.9238850086262381,0.15,1.0,1.0,0.9238850086262381,1.0,1.0,1.0,1.0,1.0,0.0,1.0,1.0
label_idf_only,eval_0082,"propylthiouracil | sodium iodide-i-131 | wp thyroid | levoxyl | calcifediol | calcium lactate | calcium phosphate, tribasic | liothyronine | liotrix | triostat | unithroid | cenestin | vandetanib | cinacalcet | climara | westhroid | cometriq | levothroid | conjugated estrogens | cytomel",thyroid desiccated | armour thyroid | levothyroxine,634,81,81,634,1000,0,1000,0.0,0.0,0.0,0.0,0.0,0.0,0.0,0.0,0.0,0.0,0.0,0.0,0.0,1.0,1.0,1.0,1.0,0.0,1.0,1.0
label_idf_only,eval_0060,naprosyn | ibuprofen | triamcinolone | naproxen | flanax pain reliever | doxycycline | aleve | doxy 100 | cephalexin | septra ds | lidocaine | levofloxacin | levaquin | moxifloxacin | smz-tmp ds | oxybutynin | ciprofloxacin | cipro | sulfamethoxazole / trimethoprim | bactrim ds,naproxen,273,273,273,273,1000,0,1000,0.2,1.0,1.0,0.4306765580733931,0.1,1.0,1.0,0.4306765580733931,0.05,1.0,1.0,0.4306765580733931,0.25,1.0,1.0,1.0,1.0,0.0,1.0,1.0
label_idf_only,eval_0083,septra | keflex | doxycycline | minocycline | clindamycin | vibramycin | cephalexin | doxy 100 | sulfamethoxazole / trimethoprim | bactrim ds | bactrim | smz-tmp ds | septra ds | tretinoin | dexamethasone | doxorubicin | erythromycin | doryx | dapsone | tetracycline,tretinoin | doxycycline | spironolactone | liraglutide,1000,646,646,1000,1000,0,1000,0.2,0.25,1.0,0.20677840633299574,0.1,0.25,1.0,0.20677840633299574,0.1,0.5,1.0,0.3126315912496258,0.3333333333333333,1.0,1.0,1.0,1.0,0.0,1.0,1.0
label_idf_only,eval_0065,"propylthiouracil | sodium iodide-i-131 | hytrin | terazosin | botox | catapres | clonidine | onabotulinumtoxina | triostat | climara | cinacalcet | vandetanib | cenestin | unithroid | calcium lactate | liotrix | liothyronine | calcium phosphate, tribasic | wp thyroid | calcitriol",thyroid desiccated | armour thyroid | levothyroxine,748,81,81,748,1000,0,1000,0.0,0.0,0.0,0.0,0.0,0.0,0.0,0.0,0.0,0.0,0.0,0.0,0.0,1.0,1.0,1.0,1.0,0.0,1.0,1.0
label_idf_only,eval_0084,ceftin | omnicef | biaxin | amoxicillin | amoxicillin / clavulanate | amoxil | dexamethasone | levofloxacin | levaquin | augmentin | avelox | cilastatin / imipenem | azithromycin | azithromycin dose pack | zithromax | ciprofloxacin | sulfamethoxazole / trimethoprim | moxifloxacin | clarithromycin | gemifloxacin,doxycycline | azithromycin | prednisone | clindamycin,1000,319,319,1000,1000,0,1000,0.0,0.0,0.0,0.0,0.0,0.0,0.0,0.0,0.05,0.25,1.0,0.11666153319642673,0.07692307692307693,1.0,1.0,1.0,1.0,0.0,1.0,1.0
label_idf_only,eval_0078,prednisolone | cyproheptadine | dexbrompheniramine / phenylephrine | dexbrompheniramine | desloratadine | deltasone | nedocromil | zyrtec | zymine | cromolyn | chlorpheniramine | corticotropin | zaditor | xyzal | xolair | vistaril | claritin | clarinex | dexchlorpheniramine | olopatadine,prednisone | promethazine,558,76,76,558,1000,0,1000,0.0,0.0,0.0,0.0,0.0,0.0,0.0,0.0,0.0,0.0,0.0,0.0,0.0,1.0,1.0,1.0,1.0,0.0,1.0,1.0
label_idf_only,eval_0063,propranolol | carvedilol | ramipril | norvasc | nitroglycerin | nitro-dur | nifedipine | nadolol | corgard | coreg cr | coreg | metoprolol tartrate | metoprolol | verelan pm | verapamil | diltiazem | lopressor | isosorbide dinitrate | lisinopril | amlodipine,propranolol | verapamil | metoprolol | spironolactone,1000,335,335,1000,1000,0,1000,0.2,0.25,1.0,0.4135568126659915,0.1,0.25,1.0,0.4135568126659915,0.15,0.75,1.0,0.6255665203906757,1.0,1.0,1.0,1.0,1.0,0.0,1.0,1.0
label_idf_only,eval_0089,ery pads | minocycline | durasal | tetracycline | altabax | minolira | binora | alquam-x acne therapy gel | minocin | doryx | winlevi | junel fe 1.5 / 30 | junel fe 1 / 20 | dulcolax milk of magnesia | fostex wash 10% | fostex medicated cleansing cream | altreno | keflex | vincasar pfs | vincristine,adapalene / benzoyl peroxide,273,273,273,273,1000,0,1000,0.0,0.0,0.0,0.0,0.0,0.0,0.0,0.0,0.0,0.0,0.0,0.0,0.0,1.0,1.0,1.0,1.0,0.0,1.0,1.0
label_idf_only,eval_0075,erythromycin | cipro | cefixime | cefpodoxime | cefprozil | ceftibuten | ceftin | ceftriaxone | cefuroxime | cefzil | vantin | medrol dosepak | ciclesonide | cilastatin / imipenem | ciprofloxacin | cedax | clarithromycin | methylprednisolone | mometasone | moxifloxacin,prednisone,1000,221,221,1000,1000,0,1000,0.0,0.0,0.0,0.0,0.0,0.0,0.0,0.0,0.0,0.0,0.0,0.0,0.0,1.0,1.0,1.0,1.0,0.0,1.0,1.0
label_idf_only,eval_0087,memantine | amitriptyline | elavil | venlafaxine | magnesium oxide | cefpodoxime | cefprozil | ceftin | ceftriaxone | cefuroxime | cefzil | cephalexin | allopurinol | vantin | cefdinir | cipro | clarithromycin | moxifloxacin | doryx | doxycycline,amitriptyline | venlafaxine | elavil,1000,347,347,1000,1000,0,1000,0.6,1.0,1.0,0.7328286204777911,0.3,1.0,1.0,0.7328286204777911,0.15,1.0,1.0,0.7328286204777911,0.5,1.0,1.0,1.0,1.0,0.0,1.0,1.0
label_idf_only,eval_0093,prednisolone | betamethasone | triamcinolone | lotemax | loteprednol | ceftriaxone | cellcept | medrol dosepak | vimovo | methylprednisolone | corticotropin | mycophenolate mofetil | dexamethasone | diclofenac | doxycycline | pancreatin | duexis | prednisone | kenalog-40 | infliximab,doxycycline | prednisone,1000,255,255,1000,1000,0,1000,0.0,0.0,0.0,0.0,0.0,0.0,0.0,0.0,0.1,1.0,1.0,0.2830282739443353,0.06666666666666667,1.0,1.0,1.0,1.0,0.0,1.0,1.0
label_idf_only,eval_0073,cefuroxime | avelox | cleocin | clindamycin | ceftin | moxifloxacin | zithromax | levofloxacin | levaquin | dexamethasone | azithromycin dose pack | azithromycin | sulfamethoxazole / trimethoprim | augmentin | amoxicillin | prednisone | doxycycline | ciprofloxacin | amoxicillin / clavulanate | amoxil,doxycycline | azithromycin | prednisone | clindamycin | minocycline,1000,710,710,1000,1000,0,1000,0.2,0.2,1.0,0.12488956465093466,0.1,0.2,1.0,0.12488956465093466,0.2,0.8,1.0,0.38292372125607144,0.25,1.0,1.0,1.0,1.0,0.0,1.0,1.0
label_idf_only,eval_0095,prednisone | tums smoothies | zegerid otc | zegerid | moxifloxacin | mintox plus | mintox | minocycline | milantex | mi-acid | ciprofloxacin | cimetidine | chloramphenicol | carafate | cortisone | tums regular strength | tums chewy bites with gas relief (lemon & strawberry) | tricitrasol | calcium carbonate / simethicone | calcium carbonate / magnesium hydroxide / simethicone,prednisone,1000,109,109,1000,1000,0,1000,0.2,1.0,1.0,1.0,0.1,1.0,1.0,1.0,0.05,1.0,1.0,1.0,1.0,1.0,1.0,1.0,1.0,0.0,0.0,1.0
label_idf_only,eval_0092,ery pads | magnesium hydroxide | meted | vibramycin | vestura | veltin | vanoxide-hc | chaparral | cerave sa renewing | clindets | cephalexin | loryna | carboplatin | twyneo | loestrin fe 1 / 20 | loestrin 24 fe | claravis | clarifoam ef | clascoterone | cleanse & treat,adapalene / benzoyl peroxide,726,273,273,726,1000,0,1000,0.0,0.0,0.0,0.0,0.0,0.0,0.0,0.0,0.0,0.0,0.0,0.0,0.0,1.0,1.0,1.0,1.0,0.0,1.0,1.0
label_idf_only,eval_0094,trospium | risperdal m-tab | paliperidone | doxycycline | itraconazole | allopurinol | bethanechol | fosfomycin | minocycline | risperdal | furadantin | doryx | risperidone | keflex | duricef | rocephin | amikacin | monurol | pentosan polysulfate sodium | amitriptyline,doxycycline,172,172,172,172,1000,0,1000,0.2,1.0,1.0,0.43067655807339306,0.1,1.0,1.0,0.43067655807339306,0.05,1.0,1.0,0.43067655807339306,0.25,1.0,1.0,1.0,1.0,0.0,1.0,1.0
label_idf_only,eval_0079,famotidine | aluminum hydroxide / magnesium hydroxide / simethicone | lansoprazole | cimetidine | omeprazole | pantoprazole | ranitidine | excedrin quick tab | cyproheptadine | excedrin tension headache | deltasone | acetaminophen / phenyltoloxamine | acetaminophen / caffeine | prednisone | vicks nyquil cold & flu nighttime relief | claritin | clarithromycin | clarinex-d 12 hour | clarinex | vicks vaposteam,lansoprazole | ranitidine | omeprazole | pantoprazole,719,549,549,719,1000,0,1000,0.4,0.5,1.0,0.36676402026380395,0.4,1.0,1.0,0.605977443138692,0.2,1.0,1.0,0.605977443138692,0.3333333333333333,1.0,1.0,1.0,1.0,0.0,1.0,1.0
label_idf_only,eval_0097,promethazine | meclizine | esmolol | cardizem | cardizem cd | cartia xt | diltiazem | phenylephrine | prednisone | cyproheptadine | acetaminophen / phenyltoloxamine | excedrin quick tab | acetaminophen / caffeine | excedrin tension headache | deltasone | vicks nyquil severe cold & flu | clarithromycin | clarinex-d 12 hour | clarinex | vicks vaposteam,promethazine | meclizine | phenylephrine | propranolol,1000,684,684,1000,1000,0,1000,0.4,0.5,1.0,0.6357429506707164,0.3,0.75,1.0,0.7387819585228543,0.15,0.75,1.0,0.7387819585228543,1.0,1.0,1.0,1.0,1.0,0.0,1.0,1.0
label_idf_only,eval_0102,flurandrenolide | triamcinolone | zenpep | hydrocortisone | kenalog | mercaptopurine | eucrisa | desonide | desoximetasone | lidex | diprolene af | mometasone | cellcept | pimecrolimus | dexamethasone | tacrolimus | alclometasone | fluocinolone | protopic | fluocinonide,prednisone | methylprednisolone,54,49,49,54,1000,0,1000,0.0,0.0,0.0,0.0,0.0,0.0,0.0,0.0,0.0,0.0,0.0,0.0,0.0,1.0,1.0,1.0,1.0,0.0,1.0,1.0
label_idf_only,eval_0096,triamcinolone | sucralfate | ciprofloxacin | ofloxacin | levofloxacin | doxycycline | cipro | naprosyn | naproxen | ibuprofen | aleve | flanax pain reliever | sulfamethoxazole / trimethoprim | smz-tmp ds | avelox | bactrim | bactrim ds | doxy 100 | levaquin | lidocaine,triamcinolone | sucralfate,672,311,311,672,1000,0,1000,0.4,1.0,1.0,0.9134015924715543,0.2,1.0,1.0,0.9134015924715543,0.1,1.0,1.0,0.9134015924715543,1.0,1.0,1.0,1.0,1.0,0.0,0.0,1.0
label_idf_only,eval_0100,lidocaine | pramosone | hydrocortisone / pramoxine | hydrocortisone | recticare | tronolane anesthetic for hemorrhoids | anusol-hc suppositories | anucort-hc | phenylephrine / pramoxine | phenylephrine | analpram-hc | lmx 5 | dibucaine | pramoxine | proctosol-hc | proctofoam hc | proctofoam | hydrocortisone / lidocaine | pramoxine / zinc oxide | nupercainal,hydrocortisone | hydrocortisone / pramoxine | lidocaine,275,164,164,275,1000,0,1000,0.6,1.0,1.0,0.8288615669472547,0.3,1.0,1.0,0.8288615669472547,0.15,1.0,1.0,0.8288615669472547,1.0,1.0,1.0,1.0,1.0,0.0,1.0,1.0
label_idf_only,eval_0103,naprosyn | ibuprofen | triamcinolone | naproxen | flanax pain reliever | doxycycline | aleve | doxy 100 | cephalexin | septra ds | lidocaine | levofloxacin | levaquin | moxifloxacin | smz-tmp ds | oxybutynin | ciprofloxacin | cipro | sulfamethoxazole / trimethoprim | bactrim ds,naproxen | triamcinolone,273,273,273,273,1000,0,1000,0.4,1.0,1.0,0.5378003827621997,0.2,1.0,1.0,0.5378003827621997,0.1,1.0,1.0,0.5378003827621997,0.3333333333333333,1.0,1.0,1.0,1.0,0.0,1.0,1.0
label_idf_only,eval_0111,prednisolone | cyproheptadine | dexbrompheniramine / phenylephrine | dexbrompheniramine | desloratadine | deltasone | nedocromil | zyrtec | zymine | cromolyn | chlorpheniramine | corticotropin | zaditor | xyzal | xolair | vistaril | claritin | clarinex | dexchlorpheniramine | olopatadine,prednisone | promethazine,558,76,76,558,1000,0,1000,0.0,0.0,0.0,0.0,0.0,0.0,0.0,0.0,0.0,0.0,0.0,0.0,0.0,1.0,1.0,1.0,1.0,0.0,1.0,1.0
label_idf_only,eval_0107,prochlorperazine | haloperidol | thorazine | chlorpromazine | minocycline | compazine | dexamethasone | doxycycline | haldol | mometasone | clobetasol | clobex | clocortolone | cloderm | coal tar | olux | cordran tape | cutar | desonide | triamcinolone,prednisone | mometasone | clobetasol,389,300,300,389,1000,0,1000,0.0,0.0,0.0,0.0,0.1,0.3333333333333333,1.0,0.13565197343244778,0.1,0.6666666666666666,1.0,0.266553963600645,0.1,1.0,1.0,1.0,1.0,0.0,1.0,1.0
label_idf_only,eval_0086,tretinoin | dexamethasone | doxycycline | dapsone | minocycline | clindamycin | sulfamethoxazole / trimethoprim | erythromycin | liraglutide | trulicity | capsaicin | lixisenatide | lisinopril | trijardy xr | canagliflozin / metformin | canagliflozin | capzasin-hp | linagliptin / metformin | linagliptin | captopril,tretinoin | doxycycline | spironolactone | liraglutide | victoza | clindamycin,1000,625,625,1000,1000,0,1000,0.4,0.3333333333333333,1.0,0.5087403079104241,0.4,0.6666666666666666,1.0,0.6771136817539343,0.2,0.6666666666666666,1.0,0.6771136817539343,1.0,1.0,1.0,1.0,1.0,0.0,1.0,1.0
label_idf_only,eval_0067,baclofen | lioresal | onabotulinumtoxina | botox | abobotulinumtoxina | ativan | incobotulinumtoxina | botulinum toxin type b | lorazepam | xeomin | myobloc | dysport | naproxen | aleve | ibuprofen | levaquin | smz-tmp ds | avelox | bactrim | bactrim ds,onabotulinumtoxina | botox | naproxen | ibuprofen | aleve,1000,187,187,1000,1000,0,1000,0.4,0.4,1.0,0.3708934714722901,0.2,0.4,1.0,0.3708934714722901,0.25,1.0,1.0,0.5750972653672274,0.3333333333333333,1.0,1.0,1.0,1.0,0.0,1.0,1.0
label_idf_only,eval_0106,prednisolone | kenalog-40 | lotemax | loteprednol | ustekinumab | methotrexate | methylprednisolone | minocycline | corticotropin | cosentyx | naprosyn | naproxen | otezla | otrexup | doxycycline | enbrel | prednisone | triamcinolone | dexamethasone | kenalog-10,prednisone | enbrel,573,255,255,573,1000,0,1000,0.0,0.0,0.0,0.0,0.0,0.0,0.0,0.0,0.1,1.0,1.0,0.297047133774748,0.0625,1.0,1.0,1.0,1.0,0.0,1.0,1.0
label_idf_only,eval_0090,fluconazole | cephalexin | cefazolin | cefepime | ceftin | ceftriaxone | cefuroxime | unasyn | cipro | levofloxacin | meropenem | ciprofloxacin | minocycline | moxifloxacin | zyvox | rocephin | linezolid | doxycycline | levaquin | septra ds,sulfamethoxazole / trimethoprim | bactrim | fluconazole,1000,287,287,1000,1000,0,1000,0.2,0.3333333333333333,1.0,0.4692787260227565,0.1,0.3333333333333333,1.0,0.4692787260227565,0.05,0.3333333333333333,1.0,0.4692787260227565,1.0,1.0,1.0,1.0,1.0,0.0,1.0,1.0
label_idf_only,eval_0115,prednisolone | acthar | aristocort | triamcinolone | lotemax | loteprednol | corticotropin | deltasone | prednisone | zymine | dexchlorpheniramine | dexbrompheniramine / phenylephrine | dexbrompheniramine | desloratadine | nedocromil | zyrtec | xolair | cyproheptadine | cromolyn | zaditor,prednisone | triamcinolone | corticotropin | prednisolone | loteprednol | lotemax,322,322,322,322,1000,0,1000,0.6,0.5,1.0,0.6164336326286644,0.6,1.0,1.0,0.8465309287696057,0.3,1.0,1.0,0.8465309287696057,1.0,1.0,1.0,1.0,1.0,0.0,1.0,1.0
label_idf_only,eval_0110,cefdinir | medrol dosepak | omnicef | ciprofloxacin | zithromax | cipro | ampicillin | amoxil | amoxicillin / clavulanate | amoxicillin | doxycycline | biaxin | ciclesonide | bactrim | azithromycin dose pack | bactrim ds | triamcinolone | levofloxacin | sulfamethoxazole / trimethoprim | methylprednisolone,prednisone,1000,681,681,1000,1000,0,1000,0.0,0.0,0.0,0.0,0.0,0.0,0.0,0.0,0.0,0.0,0.0,0.0,0.0,1.0,1.0,1.0,1.0,0.0,0.0,1.0
label_idf_only,eval_0099,deltasone | triamcinolone | doxycycline | dexamethasone | methylprednisolone | medrol dosepak | canakinumab | prednisone | kenalog-40 | amoxicillin | aspirin | cortisone | tetracycline | aristocort | prednisolone | minocycline | hydroxychloroquine | ceftriaxone | cefotaxime | levofloxacin,prednisone | methylprednisolone | triamcinolone,1000,755,755,1000,1000,0,1000,0.4,0.6666666666666666,1.0,0.4776237035032179,0.3,1.0,1.0,0.6256646589861505,0.15,1.0,1.0,0.6256646589861505,0.5,1.0,1.0,1.0,1.0,0.0,1.0,1.0
label_idf_only,eval_0119,amikacin | gentamicin | levofloxacin | ciprofloxacin | minocycline | moxifloxacin | doxycycline | bethanechol | bcg | ceftriaxone | cefepime | cefixime | cefotetan | cefoxitin | cefpodoxime | cefprozil | ceftin | vantin | cefuroxime | cefzil,doxycycline | ciprofloxacin,1000,363,363,1000,1000,0,1000,0.2,0.5,1.0,0.2640681225725909,0.2,1.0,1.0,0.46845052016107697,0.1,1.0,1.0,0.46845052016107697,0.25,1.0,1.0,1.0,1.0,0.0,1.0,1.0
label_idf_only,eval_0112,acyclovir | valacyclovir | valtrex | prednisone | cimetidine | pantoprazole | doxycycline | omeprazole | dexamethasone | moxifloxacin | mometasone | ciprofloxacin | famotidine | triamcinolone | lansoprazole | kenalog-40 | aluminum hydroxide / magnesium hydroxide / simethicone | rifampin | fluticasone | levofloxacin,valacyclovir | valtrex | acyclovir,1000,516,516,1000,1000,0,1000,0.6,1.0,1.0,1.0,0.3,1.0,1.0,1.0,0.15,1.0,1.0,1.0,1.0,1.0,1.0,1.0,1.0,0.0,1.0,1.0
label_idf_only,eval_0109,prednisone | dexamethasone | doxycycline | methotrexate | minocycline | cefotaxime | ceftriaxone | amoxicillin | stelara | enbrel | otrexup | otezla | cosentyx | methylprednisolone | ustekinumab | triamcinolone | kenalog-40 | tetracycline | betamethasone | infliximab,minocycline | methotrexate,898,544,544,898,1000,0,1000,0.4,1.0,1.0,0.48470281228817413,0.2,1.0,1.0,0.48470281228817413,0.1,1.0,1.0,0.48470281228817413,0.25,1.0,1.0,1.0,1.0,0.0,1.0,1.0
label_idf_only,eval_0124,prednisolone | epinephrine | prednisone | aristocort | triamcinolone | xolair | cromolyn | deltasone | omalizumab | pepcid | famotidine | corticotropin | dexbrompheniramine | desloratadine | nedocromil | zyrtec | zymine | cyproheptadine | chlorpheniramine / ibuprofen / phenylephrine | zaditor,prednisone | triamcinolone | omalizumab | xolair | cromolyn,995,288,288,995,1000,0,1000,0.4,0.4,1.0,0.3534288185372191,0.5,1.0,1.0,0.6166037703285326,0.25,1.0,1.0,0.6166037703285326,0.3333333333333333,1.0,1.0,1.0,1.0,0.0,1.0,1.0
label_idf_only,eval_0131,erythromycin | sulfamethoxazole / trimethoprim | doxycycline | dexamethasone | ceftriaxone | ciprofloxacin | lansoprazole | cefotaxime | minocycline | pyridoxine | azithromycin | prednisone | dexamethasone intensol | floxin | ampicillin | cipro | ofloxacin | atovaquone | pyrimethamine | clindamycin,azithromycin | prednisone | ceftriaxone,1000,449,449,1000,1000,0,1000,0.2,0.3333333333333333,1.0,0.19694551601238366,0.1,0.3333333333333333,1.0,0.19694551601238366,0.15,1.0,1.0,0.42919552429085817,0.2,1.0,1.0,1.0,1.0,0.0,1.0,1.0
label_idf_only,eval_0121,hydroxychloroquine | doxycycline | doxy 100 | lotemax | deltasone | corticotropin | methylprednisolone | medrol dosepak | loteprednol | dexamethasone | canakinumab | kenalog-40 | aspirin | amoxicillin | prednisone | prednisolone | triamcinolone | clindamycin | lithium | malarone,doxycycline | hydroxychloroquine,1000,287,287,1000,1000,0,1000,0.4,1.0,1.0,1.0,0.2,1.0,1.0,1.0,0.1,1.0,1.0,1.0,1.0,1.0,1.0,1.0,1.0,0.0,1.0,1.0
label_idf_only,eval_0135,diltiazem | calan sr | nifedipine | nadolol | corgard | coreg cr | coreg | norvasc | metoprolol tartrate | metoprolol | verelan pm | verapamil | carvedilol | lopressor | nitroglycerin | lisinopril | caduet | toprol-xl | timolol | bisoprolol,propranolol | metoprolol,1000,335,335,1000,1000,0,1000,0.0,0.0,0.0,0.0,0.1,0.5,1.0,0.17723928678404774,0.05,0.5,1.0,0.17723928678404774,0.1,1.0,1.0,1.0,1.0,0.0,1.0,1.0
label_idf_only,eval_0117,ery pads | minocycline | durasal | tetracycline | altabax | minolira | binora | alquam-x acne therapy gel | minocin | doryx | winlevi | junel fe 1.5 / 30 | junel fe 1 / 20 | dulcolax milk of magnesia | fostex wash 10% | fostex medicated cleansing cream | altreno | keflex | vincasar pfs | vincristine,adapalene / benzoyl peroxide,273,273,273,273,1000,0,1000,0.0,0.0,0.0,0.0,0.0,0.0,0.0,0.0,0.0,0.0,0.0,0.0,0.0,1.0,1.0,1.0,1.0,0.0,1.0,1.0
label_idf_only,eval_0116,lisinopril | gabapentin | quinapril | captopril | enalapril | perindopril | cozaar | moexipril | vasotec | losartan | ramipril | trandolapril | benazepril | avapro | hydrochlorothiazide | altace | irbesartan | fosinopril | lyrica | nortriptyline,gabapentin | pregabalin | topiramate | clonidine | onabotulinumtoxina,1000,651,637,1000,1000,0,1000,0.2,0.2,1.0,0.1676255297126334,0.1,0.2,1.0,0.1676255297126334,0.05,0.2,1.0,0.1676255297126334,0.5,1.0,1.0,1.0,1.0,0.0,1.0,1.0
label_idf_only,eval_0104,rifabutin | prednisone | mylanta | zegerid otc | zegerid | moxifloxacin | mintox plus | mintox | minocycline | milantex | mi-acid | metoclopramide | ciprofloxacin | cimetidine | chloramphenicol | tums smoothies | carafate | tums regular strength | tums chewy bites with gas relief (lemon & strawberry) | tricitrasol,rifabutin,1000,227,116,1000,1000,0,1000,0.2,1.0,1.0,1.0,0.1,1.0,1.0,1.0,0.05,1.0,1.0,1.0,1.0,1.0,1.0,1.0,1.0,0.0,0.0,1.0
label_idf_only,eval_0122,ery-tab | medrol | cefprozil | ceftibuten | ceftin | ceftriaxone | cefuroxime | cefzil | umeclidinium | umeclidinium / vilanterol | uniphyl | maxair | maxair autohaler | medrol dosepak | cefixime | ciclesonide | ventolin | ventolin hfa | cilastatin / imipenem | mepolizumab,prednisone,1000,221,221,1000,1000,0,1000,0.0,0.0,0.0,0.0,0.0,0.0,0.0,0.0,0.0,0.0,0.0,0.0,0.0,1.0,1.0,1.0,1.0,0.0,0.0,1.0
label_idf_only,eval_0125,amitriptyline | sulfamethoxazole / trimethoprim | ceftriaxone | lactobacillus acidophilus | hydroxyzine | phosphorated carbohydrate solution | minocycline | ampicillin | ofloxacin | elavil | atarax | ciprofloxacin | cipro | doxycycline | furadantin | risperdal m-tab | risperdal | amikacin | risperidone | fosfomycin,doxycycline | sulfamethoxazole / trimethoprim | azithromycin,303,303,172,172,1000,0,1000,0.2,0.3333333333333333,1.0,0.3597186998521971,0.1,0.3333333333333333,1.0,0.3597186998521971,0.1,0.6666666666666666,1.0,0.45700674962333043,0.5,1.0,1.0,1.0,1.0,0.0,1.0,1.0
label_idf_only,eval_0138,"propylthiouracil | sodium iodide-i-131 | calcifediol | calcitriol | calcium lactate | calcium phosphate, tribasic | parathyroid hormone | ergocalciferol | botox | pima | drysol | oxybutynin | onabotulinumtoxina | xerac ac | clonidine | methimazole | catapres | potassium iodide | terazosin | tapazole",thyroid desiccated | armour thyroid,688,132,132,688,1000,0,1000,0.0,0.0,0.0,0.0,0.0,0.0,0.0,0.0,0.0,0.0,0.0,0.0,0.0,1.0,1.0,1.0,1.0,0.0,1.0,1.0
label_idf_only,eval_0130,flanax pain reliever | triamcinolone | doxycycline | naproxen | naprosyn | aleve | ibuprofen | sucralfate | moxifloxacin | bactrim | septra ds | doxy 100 | ditropan xl | ofloxacin | smz-tmp ds | avelox | oxybutynin | ciprofloxacin | cephalexin | lidocaine,prednisone | enbrel | naproxen,573,273,273,573,1000,0,1000,0.2,0.3333333333333333,1.0,0.24554621279155467,0.1,0.3333333333333333,1.0,0.24554621279155467,0.05,0.3333333333333333,1.0,0.24554621279155467,0.25,1.0,1.0,1.0,1.0,0.0,1.0,1.0
label_idf_only,eval_0129,prednisone | depakote er | clonazepam | clonidine | corgard | nadolol | zolmitriptan | nimodipine | nortriptyline | metoclopramide | norvasc | diclofenac | divalproex sodium | pamelor | elavil | propranolol | metoprolol | depakote | verelan pm | sumatriptan,propranolol,1000,179,179,1000,1000,0,1000,0.0,0.0,0.0,0.0,0.0,0.0,0.0,0.0,0.05,1.0,1.0,0.24465054211822604,0.0625,1.0,1.0,1.0,1.0,0.0,1.0,1.0
label_idf_only,eval_0133,prednisolone | kenalog-40 | enbrel | doxycycline | otrexup | otezla | dexamethasone | cosentyx | minocycline | methylprednisolone | methotrexate | ustekinumab | triamcinolone | prednisone | kenalog-10 | apremilast | tetracycline | etanercept | adalimumab | secukinumab,prednisone | enbrel | stelara | ustekinumab | adalimumab,1000,393,393,1000,1000,0,1000,0.2,0.2,1.0,0.1773358924761597,0.1,0.2,1.0,0.1773358924761597,0.2,0.8,1.0,0.41576579128434593,0.3333333333333333,1.0,1.0,1.0,1.0,0.0,1.0,1.0
label_idf_only,eval_0146,pramlintide | bydureon bcise | tresiba | tretinoin | linagliptin | linagliptin / metformin | trijardy xr | canagliflozin | canagliflozin / metformin | liraglutide | lisinopril | lixisenatide | capsaicin | trulicity | captopril | capzasin-hp | carbamazepine | losartan | tzield | lyrica,liraglutide | victoza,1000,228,228,1000,1000,0,1000,0.0,0.0,0.0,0.0,0.1,0.5,1.0,0.17723928678404774,0.05,0.5,1.0,0.17723928678404774,0.1,1.0,1.0,1.0,1.0,0.0,1.0,1.0
label_idf_only,eval_0151,prednisone | chlor-trimeton | promethazine | epinephrine | phenergan | diphenhydramine | olopatadine | dexchlorpheniramine | desloratadine | deltasone | cyproheptadine | xyzal | claritin | clarinex | chlorpheniramine | zyrtec | cetirizine | benadryl | famotidine | loratadine,prednisone | promethazine | cyproheptadine,1000,558,558,1000,1000,0,1000,0.4,0.6666666666666666,1.0,0.5939462358400547,0.2,0.6666666666666666,1.0,0.5939462358400547,0.15,1.0,1.0,0.7359551894831623,1.0,1.0,1.0,1.0,1.0,0.0,1.0,1.0
label_idf_only,eval_0150,rifabutin | clonidine | sodium bicarbonate | vocabria | delstrigo | nevirapine | darunavir | zidovudine | ziagen | complera | combivir | cobicistat / elvitegravir / emtricitabine / tenofovir alafenamide | cobicistat / elvitegravir / emtricitabine / tenofovir | cobicistat / darunavir / emtricitabine / tenofovir alafenamide | cobicistat / darunavir | cobicistat | viramune xr | viread | norvir | viramune,rifabutin,1000,119,119,1000,1000,0,1000,0.2,1.0,1.0,1.0,0.1,1.0,1.0,1.0,0.05,1.0,1.0,1.0,1.0,1.0,1.0,1.0,1.0,0.0,0.0,1.0
label_idf_only,eval_0136,prednisone | dexamethasone | prednisolone | adalimumab | remicade | humira | hydrocortisone | infliximab | triamcinolone | methylprednisolone | methotrexate | doxycycline | minocycline | otezla | cosentyx | ustekinumab | kenalog-40 | kenalog-10 | betamethasone | stelara,prednisone | dexamethasone | adalimumab | humira | methylprednisolone,1000,393,393,1000,1000,0,1000,0.6,0.6,1.0,0.6049390458744345,0.5,1.0,1.0,0.8236936243218729,0.25,1.0,1.0,0.8236936243218729,1.0,1.0,1.0,1.0,1.0,0.0,1.0,1.0
label_idf_only,eval_0134,sodium bicarbonate | insulin regular | bromocriptine | pramlintide | trulicity | tretinoin | linagliptin | linagliptin / metformin | trijardy xr | canagliflozin | canagliflozin / metformin | liraglutide | lisinopril | lixisenatide | capsaicin | captopril | byetta | capzasin-hp | carbamazepine | losartan,liraglutide | victoza,1000,282,282,1000,1000,0,1000,0.0,0.0,0.0,0.0,0.0,0.0,0.0,0.0,0.05,0.5,1.0,0.1656957657652295,0.08333333333333333,1.0,1.0,1.0,1.0,0.0,1.0,1.0
label_idf_only,eval_0156,"calcifediol | calcium lactate | calcium phosphate, tribasic | parathyroid hormone | ergocalciferol | calcitriol | propylthiouracil | sodium iodide-i-131 | triostat | vandetanib | cenestin | unithroid | levoxyl | liotrix | liothyronine | climara | levothyroxine | levothroid | cabozantinib | cinacalcet",thyroid desiccated | armour thyroid | levothyroxine,1000,132,132,1000,1000,0,1000,0.0,0.0,0.0,0.0,0.0,0.0,0.0,0.0,0.05,0.3333333333333333,1.0,0.1367268355849802,0.058823529411764705,1.0,1.0,1.0,1.0,0.0,0.0,1.0
label_idf_only,eval_0142,trospium | risperdal m-tab | paliperidone | doxycycline | itraconazole | allopurinol | bethanechol | fosfomycin | minocycline | risperdal | furadantin | doryx | risperidone | keflex | duricef | rocephin | amikacin | monurol | pentosan polysulfate sodium | amitriptyline,doxycycline,172,172,172,172,1000,0,1000,0.2,1.0,1.0,0.43067655807339306,0.1,1.0,1.0,0.43067655807339306,0.05,1.0,1.0,0.43067655807339306,0.25,1.0,1.0,1.0,1.0,0.0,1.0,1.0
label_idf_only,eval_0145,erythromycin | cedax | cefixime | cefpodoxime | cefprozil | ceftibuten | ceftin | ceftriaxone | cefuroxime | cefzil | vantin | medrol dosepak | ciclesonide | cilastatin / imipenem | cipro | ciprofloxacin | clarithromycin | methylprednisolone | mometasone | moxifloxacin,azithromycin | prednisone,1000,221,221,1000,1000,0,1000,0.0,0.0,0.0,0.0,0.0,0.0,0.0,0.0,0.0,0.0,0.0,0.0,0.0,1.0,1.0,1.0,1.0,0.0,1.0,1.0
label_idf_only,eval_0144,ertapenem | vancocin | metronidazole | cleocin phosphate | cleocin pediatric | cleocin | clarithromycin | claforan | ciprofloxacin | meropenem | vibativ | cilastatin / imipenem | vantin | vancomycin | vancocin hcl pulvules | vancocin hcl | maxipime | cefixime | maxaron forte | unasyn,doxycycline | azithromycin,1000,132,132,1000,1000,0,1000,0.0,0.0,0.0,0.0,0.0,0.0,0.0,0.0,0.0,0.0,0.0,0.0,0.0,1.0,1.0,1.0,1.0,0.0,1.0,1.0
label_idf_only,eval_0155,prednisolone | imuran | mycophenolate mofetil | methylprednisolone | vimovo | diclofenac | cellcept | triamcinolone | duexis | infliximab | sulfazine | sulfasalazine | azulfidine | prednisone | azathioprine | hydrocortisone | humira | simponi | golimumab | remicade,adalimumab | humira,525,311,311,525,1000,0,1000,0.0,0.0,0.0,0.0,0.0,0.0,0.0,0.0,0.05,0.5,1.0,0.14704034066641014,0.058823529411764705,1.0,1.0,1.0,1.0,0.0,1.0,1.0
label_idf_only,eval_0163,filgrastim | sodium bicarbonate | tenofovir | lamivudine | viread | clonidine | epivir-hbv | rifabutin | ziagen | cobicistat / darunavir / emtricitabine / tenofovir alafenamide | cobicistat / elvitegravir / emtricitabine / tenofovir | cobicistat / elvitegravir / emtricitabine / tenofovir alafenamide | combivir | complera | nevirapine | zidovudine | nelfinavir | darunavir | cobicistat | delstrigo,tenofovir | viread,1000,119,119,1000,1000,0,1000,0.4,1.0,1.0,0.5437713091520254,0.2,1.0,1.0,0.5437713091520254,0.1,1.0,1.0,0.5437713091520254,0.3333333333333333,1.0,1.0,1.0,1.0,0.0,1.0,1.0
label_idf_only,eval_0148,pramosone | ustekinumab | mebendazole | medotar | chlorpromazine | vectical | methotrexate | methoxsalen | methylprednisolone | mg217 medicated tar | clobetasol | clobex | clocortolone | cloderm | coal tar | coal tar / salicylic acid / sulfur | coal tar/salicylic acid | coal tar/salicylic acid/sulfur | wynzora | chloramphenicol,enbrel,726,164,164,726,1000,0,1000,0.0,0.0,0.0,0.0,0.0,0.0,0.0,0.0,0.0,0.0,0.0,0.0,0.0,1.0,1.0,1.0,1.0,0.0,1.0,1.0
label_idf_only,eval_0171,erythromycin | cedax | cefixime | cefpodoxime | cefprozil | ceftibuten | ceftin | ceftriaxone | cefuroxime | cefzil | vantin | medrol dosepak | ciclesonide | cilastatin / imipenem | cipro | ciprofloxacin | clarithromycin | methylprednisolone | mometasone | moxifloxacin,prednisone,1000,221,221,1000,1000,0,1000,0.0,0.0,0.0,0.0,0.0,0.0,0.0,0.0,0.0,0.0,0.0,0.0,0.0,1.0,1.0,1.0,1.0,0.0,0.0,1.0
label_idf_only,eval_0177,a-g profen | tofacitinib | celestone soluspan | cellcept | upadacitinib | certolizumab | ustekinumab | valdecoxib | meclofenamate | medrol | medrol dosepak | choline magnesium trisalicylate | meloxicam | chondroitin / glucosamine | chondroitin / glucosamine / methylsulfonylmethane | cidaflex | menthac arthritis cream with capsaicin | mentholatum deep heating | cimzia | vicodin,diclofenac | tramadol | acetaminophen / hydrocodone,420,255,255,420,1000,0,1000,0.0,0.0,0.0,0.0,0.0,0.0,0.0,0.0,0.0,0.0,0.0,0.0,0.0,1.0,1.0,1.0,1.0,0.0,1.0,1.0
label_idf_only,eval_0180,ery pads | minocycline | durasal | tetracycline | altabax | minolira | binora | alquam-x acne therapy gel | minocin | doryx | winlevi | junel fe 1.5 / 30 | junel fe 1 / 20 | dulcolax milk of magnesia | fostex wash 10% | fostex medicated cleansing cream | altreno | keflex | vincasar pfs | vincristine,adapalene / benzoyl peroxide,273,273,273,273,1000,0,1000,0.0,0.0,0.0,0.0,0.0,0.0,0.0,0.0,0.0,0.0,0.0,0.0,0.0,1.0,1.0,1.0,1.0,0.0,1.0,1.0
label_idf_only,eval_0175,"calcitriol | calcifediol | ergocalciferol | calcium lactate | parathyroid hormone | calcium phosphate, tribasic | propylthiouracil | sodium iodide-i-131 | liotrix | wp thyroid | unithroid | cenestin | liothyronine | vandetanib | cinacalcet | climara | westhroid | triostat | cometriq | levothyroxine",thyroid desiccated | armour thyroid | levothyroxine,634,132,132,634,1000,0,1000,0.0,0.0,0.0,0.0,0.0,0.0,0.0,0.0,0.05,0.3333333333333333,1.0,0.10684080426179023,0.05,1.0,1.0,1.0,1.0,0.0,1.0,1.0
label_idf_only,eval_0183,esomeprazole | sucralfate | pepcid | pantoprazole | omeprazole / sodium bicarbonate | omeprazole | nexium | zantac | cimetidine | calcium carbonate | lansoprazole | carafate | ranitidine | rabeprazole | famotidine | protonix | reglan | nexium 24hr | prevacid | pepcid ac chewable tablets,aciphex | dexlansoprazole | rabeprazole | esomeprazole | lansoprazole | nexium,721,109,109,721,1000,0,1000,0.2,0.16666666666666666,1.0,0.33916020527361607,0.2,0.3333333333333333,1.0,0.4034698846650846,0.2,0.6666666666666666,1.0,0.5653322093094242,1.0,1.0,1.0,1.0,1.0,0.0,1.0,1.0
label_idf_only,eval_0187,pramosone | ustekinumab | mebendazole | medotar | chlorpromazine | vectical | methotrexate | methoxsalen | methylprednisolone | mg217 medicated tar | clobetasol | clobex | clocortolone | cloderm | coal tar | coal tar / salicylic acid / sulfur | coal tar/salicylic acid | coal tar/salicylic acid/sulfur | wynzora | chloramphenicol,enbrel,726,164,164,726,1000,0,1000,0.0,0.0,0.0,0.0,0.0,0.0,0.0,0.0,0.0,0.0,0.0,0.0,0.0,1.0,1.0,1.0,1.0,0.0,1.0,1.0
label_idf_only,eval_0185,prednisone | chlor-trimeton | promethazine | phenergan | diphenhydramine | olopatadine | dexchlorpheniramine | desloratadine | deltasone | zyrtec | cyproheptadine | xyzal | claritin | clarinex | chlorpheniramine | epinephrine | cetirizine | benadryl | famotidine | fexofenadine,promethazine | cyproheptadine,672,558,511,625,1000,0,1000,0.2,0.5,1.0,0.3065735963827292,0.1,0.5,1.0,0.3065735963827292,0.1,1.0,1.0,0.4776066804504473,0.3333333333333333,1.0,1.0,1.0,1.0,0.0,1.0,1.0
label_idf_only,eval_0190,prednisone | cellcept | hydrocortisone | dexamethasone | methylprednisolone | mycophenolate mofetil | triamcinolone | imuran | azathioprine | medrol dosepak | betamethasone | pancreatin | humira | diclofenac | infliximab | sulfazine | sulfasalazine | azulfidine | duexis | famotidine / ibuprofen,adalimumab | humira | infliximab | remicade,672,346,346,672,1000,0,1000,0.0,0.0,0.0,0.0,0.0,0.0,0.0,0.0,0.1,0.5,1.0,0.2001281511162473,0.07692307692307693,1.0,1.0,1.0,1.0,0.0,1.0,1.0
label_idf_only,eval_0184,memantine | amitriptyline | elavil | venlafaxine | magnesium oxide | cefpodoxime | cefprozil | ceftin | ceftriaxone | cefuroxime | cefzil | cephalexin | allopurinol | vantin | cefdinir | cipro | clarithromycin | moxifloxacin | doryx | doxycycline,amitriptyline | venlafaxine | elavil | azithromycin,1000,347,347,1000,1000,0,1000,0.6,0.75,1.0,0.6298567811414983,0.3,0.75,1.0,0.6298567811414983,0.15,0.75,1.0,0.6298567811414983,0.5,1.0,1.0,1.0,1.0,0.0,0.0,1.0
label_idf_only,eval_0178,ertapenem | vancocin | cleocin phosphate | cleocin pediatric | cleocin hcl | cleocin | clarithromycin | claforan | ciprofloxacin | meropenem | vibativ | cilastatin / imipenem | vantin | vancomycin | vancocin hcl pulvules | vancocin hcl | maxipime | cefixime | maxaron forte | unasyn,doxycycline | azithromycin,1000,132,132,1000,1000,0,1000,0.0,0.0,0.0,0.0,0.0,0.0,0.0,0.0,0.0,0.0,0.0,0.0,0.0,1.0,1.0,1.0,1.0,0.0,1.0,1.0
label_idf_only,eval_0188,"adefovir | viread | hepatitis a adult vaccine / hepatitis b adult vaccine | epivir-hbv | entecavir | peginterferon alfa-2a | diphtheria toxoid / hepatitis b pediatric vaccine / pertussis, acellular / poliovirus vaccine, inactivated / tetanus toxoid | diphtheria and tetanus toxoids / pertussis, acellular / poliovirus vaccine, inactivated / haemophilus b conjugate / hepatitis b vaccine | peginterferon alfa-2b | lamivudine | tenofovir | interferon alfa-2b | hepatitis b pediatric vaccine | hepatitis b immune globulin | hepatitis b adult vaccine | tenofovir alafenamide | mometasone | clobex | clocortolone | cloderm",tenofovir | peginterferon alfa-2a | viread,467,16,16,467,1000,0,1000,0.2,0.3333333333333333,1.0,0.2960819109658653,0.2,0.6666666666666666,1.0,0.4632423659320676,0.15,1.0,1.0,0.5941443561002647,0.5,1.0,1.0,1.0,1.0,0.0,1.0,1.0
label_idf_only,eval_0201,hytrin | catapres | clonidine | terazosin | benztropine | potassium iodide | pima | drysol | oxybutynin | onabotulinumtoxina | xerac ac | botox | methimazole | tapazole | amitriptyline | propylthiouracil | iodine / potassium iodide | aluminum chloride hexahydrate | gabapentin | glycopyrronium,clonidine | catapres,825,22,22,825,1000,0,1000,0.4,1.0,1.0,0.6934264036172708,0.2,1.0,1.0,0.6934264036172708,0.1,1.0,1.0,0.6934264036172708,0.5,1.0,1.0,1.0,1.0,0.0,1.0,1.0
label_idf_only,eval_0199,triamcinolone | doxycycline | flanax pain reliever | aleve | ibuprofen | naprosyn | naproxen | prednisolone | dexamethasone | minocycline | kenalog-40 | tetracycline | hydrocortisone | prednisone | methylprednisolone | levofloxacin | levaquin | cephalexin | smz-tmp ds | avelox,triamcinolone | naproxen,1000,25,25,1000,1000,0,1000,0.2,0.5,1.0,0.46927872602275644,0.2,1.0,1.0,0.7039180890341347,0.1,1.0,1.0,0.7039180890341347,1.0,1.0,1.0,1.0,1.0,0.0,1.0,1.0
label_idf_only,eval_0195,"famotidine | ranitidine | pantoprazole | lansoprazole | omeprazole | cimetidine | ciprofloxacin | dexamethasone | methylprednisolone | prednisone | triamcinolone | benzocaine | levofloxacin | budesonide | aluminum hydroxide / magnesium hydroxide / simethicone | cipro | dupilumab | doxycycline | doryx | diphtheria toxoid / hepatitis b pediatric vaccine / pertussis, acellular / poliovirus vaccine, inactivated / tetanus toxoid",lansoprazole | ranitidine | omeprazole,1000,605,605,1000,1000,0,1000,0.6,1.0,1.0,0.6303377634475975,0.3,1.0,1.0,0.6303377634475975,0.15,1.0,1.0,0.6303377634475975,0.5,1.0,1.0,1.0,1.0,0.0,1.0,1.0
label_idf_only,eval_0192,ery pads | magnesium hydroxide | meted | vibramycin | vestura | veltin | vanoxide-hc | chaparral | cerave sa renewing | clindets | cephalexin | loryna | carboplatin | twyneo | loestrin fe 1 / 20 | loestrin 24 fe | claravis | clarifoam ef | clascoterone | cleanse & treat,isotretinoin | accutane | adapalene / benzoyl peroxide,726,273,273,726,1000,0,1000,0.0,0.0,0.0,0.0,0.0,0.0,0.0,0.0,0.0,0.0,0.0,0.0,0.0,1.0,1.0,1.0,1.0,0.0,1.0,1.0
label_idf_only,eval_0186,prazosin | maxzide-25 | vecamyl | vasotec | chlorthalidone | vaseretic | mecamylamine | chlorothiazide | maxzide | lumigan | valturna | valsartan | matzim la | macitentan | uptravi | univasc | verapamil | verelan pm | methyldopa | metolazone,propranolol,1000,275,275,1000,1000,0,1000,0.0,0.0,0.0,0.0,0.0,0.0,0.0,0.0,0.0,0.0,0.0,0.0,0.0,1.0,1.0,1.0,1.0,0.0,1.0,1.0
label_idf_only,eval_0205,premarin | levoxyl | cometriq | thyquidity | thyroid desiccated | thyrotropin alpha | conjugated estrogens | tirosint | tirosint-sol | lenvatinib | trametinib | levo-t | esterified estrogens | levothroid | levothyroxine | calcifediol | teriparatide | cytomel | natpara | calcitriol,thyroid desiccated | armour thyroid | levothyroxine,87,61,61,87,1000,0,1000,0.2,0.3333333333333333,1.0,0.1815417925373527,0.1,0.3333333333333333,1.0,0.1815417925373527,0.1,0.6666666666666666,1.0,0.2988614740430418,0.2,1.0,1.0,1.0,1.0,0.0,1.0,1.0
label_idf_only,eval_0206,ertapenem | minocycline | cefuroxime | vancocin hcl | vancomycin | cilastatin / imipenem | meropenem | ciprofloxacin | cleocin | cleocin hcl | metronidazole | clindamycin | voriconazole | moxifloxacin | ceftin | zithromax | nafcillin | zosyn | zyvox | dexamethasone,doxycycline | azithromycin | clindamycin,1000,239,239,1000,1000,0,1000,0.0,0.0,0.0,0.0,0.0,0.0,0.0,0.0,0.05,0.3333333333333333,1.0,0.10271583802664228,0.08333333333333333,1.0,1.0,1.0,1.0,0.0,1.0,1.0
label_idf_only,eval_0179,pamelor | elavil | zolmitriptan | nortriptyline | sumatriptan | metoclopramide | amitriptyline | gabapentin | reglan | phenergan | pantoprazole | ciprofloxacin | doxycycline | diphenhydramine | omeprazole | dexamethasone | promethazine | erythromycin | cipro | chlorpromazine,sumatriptan | clonidine,1000,315,315,1000,1000,0,1000,0.2,0.5,1.0,0.272312688806029,0.1,0.5,1.0,0.272312688806029,0.05,0.5,1.0,0.272312688806029,0.2,1.0,1.0,1.0,1.0,0.0,1.0,1.0
label_idf_only,eval_0209,catapres | clonidine | hytrin | terazosin | amitriptyline | gabapentin | onabotulinumtoxina | botox | oxybutynin | xerac ac | tapazole | sodium iodide-i-131 | propylthiouracil | potassium iodide | pima | methimazole | iodine / potassium iodide | hypercare | glycopyrronium | drysol,clonidine | catapres,1000,447,447,1000,1000,0,1000,0.4,1.0,1.0,1.0,0.2,1.0,1.0,1.0,0.1,1.0,1.0,1.0,1.0,1.0,1.0,1.0,1.0,0.0,1.0,1.0
label_idf_only,eval_0204,esomeprazole | zantac | protonix | pepcid | pantoprazole | omeprazole / sodium bicarbonate | omeprazole | nexium | cimetidine | carafate | calcium carbonate | lansoprazole | sucralfate | ranitidine | rabeprazole | famotidine | fluorouracil | ramucirumab | mitomycin | capecitabine,rabeprazole | esomeprazole | lansoprazole,955,80,80,955,1000,0,1000,0.2,0.3333333333333333,1.0,0.4692787260227565,0.1,0.3333333333333333,1.0,0.4692787260227565,0.15,1.0,1.0,0.7134154243608392,1.0,1.0,1.0,1.0,1.0,0.0,1.0,1.0
label_idf_only,eval_0212,vistaril | promethazine | atarax | hydroxyzine | benadryl | phenergan | diphenhydramine | corticotropin | prednisone | doxepin | prednisolone | loteprednol | lotemax | triamcinolone | ciprofloxacin | pantoprazole | doxycycline | omeprazole | dexamethasone | erythromycin,prednisone | promethazine | hydroxyzine | doxycycline | sulfamethoxazole / trimethoprim,991,214,214,991,1000,0,1000,0.4,0.4,1.0,0.4230716319727073,0.3,0.6,1.0,0.503049335032247,0.2,0.8,1.0,0.5667627540184756,0.5,1.0,1.0,1.0,1.0,0.0,1.0,1.0
label_idf_only,eval_0200,minocycline | doxycycline | prednisone | methotrexate | dexamethasone | chloramphenicol | tazarotene | tazorac | tetracycline | enbrel | chlorpromazine | triamcinolone | triclabendazole | trilafon | ultravate | ustekinumab | mebendazole | medotar | vectical | embeline,prednisone | methotrexate | dexamethasone | enbrel | stelara,888,575,575,888,1000,0,1000,0.6,0.6,1.0,0.3818875609005223,0.4,0.8,1.0,0.4899108418458266,0.2,0.8,1.0,0.4899108418458266,0.3333333333333333,1.0,1.0,1.0,1.0,0.0,1.0,1.0
label_idf_only,eval_0196,metoclopramide | reglan | esgic | memantine | verapamil | verelan | verelan pm | methergine | methylergonovine | metoprolol | vitamin b2 | clonazepam | clonidine | migergot | migraine relief | migranal | wellbutrin | motrin | zanaflex | zecuity,lansoprazole | omeprazole | propranolol,1000,222,222,1000,1000,0,1000,0.0,0.0,0.0,0.0,0.0,0.0,0.0,0.0,0.0,0.0,0.0,0.0,0.0,1.0,1.0,1.0,1.0,0.0,1.0,1.0
label_idf_only,eval_0216,flanax pain reliever | triamcinolone | aleve | doxycycline | doxy 100 | ditropan xl | ofloxacin | naproxen | naprosyn | moxifloxacin | ciprofloxacin | cipro | cephalexin | oxybutynin | lidocaine | sucralfate | levofloxacin | septra ds | avelox | ibuprofen,naproxen,372,25,25,372,1000,0,1000,0.0,0.0,0.0,0.0,0.1,1.0,1.0,0.3154648767857287,0.05,1.0,1.0,0.3154648767857287,0.125,1.0,1.0,1.0,1.0,0.0,1.0,1.0
label_idf_only,eval_0210,retapamulin | ammoniated mercury | sulconazole | cefadroxil | cefuroxime | mupirocin | ozenoxacin | altabax | cimetidine | cipro i.v. | cipro | vi-sudo | cinqair | mepolizumab | ventolin hfa | cimduo | cilastatin / imipenem | veramyst | meropenem | ventolin,cefuroxime | mupirocin | retapamulin,1000,8,8,1000,1000,0,1000,0.4,0.6666666666666666,1.0,0.6403937842521121,0.3,1.0,1.0,0.8217377139338126,0.15,1.0,1.0,0.8217377139338126,1.0,1.0,1.0,1.0,1.0,0.0,1.0,1.0
label_idf_only,eval_0217,prednisone | triamcinolone | mometasone | dexamethasone | fluticasone | budesonide | medrol dosepak | methylprednisolone | dupilumab | clobetasol | elocon | desoximetasone | desonide | cloderm | clocortolone | clobex | cordran tape | lidex | betamethasone | hydrocortisone,prednisone,734,49,49,734,1000,0,1000,0.2,1.0,1.0,1.0,0.1,1.0,1.0,1.0,0.05,1.0,1.0,1.0,1.0,1.0,1.0,1.0,1.0,0.0,0.0,1.0
label_idf_only,eval_0198,prednisone | chlor-trimeton | promethazine | epinephrine | phenergan | olopatadine | dexchlorpheniramine | desloratadine | deltasone | zyrtec | cyproheptadine | xyzal | claritin | clarinex | chlorpheniramine | diphenhydramine | cetirizine | benadryl | loratadine | famotidine,promethazine | cyproheptadine,558,76,76,558,1000,0,1000,0.2,0.5,1.0,0.3065735963827292,0.1,0.5,1.0,0.3065735963827292,0.1,1.0,1.0,0.4776066804504473,0.3333333333333333,1.0,1.0,1.0,1.0,0.0,1.0,1.0
label_idf_only,eval_0215,pramlintide | bydureon bcise | tresiba | tretinoin | linagliptin | linagliptin / metformin | trijardy xr | canagliflozin | canagliflozin / metformin | liraglutide | lisinopril | lixisenatide | capsaicin | trulicity | captopril | capzasin-hp | carbamazepine | losartan | tzield | lyrica,liraglutide | victoza,1000,228,228,1000,1000,0,1000,0.0,0.0,0.0,0.0,0.1,0.5,1.0,0.17723928678404774,0.05,0.5,1.0,0.17723928678404774,0.1,1.0,1.0,1.0,1.0,0.0,1.0,1.0
label_idf_only,eval_0221,ery pads | minocycline | durasal | tetracycline | altabax | minolira | binora | alquam-x acne therapy gel | minocin | doryx | winlevi | junel fe 1.5 / 30 | junel fe 1 / 20 | dulcolax milk of magnesia | fostex wash 10% | fostex medicated cleansing cream | altreno | keflex | vincasar pfs | vincristine,isotretinoin | accutane | adapalene / benzoyl peroxide,273,273,273,273,1000,0,1000,0.0,0.0,0.0,0.0,0.0,0.0,0.0,0.0,0.0,0.0,0.0,0.0,0.0,1.0,1.0,1.0,1.0,0.0,1.0,1.0
label_idf_only,eval_0220,pramosone | ustekinumab | mebendazole | medotar | chlorpromazine | vectical | methotrexate | methoxsalen | methylprednisolone | mg217 medicated tar | clobetasol | clobex | clocortolone | cloderm | coal tar | coal tar / salicylic acid / sulfur | coal tar/salicylic acid | coal tar/salicylic acid/sulfur | wynzora | chloramphenicol,enbrel,353,164,164,353,1000,0,1000,0.0,0.0,0.0,0.0,0.0,0.0,0.0,0.0,0.0,0.0,0.0,0.0,0.0,1.0,1.0,1.0,1.0,0.0,1.0,1.0
label_idf_only,eval_0222,a-g profen | tofacitinib | celestone soluspan | cellcept | upadacitinib | certolizumab | ustekinumab | valdecoxib | meclofenamate | medrol | medrol dosepak | choline magnesium trisalicylate | meloxicam | chondroitin / glucosamine | chondroitin / glucosamine / methylsulfonylmethane | cidaflex | menthac arthritis cream with capsaicin | mentholatum deep heating | cimzia | vicodin,diclofenac,403,255,255,403,1000,0,1000,0.0,0.0,0.0,0.0,0.0,0.0,0.0,0.0,0.0,0.0,0.0,0.0,0.0,1.0,1.0,1.0,1.0,0.0,1.0,1.0
label_idf_only,eval_0225,pramlintide | bydureon bcise | tresiba | tretinoin | linagliptin | linagliptin / metformin | trijardy xr | canagliflozin | canagliflozin / metformin | liraglutide | lisinopril | lixisenatide | capsaicin | trulicity | captopril | carbamazepine | losartan | tzield | lyrica | lyumjev,liraglutide | victoza,616,228,228,616,1000,0,1000,0.0,0.0,0.0,0.0,0.1,0.5,1.0,0.17723928678404774,0.05,0.5,1.0,0.17723928678404774,0.1,1.0,1.0,1.0,1.0,0.0,1.0,1.0
label_idf_only,eval_0219,clonidine | catapres | prinivil | calan sr | propranolol | olmesartan | norvasc | nadolol | corgard | verelan pm | verapamil | candesartan | lisinopril | metoprolol | amlodipine | benicar | innopran xl | inderal la | tenormin | inderal,propranolol | spironolactone | clonidine | catapres | terazosin | hytrin | benicar | olmesartan | verapamil,1000,447,447,1000,1000,0,1000,0.6,0.3333333333333333,1.0,0.6843515475204854,0.4,0.4444444444444444,1.0,0.6028590681785545,0.3,0.6666666666666666,1.0,0.7358221875089356,1.0,1.0,1.0,1.0,1.0,0.0,1.0,1.0
label_idf_only,eval_0230,ery-tab | vantin | cefprozil | ceftibuten | ceftin | ceftriaxone | cefuroxime | cefzil | umeclidinium | umeclidinium / vilanterol | uniphyl | maxair | maxair autohaler | medrol | cefixime | medrol dosepak | ciclesonide | ventolin | ventolin hfa | cilastatin / imipenem,prednisone,1000,221,221,1000,1000,0,1000,0.0,0.0,0.0,0.0,0.0,0.0,0.0,0.0,0.0,0.0,0.0,0.0,0.0,1.0,1.0,1.0,1.0,0.0,0.0,1.0
label_idf_only,eval_0229,minocycline | doxycycline | tazarotene | tazorac | tetracycline | erythromycin | dapsone | clindamycin | sulfamethoxazole / trimethoprim | pentamidine | dexamethasone | prednisone | cerave sa renewing | vibramycin | vestura | veltin | vanoxide-hc | chaparral | magnesium hydroxide | loestrin 24 fe,tazarotene | dapsone | clindamycin,802,555,479,726,1000,0,1000,0.2,0.3333333333333333,1.0,0.25454838678859487,0.3,1.0,1.0,0.5282831540876216,0.15,1.0,1.0,0.5282831540876216,0.3333333333333333,1.0,1.0,1.0,1.0,0.0,1.0,1.0
label_idf_only,eval_0235,abacavir | juluca | ziagen | tivicay pd | tivicay | efavirenz / lamivudine / tenofovir | efavirenz / emtricitabine / tenofovir | efavirenz | tipranavir | lamivudine / zidovudine | edurant | lamivudine / tenofovir | lamivudine / nevirapine / zidovudine | abacavir / dolutegravir / lamivudine | genvoya | rukobia | complera | combivir | ritonavir | fuzeon,stribild | efavirenz / emtricitabine / tenofovir,154,119,119,154,1000,0,1000,0.0,0.0,0.0,0.0,0.1,0.5,1.0,0.20438239758848614,0.05,0.5,1.0,0.20438239758848614,0.14285714285714285,1.0,1.0,1.0,1.0,0.0,1.0,1.0
label_idf_only,eval_0231,"ergocalciferol | calcifediol | parathyroid hormone | calcitriol | calcium lactate | calcium phosphate, tribasic | premarin | climara | levoxyl | liothyronine | liotrix | triostat | unithroid | cenestin | vandetanib | cinacalcet | wp thyroid | westhroid | levothroid | cometriq",thyroid desiccated | armour thyroid | levothyroxine,1000,112,112,1000,1000,0,1000,0.0,0.0,0.0,0.0,0.0,0.0,0.0,0.0,0.0,0.0,0.0,0.0,0.0,1.0,1.0,1.0,1.0,0.0,0.0,1.0
label_idf_only,eval_0207,dexamethasone | fluocinolone | clobetasol | capzasin-hp | zostrix | zostrix diabetic foot pain | capsaicin | cymbalta | duloxetine | prednisone | aleve | ibuprofen | naproxen | trijardy xr | tretinoin | linagliptin / metformin | linagliptin | canagliflozin / metformin | tresiba | byetta,duloxetine | cymbalta,1000,476,273,813,1000,0,1000,0.0,0.0,0.0,0.0,0.2,1.0,1.0,0.378002100396839,0.1,1.0,1.0,0.378002100396839,0.125,1.0,1.0,1.0,1.0,0.0,1.0,1.0
label_idf_only,eval_0233,prednisolone | infliximab | prednisone | triamcinolone | remicade | methylprednisolone | cyclosporine | adalimumab | dexamethasone | hydrocortisone | humira | cordran tape | thiothixene | thorazine | pentamidine | yusimry | tildrakizumab | amjevita | gengraf | bryhali,prednisone | adalimumab | humira,238,164,164,238,1000,0,1000,0.2,0.3333333333333333,1.0,0.1696989245257299,0.2,0.6666666666666666,1.0,0.3303010754742701,0.15,1.0,1.0,0.4723100291173777,0.3333333333333333,1.0,1.0,1.0,1.0,0.0,1.0,1.0
label_idf_only,eval_0223,triamcinolone | sucralfate | ciprofloxacin | ofloxacin | levofloxacin | doxycycline | cipro | ibuprofen | naprosyn | naproxen | aleve | flanax pain reliever | oxybutynin | doxy 100 | ditropan xl | lidocaine | moxifloxacin | cephalexin | sulfamethoxazole / trimethoprim | bactrim ds,triamcinolone | sucralfate | prednisone | adalimumab,672,325,325,672,1000,0,1000,0.4,0.5,1.0,0.6357429506707164,0.2,0.5,1.0,0.6357429506707164,0.1,0.5,1.0,0.6357429506707164,1.0,1.0,1.0,1.0,1.0,0.0,1.0,1.0
label_idf_only,eval_0213,hytrin | catapres | clonidine | terazosin | propylthiouracil | sodium iodide-i-131 | botox | onabotulinumtoxina | benztropine | potassium iodide | pima | drysol | oxybutynin | xerac ac | methimazole | tapazole | iodine / potassium iodide | hypercare | glycopyrronium | amitriptyline,clonidine | catapres | terazosin | hytrin,1000,293,293,1000,1000,0,1000,0.8,1.0,1.0,1.0,0.4,1.0,1.0,1.0,0.2,1.0,1.0,1.0,1.0,1.0,1.0,1.0,1.0,0.0,1.0,1.0
label_idf_only,eval_0218,ertapenem | vancocin | metronidazole | cleocin phosphate | cleocin hcl | cleocin | clarithromycin | claforan | ciprofloxacin | meropenem | vibativ | cilastatin / imipenem | vantin | vancomycin | vancocin hcl pulvules | vancocin hcl | maxipime | cefixime | maxaron forte | unasyn,doxycycline | azithromycin,1000,132,132,1000,1000,0,1000,0.0,0.0,0.0,0.0,0.0,0.0,0.0,0.0,0.0,0.0,0.0,0.0,0.0,1.0,1.0,1.0,1.0,0.0,1.0,1.0
label_idf_only,eval_0242,"calcium phosphate, tribasic | ergocalciferol | parathyroid hormone | calcifediol | calcitriol | calcium lactate | westhroid | levoxyl | liothyronine | liotrix | triostat | unithroid | cenestin | vandetanib | cinacalcet | climara | wp thyroid | levothroid | cometriq | conjugated estrogens",thyroid desiccated | armour thyroid | levothyroxine,1000,385,385,1000,1000,0,1000,0.0,0.0,0.0,0.0,0.0,0.0,0.0,0.0,0.0,0.0,0.0,0.0,0.0,1.0,1.0,1.0,1.0,0.0,0.0,1.0
label_idf_only,eval_0241,baclofen | lioresal | onabotulinumtoxina | botox | lorazepam | dysport | myobloc | xeomin | botulinum toxin type b | incobotulinumtoxina | ativan | abobotulinumtoxina | ioversol | diamox sequels | diamox | iodixanol | iohexol | iopromide | naproxen | ibuprofen,baclofen | onabotulinumtoxina | botox | lioresal | propranolol,1000,187,187,1000,1000,0,1000,0.8,0.8,1.0,0.7541110877910315,0.4,0.8,1.0,0.7541110877910315,0.2,0.8,1.0,0.7541110877910315,1.0,1.0,1.0,1.0,1.0,0.0,1.0,1.0
label_idf_only,eval_0237,acidophilus | cipro | levofloxacin | linezolid | cefazolin | cefepime | ceftin | ceftriaxone | cefuroxime | unasyn | cephalexin | meropenem | lactobacillus acidophilus | vibramycin | ciprofloxacin | minocycline | moxifloxacin | zyvox | diflucan | doripenem,sulfamethoxazole / trimethoprim | bactrim | fluconazole,481,287,287,481,1000,0,1000,0.0,0.0,0.0,0.0,0.0,0.0,0.0,0.0,0.0,0.0,0.0,0.0,0.0,1.0,1.0,1.0,1.0,0.0,1.0,1.0
label_idf_only,eval_0244,hydroxychloroquine | doxycycline | doxy 100 | depakote er | lithium | valproic acid | depakote | divalproex sodium | prednisone | deltasone | depakote sprinkles | thorazine | daraprim | clindamycin | mefloquine | chlorpromazine | chloroquine | malarone | lariam | coartem,doxycycline | prednisone | methylprednisolone | hydroxychloroquine | doxy 100 | deltasone | diclofenac | naproxen,1000,446,446,1000,1000,0,1000,0.6,0.375,1.0,0.7227265726449517,0.5,0.625,1.0,0.7280920761425088,0.25,0.625,1.0,0.7280920761425088,1.0,1.0,1.0,1.0,1.0,0.0,1.0,1.0
label_idf_only,eval_0252,esgic | valproic acid | venlafaxine | verapamil | verelan | verelan pm | methergine | methylergonovine | metoclopramide | metoprolol | vitamin b2 | clonazepam | clonidine | migergot | migraine relief | migranal | wellbutrin | motrin | zanaflex | zecuity,gabapentin | propranolol,1000,179,179,1000,1000,0,1000,0.0,0.0,0.0,0.0,0.0,0.0,0.0,0.0,0.0,0.0,0.0,0.0,0.0,1.0,1.0,1.0,1.0,0.0,1.0,1.0
label_idf_only,eval_0227,"ampicillin | typhoid vaccine, inactivated | typhoid vaccine, live | ceftriaxone | cipro | ciprofloxacin | azithromycin | cidofovir | cisatracurium | ciprofloxacin / dexamethasone | ciprodex | mepron | cimetidine | chorionic gonadotropin (hcg) | menotropins | ciclesonide | memantine | citalopram | melatonin | mekinist",ceftriaxone | ciprofloxacin,1000,7,7,1000,1000,0,1000,0.2,0.5,1.0,0.20210734650054757,0.2,1.0,1.0,0.45284802894985104,0.1,1.0,1.0,0.45284802894985104,0.25,1.0,1.0,1.0,1.0,0.0,0.0,1.0
label_idf_only,eval_0232,prednisolone | cyproheptadine | dexbrompheniramine / phenylephrine | dexbrompheniramine | desloratadine | deltasone | nedocromil | zyrtec | zymine | cromolyn | chlorpheniramine | corticotropin | zaditor | xyzal | xolair | vistaril | claritin | clarinex | dexchlorpheniramine | olopatadine,prednisone | promethazine,558,76,76,558,1000,0,1000,0.0,0.0,0.0,0.0,0.0,0.0,0.0,0.0,0.0,0.0,0.0,0.0,0.0,1.0,1.0,1.0,1.0,0.0,1.0,1.0
label_idf_only,eval_0257,esomeprazole | cimetidine | protonix | pantoprazole | omeprazole / sodium bicarbonate | omeprazole | nexium | zantac | pepcid | carafate | lansoprazole | sucralfate | ranitidine | rabeprazole | famotidine | calcium carbonate | vedolizumab | methylprednisolone | vimovo | methscopolamine,rabeprazole | esomeprazole | lansoprazole,468,80,80,468,1000,0,1000,0.2,0.3333333333333333,1.0,0.4692787260227565,0.1,0.3333333333333333,1.0,0.4692787260227565,0.15,1.0,1.0,0.720296371989005,1.0,1.0,1.0,1.0,1.0,0.0,1.0,1.0
label_idf_only,eval_0251,oxybutynin | doxycycline | naproxen | naprosyn | triamcinolone | ibuprofen | aleve | flanax pain reliever | methimazole | propylthiouracil | pima | drysol | onabotulinumtoxina | xerac ac | clonidine | potassium iodide | catapres | hypercare | botox | aluminum chloride hexahydrate,prednisone | enbrel | naproxen | triamcinolone | ibuprofen,690,294,294,690,1000,0,1000,0.4,0.4,1.0,0.28322728792630303,0.3,0.6,1.0,0.4163416122730191,0.15,0.6,1.0,0.4163416122730191,0.3333333333333333,1.0,1.0,1.0,1.0,0.0,1.0,1.0
label_idf_only,eval_0249,prednisone | ciprofloxacin | doxycycline | dexamethasone | moxifloxacin | minocycline | rifampin | levofloxacin | lansoprazole | gentamicin | amikacin | carafate | zegerid | mintox plus | mintox | milantex | mi-acid | metoclopramide | cimetidine | chloramphenicol,doxycycline,1000,230,230,1000,1000,0,1000,0.2,1.0,1.0,0.5,0.1,1.0,1.0,0.5,0.05,1.0,1.0,0.5,0.3333333333333333,1.0,1.0,1.0,1.0,0.0,1.0,1.0
label_idf_only,eval_0246,sodium iodide-i-131 | propylthiouracil | catapres | clonidine | terazosin | hytrin | onabotulinumtoxina | amitriptyline | xerac ac | tapazole | potassium iodide | pima | oxybutynin | aluminum chloride hexahydrate | methimazole | hypercare | glycopyrronium | gabapentin | drysol | botox,thyroid desiccated | armour thyroid | levothyroxine,1000,352,126,1000,1000,0,1000,0.0,0.0,0.0,0.0,0.0,0.0,0.0,0.0,0.0,0.0,0.0,0.0,0.0,1.0,1.0,1.0,1.0,0.0,0.0,1.0
label_idf_only,eval_0260,smz-tmp ds | aleve | cephalexin | septra ds | triamcinolone | lidocaine | naproxen | levofloxacin | levaquin | moxifloxacin | doxycycline | doxy 100 | oxybutynin | naprosyn | ditropan xl | bactrim | avelox | ciprofloxacin | ibuprofen | ofloxacin,naproxen,273,25,25,273,1000,0,1000,0.0,0.0,0.0,0.0,0.1,1.0,1.0,0.3333333333333333,0.05,1.0,1.0,0.3333333333333333,0.14285714285714285,1.0,1.0,1.0,1.0,0.0,1.0,1.0
label_idf_only,eval_0250,foscarnet | immune globulin intramuscular | amitriptyline | nortriptyline | metoclopramide | gabapentin | reglan | erythromycin | cipro | doxycycline | dexamethasone | sulfamethoxazole / trimethoprim | ciprofloxacin | ceftriaxone | prednisone | varicella virus vaccine | varicella zoster immune globulin | valtrex | valacyclovir | measles virus vaccine / mumps virus vaccine / rubella virus vaccine / varicella virus vaccine,valacyclovir | valtrex | acyclovir,1000,322,322,1000,1000,0,1000,0.0,0.0,0.0,0.0,0.0,0.0,0.0,0.0,0.1,0.6666666666666666,1.0,0.21905326806013103,0.05555555555555555,1.0,1.0,1.0,1.0,0.0,1.0,1.0
label_idf_only,eval_0261,pramosone | mometasone | compazine | amevive | thiothixene | thorazine | pentamidine | yusimry | tildrakizumab | amjevita | gengraf | cordran tape | ammonium lactate / halobetasol | brodalumab | perphenazine | topicort | bryhali | topicort lp | cosentyx | theraplex t,enbrel,164,164,164,164,1000,0,1000,0.0,0.0,0.0,0.0,0.0,0.0,0.0,0.0,0.0,0.0,0.0,0.0,0.0,1.0,1.0,1.0,1.0,0.0,1.0,1.0
label_idf_only,eval_0264,dexamethasone | mycophenolate mofetil | methylprednisolone | cellcept | triamcinolone | hydrocortisone | azathioprine | prednisone | imuran | sulfazine | vimovo | diclofenac | duexis | infliximab | prednisolone | sulfasalazine | humira | simponi | golimumab | remicade,adalimumab | humira | infliximab | remicade,672,346,346,672,1000,0,1000,0.0,0.0,0.0,0.0,0.0,0.0,0.0,0.0,0.15,0.75,1.0,0.28241683227676245,0.07142857142857142,1.0,1.0,1.0,1.0,0.0,1.0,1.0
label_idf_only,eval_0268,prednisolone | acthar | aristocort | triamcinolone | lotemax | loteprednol | corticotropin | deltasone | prednisone | zymine | dexchlorpheniramine | dexbrompheniramine / phenylephrine | dexbrompheniramine | desloratadine | nedocromil | zyrtec | xolair | cyproheptadine | cromolyn | zaditor,prednisone | triamcinolone | prednisolone | loteprednol | lotemax,340,322,322,340,1000,0,1000,0.6,0.6,1.0,0.5342710881625681,0.5,1.0,1.0,0.7562045749407468,0.25,1.0,1.0,0.7562045749407468,1.0,1.0,1.0,1.0,1.0,0.0,1.0,1.0
label_idf_only,eval_0267,cefuroxime | retapamulin | altabax | bactrim | septra | septra ds | vibramycin | doxy 100 | doxycycline | smz-tmp ds | minocycline | clindamycin | keflex | bactrim ds | sulfamethoxazole / trimethoprim | cephalexin | ozenoxacin | cefadroxil | ammoniated mercury | sulconazole,isotretinoin | accutane | adapalene / benzoyl peroxide | doxycycline | cefuroxime | mupirocin | retapamulin,726,425,425,726,1000,0,1000,0.4,0.2857142857142857,1.0,0.3687643133387624,0.3,0.42857142857142855,1.0,0.40735160066226384,0.15,0.42857142857142855,1.0,0.40735160066226384,1.0,1.0,1.0,1.0,1.0,0.0,1.0,1.0
label_idf_only,eval_0253,pramosone | mometasone | compazine | amevive | thiothixene | thorazine | pentamidine | yusimry | tildrakizumab | amjevita | gengraf | cordran tape | ammonium lactate / halobetasol | brodalumab | perphenazine | topicort | bryhali | topicort lp | cosentyx | theraplex t,prednisone | enbrel,164,164,164,164,1000,0,1000,0.0,0.0,0.0,0.0,0.0,0.0,0.0,0.0,0.0,0.0,0.0,0.0,0.0,1.0,1.0,1.0,1.0,0.0,1.0,1.0
label_idf_only,eval_0276,erythromycin | cedax | cefixime | cefpodoxime | cefprozil | ceftibuten | ceftin | ceftriaxone | cefuroxime | cefzil | vantin | medrol dosepak | ciclesonide | cilastatin / imipenem | cipro | ciprofloxacin | clarithromycin | methylprednisolone | mometasone | moxifloxacin,prednisone,1000,221,221,1000,1000,0,1000,0.0,0.0,0.0,0.0,0.0,0.0,0.0,0.0,0.0,0.0,0.0,0.0,0.0,1.0,1.0,1.0,1.0,0.0,0.0,1.0
label_idf_only,eval_0277,pramlintide | bydureon bcise | tresiba | tretinoin | linagliptin | linagliptin / metformin | trijardy xr | canagliflozin | canagliflozin / metformin | liraglutide | lisinopril | lixisenatide | capsaicin | trulicity | captopril | capzasin-hp | carbamazepine | losartan | tzield | lyrica,liraglutide | victoza,453,228,228,453,1000,0,1000,0.0,0.0,0.0,0.0,0.1,0.5,1.0,0.17723928678404774,0.05,0.5,1.0,0.17723928678404774,0.1,1.0,1.0,1.0,1.0,0.0,1.0,1.0
label_idf_only,eval_0272,prednisone | triamcinolone | mycophenolate mofetil | dexamethasone | cellcept | imuran | methylprednisolone | azathioprine | hydrocortisone | budesonide | mercaptopurine | medrol dosepak | betamethasone | pancreatin | cutivate | crisaborole | desonide | creon | olux-e | desoximetasone,budesonide,659,346,126,439,1000,0,1000,0.0,0.0,0.0,0.0,0.1,1.0,1.0,0.2890648263178879,0.05,1.0,1.0,0.2890648263178879,0.1,1.0,1.0,1.0,1.0,0.0,1.0,1.0
label_idf_only,eval_0262,capsaicin | interferon gamma-1b | riabni | ridaura | bextra | duexis | rinvoq | duloxetine | minocycline | bioflavonoids | bioflavonoids / zinc glycinate | tetracycline | rituxan | rituximab | xeljanz | xeljanz xr | colchicine / probenecid | durolane | kenalog-10 | kenalog-40,diclofenac | tramadol | acetaminophen / hydrocodone,273,255,255,273,1000,0,1000,0.0,0.0,0.0,0.0,0.0,0.0,0.0,0.0,0.0,0.0,0.0,0.0,0.0,1.0,1.0,1.0,1.0,0.0,1.0,1.0
label_idf_only,eval_0275,trospium | risperdal m-tab | paliperidone | doxycycline | itraconazole | allopurinol | bethanechol | fosfomycin | minocycline | risperdal | furadantin | doryx | risperidone | keflex | duricef | rocephin | amikacin | monurol | pentosan polysulfate sodium | amitriptyline,doxycycline,172,172,172,172,1000,0,1000,0.2,1.0,1.0,0.43067655807339306,0.1,1.0,1.0,0.43067655807339306,0.05,1.0,1.0,0.43067655807339306,0.25,1.0,1.0,1.0,1.0,0.0,1.0,1.0
label_idf_only,eval_0271,tretinoin | bydureon | byetta | tresiba | linagliptin | linagliptin / metformin | trijardy xr | canagliflozin | canagliflozin / metformin | liraglutide | lisinopril | lixisenatide | capsaicin | trulicity | captopril | capzasin-hp | carbamazepine | losartan | tzield | lyrica,tretinoin | doxycycline | spironolactone | liraglutide | victoza,949,560,508,897,1000,0,1000,0.2,0.2,1.0,0.4349768833818852,0.2,0.4,1.0,0.5188012282132725,0.1,0.4,1.0,0.5188012282132725,1.0,1.0,1.0,1.0,1.0,0.0,1.0,1.0
label_idf_only,eval_0279,prednisone | chlor-trimeton | promethazine | epinephrine | diphenhydramine | olopatadine | dexchlorpheniramine | desloratadine | deltasone | zyrtec | cyproheptadine | xyzal | claritin | clarinex | chlorpheniramine | phenergan | cetirizine | benadryl | loratadine | fexofenadine,prednisone | promethazine | cyproheptadine | triamcinolone | azelastine | phenergan,1000,558,558,1000,1000,0,1000,0.4,0.3333333333333333,1.0,0.5087403079104241,0.2,0.3333333333333333,1.0,0.4539036202482202,0.2,0.6666666666666666,1.0,0.6123442733394888,1.0,1.0,1.0,1.0,1.0,0.0,1.0,1.0
label_idf_only,eval_0284,erythromycin | cilastatin / imipenem | cefprozil | ceftin | ceftriaxone | cefuroxime | cefzil | vantin | ciprofloxacin | cefixime | moxifloxacin | zithromax | dexamethasone | omnicef | doxycycline | prednisone | cefpodoxime | clarithromycin | cefdinir | augmentin,doxycycline | azithromycin | prednisone | sulfamethoxazole / trimethoprim | ceftriaxone,1000,319,319,1000,1000,0,1000,0.2,0.2,1.0,0.1027791229791241,0.1,0.2,1.0,0.1027791229791241,0.15,0.6,1.0,0.26669736731346905,0.2,1.0,1.0,1.0,1.0,0.0,1.0,1.0
label_idf_only,eval_0281,ertapenem | vancocin | cleocin phosphate | cleocin pediatric | cleocin hcl | cleocin | clarithromycin | claforan | ciprofloxacin | meropenem | vibativ | cilastatin / imipenem | vantin | vancomycin | vancocin hcl pulvules | vancocin hcl | maxipime | cefixime | maxaron forte | unasyn,doxycycline | azithromycin,1000,132,132,1000,1000,0,1000,0.0,0.0,0.0,0.0,0.0,0.0,0.0,0.0,0.0,0.0,0.0,0.0,0.0,1.0,1.0,1.0,1.0,0.0,1.0,1.0
label_idf_only,eval_0269,pramlintide | bydureon bcise | tresiba | tretinoin | linagliptin | linagliptin / metformin | trijardy xr | canagliflozin | canagliflozin / metformin | liraglutide | lisinopril | lixisenatide | capsaicin | trulicity | captopril | capzasin-hp | carbamazepine | losartan | tzield | lyrica,liraglutide | victoza,1000,228,228,1000,1000,0,1000,0.0,0.0,0.0,0.0,0.1,0.5,1.0,0.17723928678404774,0.05,0.5,1.0,0.17723928678404774,0.1,1.0,1.0,1.0,1.0,0.0,1.0,1.0
label_idf_only,eval_0270,retapamulin | ammoniated mercury | sulconazole | cefadroxil | cefuroxime | mupirocin | ozenoxacin | altabax | cimetidine | cipro i.v. | cipro | vi-sudo | cinqair | mepolizumab | ventolin hfa | cimduo | cilastatin / imipenem | veramyst | meropenem | ventolin,cefuroxime | mupirocin | retapamulin,1000,8,8,1000,1000,0,1000,0.4,0.6666666666666666,1.0,0.6403937842521121,0.3,1.0,1.0,0.8217377139338126,0.15,1.0,1.0,0.8217377139338126,1.0,1.0,1.0,1.0,1.0,0.0,1.0,1.0
label_idf_only,eval_0280,septra | cephalexin | doxycycline | doxy 100 | minocycline | clindamycin | vibramycin | septra ds | keflex | bactrim ds | bactrim | smz-tmp ds | sulfamethoxazole / trimethoprim | doryx | loryna | vestura | veltin | vanoxide-hc | chaparral | magnesium hydroxide,doxycycline | clindamycin | minocycline,888,420,420,888,1000,0,1000,0.4,0.6666666666666666,1.0,0.4161811555487309,0.3,1.0,1.0,0.5833416105149333,0.15,1.0,1.0,0.5833416105149333,0.3333333333333333,1.0,1.0,1.0,1.0,0.0,1.0,1.0
label_idf_only,eval_0287,lorazepam | ativan | onabotulinumtoxina | botox | kytril | compazine | bonine | xylocaine jelly | thorazine | compro | rotavirus vaccine | tigan | motofen | alvimopan | amitriptyline | lactobacillus acidophilus | peppermint | peptic relief | pepto-bismol | saccharomyces boulardii lyo,onabotulinumtoxina | gabapentin | amitriptyline,265,155,147,257,1000,0,1000,0.2,0.3333333333333333,1.0,0.23463936301137822,0.1,0.3333333333333333,1.0,0.23463936301137822,0.1,0.6666666666666666,1.0,0.35195904451706733,0.3333333333333333,1.0,1.0,1.0,1.0,0.0,1.0,1.0
label_idf_only,eval_0273,prinivil | lisinopril | propranolol | norvasc | nadolol | corgard | clonidine | metoprolol | verelan pm | verapamil | catapres | candesartan | olmesartan | tenormin | benicar | innopran xl | inderal la | inderal | atenolol | calan sr,propranolol | clonidine,1000,433,433,1000,1000,0,1000,0.2,0.5,1.0,0.35195904451706733,0.2,1.0,1.0,0.5083852865246528,0.1,1.0,1.0,0.5083852865246528,0.3333333333333333,1.0,1.0,1.0,1.0,0.0,1.0,1.0
label_idf_only,eval_0292,capsaicin | xeljanz xr | riabni | ridaura | bextra | duexis | rinvoq | duloxetine | minocycline | bioflavonoids | bioflavonoids / zinc glycinate | tetracycline | rituxan | rituximab | xeljanz | colchicine / probenecid | pancreatin | durolane | kenalog-10 | kenalog-40,diclofenac,255,255,255,255,1000,0,1000,0.0,0.0,0.0,0.0,0.0,0.0,0.0,0.0,0.0,0.0,0.0,0.0,0.0,1.0,1.0,1.0,1.0,0.0,1.0,1.0
label_idf_only,eval_0278,acidophilus | cipro | levofloxacin | linezolid | cefazolin | cefepime | ceftin | ceftriaxone | cefuroxime | unasyn | cephalexin | meropenem | lactobacillus acidophilus | ciprofloxacin | vibramycin | minocycline | moxifloxacin | zyvox | diflucan | doripenem,doxycycline | azithromycin | bactrim | fluconazole,481,287,287,481,1000,0,1000,0.0,0.0,0.0,0.0,0.0,0.0,0.0,0.0,0.0,0.0,0.0,0.0,0.0,1.0,1.0,1.0,1.0,0.0,1.0,1.0
label_idf_only,eval_0297,tums regular strength | zantac 150 | reglan | metoclopramide | pantoprazole | kapidex | aluminum hydroxide / magnesium hydroxide / simethicone | aluminum hydroxide / magnesium trisilicate | gelusil | zantac | pepcid | pepcid ac chewable tablets | ranitidine | zegerid | zegerid otc | lansoprazole | mylanta | calcium carbonate | calcium carbonate / simethicone | nexium,aciphex | dexlansoprazole | rabeprazole,222,45,45,222,1000,0,1000,0.0,0.0,0.0,0.0,0.0,0.0,0.0,0.0,0.0,0.0,0.0,0.0,0.0,1.0,1.0,1.0,1.0,0.0,1.0,1.0
label_idf_only,eval_0296,pramosone | mometasone | compazine | amevive | thiothixene | thorazine | pentamidine | yusimry | tildrakizumab | amjevita | gengraf | cordran tape | ammonium lactate / halobetasol | brodalumab | perphenazine | topicort | bryhali | topicort lp | cosentyx | theraplex t,prednisone | enbrel,164,164,164,164,1000,0,1000,0.0,0.0,0.0,0.0,0.0,0.0,0.0,0.0,0.0,0.0,0.0,0.0,0.0,1.0,1.0,1.0,1.0,0.0,1.0,1.0
label_idf_only,eval_0291,erythromycin | ceftriaxone | pyridoxine | doxycycline | dexamethasone | ciprofloxacin | minocycline | cefotaxime | lansoprazole | sulfamethoxazole / trimethoprim | amitriptyline | gabapentin | zofran odt | xylocaine jelly | compro | motofen | mytesi | nabilone | zofran | dexamethasone intensol,doxycycline,956,145,145,956,1000,0,1000,0.2,1.0,1.0,0.43067655807339306,0.1,1.0,1.0,0.43067655807339306,0.05,1.0,1.0,0.43067655807339306,0.25,1.0,1.0,1.0,1.0,0.0,1.0,1.0
label_idf_only,eval_0290,ery-tab | vantin | cefprozil | ceftibuten | ceftin | ceftriaxone | cefuroxime | cefzil | umeclidinium | umeclidinium / vilanterol | uniphyl | maxair | maxair autohaler | medrol | cefixime | medrol dosepak | ciclesonide | ventolin | ventolin hfa | cilastatin / imipenem,prednisone,505,221,221,505,1000,0,1000,0.0,0.0,0.0,0.0,0.0,0.0,0.0,0.0,0.0,0.0,0.0,0.0,0.0,1.0,1.0,1.0,1.0,0.0,1.0,1.0
label_idf_only,eval_0300,prednisolone | imuran | prednisone | diclofenac | dexamethasone | mycophenolate mofetil | methylprednisolone | vimovo | cellcept | triamcinolone | infliximab | sulfazine | sulfasalazine | duexis | azulfidine | simponi | esomeprazole / naproxen | famotidine / ibuprofen | adalimumab | golimumab,adalimumab | humira,325,311,259,273,1000,0,1000,0.0,0.0,0.0,0.0,0.0,0.0,0.0,0.0,0.05,0.5,1.0,0.14186890186599416,0.05263157894736842,1.0,1.0,1.0,1.0,0.0,1.0,1.0
label_idf_only,eval_0294,ertapenem | vancocin | metronidazole | cleocin phosphate | cleocin pediatric | cleocin | clarithromycin | claforan | ciprofloxacin | meropenem | vibativ | cilastatin / imipenem | vantin | vancomycin | vancocin hcl pulvules | vancocin hcl | maxipime | cefixime | maxaron forte | unasyn,doxycycline | azithromycin,1000,132,132,1000,1000,0,1000,0.0,0.0,0.0,0.0,0.0,0.0,0.0,0.0,0.0,0.0,0.0,0.0,0.0,1.0,1.0,1.0,1.0,0.0,1.0,1.0
label_idf_only,eval_0293,thorazine | doxycycline | chlorpromazine | haldol | haloperidol | primaquine | coartem | valproic acid | chloroquine | mefloquine | clindamycin | daraprim | lithium | depakote | depakote er | depakote sprinkles | divalproex sodium | fansidar | malarone | doxy 100,doxycycline | sulfamethoxazole / trimethoprim,991,174,174,991,1000,0,1000,0.2,0.5,1.0,0.44412286644879784,0.1,0.5,1.0,0.44412286644879784,0.05,0.5,1.0,0.44412286644879784,0.5,1.0,1.0,1.0,1.0,0.0,1.0,1.0
label_idf_only,eval_0298,pregabalin | gabapentin | nortriptyline | topamax | topiramate | lisinopril | neurontin | lyrica | prednisone | metoclopramide | onabotulinumtoxina | clonidine | catapres | botox | amitriptyline | reglan | bromocriptine | enalapril | perindopril | dexamethasone,topiramate | amitriptyline,1000,399,399,1000,1000,0,1000,0.2,0.5,1.0,0.272312688806029,0.1,0.5,1.0,0.272312688806029,0.1,1.0,1.0,0.3896323703117181,0.2,1.0,1.0,1.0,1.0,0.0,0.0,1.0
label_idf_only,eval_0286,elavil | amitriptyline | ciprofloxacin | ampicillin | doxycycline | sulfamethoxazole / trimethoprim | ceftriaxone | cipro | allopurinol | risperdal | azithromycin | risperidone | memantine | venlafaxine | atarax | hydroxyzine | lactobacillus acidophilus | minocycline | ofloxacin | phosphorated carbohydrate solution,doxycycline | sulfamethoxazole / trimethoprim | sumatriptan | azithromycin,1000,471,471,1000,1000,0,1000,0.2,0.25,1.0,0.11455275463539255,0.2,0.5,1.0,0.2727699644154276,0.15,0.75,1.0,0.35536903624037264,0.2,1.0,1.0,1.0,1.0,0.0,1.0,1.0
label_idf_only,eval_0289,abobotulinumtoxina | lorazepam | ativan | dysport | onabotulinumtoxina | xeomin | myobloc | lioresal | botulinum toxin type b | botox | incobotulinumtoxina | baclofen | mifepristone | citracal + d | methamphetamine | vitamin d2 | vitamin d3 | miacalcin | miacalcin nasal | conjugated estrogens / medroxyprogesterone,baclofen,438,12,12,438,1000,0,1000,0.0,0.0,0.0,0.0,0.0,0.0,0.0,0.0,0.05,1.0,1.0,0.27023815442731974,0.08333333333333333,1.0,1.0,1.0,1.0,0.0,0.0,1.0
label_bm25,eval_0011,septra | vibramycin | keflex | doxy 100 | sulfamethoxazole / trimethoprim | cephalexin | septra ds | bactrim | clindamycin | bactrim ds | minocycline | doxycycline | smz-tmp ds | cleanse & treat | cleanse & treat plus | seysara | aklief | brodspec | minocin | ala-tet,doxycycline | clindamycin | sulfamethoxazole / trimethoprim,1000,273,273,420,1000,0,1000,0.2,0.3333333333333333,1.0,0.13129701067492244,0.2,0.6666666666666666,1.0,0.28455041021741073,0.15,1.0,1.0,0.4221277827338136,0.2,1.0,1.0,1.0,1.0,0.0,1.0,1.0
label_bm25,eval_0006,dexamethasone | hydrocortisone | triamcinolone | calcium carbonate | prednisone | prednisolone | ciprofloxacin | omeprazole | cellcept | pantoprazole | esomeprazole | mercaptopurine | lansoprazole | imuran | azathioprine | cyclosporine | methscopolamine | vedolizumab | uceris | salofalk,ciprofloxacin,1000,80,80,1000,1000,0,1000,0.0,0.0,0.0,0.0,0.1,1.0,1.0,0.3333333333333333,0.05,1.0,1.0,0.3333333333333333,0.14285714285714285,1.0,1.0,1.0,1.0,0.0,1.0,1.0
label_bm25,eval_0009,cefditoren | ceftibuten | decadron | cedax | singulair | montelukast | cipro i.v. | spiriva | proventil | qvar | racepinephrine | salmeterol | spectracef | uniphyl | terbutaline | theophylline | tiotropium | perforomist | zafirlukast | zileuton,prednisone,1000,221,221,1000,1000,0,1000,0.0,0.0,0.0,0.0,0.0,0.0,0.0,0.0,0.0,0.0,0.0,0.0,0.0,1.0,1.0,1.0,1.0,0.0,0.0,1.0
label_bm25,eval_0016,vincristine | carboplatin | p & s | retin a micro | femhrt | adriamycin | finacea | hexachlorophene | benzefoam | trinessa | chaparral | vestura | nuox | trinessa lo | vincasar pfs | tretin-x | salicylic acid / sulfur | sulfacetamide sodium / sulfur | inova 4 / 1 | loestrin 24 fe,isotretinoin | accutane | adapalene / benzoyl peroxide,1000,273,273,726,1000,0,1000,0.0,0.0,0.0,0.0,0.0,0.0,0.0,0.0,0.0,0.0,0.0,0.0,0.0,1.0,1.0,1.0,1.0,0.0,1.0,1.0
label_bm25,eval_0019,flanax pain reliever | naprosyn | aleve | ibuprofen | naproxen | ditropan xl | lidocaine | triamcinolone | oxybutynin | doxycycline | sucralfate | doxy 100 | smz-tmp ds | cephalexin | septra ds | bactrim | sulfamethoxazole / trimethoprim | bactrim ds | moxifloxacin | ofloxacin,naproxen | triamcinolone,1000,273,273,273,1000,0,1000,0.2,0.5,1.0,0.23719771276929622,0.2,1.0,1.0,0.430624116386567,0.1,1.0,1.0,0.430624116386567,0.2,1.0,1.0,1.0,1.0,0.0,1.0,1.0
label_bm25,eval_0010,apremilast | otezla | cosentyx | stelara | kenalog-10 | secukinumab | etanercept | ustekinumab | otrexup | methotrexate | remicade | adalimumab | humira | enbrel | infliximab | betamethasone | compazine | trilafon | triclabendazole | nitazoxanide,prednisone | enbrel,1000,164,164,882,1000,0,1000,0.0,0.0,0.0,0.0,0.0,0.0,0.0,0.0,0.05,0.5,1.0,0.18017348369707695,0.07142857142857142,1.0,1.0,1.0,1.0,0.0,1.0,1.0
label_bm25,eval_0002,rocephin | vantin | biaxin | omnicef | factive | gemifloxacin | biaxin xl | moxifloxacin | clarithromycin | cefixime | cefpodoxime | cefprozil | cefdinir | cefzil | amoxil | sulfamethoxazole / trimethoprim | cilastatin / imipenem | ceftriaxone | levaquin | avelox,prednisone,1000,221,221,734,1000,0,1000,0.0,0.0,0.0,0.0,0.0,0.0,0.0,0.0,0.0,0.0,0.0,0.0,0.0,1.0,1.0,1.0,1.0,0.0,1.0,1.0
label_bm25,eval_0017,singulair | montelukast | cipro i.v. | cedax | ceftibuten | decadron | avelox i.v. | biaxin | omnicef | medrol dosepak | flunisolide | ciclesonide | epinephrine | vantin | beclomethasone | suprax | kenalog-40 | clarithromycin | cefixime | cefpodoxime,prednisone | methylprednisolone,1000,681,681,1000,1000,0,1000,0.0,0.0,0.0,0.0,0.0,0.0,0.0,0.0,0.0,0.0,0.0,0.0,0.0,1.0,1.0,1.0,1.0,0.0,0.0,1.0
label_bm25,eval_0020,levetiracetam | depakote | depakote er | divalproex sodium | topiramate | lithium | valproic acid | verapamil | botox | onabotulinumtoxina | verelan | metoprolol | nadolol | propranolol | verelan pm | tenormin | atenolol | norvasc | corgard | amlodipine,propranolol,1000,179,179,1000,1000,0,1000,0.0,0.0,0.0,0.0,0.0,0.0,0.0,0.0,0.05,1.0,1.0,0.2559580248098155,0.07142857142857142,1.0,1.0,0.0,1.0,0.0,1.0,1.0
label_bm25,eval_0021,nitro-time | verelan | brilinta | effient | imdur | prasugrel | streptokinase | ticagrelor | tirofiban | metoprolol | nadolol | propranolol | verelan pm | warfarin | tenormin | atenolol | corgard | norvasc | amlodipine | calan sr,metoprolol,1000,90,90,1000,1000,0,1000,0.0,0.0,0.0,0.0,0.1,1.0,1.0,0.2890648263178878,0.05,1.0,1.0,0.2890648263178878,0.1,1.0,1.0,1.0,1.0,0.0,1.0,1.0
label_bm25,eval_0012,verapamil | depakote | depakote er | divalproex sodium | lithium | valproic acid | verelan | nimodipine | zolmitriptan | sumatriptan | metoprolol | nadolol | propranolol | verelan pm | tenormin | atenolol | corgard | norvasc | amlodipine | inderal la,propranolol,1000,179,179,1000,1000,0,1000,0.0,0.0,0.0,0.0,0.0,0.0,0.0,0.0,0.05,1.0,1.0,0.2626495350371935,0.07692307692307693,1.0,1.0,1.0,1.0,0.0,1.0,1.0
label_bm25,eval_0008,topiramate | levetiracetam | depakote | depakote er | divalproex sodium | lithium | valproic acid | frova | ubrelvy | ergomar | eletriptan | ergotamine | rizatriptan | dihydroergotamine | elyxyb | trudhesa | excedrin migraine | maxalt-mlt | zomig | cyclobenzaprine,gabapentin | propranolol,1000,179,179,1000,1000,0,1000,0.0,0.0,0.0,0.0,0.0,0.0,0.0,0.0,0.0,0.0,0.0,0.0,0.0,1.0,1.0,1.0,1.0,0.0,1.0,1.0
label_bm25,eval_0005,xyzal | loratadine | levocetirizine | carbinoxamine | clarinex | claritin | fexofenadine | allegra | azelastine | olopatadine | zyrtec | cetirizine | desloratadine | dexchlorpheniramine | chlor-trimeton | chlorpheniramine | cyproheptadine | phenergan | tetracaine | promethazine,promethazine | cyproheptadine,1000,558,517,1000,1000,0,1000,0.0,0.0,0.0,0.0,0.0,0.0,0.0,0.0,0.1,1.0,1.0,0.28663571453116066,0.058823529411764705,1.0,1.0,1.0,1.0,0.0,1.0,1.0
label_bm25,eval_0027,flanax pain reliever | naprosyn | aleve | ibuprofen | naproxen | triamcinolone | doxycycline | acthar | corticotropin | zilretta | diclopr | hymovis | hyaluronan | limbrel | celebrex | celestone soluspan | cataflam | mobic | nalfon | daypro,diclofenac | naproxen | triamcinolone,1000,273,273,273,1000,0,1000,0.2,0.3333333333333333,1.0,0.19694551601238366,0.2,0.6666666666666666,1.0,0.31784146913351724,0.1,0.6666666666666666,1.0,0.31784146913351724,0.2,1.0,1.0,1.0,1.0,0.0,1.0,1.0
label_bm25,eval_0007,elavil | venlafaxine | memantine | amitriptyline | verapamil | olmesartan | catapres | benicar | candesartan | prinivil | innopran xl | lisinopril | spironolactone | metoprolol | nadolol | propranolol | verelan pm | tenormin | atenolol | corgard,propranolol | clonidine | amitriptyline | elavil,1000,600,471,1000,1000,0,1000,0.4,0.5,1.0,0.5916660373127837,0.2,0.5,1.0,0.5916660373127837,0.15,0.75,1.0,0.6928429357282041,1.0,1.0,1.0,1.0,1.0,0.0,1.0,1.0
label_bm25,eval_0034,cellcept | imuran | azathioprine | mycophenolate mofetil | methylprednisolone | hydrocortisone | triamcinolone | dexamethasone | prednisone | golimumab | simponi | prednisolone | sulfazine | remicade | adalimumab | famotidine / ibuprofen | pancreatin | humira | duexis | vimovo,prednisone | methylprednisolone | triamcinolone | adalimumab | humira | infliximab | remicade,1000,346,346,672,1000,0,1000,0.2,0.14285714285714285,1.0,0.13120507751234178,0.3,0.42857142857142855,1.0,0.2807081466403135,0.3,0.8571428571428571,1.0,0.4844923719501529,0.2,1.0,1.0,1.0,1.0,0.0,1.0,1.0
label_bm25,eval_0036,methotrexate | dexamethasone | prednisone | minocycline | doxycycline | enbrel | otezla | apremilast | chloramphenicol | stelara | cosentyx | kenalog-10 | secukinumab | ustekinumab | otrexup | etanercept | remicade | adalimumab | humira | infliximab,doxycycline | prednisone,1000,544,544,952,1000,0,1000,0.4,1.0,1.0,0.5437713091520254,0.2,1.0,1.0,0.5437713091520254,0.1,1.0,1.0,0.5437713091520254,0.3333333333333333,1.0,1.0,1.0,1.0,0.0,1.0,1.0
label_bm25,eval_0037,baclofen | lioresal | botox | onabotulinumtoxina | abobotulinumtoxina | incobotulinumtoxina | xeomin | myobloc | dysport | botulinum toxin type b | ativan | lorazepam | apremilast | otezla | stelara | cosentyx | kenalog-10 | etanercept | secukinumab | ustekinumab,diclofenac | onabotulinumtoxina | botox,1000,267,267,570,1000,0,1000,0.4,0.6666666666666666,1.0,0.3537443585523369,0.2,0.6666666666666666,1.0,0.3537443585523369,0.1,0.6666666666666666,1.0,0.3537443585523369,0.3333333333333333,1.0,1.0,1.0,1.0,0.0,1.0,1.0
label_bm25,eval_0023,hytrin | terazosin | catapres | clonidine | propylthiouracil | sodium iodide-i-131 | botox | onabotulinumtoxina | oxybutynin | benztropine | drysol | glycopyrronium | hypercare | methimazole | pima | tapazole | potassium iodide | xerac ac | aluminum chloride hexahydrate | iodine / potassium iodide,thyroid desiccated | armour thyroid | levothyroxine,1000,352,81,553,1000,0,1000,0.0,0.0,0.0,0.0,0.0,0.0,0.0,0.0,0.0,0.0,0.0,0.0,0.0,1.0,1.0,1.0,1.0,0.0,1.0,1.0
label_bm25,eval_0039,cedax | ceftibuten | decadron | deltasone | singulair | montelukast | biaxin | omnicef | kenalog-40 | budesonide | flunisolide | ciclesonide | epinephrine | suprax | methylprednisolone | medrol dosepak | vantin | beclomethasone | moxifloxacin | mometasone,prednisone | methylprednisolone,1000,681,681,1000,1000,0,1000,0.0,0.0,0.0,0.0,0.0,0.0,0.0,0.0,0.05,0.5,1.0,0.1532867981913646,0.06666666666666667,1.0,1.0,1.0,1.0,0.0,0.0,1.0
label_bm25,eval_0029,singulair | montelukast | cedax | ceftibuten | decadron | salbutamol | cipro i.v. | flunisolide | ciclesonide | omnicef | biaxin | epinephrine | beclomethasone | avelox i.v. | cefditoren | cinqair | alvesco | dulera | de-sone la | formoterol / mometasone,prednisone,1000,221,221,1000,1000,0,1000,0.0,0.0,0.0,0.0,0.0,0.0,0.0,0.0,0.0,0.0,0.0,0.0,0.0,1.0,1.0,1.0,1.0,0.0,0.0,1.0
label_bm25,eval_0033,mupirocin | sulconazole | ozenoxacin | ammoniated mercury | cefadroxil | altabax | retapamulin | cefuroxime | zinc oxide | varicella virus vaccine | varicella zoster immune globulin | measles virus vaccine / mumps virus vaccine / rubella virus vaccine / varicella virus vaccine | foscarnet | valtrex | immune globulin intramuscular | iloperidone | valacyclovir | acyclovir | perphenazine | colchicine,cefuroxime | mupirocin | retapamulin,1000,8,8,731,1000,0,1000,0.2,0.3333333333333333,1.0,0.4692787260227565,0.3,1.0,1.0,0.7737459235132746,0.15,1.0,1.0,0.7737459235132746,1.0,1.0,1.0,1.0,1.0,0.0,1.0,1.0
label_bm25,eval_0041,methenamine | hiprex | acidophilus | flucytosine | itraconazole | diflucan | doripenem | amphotericin b | smz-tmp ds | lactobacillus acidophilus | fluconazole | meropenem | zyvox | linezolid | cefazolin | unasyn | ampicillin / sulbactam | rocephin | cefepime | gentamicin,doxycycline | azithromycin | sulfamethoxazole / trimethoprim | bactrim | fluconazole,1000,287,287,481,1000,0,1000,0.0,0.0,0.0,0.0,0.0,0.0,0.0,0.0,0.05,0.2,1.0,0.10424074270677916,0.09090909090909091,1.0,1.0,1.0,1.0,0.0,1.0,1.0
label_bm25,eval_0018,ergomar | ubrelvy | frova | eletriptan | ergotamine | rizatriptan | dihydroergotamine | elyxyb | trudhesa | maxalt-mlt | zomig | cyclobenzaprine | cambia | imitrex | excedrin migraine | imitrex statdose | methylergonovine | ubrogepant | zembrace symtouch | genace,gabapentin | propranolol,1000,179,179,1000,1000,0,1000,0.0,0.0,0.0,0.0,0.0,0.0,0.0,0.0,0.0,0.0,0.0,0.0,0.0,1.0,1.0,1.0,1.0,0.0,1.0,1.0
label_bm25,eval_0045,omeprazole | zantac | pantoprazole | esomeprazole | cimetidine | ranitidine | rabeprazole | carafate | protonix | famotidine | nexium | pepcid | omeprazole / sodium bicarbonate | sucralfate | lansoprazole | calcium carbonate | belladonna | aluminum hydroxide / magnesium hydroxide | aluminum hydroxide | diclofenac,rabeprazole | esomeprazole | lansoprazole,1000,109,109,660,1000,0,1000,0.2,0.3333333333333333,1.0,0.20210734650054762,0.2,0.6666666666666666,1.0,0.35853358850813316,0.15,1.0,1.0,0.47585327001382227,0.25,1.0,1.0,1.0,1.0,0.0,1.0,1.0
label_bm25,eval_0047,sulconazole | ozenoxacin | ammoniated mercury | mupirocin | cefadroxil | altabax | retapamulin | cefuroxime | epivir-hbv | lamivudine | tenofovir | viread | xyzal | loratadine | chlorpheniramine / ibuprofen / phenylephrine | ala-hist ir | levocetirizine | dexbrompheniramine / phenylephrine | equaline sleep aid | dexbrompheniramine,mupirocin | retapamulin,1000,8,8,8,1000,0,1000,0.2,0.5,1.0,0.26406812257259094,0.2,1.0,1.0,0.4684505201610771,0.1,1.0,1.0,0.4684505201610771,0.25,1.0,1.0,1.0,1.0,0.0,1.0,1.0
label_bm25,eval_0049,lansoprazole | famotidine | omeprazole | calcium carbonate | cimetidine | pantoprazole | aluminum hydroxide / magnesium hydroxide / simethicone | rabeprazole | carafate | protonix | pepcid | esomeprazole | nexium | omeprazole / sodium bicarbonate | sucralfate | axid ar | prevacid | nizatidine | aciphex | dexlansoprazole,aciphex | dexlansoprazole | rabeprazole,1000,45,45,1000,1000,0,1000,0.0,0.0,0.0,0.0,0.1,0.3333333333333333,1.0,0.14804095548293264,0.15,1.0,1.0,0.3634626328457564,0.125,1.0,1.0,1.0,1.0,0.0,1.0,1.0
label_bm25,eval_0054,suprax | moxifloxacin | clarithromycin | augmentin xr | cefixime | cefpodoxime | cefprozil | cefdinir | medrol dosepak | cefzil | ampicillin | kenalog-40 | amoxil | singulair | montelukast | zithromax | levaquin | cedax | ceftibuten | decadron,prednisone | methylprednisolone,1000,681,681,1000,1000,0,1000,0.0,0.0,0.0,0.0,0.0,0.0,0.0,0.0,0.0,0.0,0.0,0.0,0.0,1.0,1.0,1.0,1.0,0.0,0.0,1.0
label_bm25,eval_0053,cedax | ceftibuten | decadron | vantin | biaxin | omnicef | singulair | montelukast | suprax | moxifloxacin | clarithromycin | cefixime | cefpodoxime | cefprozil | cefdinir | augmentin xr | cefzil | epinephrine | zithromax | flunisolide,prednisone | methylprednisolone,1000,681,681,1000,1000,0,1000,0.0,0.0,0.0,0.0,0.0,0.0,0.0,0.0,0.0,0.0,0.0,0.0,0.0,1.0,1.0,1.0,1.0,0.0,0.0,1.0
label_bm25,eval_0058,depakote sprinkles | depakote | depakote er | divalproex sodium | risperdal | lithium | valproic acid | risperidone | halofantrine | tafenoquine | stavzor | mefloquine | malarone | lariam | halfan | fansidar | daraprim | coartem | chloroquine | artemether / lumefantrine,doxycycline | clindamycin,1000,34,34,1000,1000,0,1000,0.0,0.0,0.0,0.0,0.0,0.0,0.0,0.0,0.0,0.0,0.0,0.0,0.0,1.0,1.0,1.0,1.0,0.0,1.0,1.0
label_bm25,eval_0030,cromolyn | triamcinolone | xolair | omalizumab | aristocort | epinephrine | deltasone | prednisolone | xyzal | loratadine | prednisone | levocetirizine | carbinoxamine | claritin | clarinex | fexofenadine | allegra | azelastine | olopatadine | cetirizine,prednisone | promethazine | cyproheptadine | methylprednisolone,1000,288,288,1000,1000,0,1000,0.0,0.0,0.0,0.0,0.0,0.0,0.0,0.0,0.05,0.25,1.0,0.08259907182494503,0.09090909090909091,1.0,1.0,1.0,1.0,0.0,1.0,1.0
label_bm25,eval_0051,sulfamethoxazole / trimethoprim | bactrim | bactrim ds | doxycycline | rocephin | kenalog-40 | vantin | singulair | montelukast | ephedrine | ceftibuten | decadron | cedax | methylprednisolone | caffeine | mometasone | biaxin | omnicef | medrol dosepak | moxifloxacin,prednisone,1000,221,221,1000,1000,0,1000,0.0,0.0,0.0,0.0,0.0,0.0,0.0,0.0,0.0,0.0,0.0,0.0,0.0,1.0,1.0,1.0,1.0,0.0,0.0,1.0
label_bm25,eval_0050,cipro i.v. | avelox i.v. | cefditoren | mometasone | cromolyn | moxifloxacin | flunisolide | ciclesonide | vantin | cinqair | terbutaline | qvar | racepinephrine | salmeterol | spectracef | spiriva | zafirlukast | theophylline | tiotropium | uniphyl,prednisone,1000,221,221,536,1000,0,1000,0.0,0.0,0.0,0.0,0.0,0.0,0.0,0.0,0.0,0.0,0.0,0.0,0.0,1.0,1.0,1.0,1.0,0.0,0.0,1.0
label_bm25,eval_0055,"topiramate | bromocriptine | calcium phosphate, tribasic | calcitonin | calcium lactate | calcium gluconate | ergocalciferol | calcifediol | parathyroid hormone | calcitriol | neurontin | lyrica | patiromer | icosapent | kionex | lipofen | lovaza | omacor | pamidronate | tricor",gabapentin | amitriptyline,1000,236,236,1000,1000,0,1000,0.0,0.0,0.0,0.0,0.0,0.0,0.0,0.0,0.0,0.0,0.0,0.0,0.0,1.0,1.0,1.0,1.0,0.0,0.0,1.0
label_bm25,eval_0059,biaxin | omnicef | vantin | rocephin | moxifloxacin | factive | cilastatin / imipenem | gemifloxacin | clarithromycin | biaxin xl | cefixime | cefpodoxime | cefprozil | cefdinir | zithromax | sulfamethoxazole / trimethoprim | amoxil | cefzil | levaquin | avelox,prednisone,1000,221,221,1000,1000,0,1000,0.0,0.0,0.0,0.0,0.0,0.0,0.0,0.0,0.0,0.0,0.0,0.0,0.0,1.0,1.0,1.0,1.0,0.0,0.0,1.0
label_bm25,eval_0057,moxifloxacin | levofloxacin | doxycycline | triamcinolone | dexamethasone | ciprofloxacin | prednisone | tetracycline | minocycline | aluminum hydroxide / magnesium hydroxide / simethicone | chloramphenicol | tagamet hb | amphojel | mylanta tonight | tricitrasol | acid controller original strength | pepcid ac | di-gel | aciphex sprinkle | mylanta coat & cool,prednisone,1000,323,323,1000,1000,0,1000,0.0,0.0,0.0,0.0,0.1,1.0,1.0,0.3333333333333333,0.05,1.0,1.0,0.3333333333333333,0.14285714285714285,1.0,1.0,1.0,1.0,0.0,0.0,1.0
label_bm25,eval_0042,acthar | corticotropin | aristocort | lotemax | loteprednol | deltasone | prednisolone | triamcinolone | prednisone | aspirin | canakinumab | doxycycline | kenalog-40 | methylprednisolone | medrol dosepak | amoxicillin | dexamethasone | chlorpheniramine / ibuprofen / phenylephrine | ala-hist ir | dexbrompheniramine / phenylephrine,prednisone | triamcinolone | methylprednisolone,1000,322,322,796,1000,0,1000,0.0,0.0,0.0,0.0,0.2,0.6666666666666666,1.0,0.28930792834276164,0.15,1.0,1.0,0.409423584140813,0.125,1.0,1.0,1.0,1.0,0.0,1.0,1.0
label_bm25,eval_0070,factive | gemifloxacin | biaxin xl | cilastatin / imipenem | cedax | ceftibuten | decadron | singulair | montelukast | moxifloxacin | suprax | flunisolide | ciclesonide | epinephrine | beclomethasone | augmentin xr | clarithromycin | cefixime | cefpodoxime | cefprozil,prednisone,1000,221,221,1000,1000,0,1000,0.0,0.0,0.0,0.0,0.0,0.0,0.0,0.0,0.0,0.0,0.0,0.0,0.0,1.0,1.0,1.0,1.0,0.0,1.0,1.0
label_bm25,eval_0068,ephedrine | caffeine | deltasone | prednisone | suprax | moxifloxacin | augmentin xr | clarithromycin | cefixime | cefpodoxime | cefprozil | cefdinir | zithromax | cefzil | azithromycin dose pack | amoxil | erythromycin | catapres | levaquin | avelox,prednisone | diltiazem,1000,650,650,1000,1000,0,1000,0.2,0.5,1.0,0.26406812257259094,0.1,0.5,1.0,0.26406812257259094,0.05,0.5,1.0,0.26406812257259094,0.25,1.0,1.0,1.0,1.0,0.0,1.0,1.0
label_bm25,eval_0072,tronolane anesthetic for hemorrhoids | anucort-hc | proctofoam | dibucaine | nupercainal | proctosol-hc | hydrocortisone / lidocaine | phenylephrine / pramoxine | pramoxine / zinc oxide | anusol-hc suppositories | phenylephrine | pramosone | lmx 5 | recticare | proctofoam hc | analpram-hc | pramoxine | lidocaine | hydrocortisone / pramoxine | hydrocortisone,hydrocortisone | pramoxine | proctofoam,1000,20,20,22,1000,0,1000,0.2,0.3333333333333333,1.0,0.25454838678859487,0.1,0.3333333333333333,1.0,0.25454838678859487,0.15,1.0,1.0,0.453906932482775,0.3333333333333333,1.0,1.0,1.0,1.0,0.0,1.0,1.0
label_bm25,eval_0069,oxybutynin | triamcinolone | doxycycline | flanax pain reliever | naprosyn | aleve | ibuprofen | naproxen | tetracycline | kenalog-40 | prednisolone | methylprednisolone | hydrocortisone | prednisone | dexamethasone | minocycline | apremilast | otezla | cosentyx | stelara,prednisone | methylprednisolone | triamcinolone | naproxen,1000,294,294,1000,1000,0,1000,0.2,0.25,1.0,0.24630238874073,0.2,0.5,1.0,0.369453583111095,0.2,1.0,1.0,0.5748700738673407,0.5,1.0,1.0,1.0,1.0,0.0,1.0,1.0
label_bm25,eval_0048,cortisone | triamcinolone | dexamethasone | prednisone | tetracycline | doxycycline | minocycline | moxifloxacin | levofloxacin | sucralfate | ciprofloxacin | bethanechol | tagamet hb | amphojel | acid controller original strength | pepcid ac | tricitrasol | mylanta tonight | aciphex sprinkle | bcg,prednisone | triamcinolone | moxifloxacin | ciprofloxacin,1000,357,357,1000,1000,0,1000,0.4,0.5,1.0,0.4144299250118475,0.3,0.75,1.0,0.5375811193822125,0.2,1.0,1.0,0.6464748804504447,0.5,1.0,1.0,1.0,1.0,0.0,1.0,1.0
label_bm25,eval_0066,acthar | corticotropin | enbrel | camphor / menthol / methyl salicylate | tetracycline | naprelan | rinvoq | auranofin | depen | penicillamine | d-penamine | arava | kevzara | cimzia | orencia | plaquenil | leflunomide | sarilumab | alemtuzumab | erelzi,diclofenac | tramadol,1000,255,255,273,1000,0,1000,0.0,0.0,0.0,0.0,0.0,0.0,0.0,0.0,0.0,0.0,0.0,0.0,0.0,1.0,1.0,1.0,1.0,0.0,1.0,1.0
label_bm25,eval_0074,xyzal | loratadine | levocetirizine | carbinoxamine | chlor-trimeton | chlorpheniramine | fexofenadine | claritin | clarinex | allegra | azelastine | olopatadine | triamcinolone | cetirizine | zyrtec | desloratadine | dexchlorpheniramine | cyproheptadine | phenergan | promethazine,promethazine | cyproheptadine,1000,558,517,1000,1000,0,1000,0.0,0.0,0.0,0.0,0.0,0.0,0.0,0.0,0.1,1.0,1.0,0.28393568824747173,0.05555555555555555,1.0,1.0,1.0,1.0,0.0,1.0,1.0
label_bm25,eval_0076,apremilast | otezla | etanercept | stelara | cosentyx | kenalog-10 | secukinumab | ustekinumab | otrexup | remicade | methotrexate | adalimumab | enbrel | betamethasone | infliximab | humira | aristocort | sloan's liniment | famotidine / ibuprofen | capsin,diclofenac | tramadol | acetaminophen / hydrocodone,1000,255,255,273,1000,0,1000,0.0,0.0,0.0,0.0,0.0,0.0,0.0,0.0,0.0,0.0,0.0,0.0,0.0,1.0,1.0,1.0,1.0,0.0,1.0,1.0
label_bm25,eval_0061,tretinoin | tetracycline | minocycline | doxycycline | seysara | aklief | brodspec | minocin | ala-tet | resinol | resorcinol | yasmin | arazlo | amzeeq | retin-a | spotex | r a acne | avita | monodox | avar cleanser,tretinoin | doxycycline | minocycline,1000,500,500,670,1000,0,1000,0.6,1.0,1.0,0.9238850086262381,0.3,1.0,1.0,0.9238850086262381,0.15,1.0,1.0,0.9238850086262381,1.0,1.0,1.0,1.0,1.0,0.0,1.0,1.0
label_bm25,eval_0082,sodium iodide-i-131 | propylthiouracil | esterified estrogens | forteo | teriparatide | cytomel | armour thyroid | np thyroid | tirosint | unithroid | nature-throid | tirosint-sol | premarin | estropipate | conjugated estrogens | liothyronine | thyquidity | vandetanib | lenvatinib | teprotumumab,thyroid desiccated | armour thyroid | levothyroxine,1000,81,81,634,1000,0,1000,0.0,0.0,0.0,0.0,0.1,0.3333333333333333,1.0,0.12669792223864473,0.05,0.3333333333333333,1.0,0.12669792223864473,0.14285714285714285,1.0,1.0,1.0,1.0,0.0,1.0,1.0
label_bm25,eval_0060,flanax pain reliever | naprosyn | aleve | ibuprofen | naproxen | ditropan xl | triamcinolone | oxybutynin | lidocaine | doxycycline | smz-tmp ds | sucralfate | doxy 100 | cephalexin | septra ds | bactrim | ofloxacin | sulfamethoxazole / trimethoprim | bactrim ds | moxifloxacin,naproxen,1000,273,273,273,1000,0,1000,0.2,1.0,1.0,0.38685280723454163,0.1,1.0,1.0,0.38685280723454163,0.05,1.0,1.0,0.38685280723454163,0.2,1.0,1.0,1.0,1.0,0.0,1.0,1.0
label_bm25,eval_0083,septra | vibramycin | keflex | sulfamethoxazole / trimethoprim | cephalexin | septra ds | bactrim | doxy 100 | bactrim ds | clindamycin | minocycline | doxycycline | tretinoin | spironolactone | dapsone | smz-tmp ds | doryx | tetracycline | dicloxacillin | cleeravue-m,tretinoin | doxycycline | spironolactone | liraglutide,1000,646,646,1000,1000,0,1000,0.0,0.0,0.0,0.0,0.0,0.0,0.0,0.0,0.15,0.75,1.0,0.2909481243083088,0.08333333333333333,1.0,1.0,1.0,1.0,0.0,1.0,1.0
label_bm25,eval_0065,sodium iodide-i-131 | propylthiouracil | cytomel | tirosint | unithroid | tirosint-sol | armour thyroid | nature-throid | np thyroid | liothyronine | thyquidity | levo-t | euthyrox | levoxyl | synthroid | triostat | levothyroxine | westhroid | wp thyroid | botox,thyroid desiccated | armour thyroid | levothyroxine,1000,81,81,748,1000,0,1000,0.0,0.0,0.0,0.0,0.1,0.3333333333333333,1.0,0.1564262420075855,0.1,0.6666666666666666,1.0,0.2689651308030531,0.14285714285714285,1.0,1.0,1.0,1.0,0.0,1.0,1.0
label_bm25,eval_0084,biaxin | omnicef | vantin | rocephin | factive | gemifloxacin | biaxin xl | cilastatin / imipenem | moxifloxacin | clarithromycin | cefixime | cefpodoxime | cefprozil | cefdinir | zithromax | cefzil | azithromycin dose pack | erythromycin | amoxil | ceftriaxone,doxycycline | azithromycin | prednisone | clindamycin,1000,319,319,1000,1000,0,1000,0.0,0.0,0.0,0.0,0.0,0.0,0.0,0.0,0.0,0.0,0.0,0.0,0.0,1.0,1.0,1.0,1.0,0.0,1.0,1.0
label_bm25,eval_0078,chlorpheniramine / ibuprofen / phenylephrine | ala-hist ir | dexbrompheniramine / phenylephrine | equaline sleep aid | dexbrompheniramine | h.p. acthar gel | doxylamine | equate sleep aid | acthar | hydroxyzine | xyzal | loratadine | levocetirizine | corticotropin | chlor-trimeton | chlorpheniramine | carbinoxamine | atarax | xolair | omalizumab,prednisone | promethazine,1000,76,76,558,1000,0,1000,0.0,0.0,0.0,0.0,0.0,0.0,0.0,0.0,0.0,0.0,0.0,0.0,0.0,1.0,1.0,1.0,1.0,0.0,1.0,1.0
label_bm25,eval_0063,metoprolol tartrate | amlodipine / atorvastatin | carvedilol | lopressor | nitroglycerin | toprol-xl | caduet | coreg | isosorbide dinitrate | timolol | coreg cr | nitro-dur | metoprolol | nadolol | propranolol | verelan pm | tenormin | atenolol | corgard | norvasc,propranolol | verapamil | metoprolol | spironolactone,1000,335,335,1000,1000,0,1000,0.0,0.0,0.0,0.0,0.0,0.0,0.0,0.0,0.1,0.5,1.0,0.21200970772468425,0.07692307692307693,1.0,1.0,1.0,1.0,0.0,1.0,1.0
label_bm25,eval_0089,altabax | retapamulin | clindacin etz | seysara | aklief | brodspec | minocin | ala-tet | resinol | resorcinol | retin-a | yasmin | arazlo | amzeeq | r a acne | spotex | avita | avar cleanser | monodox | beyaz,adapalene / benzoyl peroxide,1000,273,273,273,1000,0,1000,0.0,0.0,0.0,0.0,0.0,0.0,0.0,0.0,0.0,0.0,0.0,0.0,0.0,1.0,1.0,1.0,1.0,0.0,1.0,1.0
label_bm25,eval_0075,cedax | decadron | ceftibuten | singulair | montelukast | flunisolide | mometasone | ciclesonide | factive | epinephrine | biaxin | omnicef | gemifloxacin | beclomethasone | biaxin xl | methylprednisolone | cilastatin / imipenem | medrol dosepak | prednisone | kenalog-40,prednisone,1000,221,221,1000,1000,0,1000,0.0,0.0,0.0,0.0,0.0,0.0,0.0,0.0,0.05,1.0,1.0,0.23137821315975915,0.05263157894736842,1.0,1.0,1.0,1.0,0.0,1.0,1.0
label_bm25,eval_0087,amitriptyline | venlafaxine | elavil | memantine | risperdal | risperidone | magnesium oxide | moxifloxacin | suprax | clarithromycin | cefpodoxime | cefprozil | cefixime | cefdinir | smz-tmp ds | augmentin xr | amoxil | levaquin | avelox | cefuroxime,amitriptyline | venlafaxine | elavil,1000,347,347,1000,1000,0,1000,0.6,1.0,1.0,1.0,0.3,1.0,1.0,1.0,0.15,1.0,1.0,1.0,1.0,1.0,1.0,1.0,1.0,0.0,1.0,1.0
label_bm25,eval_0093,corticotropin | golimumab | simponi | sodium hyaluronate | pancreatin | famotidine / ibuprofen | duexis | vimovo | esomeprazole / naproxen | diclofenac | cellcept | sulfazine | imuran | sulfasalazine | mycophenolate mofetil | azathioprine | azulfidine | lotemax | loteprednol | medrol dosepak,doxycycline | prednisone,1000,255,255,1000,1000,0,1000,0.0,0.0,0.0,0.0,0.0,0.0,0.0,0.0,0.0,0.0,0.0,0.0,0.0,1.0,1.0,1.0,1.0,0.0,1.0,1.0
label_bm25,eval_0073,cleocin | prednisone | dexamethasone | cefuroxime | zithromax | azithromycin dose pack | amoxil | levofloxacin | azithromycin | levaquin | avelox | ceftin | augmentin | moxifloxacin | amoxicillin / clavulanate | ciprofloxacin | amoxicillin | fluconazole | meropenem | zyvox,doxycycline | azithromycin | prednisone | clindamycin | minocycline,1000,710,710,1000,1000,0,1000,0.2,0.2,1.0,0.18295990522760897,0.2,0.4,1.0,0.31390099454598996,0.1,0.4,1.0,0.31390099454598996,0.5,1.0,1.0,1.0,1.0,0.0,1.0,1.0
label_bm25,eval_0095,moxifloxacin | aluminum hydroxide / magnesium hydroxide / simethicone | tetracycline | levofloxacin | ciprofloxacin | chloramphenicol | minocycline | doxycycline | bcg | rifampin | rabeprazole | carafate | protonix | belladonna | pepcid | aluminum hydroxide / magnesium hydroxide | prednisone | nexium | omeprazole / sodium bicarbonate | gentamicin,prednisone,1000,109,109,1000,1000,0,1000,0.0,0.0,0.0,0.0,0.0,0.0,0.0,0.0,0.05,1.0,1.0,0.23981246656813146,0.058823529411764705,1.0,1.0,1.0,1.0,0.0,0.0,1.0
label_bm25,eval_0092,cleeravue-m | seysara | aklief | brodspec | minocin | ala-tet | resinol | resorcinol | yasmin | arazlo | retin-a | spotex | r a acne | avita | amzeeq | monodox | avar cleanser | beyaz | benzac | benzagel,adapalene / benzoyl peroxide,1000,273,273,726,1000,0,1000,0.0,0.0,0.0,0.0,0.0,0.0,0.0,0.0,0.0,0.0,0.0,0.0,0.0,1.0,1.0,1.0,1.0,0.0,1.0,1.0
label_bm25,eval_0094,methenamine | zemdri | macrobid | plazomicin | nitrofurantoin | fetroja | lithostat | vabomere | recarbrio | meropenem / vaborbactam | uticap | hiprex | utrona-c | uro-458 | uro-sp | hyoscyamine / methenamine / methylene blue / sodium biphosphate | ustell | hyolev mb | azuphen mb | urimar-t,doxycycline,1000,172,172,172,1000,0,1000,0.0,0.0,0.0,0.0,0.0,0.0,0.0,0.0,0.0,0.0,0.0,0.0,0.0,1.0,1.0,1.0,1.0,0.0,1.0,1.0
label_bm25,eval_0079,aluminum hydroxide / magnesium hydroxide / simethicone | omeprazole | cimetidine | famotidine | pantoprazole | lansoprazole | ranitidine | acetaminophen / phenyltoloxamine | deltasone | excedrin tension headache | cyproheptadine | excedrin quick tab | acetaminophen / caffeine | prednisone | xyzal | loratadine | levocetirizine | alka-seltzer plus cold | aspirin | chlorpheniramine / pseudoephedrine,lansoprazole | ranitidine | omeprazole | pantoprazole,1000,549,549,719,1000,0,1000,0.4,0.5,1.0,0.4209109118339596,0.4,1.0,1.0,0.6601243347088477,0.2,1.0,1.0,0.6601243347088477,0.5,1.0,1.0,1.0,1.0,0.0,1.0,1.0
label_bm25,eval_0097,"promethazine | meclizine | excedrin tension headache | acetaminophen / phenyltoloxamine | acetaminophen / caffeine | excedrin quick tab | cyproheptadine | deltasone | phenylephrine | cardizem | cardizem cd | prednisone | esmolol | cartia xt | diltiazem | xyzal | loratadine | levocetirizine | diphtheria toxoid / hepatitis b pediatric vaccine / pertussis, acellular / poliovirus vaccine, inactivated / tetanus toxoid | diphtheria and tetanus toxoids / pertussis, acellular / poliovirus vaccine, inactivated / haemophilus b conjugate / hepatitis b vaccine",promethazine | meclizine | phenylephrine | propranolol,1000,684,684,1000,1000,0,1000,0.4,0.5,1.0,0.6357429506707164,0.3,0.75,1.0,0.7340671520936788,0.15,0.75,1.0,0.7340671520936788,1.0,1.0,1.0,1.0,1.0,0.0,1.0,1.0
label_bm25,eval_0102,eucrisa | crisaborole | pancrelipase | pancreaze | protopic | creon | purinethol | zenpep | diprolene af | hi-vegi-lip | pancreatin | tacrolimus | topicort | lidex | cellcept | capex | elidel | olux-e | alclometasone | mercaptopurine,prednisone | methylprednisolone,1000,49,49,54,1000,0,1000,0.0,0.0,0.0,0.0,0.0,0.0,0.0,0.0,0.0,0.0,0.0,0.0,0.0,1.0,1.0,1.0,1.0,0.0,1.0,1.0
label_bm25,eval_0096,triamcinolone | sucralfate | ciprofloxacin | ofloxacin | levofloxacin | famotidine / ibuprofen | duexis | vimovo | esomeprazole / naproxen | diclofenac | cellcept | remicade | imuran | adalimumab | golimumab | mycophenolate mofetil | humira | sulfazine | simponi | infliximab,triamcinolone | sucralfate,1000,311,311,672,1000,0,1000,0.4,1.0,1.0,0.9134015924715543,0.2,1.0,1.0,0.9134015924715543,0.1,1.0,1.0,0.9134015924715543,1.0,1.0,1.0,1.0,1.0,0.0,0.0,1.0
label_bm25,eval_0100,lidocaine | pramosone | hydrocortisone / pramoxine | hydrocortisone | nupercainal | dibucaine | proctofoam | proctosol-hc | hydrocortisone / lidocaine | phenylephrine / pramoxine | pramoxine / zinc oxide | anusol-hc suppositories | tronolane anesthetic for hemorrhoids | anucort-hc | pramoxine | lmx 5 | recticare | proctofoam hc | analpram-hc | phenylephrine,hydrocortisone | hydrocortisone / pramoxine | lidocaine,1000,164,164,275,1000,0,1000,0.6,1.0,1.0,0.8288615669472547,0.3,1.0,1.0,0.8288615669472547,0.15,1.0,1.0,0.8288615669472547,1.0,1.0,1.0,1.0,1.0,0.0,1.0,1.0
label_bm25,eval_0103,flanax pain reliever | naprosyn | aleve | ibuprofen | naproxen | oxybutynin | ditropan xl | lidocaine | sucralfate | smz-tmp ds | doxy 100 | cephalexin | septra ds | triamcinolone | doxycycline | bactrim | bactrim ds | sulfamethoxazole / trimethoprim | ofloxacin | moxifloxacin,naproxen | triamcinolone,1000,273,273,273,1000,0,1000,0.2,0.5,1.0,0.272312688806029,0.1,0.5,1.0,0.272312688806029,0.1,1.0,1.0,0.39242834460408027,0.2,1.0,1.0,1.0,1.0,0.0,1.0,1.0
label_bm25,eval_0111,chlorpheniramine / ibuprofen / phenylephrine | ala-hist ir | dexbrompheniramine / phenylephrine | equaline sleep aid | dexbrompheniramine | h.p. acthar gel | doxylamine | equate sleep aid | acthar | hydroxyzine | xyzal | loratadine | levocetirizine | corticotropin | epipen | epinastine | elestat | pemirolast | zaditor | patanol,prednisone | promethazine,1000,76,76,558,1000,0,1000,0.0,0.0,0.0,0.0,0.0,0.0,0.0,0.0,0.0,0.0,0.0,0.0,0.0,1.0,1.0,1.0,1.0,0.0,1.0,1.0
label_bm25,eval_0107,compazine | thorazine | haldol | haloperidol | chlorpromazine | prochlorperazine | minocycline | dexamethasone | doxycycline | lidex | clocortolone | flurandrenolide | kenalog | cutar | desonide | cloderm | elocon | desoximetasone | clobex | cordran tape,prednisone | mometasone | clobetasol,1000,300,300,389,1000,0,1000,0.0,0.0,0.0,0.0,0.0,0.0,0.0,0.0,0.0,0.0,0.0,0.0,0.0,1.0,1.0,1.0,1.0,0.0,1.0,1.0
label_bm25,eval_0086,tretinoin | dapsone | minocycline | sulfamethoxazole / trimethoprim | clindamycin | doxycycline | erythromycin | septra | vibramycin | doxorubicin | spironolactone | tetracycline | dexamethasone | cephalexin | septra ds | bactrim | doxy 100 | doryx | bactrim ds | keflex,tretinoin | doxycycline | spironolactone | liraglutide | victoza | clindamycin,1000,625,625,1000,1000,0,1000,0.4,0.3333333333333333,1.0,0.47036528278595785,0.3,0.5,1.0,0.5471117314836423,0.2,0.6666666666666666,1.0,0.6054814791211961,1.0,1.0,1.0,1.0,1.0,0.0,1.0,1.0
label_bm25,eval_0067,baclofen | lioresal | botox | onabotulinumtoxina | ativan | lorazepam | incobotulinumtoxina | myobloc | xeomin | dysport | abobotulinumtoxina | botulinum toxin type b | aleve | ibuprofen | naproxen | ubrelvy | ergomar | frova | eletriptan | ergotamine,onabotulinumtoxina | botox | naproxen | ibuprofen | aleve,1000,187,187,1000,1000,0,1000,0.4,0.4,1.0,0.3708934714722901,0.2,0.4,1.0,0.3708934714722901,0.25,1.0,1.0,0.5750972653672274,0.3333333333333333,1.0,1.0,1.0,1.0,0.0,1.0,1.0
label_bm25,eval_0106,corticotropin | aleve | ibuprofen | flanax pain reliever | naproxen | sodium hyaluronate | naprosyn | remicade | enbrel | adalimumab | infliximab | etanercept | humira | apremilast | otezla | methotrexate | kenalog-10 | stelara | cosentyx | prednisolone,prednisone | enbrel,1000,255,255,573,1000,0,1000,0.0,0.0,0.0,0.0,0.1,0.5,1.0,0.1845756967795682,0.05,0.5,1.0,0.1845756967795682,0.1111111111111111,1.0,1.0,1.0,1.0,0.0,1.0,1.0
label_bm25,eval_0090,fluconazole | meropenem | zyvox | cefazolin | linezolid | unasyn | ampicillin / sulbactam | cefepime | rocephin | acidophilus | diflucan | doripenem | flucytosine | itraconazole | gentamicin | amphotericin b | amikacin | lactobacillus acidophilus | smz-tmp ds | methenamine,sulfamethoxazole / trimethoprim | bactrim | fluconazole,1000,287,287,1000,1000,0,1000,0.2,0.3333333333333333,1.0,0.4692787260227565,0.1,0.3333333333333333,1.0,0.4692787260227565,0.05,0.3333333333333333,1.0,0.4692787260227565,1.0,1.0,1.0,1.0,1.0,0.0,1.0,1.0
label_bm25,eval_0115,acthar | corticotropin | aristocort | loteprednol | lotemax | triamcinolone | deltasone | prednisolone | prednisone | chlorpheniramine / ibuprofen / phenylephrine | ala-hist ir | dexbrompheniramine / phenylephrine | equaline sleep aid | dexbrompheniramine | h.p. acthar gel | doxylamine | equate sleep aid | hydroxyzine | xyzal | loratadine,prednisone | triamcinolone | corticotropin | prednisolone | loteprednol | lotemax,1000,322,322,322,1000,0,1000,0.6,0.5,1.0,0.41993093717806657,0.6,1.0,1.0,0.6939420703559456,0.3,1.0,1.0,0.6939420703559456,0.5,1.0,1.0,1.0,1.0,0.0,1.0,1.0
label_bm25,eval_0110,bactrim | cefuroxime | bactrim ds | kenalog-40 | suprax | sulfamethoxazole / trimethoprim | clarithromycin | cefixime | cefpodoxime | cefprozil | cefdinir | augmentin xr | moxifloxacin | zithromax | cefzil | azithromycin dose pack | amoxil | methylprednisolone | ampicillin | erythromycin,prednisone,1000,681,681,1000,1000,0,1000,0.0,0.0,0.0,0.0,0.0,0.0,0.0,0.0,0.0,0.0,0.0,0.0,0.0,1.0,1.0,1.0,1.0,0.0,0.0,1.0
label_bm25,eval_0099,canakinumab | deltasone | medrol dosepak | kenalog-40 | aspirin | methylprednisolone | triamcinolone | cortisone | dexamethasone | amoxicillin | aristocort | prednisone | hydroxychloroquine | doxycycline | smz-tmp ds | prednisolone | cefotaxime | acthar | corticotropin | lotemax,prednisone | methylprednisolone | triamcinolone,1000,755,755,1000,1000,0,1000,0.0,0.0,0.0,0.0,0.2,0.6666666666666666,1.0,0.32358669697378784,0.15,1.0,1.0,0.4504037138061814,0.16666666666666666,1.0,1.0,1.0,1.0,0.0,1.0,1.0
label_bm25,eval_0119,moxifloxacin | gentamicin | amikacin | levofloxacin | ciprofloxacin | minocycline | doxycycline | bcg | bethanechol | levaquin | avelox | meropenem | fluconazole | cefotetan | clarithromycin | cefixime | cefpodoxime | cefprozil | cefdinir | zyvox,doxycycline | ciprofloxacin,1000,363,363,1000,1000,0,1000,0.2,0.5,1.0,0.23719771276929622,0.2,1.0,1.0,0.4415801103577823,0.1,1.0,1.0,0.4415801103577823,0.2,1.0,1.0,1.0,1.0,0.0,1.0,1.0
label_bm25,eval_0112,valtrex | valacyclovir | acyclovir | foscarnet | varicella virus vaccine | varicella zoster immune globulin | measles virus vaccine / mumps virus vaccine / rubella virus vaccine / varicella virus vaccine | moxifloxacin | immune globulin intramuscular | aluminum hydroxide / magnesium hydroxide / simethicone | levofloxacin | ciprofloxacin | rifampin | mometasone | doxycycline | kenalog-40 | fluticasone | omeprazole | pantoprazole | lansoprazole,valacyclovir | valtrex | acyclovir,1000,516,516,1000,1000,0,1000,0.6,1.0,1.0,1.0,0.3,1.0,1.0,1.0,0.15,1.0,1.0,1.0,1.0,1.0,1.0,1.0,1.0,0.0,1.0,1.0
label_bm25,eval_0109,methotrexate | prednisone | dexamethasone | minocycline | doxycycline | cefotaxime | ceftriaxone | amoxicillin | enbrel | cosentyx | stelara | secukinumab | ustekinumab | otrexup | apremilast | otezla | adalimumab | humira | remicade | kenalog-10,minocycline | methotrexate,1000,544,544,898,1000,0,1000,0.4,1.0,1.0,0.9060254355346823,0.2,1.0,1.0,0.9060254355346823,0.1,1.0,1.0,0.9060254355346823,1.0,1.0,1.0,1.0,1.0,0.0,1.0,1.0
label_bm25,eval_0124,omalizumab | xolair | aristocort | cromolyn | epinephrine | deltasone | prednisolone | triamcinolone | prednisone | chlorpheniramine / ibuprofen / phenylephrine | ala-hist ir | dexbrompheniramine / phenylephrine | equaline sleep aid | dexbrompheniramine | h.p. acthar gel | doxylamine | equate sleep aid | acthar | hydroxyzine | xyzal,prednisone | triamcinolone | omalizumab | xolair | cromolyn,1000,288,288,995,1000,0,1000,0.6,0.6,1.0,0.5477279334065154,0.5,1.0,1.0,0.7934136352803001,0.25,1.0,1.0,0.7934136352803001,1.0,1.0,1.0,1.0,1.0,0.0,1.0,1.0
label_bm25,eval_0131,ceftriaxone | erythromycin | ciprofloxacin | dexamethasone | sulfamethoxazole / trimethoprim | doxycycline | floxin | ampicillin | ofloxacin | cipro | dexamethasone intensol | azithromycin | pyridoxine | cefotaxime | lansoprazole | prednisone | minocycline | factive | gemifloxacin | biaxin xl,azithromycin | prednisone | ceftriaxone,1000,449,449,1000,1000,0,1000,0.2,0.3333333333333333,1.0,0.5090967735771897,0.1,0.3333333333333333,1.0,0.5090967735771897,0.15,1.0,1.0,0.7253658235677575,1.0,1.0,1.0,1.0,1.0,0.0,1.0,1.0
label_bm25,eval_0121,hydroxychloroquine | doxycycline | corticotropin | doxy 100 | acthar | canakinumab | lotemax | loteprednol | methylprednisolone | kenalog-40 | prednisolone | triamcinolone | deltasone | medrol dosepak | prednisone | aspirin | dexamethasone | allopurinol | depakote | depakote er,doxycycline | hydroxychloroquine,1000,287,287,1000,1000,0,1000,0.4,1.0,1.0,1.0,0.2,1.0,1.0,1.0,0.1,1.0,1.0,1.0,1.0,1.0,1.0,1.0,1.0,0.0,1.0,1.0
label_bm25,eval_0135,diltiazem | metoprolol | nadolol | amlodipine / atorvastatin | propranolol | verelan pm | bisoprolol | nifedipine | tenormin | atenolol | carvedilol | lopressor | corgard | norvasc | amlodipine | nitroglycerin | toprol-xl | caduet | inderal la | calan sr,propranolol | metoprolol,1000,335,335,1000,1000,0,1000,0.4,1.0,1.0,0.6240505200038378,0.2,1.0,1.0,0.6240505200038378,0.1,1.0,1.0,0.6240505200038378,0.5,1.0,1.0,1.0,1.0,0.0,1.0,1.0
label_bm25,eval_0117,femhrt | trinessa | nuox | vestura | chaparral | adriamycin | benzefoam | finacea | hexachlorophene | tretin-x | trinessa lo | vincasar pfs | cyclafem 1 / 35 | ortho tri-cyclen | desquam-x wash | nortrel 1 / 35 | norinyl 1+35 | necon 1 / 35 | loestrin 24 fe | sulfacetamide sodium / sulfur,adapalene / benzoyl peroxide,1000,273,273,273,1000,0,1000,0.0,0.0,0.0,0.0,0.0,0.0,0.0,0.0,0.0,0.0,0.0,0.0,0.0,1.0,1.0,1.0,1.0,0.0,1.0,1.0
label_bm25,eval_0116,lisinopril | gabapentin | topiramate | hydrochlorothiazide | avapro | cozaar | irbesartan | vasotec | quinapril | trandolapril | benazepril | fosinopril | losartan | captopril | moexipril | perindopril | enalapril | ramipril | altace | neurontin,gabapentin | pregabalin | topiramate | clonidine | onabotulinumtoxina,1000,651,637,1000,1000,0,1000,0.4,0.4,1.0,0.3668856637811663,0.2,0.4,1.0,0.3668856637811663,0.1,0.4,1.0,0.3668856637811663,0.5,1.0,1.0,1.0,1.0,0.0,1.0,1.0
label_bm25,eval_0104,rifabutin | moxifloxacin | levofloxacin | ciprofloxacin | gentamicin | amikacin | bcg | bethanechol | dexamethasone | prednisone | zegerid with magnesium hydroxide | chloramphenicol | triamcinolone | reglan | metoclopramide | mylanta tonight | di-gel | mylanta coat & cool | almacone | rulox,rifabutin,1000,227,116,1000,1000,0,1000,0.2,1.0,1.0,1.0,0.1,1.0,1.0,1.0,0.05,1.0,1.0,1.0,1.0,1.0,1.0,1.0,1.0,0.0,0.0,1.0
label_bm25,eval_0122,omalizumab | xolair | ipratropium | cinqair | albuterol | alvesco | proair respiclick | ventolin hfa | dulera | de-sone la | xopenex hfa | formoterol / mometasone | fluticasone / vilanterol | difil-g forte | fasenra | reslizumab | salbutamol | rayos | dxevo | benralizumab,prednisone,1000,221,221,1000,1000,0,1000,0.0,0.0,0.0,0.0,0.0,0.0,0.0,0.0,0.0,0.0,0.0,0.0,0.0,1.0,1.0,1.0,1.0,0.0,0.0,1.0
label_bm25,eval_0125,hydroxyzine | phosphorated carbohydrate solution | atarax | lactobacillus acidophilus | elavil | ofloxacin | amitriptyline | ampicillin | minocycline | cipro | ciprofloxacin | ceftriaxone | sulfamethoxazole / trimethoprim | doxycycline | bethanechol | cefditoren | azo urinary pain relief | flomax | cubicin | elmiron,doxycycline | sulfamethoxazole / trimethoprim | azithromycin,1000,303,172,172,1000,0,1000,0.0,0.0,0.0,0.0,0.0,0.0,0.0,0.0,0.1,0.6666666666666666,1.0,0.24703522641884676,0.07692307692307693,1.0,1.0,1.0,1.0,0.0,1.0,1.0
label_bm25,eval_0138,"sodium iodide-i-131 | propylthiouracil | calcium phosphate, tribasic | calcifediol | ergocalciferol | parathyroid hormone | calcium lactate | calcitriol | oxybutynin | hytrin | terazosin | botox | onabotulinumtoxina | tapazole | benztropine | drysol | glycopyrronium | hypercare | methimazole | pima",thyroid desiccated | armour thyroid,1000,132,132,688,1000,0,1000,0.0,0.0,0.0,0.0,0.0,0.0,0.0,0.0,0.0,0.0,0.0,0.0,0.0,1.0,1.0,1.0,1.0,0.0,1.0,1.0
label_bm25,eval_0130,flanax pain reliever | aleve | ibuprofen | naprosyn | naproxen | doxycycline | triamcinolone | ditropan xl | ofloxacin | doxy 100 | levaquin | avelox | cipro | cephalexin | septra ds | oxybutynin | moxifloxacin | lidocaine | levofloxacin | bactrim,prednisone | enbrel | naproxen,1000,273,273,573,1000,0,1000,0.2,0.3333333333333333,1.0,0.2205605109996152,0.1,0.3333333333333333,1.0,0.2205605109996152,0.05,0.3333333333333333,1.0,0.2205605109996152,0.2,1.0,1.0,1.0,1.0,0.0,1.0,1.0
label_bm25,eval_0129,zolmitriptan | sumatriptan | ergomar | frova | ubrelvy | ergotamine | eletriptan | rizatriptan | dihydroergotamine | elyxyb | trudhesa | maxalt-mlt | zomig | cyclobenzaprine | cambia | imitrex | excedrin migraine | methylergonovine | genace | imitrex statdose,propranolol,1000,179,179,1000,1000,0,1000,0.0,0.0,0.0,0.0,0.0,0.0,0.0,0.0,0.0,0.0,0.0,0.0,0.0,1.0,1.0,1.0,1.0,0.0,1.0,1.0
label_bm25,eval_0133,enbrel | apremilast | otezla | cosentyx | stelara | secukinumab | ustekinumab | otrexup | kenalog-10 | etanercept | adalimumab | humira | remicade | methotrexate | infliximab | betamethasone | tetracycline | kenalog-40 | prednisolone | methylprednisolone,prednisone | enbrel | stelara | ustekinumab | adalimumab,1000,393,393,1000,1000,0,1000,0.4,0.4,1.0,0.4918775606080098,0.3,0.6,1.0,0.6101014889254496,0.2,0.8,1.0,0.7090346813593936,1.0,1.0,1.0,1.0,1.0,0.0,1.0,1.0
label_bm25,eval_0146,rosiglitazone | amaryl | glipizide | glynase | adlyxin | glyburide | riomet | rybelsus | starlix | tanzeum | trulicity | pioglitazone | repaglinide | tirzepatide | nateglinide | glynase prestab | bydureon | glycron | glyset | ozempic,liraglutide | victoza,1000,228,228,1000,1000,0,1000,0.0,0.0,0.0,0.0,0.0,0.0,0.0,0.0,0.0,0.0,0.0,0.0,0.0,1.0,1.0,1.0,1.0,0.0,1.0,1.0
label_bm25,eval_0151,xyzal | loratadine | levocetirizine | carbinoxamine | clarinex | claritin | fexofenadine | allegra | azelastine | olopatadine | cetirizine | zyrtec | desloratadine | dexchlorpheniramine | cyproheptadine | tetracaine | phenergan | chlor-trimeton | promethazine | chlorpheniramine,prednisone | promethazine | cyproheptadine,1000,558,558,1000,1000,0,1000,0.0,0.0,0.0,0.0,0.0,0.0,0.0,0.0,0.1,0.6666666666666666,1.0,0.2450680951899861,0.06666666666666667,1.0,1.0,1.0,1.0,0.0,1.0,1.0
label_bm25,eval_0150,clonidine | sodium bicarbonate | immune globulin intravenous | rifabutin | elvitegravir | emtricitabine / tenofovir alafenamide | lamivudine / nevirapine / zidovudine | intelence | pifeltro | edurant | cobicistat / elvitegravir / emtricitabine / tenofovir alafenamide | reyataz | aptivus | cobicistat | nelfinavir | tipranavir | viramune xr | atazanavir | enfuvirtide | ibalizumab,rifabutin,1000,119,119,1000,1000,0,1000,0.2,1.0,1.0,0.4306765580733931,0.1,1.0,1.0,0.4306765580733931,0.05,1.0,1.0,0.4306765580733931,0.25,1.0,1.0,1.0,1.0,0.0,0.0,1.0
label_bm25,eval_0136,adalimumab | humira | remicade | infliximab | prednisolone | hydrocortisone | prednisone | methylprednisolone | triamcinolone | dexamethasone | methotrexate | enbrel | cosentyx | stelara | secukinumab | ustekinumab | otrexup | golimumab | simponi | apremilast,prednisone | dexamethasone | adalimumab | humira | methylprednisolone,1000,393,393,1000,1000,0,1000,0.4,0.4,1.0,0.6499585627060159,0.5,1.0,1.0,0.8991301818771466,0.25,1.0,1.0,0.8991301818771466,1.0,1.0,1.0,1.0,1.0,0.0,1.0,1.0
label_bm25,eval_0134,bromocriptine | insulin regular | sodium bicarbonate | rosiglitazone | amaryl | glipizide | glynase | riomet | glyburide | starlix | tanzeum | trulicity | adlyxin | rybelsus | glynase prestab | nateglinide | pioglitazone | repaglinide | tirzepatide | bydureon,liraglutide | victoza,1000,282,282,1000,1000,0,1000,0.0,0.0,0.0,0.0,0.0,0.0,0.0,0.0,0.0,0.0,0.0,0.0,0.0,1.0,1.0,1.0,1.0,0.0,1.0,1.0
label_bm25,eval_0156,"calcifediol | ergocalciferol | parathyroid hormone | calcium phosphate, tribasic | calcium lactate | calcitriol | sodium iodide-i-131 | propylthiouracil | cytomel | armour thyroid | np thyroid | nature-throid | tirosint | unithroid | tirosint-sol | liothyronine | thyquidity | levo-t | euthyrox | levoxyl",thyroid desiccated | armour thyroid | levothyroxine,1000,132,132,1000,1000,0,1000,0.0,0.0,0.0,0.0,0.1,0.3333333333333333,1.0,0.10987173866025332,0.05,0.3333333333333333,1.0,0.10987173866025332,0.1,1.0,1.0,1.0,1.0,0.0,0.0,1.0
label_bm25,eval_0142,acidophilus | diflucan | doripenem | flucytosine | itraconazole | amphotericin b | fluconazole | meropenem | lactobacillus acidophilus | trospium | smz-tmp ds | zyvox | linezolid | cefazolin | unasyn | ampicillin / sulbactam | rocephin | hydroxyzine | sodium bicarbonate | vaniqa,doxycycline,1000,172,172,172,1000,0,1000,0.0,0.0,0.0,0.0,0.0,0.0,0.0,0.0,0.0,0.0,0.0,0.0,0.0,1.0,1.0,1.0,1.0,0.0,1.0,1.0
label_bm25,eval_0145,singulair | montelukast | moxifloxacin | ceftibuten | decadron | cedax | vantin | biaxin | omnicef | kenalog-40 | suprax | clarithromycin | cefixime | cefprozil | cefpodoxime | cefdinir | rocephin | zithromax | epinephrine | medrol dosepak,azithromycin | prednisone,1000,221,221,1000,1000,0,1000,0.0,0.0,0.0,0.0,0.0,0.0,0.0,0.0,0.0,0.0,0.0,0.0,0.0,1.0,1.0,1.0,1.0,0.0,1.0,1.0
label_bm25,eval_0144,vantin | cefotetan | cefoxitin | filgrastim | fluconazole | meropenem | biaxin | omnicef | rocephin | unasyn | zyvox | linezolid | cefazolin | ampicillin / sulbactam | zerbaxa | garamycin | amikin | rifampin | ceftolozane / tazobactam | vibativ,doxycycline | azithromycin,1000,132,132,1000,1000,0,1000,0.0,0.0,0.0,0.0,0.0,0.0,0.0,0.0,0.0,0.0,0.0,0.0,0.0,1.0,1.0,1.0,1.0,0.0,1.0,1.0
label_bm25,eval_0155,golimumab | simponi | sulfazine | remicade | adalimumab | humira | cellcept | sulfasalazine | infliximab | azulfidine | imuran | mycophenolate mofetil | famotidine / ibuprofen | azathioprine | vimovo | duexis | esomeprazole / naproxen | methylprednisolone | prednisolone | hydrocortisone,adalimumab | humira,1000,311,311,525,1000,0,1000,0.2,0.5,1.0,0.23719771276929622,0.2,1.0,1.0,0.45560514958746035,0.1,1.0,1.0,0.45560514958746035,0.2,1.0,1.0,1.0,1.0,0.0,1.0,1.0
label_bm25,eval_0163,epivir-hbv | lamivudine | tenofovir | viread | immune globulin intravenous | filgrastim | rifabutin | sodium bicarbonate | elvitegravir | lamivudine / nevirapine / zidovudine | emtricitabine / tenofovir alafenamide | edurant | pifeltro | intelence | cobicistat / elvitegravir / emtricitabine / tenofovir alafenamide | aptivus | reyataz | atazanavir | cobicistat | enfuvirtide,tenofovir | viread,1000,119,119,1000,1000,0,1000,0.4,1.0,1.0,0.5706417189553201,0.2,1.0,1.0,0.5706417189553201,0.1,1.0,1.0,0.5706417189553201,0.3333333333333333,1.0,1.0,1.0,1.0,0.0,1.0,1.0
label_bm25,eval_0148,prolixin | alefacept | fluphenazine | amevive | benznidazole | triclabendazole | trilafon | mebendazole | navane | nitazoxanide | pyrantel | haldol decanoate | topicort lp | hydroxyurea | kalosar | skyrizi | brodalumab | ionil t | theraplex t | coal tar / salicylic acid / sulfur,enbrel,1000,164,164,726,1000,0,1000,0.0,0.0,0.0,0.0,0.0,0.0,0.0,0.0,0.0,0.0,0.0,0.0,0.0,1.0,1.0,1.0,1.0,0.0,1.0,1.0
label_bm25,eval_0171,cedax | ceftibuten | decadron | ephedrine | singulair | montelukast | biaxin | omnicef | vantin | caffeine | rocephin | flunisolide | ciclesonide | epinephrine | medrol dosepak | beclomethasone | deltasone | kenalog-40 | budesonide | fluticasone,prednisone,1000,221,221,1000,1000,0,1000,0.0,0.0,0.0,0.0,0.0,0.0,0.0,0.0,0.0,0.0,0.0,0.0,0.0,1.0,1.0,1.0,1.0,0.0,0.0,1.0
label_bm25,eval_0177,etanercept | methotrexate | apremilast | otezla | remicade | stelara | cosentyx | kenalog-10 | infliximab | secukinumab | ustekinumab | adalimumab | otrexup | aristocort | cymbalta | duloxetine | imuran | excedrin | humira | lotemax,diclofenac | tramadol | acetaminophen / hydrocodone,1000,255,255,420,1000,0,1000,0.0,0.0,0.0,0.0,0.0,0.0,0.0,0.0,0.0,0.0,0.0,0.0,0.0,1.0,1.0,1.0,1.0,0.0,1.0,1.0
label_bm25,eval_0180,altabax | retapamulin | p & s | amzeeq | seysara | aklief | brodspec | minocin | ala-tet | resinol | retin-a | resorcinol | arazlo | yasmin | spotex | r a acne | avita | brevoxyl | clindareach pledget | clinda-derm,adapalene / benzoyl peroxide,1000,273,273,273,1000,0,1000,0.0,0.0,0.0,0.0,0.0,0.0,0.0,0.0,0.0,0.0,0.0,0.0,0.0,1.0,1.0,1.0,1.0,0.0,1.0,1.0
label_bm25,eval_0175,"ergocalciferol | calcifediol | parathyroid hormone | calcium phosphate, tribasic | calcium lactate | calcitriol | sodium iodide-i-131 | propylthiouracil | cytomel | armour thyroid | np thyroid | nature-throid | unithroid | tirosint | tirosint-sol | liothyronine | thyquidity | levo-t | euthyrox | synthroid",thyroid desiccated | armour thyroid | levothyroxine,1000,132,132,634,1000,0,1000,0.0,0.0,0.0,0.0,0.1,0.3333333333333333,1.0,0.13565197343244778,0.05,0.3333333333333333,1.0,0.13565197343244778,0.1,1.0,1.0,1.0,1.0,0.0,1.0,1.0
label_bm25,eval_0183,zantac | ranitidine | pepcid | rabeprazole | carafate | protonix | famotidine | cimetidine | esomeprazole | nexium | omeprazole / sodium bicarbonate | omeprazole | sucralfate | pantoprazole | calcium carbonate | lansoprazole | reglan | metoclopramide | axid ar | prevacid,aciphex | dexlansoprazole | rabeprazole | esomeprazole | lansoprazole | nexium,1000,109,109,721,1000,0,1000,0.2,0.16666666666666666,1.0,0.14606834984270645,0.3,0.5,1.0,0.30888788323523686,0.2,0.6666666666666666,1.0,0.3829197277440052,0.25,1.0,1.0,1.0,1.0,0.0,1.0,1.0
label_bm25,eval_0187,skyrizi | kalosar | hydroxyurea | brodalumab | benznidazole | nitazoxanide | mebendazole | trilafon | triclabendazole | navane | amevive | fluphenazine | alefacept | pyrantel | prolixin | sorilux | methoxsalen | dovonex | reditrex | sernivo,enbrel,1000,164,164,726,1000,0,1000,0.0,0.0,0.0,0.0,0.0,0.0,0.0,0.0,0.0,0.0,0.0,0.0,0.0,1.0,1.0,1.0,1.0,0.0,1.0,1.0
label_bm25,eval_0185,xyzal | loratadine | levocetirizine | carbinoxamine | clarinex | claritin | fexofenadine | allegra | azelastine | olopatadine | cetirizine | zyrtec | desloratadine | dexchlorpheniramine | chlor-trimeton | chlorpheniramine | cyproheptadine | tetracaine | phenergan | benadryl allergy,promethazine | cyproheptadine,1000,558,511,625,1000,0,1000,0.0,0.0,0.0,0.0,0.0,0.0,0.0,0.0,0.05,0.5,1.0,0.14704034066641014,0.058823529411764705,1.0,1.0,1.0,1.0,0.0,1.0,1.0
label_bm25,eval_0190,imuran | cellcept | azathioprine | hydrocortisone | mycophenolate mofetil | methylprednisolone | triamcinolone | dexamethasone | prednisone | betamethasone | pancreatin | medrol dosepak | golimumab | simponi | prednisolone | remicade | infliximab | sulfazine | adalimumab | humira,adalimumab | humira | infliximab | remicade,1000,346,346,672,1000,0,1000,0.0,0.0,0.0,0.0,0.0,0.0,0.0,0.0,0.2,1.0,1.0,0.36832805503872484,0.0625,1.0,1.0,1.0,1.0,0.0,1.0,1.0
label_bm25,eval_0184,amitriptyline | elavil | memantine | venlafaxine | risperdal | moxifloxacin | risperidone | sulfamethoxazole / trimethoprim | vantin | smz-tmp ds | keflex | cephalexin | septra ds | suprax | bactrim | doryx | clarithromycin | cefpodoxime | cefixime | cefprozil,amitriptyline | venlafaxine | elavil | azithromycin,1000,347,347,1000,1000,0,1000,0.6,0.75,1.0,0.8519427124565994,0.3,0.75,1.0,0.8519427124565994,0.15,0.75,1.0,0.8519427124565994,1.0,1.0,1.0,1.0,1.0,0.0,0.0,1.0
label_bm25,eval_0178,dapsone | factive | gemifloxacin | biaxin xl | cilastatin / imipenem | sulfamethoxazole / trimethoprim | moxifloxacin | clindamycin | zithromax | clarithromycin | cefpodoxime | cefprozil | cefixime | cefdinir | trimethoprim | minocycline | cefzil | azithromycin dose pack | amoxil | erythromycin,doxycycline | azithromycin,1000,132,132,1000,1000,0,1000,0.0,0.0,0.0,0.0,0.0,0.0,0.0,0.0,0.0,0.0,0.0,0.0,0.0,1.0,1.0,1.0,1.0,0.0,1.0,1.0
label_bm25,eval_0188,"hepatitis b adult vaccine | hepatitis b immune globulin | hepatitis b pediatric vaccine | interferon alfa-2b | peginterferon alfa-2a | peginterferon alfa-2b | adefovir | entecavir | tenofovir alafenamide | hepatitis a adult vaccine / hepatitis b adult vaccine | epivir-hbv | diphtheria and tetanus toxoids / pertussis, acellular / poliovirus vaccine, inactivated / haemophilus b conjugate / hepatitis b vaccine | diphtheria toxoid / hepatitis b pediatric vaccine / pertussis, acellular / poliovirus vaccine, inactivated / tetanus toxoid | lamivudine | tenofovir | viread | corticotropin | tacrolimus | hydrocortisone / neomycin / polymyxin b | dexamethasone / neomycin / polymyxin b",tenofovir | peginterferon alfa-2a | viread,1000,16,16,467,1000,0,1000,0.2,0.3333333333333333,1.0,0.1815417925373527,0.1,0.3333333333333333,1.0,0.1815417925373527,0.15,1.0,1.0,0.41367076876905967,0.2,1.0,1.0,1.0,1.0,0.0,1.0,1.0
label_bm25,eval_0201,hytrin | terazosin | clonidine | catapres | sodium iodide-i-131 | benztropine | drysol | glycopyrronium | hypercare | methimazole | pima | tapazole | xerac ac | potassium iodide | aluminum chloride hexahydrate | iodine / potassium iodide | propylthiouracil | botox | onabotulinumtoxina | amitriptyline,clonidine | catapres,1000,22,22,825,1000,0,1000,0.4,1.0,1.0,0.5706417189553201,0.2,1.0,1.0,0.5706417189553201,0.1,1.0,1.0,0.5706417189553201,0.3333333333333333,1.0,1.0,1.0,1.0,0.0,1.0,1.0
label_bm25,eval_0199,flanax pain reliever | triamcinolone | naprosyn | aleve | ibuprofen | naproxen | doxycycline | smz-tmp ds | doxy 100 | cephalexin | septra ds | tetracycline | bactrim | oxybutynin | bactrim ds | sulfamethoxazole / trimethoprim | methylprednisolone | hydrocortisone | sucralfate | kenalog-40,triamcinolone | naproxen,1000,25,25,1000,1000,0,1000,0.2,0.5,1.0,0.2960819109658652,0.2,1.0,1.0,0.5468225934151687,0.1,1.0,1.0,0.5468225934151687,0.5,1.0,1.0,1.0,1.0,0.0,1.0,1.0
label_bm25,eval_0195,omeprazole | pantoprazole | cimetidine | famotidine | lansoprazole | ranitidine | budesonide | methylprednisolone | levofloxacin | benzocaine | triamcinolone | ciprofloxacin | dexamethasone | prednisone | calcium carbonate | esomeprazole | rabeprazole | carafate | protonix | sucralfate,lansoprazole | ranitidine | omeprazole,1000,605,605,1000,1000,0,1000,0.4,0.6666666666666666,1.0,0.7060422895895734,0.3,1.0,1.0,0.826938242710707,0.15,1.0,1.0,0.826938242710707,1.0,1.0,1.0,1.0,1.0,0.0,1.0,1.0
label_bm25,eval_0192,neutrogena rapid clear stubborn acne | emcin clear | neutrogena clear pore cleanser/mask | acne-clear | benzepro | oscion | benzac ac | oxy-10 | persa-gel | brevoxyl acne wash kit | fostex wash 10% | bp wash | erygel | theramycin z | panoxyl 10% acne foaming wash | panoxyl 4% acne creamy wash | seysara | aklief | brodspec | minocin,isotretinoin | accutane | adapalene / benzoyl peroxide,1000,273,273,726,1000,0,1000,0.0,0.0,0.0,0.0,0.0,0.0,0.0,0.0,0.0,0.0,0.0,0.0,0.0,1.0,1.0,1.0,1.0,0.0,1.0,1.0
label_bm25,eval_0186,furosemide | olmesartan | benicar | candesartan | prinivil | innopran xl | catapres | guanabenz | hydrochlorothiazide / moexipril | zaroxolyn | indapamide | atacand | bystolic | valsartan | telmisartan | nebivolol | betaxolol | accupril | conjupri | demadex,propranolol,1000,275,275,1000,1000,0,1000,0.0,0.0,0.0,0.0,0.0,0.0,0.0,0.0,0.0,0.0,0.0,0.0,0.0,1.0,1.0,1.0,1.0,0.0,1.0,1.0
label_bm25,eval_0205,estrace | liotrix | paricalcitol | doxercalciferol | nexavar | dabrafenib | natpara | cometriq | climara | cinacalcet | vandetanib | cenestin | estradiol | levothroid | sensipar | estring | etelcalcetide | rayaldee | cabozantinib | sorafenib,thyroid desiccated | armour thyroid | levothyroxine,1000,61,61,87,1000,0,1000,0.0,0.0,0.0,0.0,0.0,0.0,0.0,0.0,0.0,0.0,0.0,0.0,0.0,1.0,1.0,1.0,1.0,0.0,1.0,1.0
label_bm25,eval_0206,clindamycin | sulfamethoxazole / trimethoprim | minocycline | doxycycline | ertapenem | tigecycline | zosyn | penicillin v potassium | cleocin hcl | metronidazole | penicillin g sodium | flagyl iv | penicillin g potassium | tobramycin | vancomycin | nafcillin | flagyl | piperacillin / tazobactam | vancocin hcl | ceftazidime,doxycycline | azithromycin | clindamycin,1000,239,239,1000,1000,0,1000,0.4,0.6666666666666666,1.0,0.543791241910304,0.2,0.6666666666666666,1.0,0.543791241910304,0.1,0.6666666666666666,1.0,0.543791241910304,1.0,1.0,1.0,1.0,1.0,0.0,1.0,1.0
label_bm25,eval_0179,zolmitriptan | sumatriptan | gabapentin | elavil | pamelor | nortriptyline | amitriptyline | reglan | metoclopramide | depakote | depakote er | divalproex sodium | lithium | valproic acid | haldol | haloperidol | thorazine | meclizine | phenergan | promethazine,sumatriptan | clonidine,1000,315,315,1000,1000,0,1000,0.2,0.5,1.0,0.44412286644879784,0.1,0.5,1.0,0.44412286644879784,0.05,0.5,1.0,0.44412286644879784,0.5,1.0,1.0,1.0,1.0,0.0,1.0,1.0
label_bm25,eval_0209,catapres | clonidine | hytrin | terazosin | botox | onabotulinumtoxina | gabapentin | amitriptyline | sodium iodide-i-131 | tapazole | pima | methimazole | glycopyrronium | drysol | benztropine | hypercare | potassium iodide | xerac ac | aluminum chloride hexahydrate | iodine / potassium iodide,clonidine | catapres,1000,447,447,1000,1000,0,1000,0.4,1.0,1.0,1.0,0.2,1.0,1.0,1.0,0.1,1.0,1.0,1.0,1.0,1.0,1.0,1.0,1.0,0.0,1.0,1.0
label_bm25,eval_0204,calcium carbonate | esomeprazole | rabeprazole | omeprazole | carafate | protonix | pepcid | pantoprazole | nexium | omeprazole / sodium bicarbonate | lansoprazole | sucralfate | famotidine | cimetidine | zantac | ranitidine | belladonna | aluminum hydroxide / magnesium hydroxide | cyclosporine | aluminum hydroxide,rabeprazole | esomeprazole | lansoprazole,1000,80,80,955,1000,0,1000,0.4,0.6666666666666666,1.0,0.5307212739772436,0.2,0.6666666666666666,1.0,0.5307212739772436,0.15,1.0,1.0,0.6616232641454408,0.5,1.0,1.0,1.0,1.0,0.0,1.0,1.0
label_bm25,eval_0212,hydroxyzine | atarax | vistaril | phenergan | promethazine | benadryl | diphenhydramine | corticotropin | lotemax | loteprednol | doxepin | omeprazole | pantoprazole | prednisolone | lansoprazole | triamcinolone | ampicillin | cipro | prednisone | dexamethasone,prednisone | promethazine | hydroxyzine | doxycycline | sulfamethoxazole / trimethoprim,1000,214,214,991,1000,0,1000,0.4,0.4,1.0,0.552688952605752,0.2,0.4,1.0,0.552688952605752,0.15,0.6,1.0,0.6141615576387536,1.0,1.0,1.0,1.0,1.0,0.0,1.0,1.0
label_bm25,eval_0200,methotrexate | minocycline | chloramphenicol | doxycycline | prednisone | dexamethasone | tazarotene | tazorac | iloperidone | skyrizi | kalosar | hydroxyurea | brodalumab | sorilux | methoxsalen | dovonex | reditrex | oxsoralen-ultra | bryhali | sernivo,prednisone | methotrexate | dexamethasone | enbrel | stelara,1000,575,575,888,1000,0,1000,0.4,0.4,1.0,0.47007686475186583,0.3,0.6,1.0,0.5588197476496766,0.15,0.6,1.0,0.5588197476496766,1.0,1.0,1.0,1.0,1.0,0.0,1.0,1.0
label_bm25,eval_0196,reglan | metoclopramide | frova | ergomar | ubrelvy | ergotamine | eletriptan | rizatriptan | trudhesa | dihydroergotamine | elyxyb | maxalt-mlt | zomig | cyclobenzaprine | cambia | imitrex | excedrin migraine | zembrace symtouch | ubrogepant | methylergonovine,lansoprazole | omeprazole | propranolol,1000,222,222,1000,1000,0,1000,0.0,0.0,0.0,0.0,0.0,0.0,0.0,0.0,0.0,0.0,0.0,0.0,0.0,1.0,1.0,1.0,1.0,0.0,1.0,1.0
label_bm25,eval_0216,aleve | ibuprofen | naproxen | flanax pain reliever | naprosyn | lidocaine | ditropan xl | oxybutynin | triamcinolone | smz-tmp ds | sucralfate | doxycycline | doxy 100 | ofloxacin | moxifloxacin | cephalexin | septra ds | levaquin | avelox | cipro,naproxen,1000,25,25,372,1000,0,1000,0.2,1.0,1.0,0.5,0.1,1.0,1.0,0.5,0.05,1.0,1.0,0.5,0.3333333333333333,1.0,1.0,1.0,1.0,0.0,1.0,1.0
label_bm25,eval_0210,"ozenoxacin | sulconazole | ammoniated mercury | mupirocin | cefadroxil | altabax | retapamulin | cefuroxime | epivir-hbv | lamivudine | tenofovir | viread | diphtheria toxoid / hepatitis b pediatric vaccine / pertussis, acellular / poliovirus vaccine, inactivated / tetanus toxoid | diphtheria and tetanus toxoids / pertussis, acellular / poliovirus vaccine, inactivated / haemophilus b conjugate / hepatitis b vaccine | benzocaine | xyzal | loratadine | levocetirizine | immune globulin intravenous | elvitegravir",cefuroxime | mupirocin | retapamulin,1000,8,8,1000,1000,0,1000,0.2,0.3333333333333333,1.0,0.2192560461704936,0.3,1.0,1.0,0.49602307132858375,0.15,1.0,1.0,0.49602307132858375,0.25,1.0,1.0,1.0,1.0,0.0,1.0,1.0
label_bm25,eval_0217,mometasone | fluticasone | triamcinolone | dexamethasone | prednisone | dupilumab | methylprednisolone | medrol dosepak | budesonide | lidex | clocortolone | kenalog | flurandrenolide | desonide | betamethasone | hydrocortisone | elocon | cloderm | desoximetasone | clobex,prednisone,1000,49,49,734,1000,0,1000,0.2,1.0,1.0,0.38685280723454163,0.1,1.0,1.0,0.38685280723454163,0.05,1.0,1.0,0.38685280723454163,0.2,1.0,1.0,1.0,1.0,0.0,0.0,1.0
label_bm25,eval_0198,xyzal | loratadine | levocetirizine | claritin | clarinex | fexofenadine | allegra | azelastine | olopatadine | zyrtec | cetirizine | desloratadine | dexchlorpheniramine | carbinoxamine | phenergan | cyproheptadine | promethazine | chlorpheniramine / ibuprofen / phenylephrine | tetracaine | ala-hist ir,promethazine | cyproheptadine,1000,76,76,558,1000,0,1000,0.0,0.0,0.0,0.0,0.0,0.0,0.0,0.0,0.1,1.0,1.0,0.29704713377474795,0.0625,1.0,1.0,1.0,1.0,0.0,1.0,1.0
label_bm25,eval_0215,bromocriptine | rosiglitazone | amaryl | glipizide | glynase | rybelsus | tanzeum | starlix | trulicity | riomet | glyburide | adlyxin | glynase prestab | nateglinide | pioglitazone | repaglinide | tirzepatide | bydureon | glycron | glyset,liraglutide | victoza,1000,228,228,1000,1000,0,1000,0.0,0.0,0.0,0.0,0.0,0.0,0.0,0.0,0.0,0.0,0.0,0.0,0.0,1.0,1.0,1.0,1.0,0.0,1.0,1.0
label_bm25,eval_0221,seysara | septra | aklief | vibramycin | brodspec | minocin | ala-tet | resinol | arazlo | resorcinol | retin-a | spotex | yasmin | r a acne | avita | amzeeq | acne-10 | benzac | benzagel | benzashave,isotretinoin | accutane | adapalene / benzoyl peroxide,1000,273,273,273,1000,0,1000,0.0,0.0,0.0,0.0,0.0,0.0,0.0,0.0,0.0,0.0,0.0,0.0,0.0,1.0,1.0,1.0,1.0,0.0,1.0,1.0
label_bm25,eval_0220,topicort | alclometasone | tacrolimus | triclabendazole | nitazoxanide | navane | mebendazole | trilafon | prolixin | benznidazole | fluphenazine | alefacept | pyrantel | amevive | topicort lp | haldol decanoate | coal tar / salicylic acid / sulfur | ammonium lactate / halobetasol | ultravate | halobetasol,enbrel,1000,164,164,353,1000,0,1000,0.0,0.0,0.0,0.0,0.0,0.0,0.0,0.0,0.0,0.0,0.0,0.0,0.0,1.0,1.0,1.0,1.0,0.0,1.0,1.0
label_bm25,eval_0222,acthar | camphor / menthol / methyl salicylate | corticotropin | rinvoq | auranofin | depen | penicillamine | d-penamine | arava | kevzara | cimzia | orencia | plaquenil | sarilumab | leflunomide | alemtuzumab | erelzi | interferon gamma-1b | tofacitinib | ridaura,diclofenac,1000,255,255,403,1000,0,1000,0.0,0.0,0.0,0.0,0.0,0.0,0.0,0.0,0.0,0.0,0.0,0.0,0.0,1.0,1.0,1.0,1.0,0.0,1.0,1.0
label_bm25,eval_0225,exubera | iluvien | desmopressin | ddavp | mexiletine | vasopressin | toujeo | eylea | avandamet | ranibizumab | aflibercept | glucophage | fortamet | gabarone | glimepiride / rosiglitazone | glucophage xr | ddavp nasal | ddavp rhinal tube | novolin 70 / 30 | sandostatin lar depot,liraglutide | victoza,1000,228,228,616,1000,0,1000,0.0,0.0,0.0,0.0,0.0,0.0,0.0,0.0,0.0,0.0,0.0,0.0,0.0,1.0,1.0,1.0,1.0,0.0,1.0,1.0
label_bm25,eval_0219,catapres | clonidine | verapamil | metoprolol | nadolol | propranolol | verelan pm | inderal | tenormin | atenolol | olmesartan | corgard | norvasc | amlodipine | calan sr | inderal la | benicar | candesartan | prinivil | innopran xl,propranolol | spironolactone | clonidine | catapres | terazosin | hytrin | benicar | olmesartan | verapamil,1000,447,447,1000,1000,0,1000,0.6,0.3333333333333333,1.0,0.7227265726449517,0.4,0.4444444444444444,1.0,0.6315920529176587,0.3,0.6666666666666666,1.0,0.7633265748118166,1.0,1.0,1.0,1.0,1.0,0.0,1.0,1.0
label_bm25,eval_0230,cipro i.v. | avelox i.v. | vantin | moxifloxacin | rocephin | cefuroxime | biaxin | omnicef | clarithromycin | cefixime | cefpodoxime | cefprozil | cefdinir | amoxil | zithromax | cefzil | levaquin | avelox | ceftin | augmentin,prednisone,1000,221,221,1000,1000,0,1000,0.0,0.0,0.0,0.0,0.0,0.0,0.0,0.0,0.0,0.0,0.0,0.0,0.0,1.0,1.0,1.0,1.0,0.0,0.0,1.0
label_bm25,eval_0229,minocycline | doxycycline | tazarotene | tazorac | tetracycline | dapsone | clindamycin | sulfamethoxazole / trimethoprim | pentamidine | erythromycin | scalpicin scalp relief | salicylic acid | dermalzone | compound w | stri-dex | cerave sa renewing | acnevir | salex | acnex | sal-plant gel,tazarotene | dapsone | clindamycin,1000,555,479,726,1000,0,1000,0.2,0.3333333333333333,1.0,0.25454838678859487,0.3,1.0,1.0,0.5451432644354584,0.15,1.0,1.0,0.5451432644354584,0.3333333333333333,1.0,1.0,1.0,1.0,0.0,1.0,1.0
label_bm25,eval_0235,immune globulin intravenous | elvitegravir | lamivudine / nevirapine / zidovudine | emtricitabine / tenofovir alafenamide | intelence | pifeltro | edurant | cobicistat / elvitegravir / emtricitabine / tenofovir alafenamide | aptivus | reyataz | atazanavir | tipranavir | viramune xr | cobicistat | nelfinavir | enfuvirtide | ibalizumab | trogarzo | accesspak for hiv pep basic | kaletra,stribild | efavirenz / emtricitabine / tenofovir,1000,119,119,154,1000,0,1000,0.0,0.0,0.0,0.0,0.0,0.0,0.0,0.0,0.0,0.0,0.0,0.0,0.0,1.0,1.0,1.0,1.0,0.0,1.0,1.0
label_bm25,eval_0231,"calcifediol | ergocalciferol | parathyroid hormone | calcium phosphate, tribasic | calcitriol | calcium lactate | armour thyroid | np thyroid | nature-throid | cytomel | tirosint | unithroid | tirosint-sol | liothyronine | thyquidity | euthyrox | levoxyl | synthroid | levo-t | wp thyroid",thyroid desiccated | armour thyroid | levothyroxine,1000,112,112,1000,1000,0,1000,0.0,0.0,0.0,0.0,0.1,0.3333333333333333,1.0,0.12669792223864473,0.05,0.3333333333333333,1.0,0.12669792223864473,0.14285714285714285,1.0,1.0,1.0,1.0,0.0,0.0,1.0
label_bm25,eval_0207,dexamethasone | cymbalta | duloxetine | zostrix | capzasin-hp | zostrix diabetic foot pain | capsaicin | fluocinolone | clobetasol | bromocriptine | rosiglitazone | amaryl | glynase | glipizide | rybelsus | starlix | tanzeum | riomet | glyburide | adlyxin,duloxetine | cymbalta,1000,476,273,813,1000,0,1000,0.4,1.0,1.0,0.6934264036172708,0.2,1.0,1.0,0.6934264036172708,0.1,1.0,1.0,0.6934264036172708,0.5,1.0,1.0,1.0,1.0,0.0,1.0,1.0
label_bm25,eval_0233,adalimumab | remicade | cyclosporine | humira | infliximab | prednisolone | prednisone | hydrocortisone | dexamethasone | methylprednisolone | triamcinolone | tazarotene | tazorac | tetracycline | minocycline | doxycycline | enbrel | iloperidone | tacrolimus | perphenazine,prednisone | adalimumab | humira,1000,164,164,238,1000,0,1000,0.4,0.6666666666666666,1.0,0.7283528197476834,0.3,1.0,1.0,0.8414854360981701,0.15,1.0,1.0,0.8414854360981701,1.0,1.0,1.0,1.0,1.0,0.0,1.0,1.0
label_bm25,eval_0223,triamcinolone | sucralfate | ofloxacin | levofloxacin | ciprofloxacin | doxycycline | remicade | adalimumab | famotidine / ibuprofen | humira | diclofenac | duexis | vimovo | esomeprazole / naproxen | infliximab | azathioprine | sulfazine | golimumab | simponi | cellcept,triamcinolone | sucralfate | prednisone | adalimumab,1000,325,325,672,1000,0,1000,0.4,0.5,1.0,0.6357429506707164,0.3,0.75,1.0,0.7387819585228543,0.15,0.75,1.0,0.7387819585228543,1.0,1.0,1.0,1.0,1.0,0.0,1.0,1.0
label_bm25,eval_0213,hytrin | terazosin | catapres | clonidine | propylthiouracil | sodium iodide-i-131 | benztropine | drysol | glycopyrronium | hypercare | methimazole | pima | tapazole | potassium iodide | xerac ac | iodine / potassium iodide | aluminum chloride hexahydrate | botox | onabotulinumtoxina | oxybutynin,clonidine | catapres | terazosin | hytrin,1000,293,293,1000,1000,0,1000,0.8,1.0,1.0,1.0,0.4,1.0,1.0,1.0,0.2,1.0,1.0,1.0,1.0,1.0,1.0,1.0,1.0,0.0,1.0,1.0
label_bm25,eval_0218,pentamidine | voriconazole | ertapenem | tigecycline | biaxin | omnicef | cilastatin / imipenem | zosyn | cleocin hcl | penicillin v potassium | metronidazole | flagyl iv | penicillin g sodium | penicillin g potassium | tobramycin | factive | gemifloxacin | vancomycin | biaxin xl | nafcillin,doxycycline | azithromycin,1000,132,132,1000,1000,0,1000,0.0,0.0,0.0,0.0,0.0,0.0,0.0,0.0,0.0,0.0,0.0,0.0,0.0,1.0,1.0,1.0,1.0,0.0,1.0,1.0
label_bm25,eval_0242,"ergocalciferol | calcifediol | calcitriol | parathyroid hormone | calcium phosphate, tribasic | calcium lactate | sodium iodide-i-131 | nexavar | vandetanib | trametinib | teprotumumab | sorafenib | sensipar | rayaldee | paricalcitol | cabozantinib | natpara | cometriq | levothroid | lenvatinib",thyroid desiccated | armour thyroid | levothyroxine,1000,385,385,1000,1000,0,1000,0.0,0.0,0.0,0.0,0.0,0.0,0.0,0.0,0.0,0.0,0.0,0.0,0.0,1.0,1.0,1.0,1.0,0.0,0.0,1.0
label_bm25,eval_0241,baclofen | lioresal | botox | onabotulinumtoxina | abobotulinumtoxina | dysport | incobotulinumtoxina | myobloc | xeomin | botulinum toxin type b | ativan | lorazepam | aleve | ibuprofen | naproxen | inderal | verapamil | ioversol | iopromide | iodixanol,baclofen | onabotulinumtoxina | botox | lioresal | propranolol,1000,187,187,1000,1000,0,1000,0.8,0.8,1.0,0.7541110877910315,0.4,0.8,1.0,0.7541110877910315,0.2,0.8,1.0,0.7541110877910315,1.0,1.0,1.0,1.0,1.0,0.0,1.0,1.0
label_bm25,eval_0237,methenamine | hiprex | keflex | acidophilus | flucytosine | itraconazole | diflucan | doripenem | amphotericin b | septra | vibramycin | cephalexin | septra ds | lactobacillus acidophilus | sulfamethoxazole / trimethoprim | bactrim | fluconazole | meropenem | bactrim ds | zyvox,sulfamethoxazole / trimethoprim | bactrim | fluconazole,1000,287,287,481,1000,0,1000,0.0,0.0,0.0,0.0,0.0,0.0,0.0,0.0,0.15,1.0,1.0,0.3446678650271746,0.06666666666666667,1.0,1.0,1.0,1.0,0.0,1.0,1.0
label_bm25,eval_0244,hydroxychloroquine | doxycycline | depakote | depakote er | divalproex sodium | lithium | valproic acid | doxy 100 | deltasone | allopurinol | prednisone | depakote sprinkles | risperidone | risperdal | pyrimethamine | primaquine | atovaquone | haloperidol | haldol | thorazine,doxycycline | prednisone | methylprednisolone | hydroxychloroquine | doxy 100 | deltasone | diclofenac | naproxen,1000,446,446,1000,1000,0,1000,0.4,0.25,1.0,0.5531464700081437,0.4,0.5,1.0,0.601366145912446,0.25,0.625,1.0,0.6760057321363735,1.0,1.0,1.0,1.0,1.0,0.0,1.0,1.0
label_bm25,eval_0252,levetiracetam | depakote | topiramate | depakote er | divalproex sodium | lithium | valproic acid | nardil | phenelzine | verapamil | nortriptyline | pamelor | cyproheptadine | trazodone | verelan | excedrin | gabapentin | clonazepam | amitriptyline | metoprolol,gabapentin | propranolol,1000,179,179,1000,1000,0,1000,0.0,0.0,0.0,0.0,0.0,0.0,0.0,0.0,0.05,0.5,1.0,0.1125388887954676,0.058823529411764705,1.0,1.0,1.0,1.0,0.0,1.0,1.0
label_bm25,eval_0227,"typhoid vaccine, inactivated | typhoid vaccine, live | ampicillin | cipro | ceftriaxone | azithromycin | ciprofloxacin | my way | foscarnet | xyzal | loratadine | levocetirizine | meclizine | hyoscyamine | zolmitriptan | sumatriptan | thorazine | haloperidol | haldol | elavil",ceftriaxone | ciprofloxacin,1000,7,7,1000,1000,0,1000,0.2,0.5,1.0,0.18154179253735267,0.2,1.0,1.0,0.41618115554873086,0.1,1.0,1.0,0.41618115554873086,0.2,1.0,1.0,1.0,1.0,0.0,0.0,1.0
label_bm25,eval_0232,chlorpheniramine / ibuprofen / phenylephrine | ala-hist ir | dexbrompheniramine / phenylephrine | equaline sleep aid | dexbrompheniramine | h.p. acthar gel | doxylamine | equate sleep aid | acthar | hydroxyzine | xyzal | loratadine | levocetirizine | corticotropin | chlor-trimeton | chlorpheniramine | carbinoxamine | xolair | omalizumab | vistaril,prednisone | promethazine,1000,76,76,558,1000,0,1000,0.0,0.0,0.0,0.0,0.0,0.0,0.0,0.0,0.0,0.0,0.0,0.0,0.0,1.0,1.0,1.0,1.0,0.0,1.0,1.0
label_bm25,eval_0257,zantac | rabeprazole | carafate | protonix | nexium | omeprazole / sodium bicarbonate | calcium carbonate | esomeprazole | pepcid | omeprazole | ranitidine | sucralfate | cimetidine | famotidine | pantoprazole | lansoprazole | cellcept | sulfazine | methscopolamine | vedolizumab,rabeprazole | esomeprazole | lansoprazole,1000,80,80,468,1000,0,1000,0.2,0.3333333333333333,1.0,0.2960819109658653,0.2,0.6666666666666666,1.0,0.4441228664487979,0.15,1.0,1.0,0.5589321611748157,0.5,1.0,1.0,1.0,1.0,0.0,1.0,1.0
label_bm25,eval_0251,oxybutynin | aleve | ibuprofen | naproxen | flanax pain reliever | doxycycline | naprosyn | botox | onabotulinumtoxina | sodium iodide-i-131 | hytrin | terazosin | corticotropin | catapres | triamcinolone | amitriptyline | gabapentin | tetracycline | clonidine | methimazole,prednisone | enbrel | naproxen | triamcinolone | ibuprofen,1000,294,294,690,1000,0,1000,0.4,0.4,1.0,0.34779304207496975,0.2,0.4,1.0,0.34779304207496975,0.15,0.6,1.0,0.41007623435015733,0.3333333333333333,1.0,1.0,1.0,1.0,0.0,1.0,1.0
label_bm25,eval_0249,moxifloxacin | levofloxacin | ciprofloxacin | rifampin | gentamicin | amikacin | minocycline | lansoprazole | doxycycline | prednisone | dexamethasone | chloramphenicol | tetracycline | rosuvastatin | aluminum hydroxide / magnesium hydroxide / simethicone | bcg | cortisone | rifabutin | crestor | calcium carbonate,doxycycline,1000,230,230,1000,1000,0,1000,0.0,0.0,0.0,0.0,0.1,1.0,1.0,0.3010299956639812,0.05,1.0,1.0,0.3010299956639812,0.1111111111111111,1.0,1.0,1.0,1.0,0.0,1.0,1.0
label_bm25,eval_0246,sodium iodide-i-131 | propylthiouracil | hytrin | terazosin | catapres | clonidine | gabapentin | botox | onabotulinumtoxina | oxybutynin | amitriptyline | drysol | benztropine | methimazole | pima | tapazole | glycopyrronium | hypercare | xerac ac | potassium iodide,thyroid desiccated | armour thyroid | levothyroxine,1000,352,126,1000,1000,0,1000,0.0,0.0,0.0,0.0,0.0,0.0,0.0,0.0,0.0,0.0,0.0,0.0,0.0,1.0,1.0,1.0,1.0,0.0,0.0,1.0
label_bm25,eval_0260,flanax pain reliever | naprosyn | aleve | ibuprofen | naproxen | lidocaine | ditropan xl | oxybutynin | smz-tmp ds | triamcinolone | doxy 100 | sucralfate | levaquin | avelox | cipro | doxycycline | moxifloxacin | bactrim | cephalexin | septra ds,naproxen,1000,25,25,273,1000,0,1000,0.2,1.0,1.0,0.38685280723454163,0.1,1.0,1.0,0.38685280723454163,0.05,1.0,1.0,0.38685280723454163,0.2,1.0,1.0,1.0,1.0,0.0,1.0,1.0
label_bm25,eval_0250,foscarnet | immune globulin intramuscular | valtrex | varicella virus vaccine | varicella zoster immune globulin | measles virus vaccine / mumps virus vaccine / rubella virus vaccine / varicella virus vaccine | nortriptyline | amitriptyline | reglan | metoclopramide | gabapentin | zolmitriptan | sumatriptan | sulfamethoxazole / trimethoprim | valacyclovir | acyclovir | pamelor | doxycycline | elavil | cipro,valacyclovir | valtrex | acyclovir,1000,322,322,1000,1000,0,1000,0.2,0.3333333333333333,1.0,0.23463936301137825,0.1,0.3333333333333333,1.0,0.23463936301137825,0.15,1.0,1.0,0.4667683392430852,0.3333333333333333,1.0,1.0,1.0,1.0,0.0,1.0,1.0
label_bm25,eval_0261,iloperidone | perphenazine | fanapt | thiothixene | compazine | chlorpromazine | apremilast | otezla | prolixin | pyrantel | alefacept | fluphenazine | amevive | benznidazole | triclabendazole | trilafon | mebendazole | navane | nitazoxanide | topicort lp,enbrel,1000,164,164,164,1000,0,1000,0.0,0.0,0.0,0.0,0.0,0.0,0.0,0.0,0.0,0.0,0.0,0.0,0.0,1.0,1.0,1.0,1.0,0.0,1.0,1.0
label_bm25,eval_0264,cellcept | imuran | mycophenolate mofetil | azathioprine | methylprednisolone | hydrocortisone | triamcinolone | dexamethasone | prednisone | sulfazine | prednisolone | sulfasalazine | golimumab | azulfidine | simponi | adalimumab | remicade | famotidine / ibuprofen | humira | vimovo,adalimumab | humira | infliximab | remicade,1000,346,346,672,1000,0,1000,0.0,0.0,0.0,0.0,0.0,0.0,0.0,0.0,0.15,0.75,1.0,0.2794501319706942,0.0625,1.0,1.0,1.0,1.0,0.0,1.0,1.0
label_bm25,eval_0268,acthar | corticotropin | aristocort | lotemax | loteprednol | deltasone | triamcinolone | prednisolone | prednisone | chlorpheniramine / ibuprofen / phenylephrine | ala-hist ir | dexbrompheniramine / phenylephrine | equaline sleep aid | dexbrompheniramine | h.p. acthar gel | doxylamine | equate sleep aid | hydroxyzine | xyzal | loratadine,prednisone | triamcinolone | prednisolone | loteprednol | lotemax,1000,322,322,340,1000,0,1000,0.4,0.4,1.0,0.3258020218724434,0.5,1.0,1.0,0.5781525493743144,0.25,1.0,1.0,0.5781525493743144,0.25,1.0,1.0,1.0,1.0,0.0,1.0,1.0
label_bm25,eval_0267,altabax | retapamulin | cefuroxime | mupirocin | keflex | cefadroxil | cephalexin | septra ds | bactrim | ozenoxacin | sulconazole | sulfamethoxazole / trimethoprim | ammoniated mercury | minocycline | bactrim ds | doxycycline | septra | vibramycin | doxy 100 | clindamycin,isotretinoin | accutane | adapalene / benzoyl peroxide | doxycycline | cefuroxime | mupirocin | retapamulin,1000,425,425,726,1000,0,1000,0.6,0.42857142857142855,1.0,0.4017792614235968,0.3,0.42857142857142855,1.0,0.3475870352433339,0.2,0.5714285714285714,1.0,0.4193709476833942,0.5,1.0,1.0,1.0,1.0,0.0,1.0,1.0
label_bm25,eval_0253,apremilast | otezla | etanercept | stelara | cosentyx | remicade | fanapt | benznidazole | nitazoxanide | mebendazole | trilafon | triclabendazole | navane | amevive | fluphenazine | alefacept | pyrantel | prolixin | haldol decanoate | topicort lp,prednisone | enbrel,1000,164,164,164,1000,0,1000,0.0,0.0,0.0,0.0,0.0,0.0,0.0,0.0,0.0,0.0,0.0,0.0,0.0,1.0,1.0,1.0,1.0,0.0,1.0,1.0
label_bm25,eval_0276,singulair | montelukast | cedax | decadron | ceftibuten | kenalog-40 | flunisolide | ciclesonide | omnicef | biaxin | epinephrine | ephedrine | caffeine | beclomethasone | cinqair | alvesco | dulera | de-sone la | xopenex hfa | formoterol / mometasone,prednisone,1000,221,221,1000,1000,0,1000,0.0,0.0,0.0,0.0,0.0,0.0,0.0,0.0,0.0,0.0,0.0,0.0,0.0,1.0,1.0,1.0,1.0,0.0,0.0,1.0
label_bm25,eval_0277,bromocriptine | rosiglitazone | amaryl | glynase | glipizide | adlyxin | rybelsus | glyburide | starlix | tanzeum | trulicity | riomet | tirzepatide | nateglinide | pioglitazone | glynase prestab | repaglinide | bydureon | glycron | glyset,liraglutide | victoza,1000,228,228,453,1000,0,1000,0.0,0.0,0.0,0.0,0.0,0.0,0.0,0.0,0.0,0.0,0.0,0.0,0.0,1.0,1.0,1.0,1.0,0.0,1.0,1.0
label_bm25,eval_0272,cellcept | azathioprine | imuran | mycophenolate mofetil | hydrocortisone | methylprednisolone | triamcinolone | dexamethasone | prednisone | mercaptopurine | budesonide | pancreatin | betamethasone | medrol dosepak | capex | elidel | olux-e | pimecrolimus | pancreaze | zenpep,budesonide,1000,346,126,439,1000,0,1000,0.0,0.0,0.0,0.0,0.0,0.0,0.0,0.0,0.05,1.0,1.0,0.27894294565112987,0.09090909090909091,1.0,1.0,1.0,1.0,0.0,1.0,1.0
label_bm25,eval_0262,rinvoq | auranofin | depen | penicillamine | d-penamine | arava | kevzara | cimzia | orencia | plaquenil | sarilumab | leflunomide | alemtuzumab | erelzi | interferon gamma-1b | tofacitinib | ridaura | cuprimine | abatacept | certolizumab,diclofenac | tramadol | acetaminophen / hydrocodone,1000,255,255,273,1000,0,1000,0.0,0.0,0.0,0.0,0.0,0.0,0.0,0.0,0.0,0.0,0.0,0.0,0.0,1.0,1.0,1.0,1.0,0.0,1.0,1.0
label_bm25,eval_0275,mupirocin | trospium | acidophilus | diflucan | doripenem | flucytosine | itraconazole | amphotericin b | abilify | paliperidone | ziprasidone | geodon | aripiprazole | methenamine | lactobacillus acidophilus | meropenem | fluconazole | hiprex | vaniqa | phenazopyridine,doxycycline,1000,172,172,172,1000,0,1000,0.0,0.0,0.0,0.0,0.0,0.0,0.0,0.0,0.0,0.0,0.0,0.0,0.0,1.0,1.0,1.0,1.0,0.0,1.0,1.0
label_bm25,eval_0271,tretinoin | rosiglitazone | amaryl | glipizide | glynase | adlyxin | glyburide | riomet | rybelsus | starlix | tanzeum | trulicity | glynase prestab | nateglinide | pioglitazone | repaglinide | tirzepatide | bydureon | glycron | glyset,tretinoin | doxycycline | spironolactone | liraglutide | victoza,1000,560,508,897,1000,0,1000,0.2,0.2,1.0,0.4349768833818852,0.1,0.2,1.0,0.4349768833818852,0.05,0.2,1.0,0.4349768833818852,1.0,1.0,1.0,1.0,1.0,0.0,1.0,1.0
label_bm25,eval_0279,xyzal | loratadine | levocetirizine | carbinoxamine | clarinex | claritin | allegra | fexofenadine | olopatadine | azelastine | zyrtec | cetirizine | desloratadine | dexchlorpheniramine | chlor-trimeton | chlorpheniramine | cyproheptadine | tetracaine | phenergan | promethazine,prednisone | promethazine | cyproheptadine | triamcinolone | azelastine | phenergan,1000,558,558,1000,1000,0,1000,0.0,0.0,0.0,0.0,0.1,0.16666666666666666,1.0,0.08747171410140818,0.2,0.6666666666666666,1.0,0.29894871774278736,0.1,1.0,1.0,1.0,1.0,0.0,1.0,1.0
label_bm25,eval_0284,biaxin | omnicef | factive | gemifloxacin | biaxin xl | cilastatin / imipenem | vantin | moxifloxacin | rocephin | clarithromycin | cefixime | cefpodoxime | cefprozil | cefdinir | cefzil | zithromax | azithromycin dose pack | erythromycin | amoxil | azithromycin,doxycycline | azithromycin | prednisone | sulfamethoxazole / trimethoprim | ceftriaxone,1000,319,319,1000,1000,0,1000,0.0,0.0,0.0,0.0,0.0,0.0,0.0,0.0,0.05,0.2,1.0,0.09073120855754215,0.05,1.0,1.0,1.0,1.0,0.0,1.0,1.0
label_bm25,eval_0281,cefotetan | amikin | garamycin | vibativ | epogen | integra | lenalidomide | leucovorin | neupogen | oxymetholone | procrit | vancocin | baxdela | bacitracin | baciim | ceftaroline | delafloxacin | omadacycline | epoetin alfa | ferralet 90,doxycycline | azithromycin,1000,132,132,1000,1000,0,1000,0.0,0.0,0.0,0.0,0.0,0.0,0.0,0.0,0.0,0.0,0.0,0.0,0.0,1.0,1.0,1.0,1.0,0.0,1.0,1.0
label_bm25,eval_0269,rosiglitazone | amaryl | glipizide | glynase | adlyxin | glyburide | riomet | rybelsus | starlix | tanzeum | trulicity | repaglinide | tirzepatide | nateglinide | pioglitazone | glynase prestab | bydureon | glycron | glyset | ozempic,liraglutide | victoza,1000,228,228,1000,1000,0,1000,0.0,0.0,0.0,0.0,0.0,0.0,0.0,0.0,0.0,0.0,0.0,0.0,0.0,1.0,1.0,1.0,1.0,0.0,1.0,1.0
label_bm25,eval_0270,"ozenoxacin | sulconazole | ammoniated mercury | mupirocin | altabax | retapamulin | cefadroxil | cefuroxime | xyzal | loratadine | levocetirizine | diphtheria toxoid / hepatitis b pediatric vaccine / pertussis, acellular / poliovirus vaccine, inactivated / tetanus toxoid | diphtheria and tetanus toxoids / pertussis, acellular / poliovirus vaccine, inactivated / haemophilus b conjugate / hepatitis b vaccine | epivir-hbv | lamivudine | tenofovir | viread | cardizem cd | esmolol | cartia xt",cefuroxime | mupirocin | retapamulin,1000,8,8,1000,1000,0,1000,0.2,0.3333333333333333,1.0,0.2192560461704936,0.3,1.0,1.0,0.5076680764845543,0.15,1.0,1.0,0.5076680764845543,0.25,1.0,1.0,1.0,1.0,0.0,1.0,1.0
label_bm25,eval_0280,keflex | doxy 100 | clindamycin | cephalexin | septra ds | bactrim | sulfamethoxazole / trimethoprim | bactrim ds | septra | vibramycin | smz-tmp ds | doxycycline | minocycline | doryx | altabax | retapamulin | dapsone | p & s | seysara | dermalzone,doxycycline | clindamycin | minocycline,1000,420,420,888,1000,0,1000,0.2,0.3333333333333333,1.0,0.23463936301137825,0.1,0.3333333333333333,1.0,0.23463936301137825,0.15,1.0,1.0,0.4847122190364953,0.3333333333333333,1.0,1.0,1.0,1.0,0.0,1.0,1.0
label_bm25,eval_0287,ativan | lorazepam | botox | onabotulinumtoxina | olanzapine | bismuth subsalicylate | sulfamethoxazole / trimethoprim | pamelor | minocycline | doxycycline | elavil | nortriptyline | amitriptyline | atropine / difenoxin | electrolyte replacement solutions | mytesi | loperamide | rifaximin | anti-diarrheal | imodium a-d,onabotulinumtoxina | gabapentin | amitriptyline,1000,155,147,257,1000,0,1000,0.2,0.3333333333333333,1.0,0.20210734650054757,0.1,0.3333333333333333,1.0,0.20210734650054757,0.1,0.6666666666666666,1.0,0.3253631856932711,0.25,1.0,1.0,1.0,1.0,0.0,1.0,1.0
label_bm25,eval_0273,inderal | verapamil | olmesartan | benicar | candesartan | prinivil | catapres | innopran xl | lisinopril | metoprolol | nadolol | propranolol | verelan pm | tenormin | atenolol | norvasc | corgard | amlodipine | calan sr | inderal la,propranolol | clonidine,1000,433,433,1000,1000,0,1000,0.0,0.0,0.0,0.0,0.0,0.0,0.0,0.0,0.05,0.5,1.0,0.19022552524859027,0.08333333333333333,1.0,1.0,1.0,1.0,0.0,1.0,1.0
label_bm25,eval_0292,enbrel | rinvoq | auranofin | depen | penicillamine | d-penamine | arava | kevzara | cimzia | orencia | plaquenil | sarilumab | leflunomide | alemtuzumab | zostrix | capzasin-hp | erelzi | interferon gamma-1b | tofacitinib | ridaura,diclofenac,1000,255,255,255,1000,0,1000,0.0,0.0,0.0,0.0,0.0,0.0,0.0,0.0,0.0,0.0,0.0,0.0,0.0,1.0,1.0,1.0,1.0,0.0,1.0,1.0
label_bm25,eval_0278,acidophilus | diflucan | doripenem | flucytosine | itraconazole | amphotericin b | fluconazole | meropenem | lactobacillus acidophilus | zyvox | linezolid | cefazolin | unasyn | ampicillin / sulbactam | rocephin | cefepime | gentamicin | amikacin | smz-tmp ds | methenamine,doxycycline | azithromycin | bactrim | fluconazole,1000,287,287,481,1000,0,1000,0.0,0.0,0.0,0.0,0.1,0.25,1.0,0.14805728754340064,0.05,0.25,1.0,0.14805728754340064,0.14285714285714285,1.0,1.0,1.0,1.0,0.0,1.0,1.0
label_bm25,eval_0297,aluminum hydroxide / magnesium hydroxide / simethicone | cimetidine | omeprazole | famotidine | prevacid | axid ar | nizatidine | aciphex | dexlansoprazole | prilosec otc | prevacid solutab | mylanta | nexium 24hr | tums regular strength | pantoprazole | dexilant | reglan | zegerid otc | metoclopramide | calcium carbonate / simethicone,aciphex | dexlansoprazole | rabeprazole,1000,45,45,222,1000,0,1000,0.0,0.0,0.0,0.0,0.2,0.6666666666666666,1.0,0.28930792834276164,0.1,0.6666666666666666,1.0,0.28930792834276164,0.125,1.0,1.0,1.0,1.0,0.0,1.0,1.0
label_bm25,eval_0296,compazine | pyrantel | alefacept | fluphenazine | amevive | benznidazole | triclabendazole | trilafon | mebendazole | navane | nitazoxanide | prolixin | haldol decanoate | topicort lp | hydroxyurea | kalosar | skyrizi | brodalumab | sorilux | methoxsalen,prednisone | enbrel,1000,164,164,164,1000,0,1000,0.0,0.0,0.0,0.0,0.0,0.0,0.0,0.0,0.0,0.0,0.0,0.0,0.0,1.0,1.0,1.0,1.0,0.0,1.0,1.0
label_bm25,eval_0291,pyridoxine | cefotaxime | lansoprazole | gabapentin | amitriptyline | sulfamethoxazole / trimethoprim | erythromycin | ceftriaxone | minocycline | dexamethasone | ciprofloxacin | hydroxyzine | doxycycline | atarax | vistaril | elavil | phosphorated carbohydrate solution | olanzapine | lactobacillus acidophilus | sancuso,doxycycline,1000,145,145,956,1000,0,1000,0.0,0.0,0.0,0.0,0.0,0.0,0.0,0.0,0.05,1.0,1.0,0.26264953503719357,0.07692307692307693,1.0,1.0,1.0,1.0,0.0,1.0,1.0
label_bm25,eval_0290,cinqair | alvesco | dulera | de-sone la | xopenex hfa | formoterol / mometasone | fluticasone / vilanterol | difil-g forte | fasenra | reslizumab | salbutamol | mucinex for kids | rayos | dxevo | benralizumab | xpect | robafen | tezspire | scot-tussin expectorant | nucala,prednisone,1000,221,221,505,1000,0,1000,0.0,0.0,0.0,0.0,0.0,0.0,0.0,0.0,0.0,0.0,0.0,0.0,0.0,1.0,1.0,1.0,1.0,0.0,1.0,1.0
label_bm25,eval_0300,golimumab | cellcept | simponi | sulfazine | imuran | mycophenolate mofetil | azathioprine | sulfasalazine | azulfidine | adalimumab | remicade | humira | famotidine / ibuprofen | methylprednisolone | prednisolone | duexis | vimovo | esomeprazole / naproxen | infliximab | hydrocortisone,adalimumab | humira,1000,311,259,273,1000,0,1000,0.0,0.0,0.0,0.0,0.1,0.5,1.0,0.17723928678404774,0.1,1.0,1.0,0.34293505254927725,0.1,1.0,1.0,1.0,1.0,0.0,1.0,1.0
label_bm25,eval_0294,dapsone | garamycin | amikin | vibativ | baciim | bacitracin | baxdela | vancocin | zerbaxa | ceftaroline | delafloxacin | omadacycline | amikin pediatric | pfizerpen | procaine penicillin | ceftolozane / tazobactam | cleocin pediatric | vancocin hcl pulvules | pyridoxine | epogen,doxycycline | azithromycin,1000,132,132,1000,1000,0,1000,0.0,0.0,0.0,0.0,0.0,0.0,0.0,0.0,0.0,0.0,0.0,0.0,0.0,1.0,1.0,1.0,1.0,0.0,1.0,1.0
label_bm25,eval_0293,chlorpromazine | thorazine | haldol | haloperidol | doxycycline | atovaquone | primaquine | pyrimethamine | fansidar | halofantrine | stavzor | tafenoquine | lariam | malarone | chloroquine | mefloquine | coartem | daraprim | halfan | atovaquone / proguanil,doxycycline | sulfamethoxazole / trimethoprim,1000,174,174,991,1000,0,1000,0.2,0.5,1.0,0.272312688806029,0.1,0.5,1.0,0.272312688806029,0.05,0.5,1.0,0.272312688806029,0.2,1.0,1.0,1.0,1.0,0.0,1.0,1.0
label_bm25,eval_0298,topiramate | neurontin | lyrica | pregabalin | topamax | gabapentin | nortriptyline | lisinopril | botox | onabotulinumtoxina | reglan | metoclopramide | amitriptyline | catapres | clonidine | prednisone | ubrelvy | frova | ergomar | ergotamine,topiramate | amitriptyline,1000,399,399,1000,1000,0,1000,0.2,0.5,1.0,0.7039180890341347,0.1,0.5,1.0,0.7039180890341347,0.1,1.0,1.0,0.8271739282268582,1.0,1.0,1.0,1.0,1.0,0.0,0.0,1.0
label_bm25,eval_0286,elavil | amitriptyline | ampicillin | cipro | ceftriaxone | ciprofloxacin | sulfamethoxazole / trimethoprim | hydroxyzine | doxycycline | lactobacillus acidophilus | phosphorated carbohydrate solution | azithromycin | atarax | venlafaxine | ofloxacin | risperidone | minocycline | memantine | risperdal | allopurinol,doxycycline | sulfamethoxazole / trimethoprim | sumatriptan | azithromycin,1000,471,471,1000,1000,0,1000,0.0,0.0,0.0,0.0,0.2,0.5,1.0,0.2371966567978221,0.15,0.75,1.0,0.31721811306830927,0.14285714285714285,1.0,1.0,1.0,1.0,0.0,1.0,1.0
label_bm25,eval_0289,abobotulinumtoxina | incobotulinumtoxina | xeomin | myobloc | dysport | ativan | botulinum toxin type b | lorazepam | baclofen | lioresal | botox | onabotulinumtoxina | aplenzin | wellbutrin sr | wellbutrin xl | pristiq | dinoprostone | cervidil | pitocin | oxytocin,baclofen,1000,12,12,438,1000,0,1000,0.0,0.0,0.0,0.0,0.1,1.0,1.0,0.3010299956639812,0.05,1.0,1.0,0.3010299956639812,0.1111111111111111,1.0,1.0,1.0,1.0,0.0,0.0,1.0
candidate_union,eval_0011,vibramycin | septra | sulfamethoxazole / trimethoprim | bactrim | clindamycin | doxy 100 | doxycycline | minocycline | bactrim ds | septra ds | cephalexin | keflex | smz-tmp ds | isotretinoin | accutane | adapalene / benzoyl peroxide | epiduo | benzoyl peroxide / clindamycin | phillips' milk of magnesia | claravis,doxycycline | clindamycin | sulfamethoxazole / trimethoprim,1000,273,273,420,1000,0,1000,0.4,0.6666666666666666,1.0,0.36664444053811357,0.3,1.0,1.0,0.5363433650638435,0.15,1.0,1.0,0.5363433650638435,0.3333333333333333,1.0,1.0,1.0,1.0,0.0,1.0,1.0
candidate_union,eval_0006,hydrocortisone | dexamethasone | calcium carbonate | prednisone | triamcinolone | ciprofloxacin | prednisolone | omeprazole | esomeprazole | lansoprazole | mycophenolate mofetil | rabeprazole | pantoprazole | mesalamine | asacol | remicade | adalimumab | pentasa | humira | asacol hd,ciprofloxacin,1000,80,80,1000,1000,0,1000,0.0,0.0,0.0,0.0,0.1,1.0,1.0,0.3562071871080222,0.05,1.0,1.0,0.3562071871080222,0.16666666666666666,1.0,1.0,1.0,1.0,0.0,1.0,1.0
candidate_union,eval_0009,xopenex | levalbuterol | cinqair | aclidinium | ipratropium inhalation solution | yupelri | atrovent | revefenacin | reslizumab | symbicort | fluticasone / vilanterol | budesonide / formoterol | tudorza pressair | mepolizumab | nucala | umeclidinium / vilanterol | fasenra | dulera | formoterol / mometasone | atrovent hfa,prednisone,1000,221,221,1000,1000,0,1000,0.0,0.0,0.0,0.0,0.0,0.0,0.0,0.0,0.0,0.0,0.0,0.0,0.0,1.0,1.0,1.0,1.0,0.0,0.0,1.0
candidate_union,eval_0016,isotretinoin | accutane | adapalene / benzoyl peroxide | epiduo | benzoyl peroxide / clindamycin | vincristine | phillips' milk of magnesia | claravis | tretinoin | benzaclin | magnesium hydroxide | retin-a | clindamycin / tretinoin | aczone | duac | benzoyl peroxide / sulfur | onexton | azelaic acid | avita | benzefoam ultra,isotretinoin | accutane | adapalene / benzoyl peroxide,1000,273,273,726,1000,0,1000,0.6,1.0,1.0,1.0,0.3,1.0,1.0,1.0,0.15,1.0,1.0,1.0,1.0,1.0,1.0,1.0,1.0,0.0,1.0,1.0
candidate_union,eval_0019,flanax pain reliever | ibuprofen | naproxen | naprosyn | aleve | ditropan xl | doxycycline | triamcinolone | oxybutynin | lidocaine | doxy 100 | sulfamethoxazole / trimethoprim | sucralfate | bactrim ds | cephalexin | bactrim | moxifloxacin | avelox | septra ds | ciprofloxacin,naproxen | triamcinolone,1000,273,273,273,1000,0,1000,0.2,0.5,1.0,0.3065735963827292,0.2,1.0,1.0,0.5,0.1,1.0,1.0,0.5,0.3333333333333333,1.0,1.0,1.0,1.0,0.0,1.0,1.0
candidate_union,eval_0010,etanercept | kenalog-10 | methotrexate | enbrel | adalimumab | remicade | humira | otrexup | stelara | infliximab | ustekinumab | betamethasone | apremilast | otezla | ionil t | taclonex | cosentyx | kenalog-40 | mg217 medicated tar | desowen,prednisone | enbrel,1000,164,164,882,1000,0,1000,0.2,0.5,1.0,0.3031610197508214,0.1,0.5,1.0,0.3031610197508214,0.05,0.5,1.0,0.3031610197508214,0.25,1.0,1.0,1.0,1.0,0.0,1.0,1.0
candidate_union,eval_0002,rocephin | vantin | biaxin xl | moxifloxacin | ceftriaxone | omnicef | biaxin | sulfamethoxazole / trimethoprim | clarithromycin | ceftin | amoxil | avelox | zithromax | amoxicillin | augmentin | amoxicillin / clavulanate | cefuroxime | levaquin | cefpodoxime | cefixime,prednisone,1000,221,221,734,1000,0,1000,0.0,0.0,0.0,0.0,0.0,0.0,0.0,0.0,0.0,0.0,0.0,0.0,0.0,1.0,1.0,1.0,1.0,0.0,1.0,1.0
candidate_union,eval_0017,kenalog-40 | augmentin xr | budesonide | azithromycin | singulair | ampicillin | cedax | ceftibuten | montelukast | erythromycin | ceftin | amoxil | medrol dosepak | azithromycin dose pack | epinephrine | amoxicillin | augmentin | flunisolide | amoxicillin / clavulanate | cefzil,prednisone | methylprednisolone,1000,681,681,1000,1000,0,1000,0.0,0.0,0.0,0.0,0.0,0.0,0.0,0.0,0.0,0.0,0.0,0.0,0.0,1.0,1.0,1.0,1.0,0.0,0.0,1.0
candidate_union,eval_0020,lithium | verapamil | topiramate | divalproex sodium | depakote er | levetiracetam | depakote | propranolol | valproic acid | metoprolol | atenolol | verelan pm | verelan | rizatriptan | tenormin | calan sr | onabotulinumtoxina | eletriptan | botox | treximet,propranolol,1000,179,179,1000,1000,0,1000,0.0,0.0,0.0,0.0,0.1,1.0,1.0,0.3154648767857287,0.05,1.0,1.0,0.3154648767857287,0.125,1.0,1.0,0.0,1.0,0.0,1.0,1.0
candidate_union,eval_0021,propranolol | verapamil | metoprolol | atenolol | verelan pm | corgard | nitroglycerin | verelan | tenormin | clopidogrel | nitro-bid | calan sr | angiomax | bayer aspirin extra strength plus | enoxaparin | nitrolingual pumpspray | bivalirudin | amlodipine | nitrostat | streptokinase,metoprolol,1000,90,90,1000,1000,0,1000,0.2,1.0,1.0,0.5,0.1,1.0,1.0,0.5,0.05,1.0,1.0,0.5,0.3333333333333333,1.0,1.0,1.0,1.0,0.0,1.0,1.0
candidate_union,eval_0012,verapamil | lithium | propranolol | divalproex sodium | depakote er | depakote | nimodipine | verelan | metoprolol | atenolol | verelan pm | sumatriptan | tenormin | valproic acid | clonazepam | calan sr | zolmitriptan | amlodipine | inderal la | nadolol,propranolol,1000,179,179,1000,1000,0,1000,0.2,1.0,1.0,0.5,0.1,1.0,1.0,0.5,0.05,1.0,1.0,0.5,0.3333333333333333,1.0,1.0,1.0,1.0,0.0,1.0,1.0
candidate_union,eval_0008,rizatriptan | lithium | eletriptan | treximet | frova | naproxen / sumatriptan | maxalt-mlt | relpax | maxalt | frovatriptan | imitrex | caffeine / ergotamine | aspirin / butalbital / caffeine | almotriptan | migergot | naratriptan | fiorinal | amerge | imitrex statdose | sumatriptan,gabapentin | propranolol,1000,179,179,1000,1000,0,1000,0.0,0.0,0.0,0.0,0.0,0.0,0.0,0.0,0.0,0.0,0.0,0.0,0.0,1.0,1.0,1.0,1.0,0.0,1.0,1.0
candidate_union,eval_0005,xyzal | levocetirizine | carbinoxamine | loratadine | allegra | chlor-trimeton | fexofenadine | chlorpheniramine | cetirizine | zyrtec | cyproheptadine | clarinex | promethazine | dexchlorpheniramine | phenergan | azelastine | desloratadine | olopatadine | claritin | benadryl allergy,promethazine | cyproheptadine,1000,558,517,1000,1000,0,1000,0.0,0.0,0.0,0.0,0.0,0.0,0.0,0.0,0.1,1.0,1.0,0.3320759091569262,0.09090909090909091,1.0,1.0,1.0,1.0,0.0,1.0,1.0
candidate_union,eval_0027,flanax pain reliever | ibuprofen | naproxen | naprosyn | aleve | triamcinolone | doxycycline | ketoprofen | cataflam | arthrotec | mobic | meloxicam | voltaren | motrin ib | diclofenac / misoprostol | pennsaid | naprelan | diclofenac | trolamine salicylate | indomethacin,diclofenac | naproxen | triamcinolone,1000,273,273,273,1000,0,1000,0.2,0.3333333333333333,1.0,0.25454838678859487,0.2,0.6666666666666666,1.0,0.3754443399097285,0.15,1.0,1.0,0.49529025817599615,0.3333333333333333,1.0,1.0,1.0,1.0,0.0,1.0,1.0
candidate_union,eval_0007,amitriptyline | venlafaxine | elavil | memantine | verapamil | benicar | spironolactone | innopran xl | propranolol | lisinopril | catapres | olmesartan | candesartan | prinivil | clonidine | metoprolol | atenolol | corgard | verelan pm | tenormin,propranolol | clonidine | amitriptyline | elavil,1000,600,471,1000,1000,0,1000,0.4,0.5,1.0,0.6203352189989871,0.3,0.75,1.0,0.7448282245226405,0.2,1.0,1.0,0.8137543599669724,1.0,1.0,1.0,1.0,1.0,0.0,1.0,1.0
candidate_union,eval_0034,mycophenolate mofetil | methylprednisolone | hydrocortisone | azathioprine | cellcept | imuran | prednisone | dexamethasone | triamcinolone | golimumab | simponi | adalimumab | remicade | betamethasone | humira | infliximab | medrol dosepak | famotidine / ibuprofen | prednisolone | duexis,prednisone | methylprednisolone | triamcinolone | adalimumab | humira | infliximab | remicade,1000,346,346,672,1000,0,1000,0.2,0.14285714285714285,1.0,0.21398626473452753,0.3,0.42857142857142855,1.0,0.3477991225983231,0.35,1.0,1.0,0.6302450636250219,0.5,1.0,1.0,1.0,1.0,0.0,1.0,1.0
candidate_union,eval_0036,methotrexate | prednisone | doxycycline | minocycline | dexamethasone | enbrel | stelara | ustekinumab | etanercept | kenalog-10 | adalimumab | cosentyx | remicade | humira | otrexup | secukinumab | infliximab | chloramphenicol | betamethasone | apremilast,doxycycline | prednisone,1000,544,544,952,1000,0,1000,0.4,1.0,1.0,0.6934264036172708,0.2,1.0,1.0,0.6934264036172708,0.1,1.0,1.0,0.6934264036172708,0.5,1.0,1.0,1.0,1.0,0.0,1.0,1.0
candidate_union,eval_0037,baclofen | lioresal | onabotulinumtoxina | botox | lorazepam | ativan | dysport | abobotulinumtoxina | myobloc | botulinum toxin type b | incobotulinumtoxina | xeomin | stelara | etanercept | ustekinumab | kenalog-10 | methotrexate | remicade | adalimumab | humira,diclofenac | onabotulinumtoxina | botox,1000,267,267,570,1000,0,1000,0.4,0.6666666666666666,1.0,0.3537443585523369,0.2,0.6666666666666666,1.0,0.3537443585523369,0.1,0.6666666666666666,1.0,0.3537443585523369,0.3333333333333333,1.0,1.0,1.0,1.0,0.0,1.0,1.0
candidate_union,eval_0023,hytrin | terazosin | clonidine | catapres | oxybutynin | onabotulinumtoxina | botox | propylthiouracil | sodium iodide-i-131 | amitriptyline | aluminum chloride hexahydrate | drysol | hypercare | xerac ac | tapazole | pima | potassium iodide | gabapentin | benztropine | methimazole,thyroid desiccated | armour thyroid | levothyroxine,1000,352,81,553,1000,0,1000,0.0,0.0,0.0,0.0,0.0,0.0,0.0,0.0,0.0,0.0,0.0,0.0,0.0,1.0,1.0,1.0,1.0,0.0,1.0,1.0
candidate_union,eval_0039,kenalog-40 | budesonide | mometasone | augmentin xr | moxifloxacin | ciclesonide | ampicillin | azithromycin | beclomethasone | cedax | ceftibuten | singulair | ceftin | amoxil | avelox | montelukast | amoxicillin | erythromycin | augmentin | methylprednisolone,prednisone | methylprednisolone,1000,681,681,1000,1000,0,1000,0.0,0.0,0.0,0.0,0.0,0.0,0.0,0.0,0.05,0.5,1.0,0.13959537386475046,0.05,1.0,1.0,1.0,1.0,0.0,0.0,1.0
candidate_union,eval_0029,xopenex | levalbuterol | cinqair | ipratropium inhalation solution | singulair | methylprednisolone dose pack | aclidinium | atrovent | reslizumab | alvesco | cedax | ceftibuten | fluticasone / vilanterol | yupelri | revefenacin | mepolizumab | symbicort | montelukast | nucala | budesonide / formoterol,prednisone,1000,221,221,1000,1000,0,1000,0.0,0.0,0.0,0.0,0.0,0.0,0.0,0.0,0.0,0.0,0.0,0.0,0.0,1.0,1.0,1.0,1.0,0.0,0.0,1.0
candidate_union,eval_0033,mupirocin | cefadroxil | altabax | retapamulin | cefuroxime | sulconazole | ozenoxacin | ammoniated mercury | valacyclovir | acyclovir | isotretinoin | accutane | benzoyl peroxide / clindamycin | adapalene / benzoyl peroxide | epiduo | tretinoin | doxycycline | claravis | spironolactone | benzaclin,cefuroxime | mupirocin | retapamulin,1000,8,8,731,1000,0,1000,0.6,1.0,1.0,0.8529278650606569,0.3,1.0,1.0,0.8529278650606569,0.15,1.0,1.0,0.8529278650606569,1.0,1.0,1.0,1.0,1.0,0.0,1.0,1.0
candidate_union,eval_0041,methenamine | hiprex | zyvox | linezolid | acidophilus | gentamicin | doripenem | cefepime | unasyn | ampicillin / sulbactam | lactobacillus acidophilus | itraconazole | diflucan | fluconazole | bactrim | rocephin | vibramycin | septra | bactrim ds | septra ds,doxycycline | azithromycin | sulfamethoxazole / trimethoprim | bactrim | fluconazole,1000,287,287,481,1000,0,1000,0.0,0.0,0.0,0.0,0.0,0.0,0.0,0.0,0.1,0.4,1.0,0.1890760856544233,0.07142857142857142,1.0,1.0,1.0,1.0,0.0,1.0,1.0
candidate_union,eval_0018,rizatriptan | eletriptan | treximet | frova | naproxen / sumatriptan | relpax | maxalt | maxalt-mlt | frovatriptan | imitrex | caffeine / ergotamine | aspirin / butalbital / caffeine | almotriptan | migergot | naratriptan | fiorinal | sumatriptan | amerge | imitrex statdose | excedrin migraine,gabapentin | propranolol,1000,179,179,1000,1000,0,1000,0.0,0.0,0.0,0.0,0.0,0.0,0.0,0.0,0.0,0.0,0.0,0.0,0.0,1.0,1.0,1.0,1.0,0.0,1.0,1.0
candidate_union,eval_0045,rabeprazole | esomeprazole | omeprazole / sodium bicarbonate | omeprazole | protonix | cimetidine | nexium | lansoprazole | pantoprazole | pepcid | zantac | ranitidine | famotidine | calcium carbonate | sucralfate | carafate | diclofenac | clonidine | prednisone | aluminum hydroxide / magnesium hydroxide,rabeprazole | esomeprazole | lansoprazole,1000,109,109,660,1000,0,1000,0.4,0.6666666666666666,1.0,0.7653606369886218,0.3,1.0,1.0,0.9134015924715543,0.15,1.0,1.0,0.9134015924715543,1.0,1.0,1.0,1.0,1.0,0.0,1.0,1.0
candidate_union,eval_0047,mupirocin | altabax | retapamulin | cefadroxil | cefuroxime | ozenoxacin | sulconazole | ammoniated mercury | epivir-hbv | stribild | cobicistat / elvitegravir / emtricitabine / tenofovir | efavirenz / emtricitabine / tenofovir | atripla | tenofovir | viread | triumeq | abacavir / dolutegravir / lamivudine | lamivudine | epzicom | emtricitabine / rilpivirine / tenofovir,mupirocin | retapamulin,1000,8,8,8,1000,0,1000,0.4,1.0,1.0,0.9197207891481876,0.2,1.0,1.0,0.9197207891481876,0.1,1.0,1.0,0.9197207891481876,1.0,1.0,1.0,1.0,1.0,0.0,1.0,1.0
candidate_union,eval_0049,lansoprazole | rabeprazole | aluminum hydroxide / magnesium hydroxide / simethicone | cimetidine | omeprazole | omeprazole / sodium bicarbonate | protonix | aciphex | pantoprazole | esomeprazole | nexium | calcium carbonate | prevacid | axid ar | prilosec otc | famotidine | nexium 24hr | calcium carbonate / simethicone | nizatidine | pepcid,aciphex | dexlansoprazole | rabeprazole,1000,45,45,1000,1000,0,1000,0.2,0.3333333333333333,1.0,0.2960819109658653,0.2,0.6666666666666666,1.0,0.4441228664487979,0.1,0.6666666666666666,1.0,0.4441228664487979,0.5,1.0,1.0,1.0,1.0,0.0,1.0,1.0
candidate_union,eval_0054,augmentin xr | ampicillin | kenalog-40 | azithromycin | ceftin | amoxil | amoxicillin | augmentin | amoxicillin / clavulanate | erythromycin | budesonide | azithromycin dose pack | cefzil | moxifloxacin | sulfamethoxazole / trimethoprim | medrol dosepak | methylprednisolone | clarithromycin | zithromax | singulair,prednisone | methylprednisolone,1000,681,681,1000,1000,0,1000,0.0,0.0,0.0,0.0,0.0,0.0,0.0,0.0,0.05,0.5,1.0,0.14704034066641014,0.058823529411764705,1.0,1.0,1.0,1.0,0.0,0.0,1.0
candidate_union,eval_0053,augmentin xr | azithromycin | ampicillin | budesonide | kenalog-40 | ceftin | amoxil | amoxicillin | augmentin | amoxicillin / clavulanate | erythromycin | cedax | ceftibuten | azithromycin dose pack | singulair | cefzil | moxifloxacin | epinephrine | montelukast | vantin,prednisone | methylprednisolone,1000,681,681,1000,1000,0,1000,0.0,0.0,0.0,0.0,0.0,0.0,0.0,0.0,0.0,0.0,0.0,0.0,0.0,1.0,1.0,1.0,1.0,0.0,0.0,1.0
candidate_union,eval_0058,lithium | risperdal | depakote sprinkles | divalproex sodium | depakote er | depakote | risperidone | valproic acid | chlorpromazine | hydroxychloroquine | coartem | artemether / lumefantrine | halfan | fansidar | daraprim | halofantrine | stavzor | pyrimethamine / sulfadoxine | pyrimethamine | thorazine,doxycycline | clindamycin,1000,34,34,1000,1000,0,1000,0.0,0.0,0.0,0.0,0.0,0.0,0.0,0.0,0.0,0.0,0.0,0.0,0.0,1.0,1.0,1.0,1.0,0.0,1.0,1.0
candidate_union,eval_0030,cromolyn | omalizumab | xolair | triamcinolone | aristocort | epinephrine | deltasone | prednisone | prednisolone | xyzal | levocetirizine | loratadine | carbinoxamine | cyproheptadine | promethazine | allegra | phenergan | fexofenadine | cetirizine | zyrtec,prednisone | promethazine | cyproheptadine | methylprednisolone,1000,288,288,1000,1000,0,1000,0.0,0.0,0.0,0.0,0.1,0.25,1.0,0.0934137479442162,0.15,0.75,1.0,0.31814606623668984,0.125,1.0,1.0,1.0,1.0,0.0,1.0,1.0
candidate_union,eval_0051,doxycycline | sulfamethoxazole / trimethoprim | bactrim | bactrim ds | rocephin | budesonide | kenalog-40 | azithromycin | methylprednisolone | mometasone | augmentin xr | singulair | ceftibuten | cedax | prednisone | ephedrine | montelukast | epinephrine | medrol dosepak | flunisolide,prednisone,1000,221,221,1000,1000,0,1000,0.0,0.0,0.0,0.0,0.0,0.0,0.0,0.0,0.05,1.0,1.0,0.25,0.06666666666666667,1.0,1.0,1.0,1.0,0.0,0.0,1.0
candidate_union,eval_0050,xopenex | levalbuterol | kenalog-40 | cromolyn | aclidinium | ipratropium inhalation solution | ampicillin | cinqair | methylprednisolone dose pack | augmentin xr | azithromycin | atrovent | yupelri | revefenacin | symbicort | reslizumab | tudorza pressair | budesonide / formoterol | alvesco | fluticasone / vilanterol,prednisone,1000,221,221,536,1000,0,1000,0.0,0.0,0.0,0.0,0.0,0.0,0.0,0.0,0.0,0.0,0.0,0.0,0.0,1.0,1.0,1.0,1.0,0.0,0.0,1.0
candidate_union,eval_0055,topiramate | cyproheptadine | insulin regular | bromocriptine | excedrin tension headache | calcifediol | acetaminophen / caffeine | clonidine | urea | lyrica | pregabalin | neurontin | vascepa | icosapent | rocaltrol | magnesium amino acids chelate | calcitriol | glucose | acetaminophen / phenyltoloxamine | magnesium gluconate,gabapentin | amitriptyline,1000,236,236,1000,1000,0,1000,0.0,0.0,0.0,0.0,0.0,0.0,0.0,0.0,0.0,0.0,0.0,0.0,0.0,1.0,1.0,1.0,1.0,0.0,0.0,1.0
candidate_union,eval_0059,rocephin | sulfamethoxazole / trimethoprim | vantin | omnicef | biaxin | biaxin xl | ceftin | amoxil | amoxicillin | amoxicillin / clavulanate | augmentin | moxifloxacin | azithromycin dose pack | erythromycin | cefzil | zithromax | ceftriaxone | avelox | clarithromycin | gemifloxacin,prednisone,1000,221,221,1000,1000,0,1000,0.0,0.0,0.0,0.0,0.0,0.0,0.0,0.0,0.0,0.0,0.0,0.0,0.0,1.0,1.0,1.0,1.0,0.0,0.0,1.0
candidate_union,eval_0057,doxycycline | moxifloxacin | prednisone | triamcinolone | levofloxacin | dexamethasone | ciprofloxacin | tetracycline | minocycline | aluminum hydroxide / magnesium hydroxide / simethicone | aciphex | prevacid | tagamet hb | axid ar | calcium carbonate / simethicone | prilosec otc | nexium 24hr | di-gel | mylanta maximum strength | nizatidine,prednisone,1000,323,323,1000,1000,0,1000,0.2,1.0,1.0,0.5,0.1,1.0,1.0,0.5,0.05,1.0,1.0,0.5,0.3333333333333333,1.0,1.0,1.0,1.0,0.0,0.0,1.0
candidate_union,eval_0042,acthar | corticotropin | aristocort | prednisone | loteprednol | lotemax | prednisolone | deltasone | triamcinolone | aspirin | doxycycline | kenalog-40 | methylprednisolone | medrol dosepak | amoxicillin | dexamethasone | canakinumab | ketoprofen | cataflam | enbrel,prednisone | triamcinolone | methylprednisolone,1000,322,322,796,1000,0,1000,0.2,0.3333333333333333,1.0,0.20210734650054762,0.2,0.6666666666666666,1.0,0.3433743193603766,0.15,1.0,1.0,0.46663015855310014,0.25,1.0,1.0,1.0,1.0,0.0,1.0,1.0
candidate_union,eval_0070,biaxin xl | singulair | moxifloxacin | flunisolide | montelukast | augmentin xr | zithromax | ampicillin | azithromycin | ciclesonide | ceftriaxone | beclomethasone | clarithromycin | gemifloxacin | ceftin | amoxil | avelox | erythromycin | amoxicillin | ceftibuten,prednisone,1000,221,221,1000,1000,0,1000,0.0,0.0,0.0,0.0,0.0,0.0,0.0,0.0,0.0,0.0,0.0,0.0,0.0,1.0,1.0,1.0,1.0,0.0,1.0,1.0
candidate_union,eval_0068,caffeine | ephedrine | deltasone | prednisone | diltiazem | cartia xt | augmentin xr | azithromycin | augmentin | azithromycin dose pack | cyproheptadine | cardizem cd | zithromax | moxifloxacin | ampicillin | clarithromycin | ceftriaxone | ceftin | amoxil | avelox,prednisone | diltiazem,1000,650,650,1000,1000,0,1000,0.4,1.0,1.0,0.5012658353418872,0.2,1.0,1.0,0.5012658353418872,0.1,1.0,1.0,0.5012658353418872,0.25,1.0,1.0,1.0,1.0,0.0,1.0,1.0
candidate_union,eval_0072,tronolane anesthetic for hemorrhoids | pramoxine | proctofoam hc | hydrocortisone / pramoxine | pramosone | proctofoam | analpram-hc | lmx 5 | dibucaine | nupercainal | hydrocortisone | proctosol-hc | pramoxine / zinc oxide | hydrocortisone / lidocaine | lidocaine | phenylephrine | recticare | phenylephrine / pramoxine | anucort-hc | anusol-hc suppositories,hydrocortisone | pramoxine | proctofoam,1000,20,20,22,1000,0,1000,0.2,0.3333333333333333,1.0,0.3212043018970804,0.2,0.6666666666666666,1.0,0.5025482315787808,0.15,1.0,1.0,0.5972208673408526,0.5,1.0,1.0,1.0,1.0,0.0,1.0,1.0
candidate_union,eval_0069,oxybutynin | triamcinolone | doxycycline | kenalog-40 | tetracycline | methylprednisolone | hydrocortisone | prednisone | prednisolone | minocycline | dexamethasone | ibuprofen | flanax pain reliever | naproxen | aleve | naprosyn | stelara | enbrel | etanercept | ustekinumab,prednisone | methylprednisolone | triamcinolone | naproxen,1000,294,294,1000,1000,0,1000,0.2,0.25,1.0,0.24630238874073,0.3,0.75,1.0,0.5085097626218706,0.2,1.0,1.0,0.608430669143006,0.5,1.0,1.0,1.0,1.0,0.0,1.0,1.0
candidate_union,eval_0048,prednisone | triamcinolone | dexamethasone | doxycycline | cortisone | tetracycline | minocycline | ciprofloxacin | moxifloxacin | sucralfate | levofloxacin | tagamet hb | aciphex | di-gel | mylanta maximum strength | gentamicin | alka-seltzer heartburn + gas | prevacid | axid ar | prilosec otc,prednisone | triamcinolone | moxifloxacin | ciprofloxacin,1000,357,357,1000,1000,0,1000,0.4,0.5,1.0,0.6366824387328317,0.4,1.0,1.0,0.8773497378596238,0.2,1.0,1.0,0.8773497378596238,1.0,1.0,1.0,1.0,1.0,0.0,1.0,1.0
candidate_union,eval_0066,acthar | corticotropin | enbrel | camphor / menthol / methyl salicylate | naprelan | diclofenac | indomethacin | auranofin | ridaura | ketoprofen | ibuprofen | etanercept | cataflam | motrin | arthrotec | voltaren | mobic | naproxen | tetracycline | trolamine salicylate,diclofenac | tramadol,1000,255,255,273,1000,0,1000,0.0,0.0,0.0,0.0,0.1,0.5,1.0,0.2507406824493034,0.05,0.5,1.0,0.2507406824493034,0.16666666666666666,1.0,1.0,1.0,1.0,0.0,1.0,1.0
candidate_union,eval_0074,xyzal | levocetirizine | loratadine | carbinoxamine | chlor-trimeton | chlorpheniramine | cyproheptadine | allegra | fexofenadine | cetirizine | promethazine | zyrtec | phenergan | clarinex | dexchlorpheniramine | azelastine | desloratadine | triamcinolone | olopatadine | claritin,promethazine | cyproheptadine,1000,558,517,1000,1000,0,1000,0.0,0.0,0.0,0.0,0.1,0.5,1.0,0.20438239758848611,0.1,1.0,1.0,0.3754154816562042,0.14285714285714285,1.0,1.0,1.0,1.0,0.0,1.0,1.0
candidate_union,eval_0076,etanercept | stelara | ustekinumab | kenalog-10 | enbrel | remicade | adalimumab | cosentyx | methotrexate | betamethasone | otrexup | secukinumab | humira | infliximab | diclofenac | apremilast | otezla | ketoprofen | naprelan | cataflam,diclofenac | tramadol | acetaminophen / hydrocodone,1000,255,255,273,1000,0,1000,0.0,0.0,0.0,0.0,0.0,0.0,0.0,0.0,0.05,0.3333333333333333,1.0,0.14253516251847534,0.06666666666666667,1.0,1.0,1.0,1.0,0.0,1.0,1.0
candidate_union,eval_0061,tretinoin | tetracycline | doxycycline | minocycline | isotretinoin | accutane | adapalene / benzoyl peroxide | epiduo | benzoyl peroxide / clindamycin | phillips' milk of magnesia | claravis | benzaclin | magnesium hydroxide | retin-a | clindamycin / tretinoin | aczone | duac | benzoyl peroxide / sulfur | onexton | dapsone,tretinoin | doxycycline | minocycline,1000,500,500,670,1000,0,1000,0.6,1.0,1.0,0.9238850086262381,0.3,1.0,1.0,0.9238850086262381,0.15,1.0,1.0,0.9238850086262381,1.0,1.0,1.0,1.0,1.0,0.0,1.0,1.0
candidate_union,eval_0082,sodium iodide-i-131 | propylthiouracil | westhroid | armour thyroid | thyquidity | tirosint | cytomel | thyroid desiccated | nature-throid | levothyroxine | synthroid | liothyronine | levoxyl | unithroid | wp thyroid | cenestin | estropipate | esterified estrogens | conjugated estrogens | premarin,thyroid desiccated | armour thyroid | levothyroxine,1000,81,81,634,1000,0,1000,0.2,0.3333333333333333,1.0,0.16369747519436975,0.3,1.0,1.0,0.4484113164688154,0.15,1.0,1.0,0.4484113164688154,0.25,1.0,1.0,1.0,1.0,0.0,1.0,1.0
candidate_union,eval_0060,flanax pain reliever | ibuprofen | naproxen | naprosyn | aleve | doxycycline | triamcinolone | ditropan xl | oxybutynin | lidocaine | doxy 100 | sucralfate | sulfamethoxazole / trimethoprim | cephalexin | bactrim ds | smz-tmp ds | bactrim | septra ds | ciprofloxacin | moxifloxacin,naproxen,1000,273,273,273,1000,0,1000,0.2,1.0,1.0,0.5,0.1,1.0,1.0,0.5,0.05,1.0,1.0,0.5,0.3333333333333333,1.0,1.0,1.0,1.0,0.0,1.0,1.0
candidate_union,eval_0083,clindamycin | vibramycin | doxy 100 | minocycline | doxycycline | sulfamethoxazole / trimethoprim | cephalexin | keflex | bactrim | tretinoin | septra | bactrim ds | septra ds | dapsone | spironolactone | doryx | smz-tmp ds | tetracycline | dexamethasone | dicloxacillin,tretinoin | doxycycline | spironolactone | liraglutide,1000,646,646,1000,1000,0,1000,0.2,0.25,1.0,0.15998561393080823,0.2,0.5,1.0,0.2795303421566823,0.15,0.75,1.0,0.3484564776010142,0.2,1.0,1.0,1.0,1.0,0.0,1.0,1.0
candidate_union,eval_0065,sodium iodide-i-131 | propylthiouracil | westhroid | armour thyroid | thyquidity | tirosint | cytomel | levothyroxine | nature-throid | synthroid | liothyronine | levoxyl | unithroid | thyroid desiccated | wp thyroid | clonidine | hytrin | terazosin | np thyroid | onabotulinumtoxina,thyroid desiccated | armour thyroid | levothyroxine,1000,81,81,748,1000,0,1000,0.2,0.3333333333333333,1.0,0.20210734650054762,0.2,0.6666666666666666,1.0,0.35014830198348024,0.15,1.0,1.0,0.4702639577815315,0.25,1.0,1.0,1.0,1.0,0.0,1.0,1.0
candidate_union,eval_0084,rocephin | omnicef | biaxin | vantin | azithromycin dose pack | augmentin | biaxin xl | zithromax | moxifloxacin | clarithromycin | ceftriaxone | azithromycin | erythromycin | ceftin | amoxil | avelox | cefpodoxime | cefixime | amoxicillin | sulfamethoxazole / trimethoprim,doxycycline | azithromycin | prednisone | clindamycin,1000,319,319,1000,1000,0,1000,0.0,0.0,0.0,0.0,0.0,0.0,0.0,0.0,0.05,0.25,1.0,0.12003218440573075,0.08333333333333333,1.0,1.0,1.0,1.0,0.0,1.0,1.0
candidate_union,eval_0078,hydroxyzine | doxylamine | acthar | xyzal | levocetirizine | loratadine | corticotropin | h.p. acthar gel | chlor-trimeton | chlorpheniramine | carbinoxamine | ala-hist ir | dexbrompheniramine / phenylephrine | equaline sleep aid | dexbrompheniramine | alavert | equate sleep aid | ketorolac | cromolyn | omalizumab,prednisone | promethazine,1000,76,76,558,1000,0,1000,0.0,0.0,0.0,0.0,0.0,0.0,0.0,0.0,0.0,0.0,0.0,0.0,0.0,1.0,1.0,1.0,1.0,0.0,1.0,1.0
candidate_union,eval_0063,propranolol | nitroglycerin | verapamil | caduet | lopressor | atenolol | metoprolol | toprol-xl | corgard | coreg | verelan pm | tenormin | calan sr | timolol | coreg cr | amlodipine | amlodipine / atorvastatin | bisoprolol | diltiazem | inderal la,propranolol | verapamil | metoprolol | spironolactone,1000,335,335,1000,1000,0,1000,0.4,0.5,1.0,0.6203352189989871,0.3,0.75,1.0,0.7581874898876511,0.15,0.75,1.0,0.7581874898876511,1.0,1.0,1.0,1.0,1.0,0.0,1.0,1.0
candidate_union,eval_0089,altabax | retapamulin | isotretinoin | accutane | adapalene / benzoyl peroxide | epiduo | benzoyl peroxide / clindamycin | phillips' milk of magnesia | claravis | benzaclin | magnesium hydroxide | retin-a | clindamycin / tretinoin | tretinoin | aczone | duac | benzoyl peroxide / sulfur | onexton | azelaic acid | avita,adapalene / benzoyl peroxide,1000,273,273,273,1000,0,1000,0.2,1.0,1.0,0.38685280723454163,0.1,1.0,1.0,0.38685280723454163,0.05,1.0,1.0,0.38685280723454163,0.2,1.0,1.0,1.0,1.0,0.0,1.0,1.0
candidate_union,eval_0075,mometasone | methylprednisolone | flunisolide | prednisone | ciclesonide | medrol dosepak | beclomethasone | biaxin xl | ceftibuten | cedax | singulair | kenalog-40 | montelukast | budesonide | epinephrine | triamcinolone | dexamethasone | decadron | fluticasone | gemifloxacin,prednisone,1000,221,221,1000,1000,0,1000,0.2,1.0,1.0,0.4306765580733931,0.1,1.0,1.0,0.4306765580733931,0.05,1.0,1.0,0.4306765580733931,0.25,1.0,1.0,1.0,1.0,0.0,1.0,1.0
candidate_union,eval_0087,amitriptyline | venlafaxine | elavil | memantine | risperdal | risperidone | augmentin xr | azithromycin | ampicillin | ceftin | magnesium oxide | amoxil | spironolactone | sulfamethoxazole / trimethoprim | augmentin | doryx | amoxicillin | amoxicillin / clavulanate | moxifloxacin | doxycycline,amitriptyline | venlafaxine | elavil,1000,347,347,1000,1000,0,1000,0.6,1.0,1.0,1.0,0.3,1.0,1.0,1.0,0.15,1.0,1.0,1.0,1.0,1.0,1.0,1.0,1.0,0.0,1.0,1.0
candidate_union,eval_0093,corticotropin | golimumab | simponi | diclofenac | famotidine / ibuprofen | mycophenolate mofetil | duexis | vimovo | esomeprazole / naproxen | sodium hyaluronate | azathioprine | imuran | cellcept | sulfasalazine | medrol dosepak | pancreatin | remicade | adalimumab | betamethasone | kenalog-40,doxycycline | prednisone,1000,255,255,1000,1000,0,1000,0.0,0.0,0.0,0.0,0.0,0.0,0.0,0.0,0.0,0.0,0.0,0.0,0.0,1.0,1.0,1.0,1.0,0.0,1.0,1.0
candidate_union,eval_0073,prednisone | dexamethasone | azithromycin | cleocin | zithromax | cefuroxime | amoxil | ceftin | avelox | moxifloxacin | levofloxacin | amoxicillin | augmentin | azithromycin dose pack | amoxicillin / clavulanate | levaquin | ciprofloxacin | zyvox | doxycycline | linezolid,doxycycline | azithromycin | prednisone | clindamycin | minocycline,1000,710,710,1000,1000,0,1000,0.4,0.4,1.0,0.5074730306121994,0.2,0.4,1.0,0.5074730306121994,0.15,0.6,1.0,0.574569146640667,1.0,1.0,1.0,1.0,1.0,0.0,1.0,1.0
candidate_union,eval_0095,moxifloxacin | tetracycline | aluminum hydroxide / magnesium hydroxide / simethicone | doxycycline | minocycline | rabeprazole | levofloxacin | ciprofloxacin | aciphex | omeprazole / sodium bicarbonate | protonix | prevacid | axid ar | nexium | prilosec otc | nexium 24hr | nizatidine | tagamet hb | dexlansoprazole | protonix iv,prednisone,1000,109,109,1000,1000,0,1000,0.0,0.0,0.0,0.0,0.0,0.0,0.0,0.0,0.0,0.0,0.0,0.0,0.0,1.0,1.0,1.0,1.0,0.0,0.0,1.0
candidate_union,eval_0092,isotretinoin | accutane | adapalene / benzoyl peroxide | epiduo | benzoyl peroxide / clindamycin | claravis | benzaclin | retin-a | tretinoin | clindamycin / tretinoin | duac | aczone | benzoyl peroxide / sulfur | dapsone | onexton | azelaic acid | avita | benzefoam ultra | benzoyl peroxide / erythromycin | vanoxide-hc,adapalene / benzoyl peroxide,1000,273,273,726,1000,0,1000,0.2,1.0,1.0,0.5,0.1,1.0,1.0,0.5,0.05,1.0,1.0,0.5,0.3333333333333333,1.0,1.0,1.0,1.0,0.0,1.0,1.0
candidate_union,eval_0094,methenamine | hiprex | uta | hyoscyamine / methenamine / methylene blue / sodium biphosphate | furadantin | urogesic blue | lithostat | abilify | phosphasal | acetohydroxamic acid | aripiprazole | urised | nitrofurantoin | ziprasidone | macrobid | geodon | paliperidone | hyoscyamine / methenamine / methylene blue / phenyl salicylate / sodium biphosphate | uribel | risperdal,doxycycline,1000,172,172,172,1000,0,1000,0.0,0.0,0.0,0.0,0.0,0.0,0.0,0.0,0.0,0.0,0.0,0.0,0.0,1.0,1.0,1.0,1.0,0.0,1.0,1.0
candidate_union,eval_0079,aluminum hydroxide / magnesium hydroxide / simethicone | cimetidine | omeprazole | lansoprazole | pantoprazole | famotidine | ranitidine | cyproheptadine | excedrin tension headache | acetaminophen / caffeine | excedrin quick tab | acetaminophen / phenyltoloxamine | prednisone | deltasone | xyzal | levocetirizine | loratadine | aspirin | chlorpheniramine / pseudoephedrine | diphenhydramine / phenylephrine,lansoprazole | ranitidine | omeprazole | pantoprazole,1000,549,549,719,1000,0,1000,0.6,0.75,1.0,0.5448732449105962,0.4,1.0,1.0,0.6367747588363721,0.2,1.0,1.0,0.6367747588363721,0.3333333333333333,1.0,1.0,1.0,1.0,0.0,1.0,1.0
candidate_union,eval_0097,promethazine | meclizine | cyproheptadine | excedrin tension headache | acetaminophen / caffeine | diltiazem | cartia xt | phenylephrine | excedrin quick tab | cardizem | acetaminophen / phenyltoloxamine | cardizem cd | prednisone | deltasone | dexbrompheniramine / pseudoephedrine | drixoral cold and allergy | chlorpheniramine / hydrocodone | tussionex pennkinetic | levocetirizine | xyzal,promethazine | meclizine | phenylephrine | propranolol,1000,684,684,1000,1000,0,1000,0.4,0.5,1.0,0.6357429506707164,0.3,0.75,1.0,0.7387819585228543,0.15,0.75,1.0,0.7387819585228543,1.0,1.0,1.0,1.0,1.0,0.0,1.0,1.0
candidate_union,eval_0102,tacrolimus | topicort | capex | olux-e | elidel | elocon | pimecrolimus | desonide | mycophenolate mofetil | flurandrenolide | clocortolone | cutivate | budesonide | dupixent | zenpep | methylprednisolone | purinethol | cordran tape | clobex | cloderm,prednisone | methylprednisolone,1000,49,49,54,1000,0,1000,0.0,0.0,0.0,0.0,0.0,0.0,0.0,0.0,0.05,0.5,1.0,0.15000679310833784,0.0625,1.0,1.0,1.0,1.0,0.0,1.0,1.0
candidate_union,eval_0096,triamcinolone | sucralfate | ciprofloxacin | ofloxacin | levofloxacin | doxycycline | ibuprofen | flanax pain reliever | naproxen | aleve | naprosyn | famotidine / ibuprofen | remicade | adalimumab | duexis | humira | vimovo | mycophenolate mofetil | esomeprazole / naproxen | infliximab,triamcinolone | sucralfate,1000,311,311,672,1000,0,1000,0.4,1.0,1.0,0.9134015924715543,0.2,1.0,1.0,0.9134015924715543,0.1,1.0,1.0,0.9134015924715543,1.0,1.0,1.0,1.0,1.0,0.0,0.0,1.0
candidate_union,eval_0100,lidocaine | hydrocortisone / pramoxine | pramosone | hydrocortisone | pramoxine | proctofoam | lmx 5 | proctofoam hc | dibucaine | nupercainal | proctosol-hc | pramoxine / zinc oxide | tronolane anesthetic for hemorrhoids | analpram-hc | hydrocortisone / lidocaine | recticare | phenylephrine / pramoxine | phenylephrine | anucort-hc | anusol-hc suppositories,hydrocortisone | hydrocortisone / pramoxine | lidocaine,1000,164,164,275,1000,0,1000,0.6,1.0,1.0,0.9035099417625011,0.3,1.0,1.0,0.9035099417625011,0.15,1.0,1.0,0.9035099417625011,1.0,1.0,1.0,1.0,1.0,0.0,1.0,1.0
candidate_union,eval_0103,flanax pain reliever | ibuprofen | naproxen | aleve | naprosyn | oxybutynin | ditropan xl | doxy 100 | doxycycline | lidocaine | sucralfate | cephalexin | sulfamethoxazole / trimethoprim | triamcinolone | septra ds | bactrim ds | smz-tmp ds | bactrim | moxifloxacin | avelox,naproxen | triamcinolone,1000,273,273,273,1000,0,1000,0.2,0.5,1.0,0.35195904451706733,0.1,0.5,1.0,0.35195904451706733,0.1,1.0,1.0,0.4720747003151186,0.3333333333333333,1.0,1.0,1.0,1.0,0.0,1.0,1.0
candidate_union,eval_0111,doxylamine | hydroxyzine | acthar | xyzal | levocetirizine | loratadine | corticotropin | alavert | ketorolac | h.p. acthar gel | cromolyn | epipen | ketotifen | doxepin | zaditor | alocril | zymine | optivar | nedocromil | triprolidine,prednisone | promethazine,1000,76,76,558,1000,0,1000,0.0,0.0,0.0,0.0,0.0,0.0,0.0,0.0,0.0,0.0,0.0,0.0,0.0,1.0,1.0,1.0,1.0,0.0,1.0,1.0
candidate_union,eval_0107,chlorpromazine | thorazine | haloperidol | haldol | compazine | prochlorperazine | doxycycline | minocycline | dexamethasone | elocon | desonide | flurandrenolide | clocortolone | cordran tape | clobex | cloderm | fluocinonide | desoximetasone | ultravate | halobetasol,prednisone | mometasone | clobetasol,1000,300,300,389,1000,0,1000,0.0,0.0,0.0,0.0,0.0,0.0,0.0,0.0,0.0,0.0,0.0,0.0,0.0,1.0,1.0,1.0,1.0,0.0,1.0,1.0
candidate_union,eval_0086,tretinoin | dapsone | doxycycline | minocycline | clindamycin | sulfamethoxazole / trimethoprim | erythromycin | vibramycin | dexamethasone | tetracycline | doryx | spironolactone | doxy 100 | doxorubicin | septra | liraglutide | victoza | cephalexin | bactrim | byetta,tretinoin | doxycycline | spironolactone | liraglutide | victoza | clindamycin,1000,625,625,1000,1000,0,1000,0.6,0.5,1.0,0.6399453854227659,0.3,0.5,1.0,0.5922454245817423,0.3,1.0,1.0,0.8008569314089068,1.0,1.0,1.0,1.0,1.0,0.0,1.0,1.0
candidate_union,eval_0067,baclofen | lioresal | onabotulinumtoxina | botox | lorazepam | ativan | ibuprofen | naproxen | aleve | abobotulinumtoxina | dysport | myobloc | botulinum toxin type b | incobotulinumtoxina | xeomin | rizatriptan | eletriptan | treximet | naproxen / sumatriptan | frova,onabotulinumtoxina | botox | naproxen | ibuprofen | aleve,1000,187,187,1000,1000,0,1000,0.4,0.4,1.0,0.3708934714722901,0.5,1.0,1.0,0.6232439989741612,0.25,1.0,1.0,0.6232439989741612,0.3333333333333333,1.0,1.0,1.0,1.0,0.0,1.0,1.0
candidate_union,eval_0106,ibuprofen | naproxen | flanax pain reliever | enbrel | aleve | sodium hyaluronate | remicade | naprosyn | adalimumab | etanercept | infliximab | humira | methotrexate | ustekinumab | corticotropin | kenalog-10 | methylprednisolone | prednisone | kenalog-40 | betamethasone,prednisone | enbrel,1000,255,255,573,1000,0,1000,0.2,0.5,1.0,0.26406812257259094,0.1,0.5,1.0,0.26406812257259094,0.1,1.0,1.0,0.40840843695531215,0.25,1.0,1.0,1.0,1.0,0.0,1.0,1.0
candidate_union,eval_0090,cefepime | unasyn | ampicillin / sulbactam | gentamicin | fluconazole | zyvox | linezolid | rocephin | meropenem | azithromycin | keflex | ceftin | amoxil | cephalexin | amoxicillin | hiprex | amoxicillin / clavulanate | augmentin | sulfamethoxazole / trimethoprim | acidophilus,sulfamethoxazole / trimethoprim | bactrim | fluconazole,1000,287,287,1000,1000,0,1000,0.2,0.3333333333333333,1.0,0.1815417925373527,0.1,0.3333333333333333,1.0,0.1815417925373527,0.1,0.6666666666666666,1.0,0.2901226656383863,0.2,1.0,1.0,1.0,1.0,0.0,1.0,1.0
candidate_union,eval_0115,acthar | corticotropin | aristocort | prednisone | triamcinolone | loteprednol | lotemax | prednisolone | deltasone | doxylamine | hydroxyzine | xyzal | levocetirizine | loratadine | h.p. acthar gel | alavert | carbinoxamine | cromolyn | cyproheptadine | promethazine,prednisone | triamcinolone | corticotropin | prednisolone | loteprednol | lotemax,1000,322,322,322,1000,0,1000,0.6,0.5,1.0,0.41993093717806657,0.6,1.0,1.0,0.7040814431040683,0.3,1.0,1.0,0.7040814431040683,0.5,1.0,1.0,1.0,1.0,0.0,1.0,1.0
candidate_union,eval_0110,kenalog-40 | sulfamethoxazole / trimethoprim | augmentin xr | cefuroxime | zithromax | ampicillin | moxifloxacin | azithromycin | bactrim ds | clarithromycin | mometasone | doxycycline | ceftin | avelox | amoxil | amoxicillin | erythromycin | bactrim | augmentin | amoxicillin / clavulanate,prednisone,1000,681,681,1000,1000,0,1000,0.0,0.0,0.0,0.0,0.0,0.0,0.0,0.0,0.0,0.0,0.0,0.0,0.0,1.0,1.0,1.0,1.0,0.0,0.0,1.0
candidate_union,eval_0099,medrol dosepak | kenalog-40 | methylprednisolone | aspirin | deltasone | triamcinolone | prednisone | amoxicillin | dexamethasone | doxycycline | canakinumab | hydroxychloroquine | aristocort | cortisone | cefotaxime | prednisolone | ceftriaxone | smz-tmp ds | avelox | cephalexin,prednisone | methylprednisolone | triamcinolone,1000,755,755,1000,1000,0,1000,0.2,0.3333333333333333,1.0,0.23463936301137825,0.3,1.0,1.0,0.5582260599851661,0.15,1.0,1.0,0.5582260599851661,0.3333333333333333,1.0,1.0,1.0,1.0,0.0,1.0,1.0
candidate_union,eval_0119,gentamicin | moxifloxacin | ciprofloxacin | doxycycline | minocycline | levofloxacin | amikacin | bethanechol | bcg | azithromycin | ceftin | sulfamethoxazole / trimethoprim | amoxil | cefepime | amoxicillin | augmentin | unasyn | amoxicillin / clavulanate | ampicillin / sulbactam | fluconazole,doxycycline | ciprofloxacin,1000,363,363,1000,1000,0,1000,0.4,1.0,1.0,0.5706417189553201,0.2,1.0,1.0,0.5706417189553201,0.1,1.0,1.0,0.5706417189553201,0.3333333333333333,1.0,1.0,1.0,1.0,0.0,1.0,1.0
candidate_union,eval_0112,valacyclovir | acyclovir | valtrex | doxycycline | aluminum hydroxide / magnesium hydroxide / simethicone | moxifloxacin | lansoprazole | omeprazole | mometasone | ciprofloxacin | levofloxacin | pantoprazole | cimetidine | kenalog-40 | rifampin | triamcinolone | fluticasone | famotidine | prednisone | dexamethasone,valacyclovir | valtrex | acyclovir,1000,516,516,1000,1000,0,1000,0.6,1.0,1.0,1.0,0.3,1.0,1.0,1.0,0.15,1.0,1.0,1.0,1.0,1.0,1.0,1.0,1.0,0.0,1.0,1.0
candidate_union,eval_0109,methotrexate | prednisone | dexamethasone | doxycycline | minocycline | cefotaxime | amoxicillin | ceftriaxone | enbrel | stelara | ustekinumab | etanercept | adalimumab | humira | remicade | cosentyx | otrexup | kenalog-10 | betamethasone | infliximab,minocycline | methotrexate,1000,544,544,898,1000,0,1000,0.4,1.0,1.0,0.8854598815714874,0.2,1.0,1.0,0.8854598815714874,0.1,1.0,1.0,0.8854598815714874,1.0,1.0,1.0,1.0,1.0,0.0,1.0,1.0
candidate_union,eval_0124,cromolyn | omalizumab | xolair | aristocort | epinephrine | prednisone | deltasone | triamcinolone | prednisolone | pepcid | famotidine | doxylamine | hydroxyzine | acthar | xyzal | levocetirizine | loratadine | corticotropin | h.p. acthar gel | carbinoxamine,prednisone | triamcinolone | omalizumab | xolair | cromolyn,1000,288,288,995,1000,0,1000,0.6,0.6,1.0,0.5661457978496993,0.5,1.0,1.0,0.8338207288528133,0.25,1.0,1.0,0.8338207288528133,1.0,1.0,1.0,1.0,1.0,0.0,1.0,1.0
candidate_union,eval_0131,erythromycin | ceftriaxone | ciprofloxacin | sulfamethoxazole / trimethoprim | doxycycline | dexamethasone | floxin | ampicillin | azithromycin | cipro | cefotaxime | ofloxacin | lansoprazole | pyridoxine | minocycline | dexamethasone intensol | prednisone | esomeprazole | omeprazole | kenalog-40,azithromycin | prednisone | ceftriaxone,1000,449,449,1000,1000,0,1000,0.2,0.3333333333333333,1.0,0.3212043018970804,0.2,0.6666666666666666,1.0,0.4233732349254059,0.15,1.0,1.0,0.5454609879188292,0.5,1.0,1.0,1.0,1.0,0.0,1.0,1.0
candidate_union,eval_0121,hydroxychloroquine | doxycycline | doxy 100 | corticotropin | aspirin | methylprednisolone | kenalog-40 | prednisone | triamcinolone | medrol dosepak | loteprednol | lotemax | deltasone | dexamethasone | prednisolone | amoxicillin | acthar | canakinumab | allopurinol | lithium,doxycycline | hydroxychloroquine,1000,287,287,1000,1000,0,1000,0.4,1.0,1.0,1.0,0.2,1.0,1.0,1.0,0.1,1.0,1.0,1.0,1.0,1.0,1.0,1.0,1.0,0.0,1.0,1.0
candidate_union,eval_0135,propranolol | diltiazem | verapamil | metoprolol | nitroglycerin | atenolol | corgard | verelan pm | caduet | tenormin | lopressor | bisoprolol | calan sr | toprol-xl | coreg | lisinopril | ramipril | amlodipine | altace | timolol,propranolol | metoprolol,1000,335,335,1000,1000,0,1000,0.4,1.0,1.0,0.8772153153380493,0.2,1.0,1.0,0.8772153153380493,0.1,1.0,1.0,0.8772153153380493,1.0,1.0,1.0,1.0,1.0,0.0,1.0,1.0
candidate_union,eval_0117,isotretinoin | accutane | adapalene / benzoyl peroxide | benzoyl peroxide / clindamycin | epiduo | claravis | phillips' milk of magnesia | benzaclin | magnesium hydroxide | tretinoin | retin-a | clindamycin / tretinoin | dapsone | duac | aczone | benzoyl peroxide / sulfur | onexton | drospirenone / ethinyl estradiol | azelaic acid | avita,adapalene / benzoyl peroxide,1000,273,273,273,1000,0,1000,0.2,1.0,1.0,0.5,0.1,1.0,1.0,0.5,0.05,1.0,1.0,0.5,0.3333333333333333,1.0,1.0,1.0,1.0,0.0,1.0,1.0
candidate_union,eval_0116,lisinopril | gabapentin | fosinopril | topiramate | captopril | ramipril | moexipril | altace | benazepril | perindopril | quinapril | enalapril | pregabalin | lyrica | neurontin | cozaar | nortriptyline | hydrochlorothiazide | losartan | topamax,gabapentin | pregabalin | topiramate | clonidine | onabotulinumtoxina,1000,651,637,1000,1000,0,1000,0.4,0.4,1.0,0.3392588671163906,0.2,0.4,1.0,0.3392588671163906,0.15,0.6,1.0,0.4090396425357893,0.5,1.0,1.0,1.0,1.0,0.0,1.0,1.0
candidate_union,eval_0104,rifabutin | ciprofloxacin | moxifloxacin | levofloxacin | gentamicin | aciphex | prednisone | doxycycline | prevacid | calcium carbonate / simethicone | axid ar | nexium 24hr | prilosec otc | tagamet hb | rabeprazole | di-gel | mylanta | nizatidine | mylanta maximum strength | alka-seltzer heartburn + gas,rifabutin,1000,227,116,1000,1000,0,1000,0.2,1.0,1.0,1.0,0.1,1.0,1.0,1.0,0.05,1.0,1.0,1.0,1.0,1.0,1.0,1.0,1.0,0.0,0.0,1.0
candidate_union,eval_0122,ipratropium | xopenex | levalbuterol | ipratropium inhalation solution | methylprednisolone dose pack | atrovent | alvesco | fluticasone / vilanterol | aclidinium | atrovent hfa | dulera | formoterol / mometasone | breo ellipta | omalizumab | yupelri | revefenacin | xolair | solu-medrol | symbicort | budesonide / formoterol,prednisone,1000,221,221,1000,1000,0,1000,0.0,0.0,0.0,0.0,0.0,0.0,0.0,0.0,0.0,0.0,0.0,0.0,0.0,1.0,1.0,1.0,1.0,0.0,0.0,1.0
candidate_union,eval_0125,hydroxyzine | phosphorated carbohydrate solution | elavil | lactobacillus acidophilus | amitriptyline | atarax | ofloxacin | ampicillin | ceftriaxone | minocycline | sulfamethoxazole / trimethoprim | cipro | doxycycline | ciprofloxacin | bethanechol | zyvox | venlafaxine | methenamine | linezolid | trospium,doxycycline | sulfamethoxazole / trimethoprim | azithromycin,1000,303,172,172,1000,0,1000,0.0,0.0,0.0,0.0,0.0,0.0,0.0,0.0,0.1,0.6666666666666666,1.0,0.2588681634655397,0.09090909090909091,1.0,1.0,1.0,1.0,0.0,1.0,1.0
candidate_union,eval_0138,"calcifediol | parathyroid hormone | ergocalciferol | sodium iodide-i-131 | calcitriol | propylthiouracil | calcium phosphate, tribasic | calcium lactate | amitriptyline | hytrin | terazosin | clonidine | aluminum chloride hexahydrate | drysol | hypercare | oxybutynin | gabapentin | xerac ac | pima | tapazole",thyroid desiccated | armour thyroid,1000,132,132,688,1000,0,1000,0.0,0.0,0.0,0.0,0.0,0.0,0.0,0.0,0.0,0.0,0.0,0.0,0.0,1.0,1.0,1.0,1.0,0.0,1.0,1.0
candidate_union,eval_0130,ibuprofen | flanax pain reliever | naproxen | aleve | naprosyn | doxycycline | triamcinolone | doxy 100 | sulfamethoxazole / trimethoprim | ditropan xl | bactrim ds | ciprofloxacin | cephalexin | avelox | oxybutynin | moxifloxacin | bactrim | levaquin | cipro | levofloxacin,prednisone | enbrel | naproxen,1000,273,273,573,1000,0,1000,0.2,0.3333333333333333,1.0,0.2850703250369507,0.1,0.3333333333333333,1.0,0.2850703250369507,0.05,0.3333333333333333,1.0,0.2850703250369507,0.3333333333333333,1.0,1.0,1.0,1.0,0.0,1.0,1.0
candidate_union,eval_0129,sumatriptan | zolmitriptan | rizatriptan | eletriptan | frova | treximet | maxalt-mlt | relpax | naproxen / sumatriptan | maxalt | frovatriptan | imitrex | caffeine / ergotamine | aspirin / butalbital / caffeine | almotriptan | naratriptan | migergot | fiorinal | amerge | imitrex statdose,propranolol,1000,179,179,1000,1000,0,1000,0.0,0.0,0.0,0.0,0.0,0.0,0.0,0.0,0.0,0.0,0.0,0.0,0.0,1.0,1.0,1.0,1.0,0.0,1.0,1.0
candidate_union,eval_0133,enbrel | stelara | ustekinumab | etanercept | adalimumab | kenalog-10 | humira | cosentyx | remicade | otrexup | secukinumab | methotrexate | infliximab | betamethasone | apremilast | otezla | kenalog-40 | tetracycline | methylprednisolone | doxycycline,prednisone | enbrel | stelara | ustekinumab | adalimumab,1000,393,393,1000,1000,0,1000,0.8,0.8,1.0,0.8929864349628853,0.4,0.8,1.0,0.8929864349628853,0.2,0.8,1.0,0.8929864349628853,1.0,1.0,1.0,1.0,1.0,0.0,1.0,1.0
candidate_union,eval_0146,liraglutide | victoza | byetta | glyset | miglitol | bydureon | exenatide | invokamet xr | xultophy | trulicity | insulin degludec / liraglutide | ozempic | dapagliflozin / metformin | steglujan | dulaglutide | jentadueto xr | semaglutide | xigduo xr | synjardy | ertugliflozin / sitagliptin,liraglutide | victoza,1000,228,228,1000,1000,0,1000,0.4,1.0,1.0,1.0,0.2,1.0,1.0,1.0,0.1,1.0,1.0,1.0,1.0,1.0,1.0,1.0,1.0,0.0,1.0,1.0
candidate_union,eval_0151,carbinoxamine | azelastine | olopatadine | xyzal | levocetirizine | allegra | cyproheptadine | fexofenadine | cetirizine | loratadine | zyrtec | promethazine | clarinex | dexchlorpheniramine | phenergan | chlor-trimeton | chlorpheniramine | desloratadine | claritin | benadryl allergy,prednisone | promethazine | cyproheptadine,1000,558,558,1000,1000,0,1000,0.0,0.0,0.0,0.0,0.1,0.3333333333333333,1.0,0.1696989245257299,0.1,0.6666666666666666,1.0,0.3072762970421327,0.14285714285714285,1.0,1.0,1.0,1.0,0.0,1.0,1.0
candidate_union,eval_0150,clonidine | sodium bicarbonate | rifabutin | immune globulin intravenous | atripla | efavirenz / emtricitabine / tenofovir | stribild | cobicistat / elvitegravir / emtricitabine / tenofovir | triumeq | abacavir / dolutegravir / lamivudine | epzicom | emtricitabine / rilpivirine / tenofovir | abacavir / lamivudine | complera | genvoya | isentress | epivir-hbv | tivicay pd | symtuza | odefsey,rifabutin,1000,119,119,1000,1000,0,1000,0.2,1.0,1.0,0.5,0.1,1.0,1.0,0.5,0.05,1.0,1.0,0.5,0.3333333333333333,1.0,1.0,1.0,1.0,0.0,0.0,1.0
candidate_union,eval_0136,adalimumab | humira | remicade | infliximab | prednisolone | hydrocortisone | prednisone | methylprednisolone | dexamethasone | triamcinolone | methotrexate | enbrel | stelara | ustekinumab | cosentyx | otrexup | secukinumab | golimumab | simponi | betamethasone,prednisone | dexamethasone | adalimumab | humira | methylprednisolone,1000,393,393,1000,1000,0,1000,0.4,0.4,1.0,0.6499585627060159,0.5,1.0,1.0,0.902309090207887,0.25,1.0,1.0,0.902309090207887,1.0,1.0,1.0,1.0,1.0,0.0,1.0,1.0
candidate_union,eval_0134,bromocriptine | insulin regular | sodium bicarbonate | liraglutide | victoza | byetta | glyset | miglitol | bydureon | exenatide | invokamet xr | xultophy | trulicity | insulin degludec / liraglutide | ozempic | dapagliflozin / metformin | steglujan | dulaglutide | jentadueto xr | semaglutide,liraglutide | victoza,1000,282,282,1000,1000,0,1000,0.4,1.0,1.0,0.5012658353418872,0.2,1.0,1.0,0.5012658353418872,0.1,1.0,1.0,0.5012658353418872,0.25,1.0,1.0,1.0,1.0,0.0,1.0,1.0
candidate_union,eval_0156,"calcifediol | parathyroid hormone | ergocalciferol | calcitriol | calcium phosphate, tribasic | calcium lactate | sodium iodide-i-131 | propylthiouracil | westhroid | armour thyroid | thyquidity | tirosint | cytomel | nature-throid | levothyroxine | synthroid | liothyronine | thyroid desiccated | levoxyl | cenestin",thyroid desiccated | armour thyroid | levothyroxine,1000,132,132,1000,1000,0,1000,0.0,0.0,0.0,0.0,0.1,0.3333333333333333,1.0,0.10987173866025332,0.15,1.0,1.0,0.34188436177875925,0.1,1.0,1.0,1.0,1.0,0.0,0.0,1.0
candidate_union,eval_0142,zyvox | linezolid | hydroxyzine | trospium | methenamine | azithromycin | acidophilus | hiprex | uta | hyoscyamine / methenamine / methylene blue / sodium biphosphate | unasyn | ampicillin / sulbactam | furadantin | doripenem | phosphasal | urogesic blue | fluconazole | lithostat | ampicillin | rocephin,doxycycline,1000,172,172,172,1000,0,1000,0.0,0.0,0.0,0.0,0.0,0.0,0.0,0.0,0.0,0.0,0.0,0.0,0.0,1.0,1.0,1.0,1.0,0.0,1.0,1.0
candidate_union,eval_0145,kenalog-40 | azithromycin | augmentin xr | ampicillin | ceftin | amoxil | amoxicillin | budesonide | augmentin | sulfamethoxazole / trimethoprim | amoxicillin / clavulanate | singulair | biaxin xl | cedax | ceftibuten | moxifloxacin | azithromycin dose pack | rocephin | erythromycin | montelukast,azithromycin | prednisone,1000,221,221,1000,1000,0,1000,0.2,0.5,1.0,0.2960819109658652,0.1,0.5,1.0,0.2960819109658652,0.05,0.5,1.0,0.2960819109658652,0.5,1.0,1.0,1.0,1.0,0.0,1.0,1.0
candidate_union,eval_0144,gentamicin | xenleta | lefamulin | unasyn | ampicillin / sulbactam | cefepime | rocephin | vantin | filgrastim | azithromycin | fluconazole | tobramycin | zyvox | linezolid | vancocin hcl | flagyl | neupogen | oxymetholone | integra | ferralet 90,doxycycline | azithromycin,1000,132,132,1000,1000,0,1000,0.0,0.0,0.0,0.0,0.1,0.5,1.0,0.17723928678404774,0.05,0.5,1.0,0.17723928678404774,0.1,1.0,1.0,1.0,1.0,0.0,1.0,1.0
candidate_union,eval_0155,golimumab | simponi | adalimumab | remicade | humira | infliximab | diclofenac | mycophenolate mofetil | methylprednisolone | famotidine / ibuprofen | sulfasalazine | azathioprine | imuran | duexis | cellcept | vimovo | esomeprazole / naproxen | prednisolone | hydrocortisone | prednisone,adalimumab | humira,1000,311,311,525,1000,0,1000,0.4,1.0,1.0,0.5437713091520254,0.2,1.0,1.0,0.5437713091520254,0.1,1.0,1.0,0.5437713091520254,0.3333333333333333,1.0,1.0,1.0,1.0,0.0,1.0,1.0
candidate_union,eval_0163,epivir-hbv | tenofovir | viread | lamivudine | filgrastim | sodium bicarbonate | clonidine | rifabutin | atripla | efavirenz / emtricitabine / tenofovir | stribild | cobicistat / elvitegravir / emtricitabine / tenofovir | triumeq | abacavir / dolutegravir / lamivudine | epzicom | emtricitabine / rilpivirine / tenofovir | abacavir / lamivudine | complera | genvoya | isentress,tenofovir | viread,1000,119,119,1000,1000,0,1000,0.4,1.0,1.0,0.6934264036172708,0.2,1.0,1.0,0.6934264036172708,0.1,1.0,1.0,0.6934264036172708,0.5,1.0,1.0,1.0,1.0,0.0,1.0,1.0
candidate_union,eval_0148,stelara | ustekinumab | ionil t | gengraf | taclonex | methotrexate | mg217 medicated tar | betamethasone / calcipotriene | neoral | etanercept | ixekizumab | taltz | desowen | duobrii | ammonium lactate / halobetasol | halobetasol / tazarotene | brodalumab | taclonex scalp | vectical | proctofoam hc,enbrel,1000,164,164,726,1000,0,1000,0.0,0.0,0.0,0.0,0.0,0.0,0.0,0.0,0.0,0.0,0.0,0.0,0.0,1.0,1.0,1.0,1.0,0.0,1.0,1.0
candidate_union,eval_0171,kenalog-40 | budesonide | ceftibuten | cedax | singulair | ephedrine | rocephin | montelukast | epinephrine | flunisolide | omnicef | biaxin | medrol dosepak | caffeine | azithromycin | augmentin xr | ciclesonide | ampicillin | vantin | beclomethasone,prednisone,1000,221,221,1000,1000,0,1000,0.0,0.0,0.0,0.0,0.0,0.0,0.0,0.0,0.0,0.0,0.0,0.0,0.0,1.0,1.0,1.0,1.0,0.0,0.0,1.0
candidate_union,eval_0177,etanercept | methotrexate | stelara | remicade | ustekinumab | kenalog-10 | infliximab | adalimumab | cymbalta | duloxetine | cosentyx | enbrel | humira | otrexup | secukinumab | celecoxib | acetaminophen / aspirin / caffeine | doxycycline | apremilast | otezla,diclofenac | tramadol | acetaminophen / hydrocodone,1000,255,255,420,1000,0,1000,0.0,0.0,0.0,0.0,0.0,0.0,0.0,0.0,0.0,0.0,0.0,0.0,0.0,1.0,1.0,1.0,1.0,0.0,1.0,1.0
candidate_union,eval_0180,isotretinoin | accutane | adapalene / benzoyl peroxide | epiduo | benzoyl peroxide / clindamycin | phillips' milk of magnesia | claravis | benzaclin | magnesium hydroxide | retin-a | tretinoin | clindamycin / tretinoin | duac | aczone | benzoyl peroxide / sulfur | dapsone | onexton | azelaic acid | avita | benzefoam ultra,adapalene / benzoyl peroxide,1000,273,273,273,1000,0,1000,0.2,1.0,1.0,0.5,0.1,1.0,1.0,0.5,0.05,1.0,1.0,0.5,0.3333333333333333,1.0,1.0,1.0,1.0,0.0,1.0,1.0
candidate_union,eval_0175,"calcifediol | calcitriol | parathyroid hormone | ergocalciferol | calcium lactate | calcium phosphate, tribasic | westhroid | armour thyroid | thyquidity | thyroid desiccated | tirosint | cytomel | nature-throid | levothyroxine | synthroid | liothyronine | levoxyl | sodium iodide-i-131 | estropipate | unithroid",thyroid desiccated | armour thyroid | levothyroxine,1000,132,132,634,1000,0,1000,0.0,0.0,0.0,0.0,0.2,0.6666666666666666,1.0,0.2836929289153804,0.15,1.0,1.0,0.40380858471343173,0.125,1.0,1.0,1.0,1.0,0.0,1.0,1.0
candidate_union,eval_0183,rabeprazole | omeprazole / sodium bicarbonate | protonix | esomeprazole | nexium | cimetidine | pepcid | omeprazole | lansoprazole | zantac | ranitidine | pantoprazole | famotidine | calcium carbonate | sucralfate | carafate | aciphex | prevacid | axid ar | calcium carbonate / simethicone,aciphex | dexlansoprazole | rabeprazole | esomeprazole | lansoprazole | nexium,1000,109,109,721,1000,0,1000,0.6,0.5,1.0,0.6164336326286644,0.4,0.6666666666666666,1.0,0.6410811757706057,0.25,0.8333333333333334,1.0,0.7136490069412258,1.0,1.0,1.0,1.0,1.0,0.0,1.0,1.0
candidate_union,eval_0187,taclonex | ionil t | betamethasone / calcipotriene | ustekinumab | coal tar | mg217 medicated tar | ixekizumab | taltz | thiothixene | duobrii | halobetasol / tazarotene | taclonex scalp | vectical | tacrolimus | proctofoam hc | soriatane | dovonex | etanercept | calcipotriene | adalimumab,enbrel,1000,164,164,726,1000,0,1000,0.0,0.0,0.0,0.0,0.0,0.0,0.0,0.0,0.0,0.0,0.0,0.0,0.0,1.0,1.0,1.0,1.0,0.0,1.0,1.0
candidate_union,eval_0185,xyzal | levocetirizine | loratadine | carbinoxamine | azelastine | chlor-trimeton | olopatadine | cyproheptadine | chlorpheniramine | allegra | fexofenadine | cetirizine | zyrtec | promethazine | clarinex | phenergan | dexchlorpheniramine | desloratadine | benadryl allergy | claritin,promethazine | cyproheptadine,1000,558,511,625,1000,0,1000,0.0,0.0,0.0,0.0,0.1,0.5,1.0,0.19342640361727081,0.1,1.0,1.0,0.3503663479952008,0.125,1.0,1.0,1.0,1.0,0.0,1.0,1.0
candidate_union,eval_0190,hydrocortisone | mycophenolate mofetil | methylprednisolone | prednisone | imuran | azathioprine | dexamethasone | cellcept | triamcinolone | betamethasone | medrol dosepak | pancreatin | remicade | golimumab | simponi | infliximab | adalimumab | humira | prednisolone | famotidine / ibuprofen,adalimumab | humira | infliximab | remicade,1000,346,346,672,1000,0,1000,0.0,0.0,0.0,0.0,0.0,0.0,0.0,0.0,0.2,1.0,1.0,0.3835567755371807,0.07692307692307693,1.0,1.0,1.0,1.0,0.0,1.0,1.0
candidate_union,eval_0184,amitriptyline | elavil | venlafaxine | memantine | risperdal | spironolactone | risperidone | doryx | doxycycline | moxifloxacin | sulfamethoxazole / trimethoprim | allopurinol | cephalexin | azithromycin | keflex | magnesium oxide | bactrim | augmentin xr | sodium bicarbonate | ceftriaxone,amitriptyline | venlafaxine | elavil | azithromycin,1000,347,347,1000,1000,0,1000,0.6,0.75,1.0,0.8724703940062511,0.3,0.75,1.0,0.8724703940062511,0.2,1.0,1.0,0.9482632957628667,1.0,1.0,1.0,1.0,1.0,0.0,0.0,1.0
candidate_union,eval_0178,dapsone | biaxin xl | sulfamethoxazole / trimethoprim | clindamycin | gemifloxacin | minocycline | azithromycin | amoxil | ceftin | doxycycline | moxifloxacin | erythromycin | augmentin | azithromycin dose pack | amoxicillin | amoxicillin / clavulanate | zithromax | cefzil | factive | clarithromycin,doxycycline | azithromycin,1000,132,132,1000,1000,0,1000,0.0,0.0,0.0,0.0,0.2,1.0,1.0,0.38162168437253385,0.1,1.0,1.0,0.38162168437253385,0.14285714285714285,1.0,1.0,1.0,1.0,0.0,1.0,1.0
candidate_union,eval_0188,"peginterferon alfa-2a | epivir-hbv | tenofovir | viread | lamivudine | interferon alfa-2b | hepatitis b adult vaccine | hepatitis b immune globulin | hepatitis b pediatric vaccine | peginterferon alfa-2b | adefovir | entecavir | tenofovir alafenamide | hepatitis a adult vaccine / hepatitis b adult vaccine | diphtheria and tetanus toxoids / pertussis, acellular / poliovirus vaccine, inactivated / haemophilus b conjugate / hepatitis b vaccine | diphtheria toxoid / hepatitis b pediatric vaccine / pertussis, acellular / poliovirus vaccine, inactivated / tetanus toxoid | corticotropin | tacrolimus | topicort | elocon",tenofovir | peginterferon alfa-2a | viread,1000,16,16,467,1000,0,1000,0.6,1.0,1.0,0.9060254355346824,0.3,1.0,1.0,0.9060254355346824,0.15,1.0,1.0,0.9060254355346824,1.0,1.0,1.0,1.0,1.0,0.0,1.0,1.0
candidate_union,eval_0201,hytrin | terazosin | clonidine | catapres | amitriptyline | aluminum chloride hexahydrate | drysol | hypercare | onabotulinumtoxina | botox | xerac ac | tapazole | pima | potassium iodide | oxybutynin | benztropine | methimazole | sodium iodide-i-131 | gabapentin | glycopyrronium,clonidine | catapres,1000,22,22,825,1000,0,1000,0.4,1.0,1.0,0.5706417189553201,0.2,1.0,1.0,0.5706417189553201,0.1,1.0,1.0,0.5706417189553201,0.3333333333333333,1.0,1.0,1.0,1.0,0.0,1.0,1.0
candidate_union,eval_0199,doxycycline | triamcinolone | flanax pain reliever | ibuprofen | naproxen | naprosyn | aleve | doxy 100 | cephalexin | bactrim | oxybutynin | sulfamethoxazole / trimethoprim | septra ds | bactrim ds | sucralfate | tetracycline | smz-tmp ds | moxifloxacin | avelox | minocycline,triamcinolone | naproxen,1000,25,25,1000,1000,0,1000,0.4,1.0,1.0,0.5683945997718942,0.2,1.0,1.0,0.5683945997718942,0.1,1.0,1.0,0.5683945997718942,0.5,1.0,1.0,1.0,1.0,0.0,1.0,1.0
candidate_union,eval_0195,omeprazole | lansoprazole | cimetidine | pantoprazole | famotidine | ranitidine | budesonide | triamcinolone | levofloxacin | ciprofloxacin | methylprednisolone | prednisone | benzocaine | dexamethasone | ampicillin | azithromycin | aluminum hydroxide / magnesium hydroxide / simethicone | mometasone | cipro | rabeprazole,lansoprazole | ranitidine | omeprazole,1000,605,605,1000,1000,0,1000,0.4,0.6666666666666666,1.0,0.8303010754742701,0.3,1.0,1.0,0.9511970285954038,0.15,1.0,1.0,0.9511970285954038,1.0,1.0,1.0,1.0,1.0,0.0,1.0,1.0
candidate_union,eval_0192,isotretinoin | accutane | adapalene / benzoyl peroxide | epiduo | benzoyl peroxide / clindamycin | phillips' milk of magnesia | claravis | benzaclin | magnesium hydroxide | retin-a | tretinoin | clindamycin / tretinoin | duac | aczone | benzoyl peroxide / sulfur | onexton | panoxyl 10% acne foaming wash | azelaic acid | avita | benzefoam ultra,isotretinoin | accutane | adapalene / benzoyl peroxide,1000,273,273,726,1000,0,1000,0.6,1.0,1.0,0.9049765583210164,0.3,1.0,1.0,0.9049765583210164,0.15,1.0,1.0,0.9049765583210164,1.0,1.0,1.0,1.0,1.0,0.0,1.0,1.0
candidate_union,eval_0186,amlodipine / hydrochlorothiazide / valsartan | innopran xl | exforge hct | acebutolol | maxzide | inspra | hydrochlorothiazide / spironolactone | betaxolol | bystolic | aldactazide | nebivolol | dilt-xr | tekturna hct | zestoretic | amlodipine / hydrochlorothiazide / olmesartan | aliskiren / hydrochlorothiazide | tekturna | tribenzor | aliskiren | lisinopril,propranolol,1000,275,275,1000,1000,0,1000,0.0,0.0,0.0,0.0,0.0,0.0,0.0,0.0,0.0,0.0,0.0,0.0,0.0,1.0,1.0,1.0,1.0,0.0,1.0,1.0
candidate_union,eval_0205,esterified estrogens | estropipate | conjugated estrogens | premarin | armour thyroid | westhroid | cenestin | tirosint | thyquidity | forteo | teriparatide | cytomel | nature-throid | rayaldee | levothyroxine | synthroid | liothyronine | estradiol | levoxyl | trametinib,thyroid desiccated | armour thyroid | levothyroxine,1000,61,61,87,1000,0,1000,0.2,0.3333333333333333,1.0,0.1815417925373527,0.1,0.3333333333333333,1.0,0.1815417925373527,0.1,0.6666666666666666,1.0,0.2988614740430418,0.2,1.0,1.0,1.0,1.0,0.0,1.0,1.0
candidate_union,eval_0206,clindamycin | minocycline | doxycycline | sulfamethoxazole / trimethoprim | metronidazole | tobramycin | penicillin v potassium | vancocin hcl | prednisone | flagyl | cleocin hcl | zyvox | linezolid | nafcillin | fluconazole | zosyn | vancomycin | penicillin vk | rocephin | piperacillin / tazobactam,doxycycline | azithromycin | clindamycin,1000,239,239,1000,1000,0,1000,0.4,0.6666666666666666,1.0,0.5701406500739014,0.2,0.6666666666666666,1.0,0.5701406500739014,0.1,0.6666666666666666,1.0,0.5701406500739014,1.0,1.0,1.0,1.0,1.0,0.0,1.0,1.0
candidate_union,eval_0179,sumatriptan | zolmitriptan | amitriptyline | nortriptyline | gabapentin | pamelor | elavil | metoclopramide | reglan | lithium | promethazine | phenergan | chlorpromazine | divalproex sodium | ampicillin | depakote er | depakote | meclizine | benadryl | thorazine,sumatriptan | clonidine,1000,315,315,1000,1000,0,1000,0.2,0.5,1.0,0.7039180890341347,0.1,0.5,1.0,0.7039180890341347,0.05,0.5,1.0,0.7039180890341347,1.0,1.0,1.0,1.0,1.0,0.0,1.0,1.0
candidate_union,eval_0209,clonidine | catapres | hytrin | terazosin | gabapentin | onabotulinumtoxina | botox | amitriptyline | aluminum chloride hexahydrate | drysol | hypercare | xerac ac | pima | tapazole | potassium iodide | benztropine | methimazole | oxybutynin | sodium iodide-i-131 | glycopyrronium,clonidine | catapres,1000,447,447,1000,1000,0,1000,0.4,1.0,1.0,1.0,0.2,1.0,1.0,1.0,0.1,1.0,1.0,1.0,1.0,1.0,1.0,1.0,1.0,0.0,1.0,1.0
candidate_union,eval_0204,rabeprazole | esomeprazole | omeprazole / sodium bicarbonate | protonix | lansoprazole | omeprazole | nexium | calcium carbonate | pantoprazole | cimetidine | pepcid | famotidine | zantac | carafate | sucralfate | ranitidine | adalimumab | remicade | humira | aluminum hydroxide / magnesium hydroxide,rabeprazole | esomeprazole | lansoprazole,1000,80,80,955,1000,0,1000,0.6,1.0,1.0,0.9469024295259745,0.3,1.0,1.0,0.9469024295259745,0.15,1.0,1.0,0.9469024295259745,1.0,1.0,1.0,1.0,1.0,0.0,1.0,1.0
candidate_union,eval_0212,hydroxyzine | promethazine | phenergan | atarax | benadryl | diphenhydramine | vistaril | corticotropin | doxepin | triamcinolone | prednisone | omeprazole | lansoprazole | ampicillin | pantoprazole | loteprednol | lotemax | prednisolone | cipro | dexamethasone,prednisone | promethazine | hydroxyzine | doxycycline | sulfamethoxazole / trimethoprim,1000,214,214,991,1000,0,1000,0.4,0.4,1.0,0.6499585627060159,0.2,0.4,1.0,0.6499585627060159,0.15,0.6,1.0,0.7240681743699035,1.0,1.0,1.0,1.0,1.0,0.0,1.0,1.0
candidate_union,eval_0200,methotrexate | minocycline | doxycycline | prednisone | chloramphenicol | dexamethasone | tazarotene | tazorac | stelara | ionil t | gengraf | taclonex | ustekinumab | iloperidone | ultravate | mg217 medicated tar | betamethasone / calcipotriene | desowen | neoral | ammonium lactate / halobetasol,prednisone | methotrexate | dexamethasone | enbrel | stelara,1000,575,575,888,1000,0,1000,0.4,0.4,1.0,0.48099479715073024,0.4,0.8,1.0,0.6822323346517727,0.2,0.8,1.0,0.6822323346517727,1.0,1.0,1.0,1.0,1.0,0.0,1.0,1.0
candidate_union,eval_0196,metoclopramide | reglan | rizatriptan | eletriptan | frova | maxalt-mlt | treximet | relpax | maxalt | naproxen / sumatriptan | frovatriptan | imitrex | caffeine / ergotamine | almotriptan | aspirin / butalbital / caffeine | naratriptan | imitrex statdose | amerge | migergot | fiorinal,lansoprazole | omeprazole | propranolol,1000,222,222,1000,1000,0,1000,0.0,0.0,0.0,0.0,0.0,0.0,0.0,0.0,0.0,0.0,0.0,0.0,0.0,1.0,1.0,1.0,1.0,0.0,1.0,1.0
candidate_union,eval_0216,ibuprofen | naproxen | aleve | flanax pain reliever | naprosyn | doxycycline | ditropan xl | oxybutynin | triamcinolone | lidocaine | sulfamethoxazole / trimethoprim | sucralfate | bactrim ds | ciprofloxacin | cephalexin | doxy 100 | moxifloxacin | smz-tmp ds | avelox | bactrim,naproxen,1000,25,25,372,1000,0,1000,0.2,1.0,1.0,0.6309297535714574,0.1,1.0,1.0,0.6309297535714574,0.05,1.0,1.0,0.6309297535714574,0.5,1.0,1.0,1.0,1.0,0.0,1.0,1.0
candidate_union,eval_0210,mupirocin | cefadroxil | altabax | retapamulin | ozenoxacin | sulconazole | ammoniated mercury | cefuroxime | epivir-hbv | stribild | tenofovir | cobicistat / elvitegravir / emtricitabine / tenofovir | efavirenz / emtricitabine / tenofovir | atripla | viread | lamivudine | triumeq | abacavir / dolutegravir / lamivudine | epzicom | valacyclovir,cefuroxime | mupirocin | retapamulin,1000,8,8,1000,1000,0,1000,0.4,0.6666666666666666,1.0,0.7283528197476834,0.3,1.0,1.0,0.8354209203800436,0.15,1.0,1.0,0.8354209203800436,1.0,1.0,1.0,1.0,1.0,0.0,1.0,1.0
candidate_union,eval_0217,mometasone | triamcinolone | fluticasone | prednisone | dexamethasone | methylprednisolone | dupilumab | budesonide | medrol dosepak | flurandrenolide | desonide | clocortolone | elocon | betamethasone | cordran tape | cloderm | clobex | clobetasol | hydrocortisone | fluocinonide,prednisone,1000,49,49,734,1000,0,1000,0.2,1.0,1.0,0.4306765580733931,0.1,1.0,1.0,0.4306765580733931,0.05,1.0,1.0,0.4306765580733931,0.25,1.0,1.0,1.0,1.0,0.0,0.0,1.0
candidate_union,eval_0198,xyzal | levocetirizine | loratadine | azelastine | olopatadine | phenergan | cyproheptadine | carbinoxamine | allegra | fexofenadine | promethazine | cetirizine | zyrtec | clarinex | dexchlorpheniramine | desloratadine | chlor-trimeton | chlorpheniramine | triamcinolone | claritin,promethazine | cyproheptadine,1000,76,76,558,1000,0,1000,0.0,0.0,0.0,0.0,0.1,0.5,1.0,0.20438239758848611,0.1,1.0,1.0,0.3754154816562042,0.14285714285714285,1.0,1.0,1.0,1.0,0.0,1.0,1.0
candidate_union,eval_0215,liraglutide | victoza | byetta | glyset | miglitol | bydureon | exenatide | invokamet xr | tretinoin | xultophy | trulicity | insulin degludec / liraglutide | ozempic | dapagliflozin / metformin | steglujan | dulaglutide | jentadueto xr | xigduo xr | semaglutide | synjardy,liraglutide | victoza,1000,228,228,1000,1000,0,1000,0.4,1.0,1.0,1.0,0.2,1.0,1.0,1.0,0.1,1.0,1.0,1.0,1.0,1.0,1.0,1.0,1.0,0.0,1.0,1.0
candidate_union,eval_0221,isotretinoin | accutane | adapalene / benzoyl peroxide | epiduo | benzoyl peroxide / clindamycin | phillips' milk of magnesia | claravis | benzaclin | magnesium hydroxide | retin-a | tretinoin | clindamycin / tretinoin | aczone | duac | benzoyl peroxide / sulfur | onexton | dapsone | azelaic acid | avita | benzefoam ultra,isotretinoin | accutane | adapalene / benzoyl peroxide,1000,273,273,273,1000,0,1000,0.6,1.0,1.0,1.0,0.3,1.0,1.0,1.0,0.15,1.0,1.0,1.0,1.0,1.0,1.0,1.0,1.0,0.0,1.0,1.0
candidate_union,eval_0220,topicort | tacrolimus | alclometasone | ultravate | desowen | etanercept | halobetasol | ammonium lactate / halobetasol | stelara | olux | enbrel | ustekinumab | thiothixene | ionil t | mg217 medicated tar | remicade | temovate | desonide | flurandrenolide | elocon,enbrel,1000,164,164,353,1000,0,1000,0.0,0.0,0.0,0.0,0.0,0.0,0.0,0.0,0.05,1.0,1.0,0.2789429456511298,0.09090909090909091,1.0,1.0,1.0,1.0,0.0,1.0,1.0
candidate_union,eval_0222,auranofin | ridaura | enbrel | acthar | camphor / menthol / methyl salicylate | cimzia | plaquenil | rituximab | hydroxychloroquine | alemtuzumab | certolizumab | rituxan | golimumab | corticotropin | orencia | probenecid | abatacept | arava | simponi | leflunomide,diclofenac,1000,255,255,403,1000,0,1000,0.0,0.0,0.0,0.0,0.0,0.0,0.0,0.0,0.0,0.0,0.0,0.0,0.0,1.0,1.0,1.0,1.0,0.0,1.0,1.0
candidate_union,eval_0225,tapentadol | pramlintide | novolog mix 70/30 | symlin | humulin r u-500 (concentrated) | novolin 70/30 | humulin n | insulin isophane | symlinpen 60 | nucynta er | insulin glulisine | novolog flexpen | apidra | insulin aspart/insulin aspart protamine | colesevelam | symlinpen 120 | desmopressin | welchol | liraglutide | humalog,liraglutide | victoza,1000,228,228,616,1000,0,1000,0.0,0.0,0.0,0.0,0.0,0.0,0.0,0.0,0.05,0.5,1.0,0.14186890186599416,0.05263157894736842,1.0,1.0,1.0,1.0,0.0,1.0,1.0
candidate_union,eval_0219,clonidine | catapres | propranolol | verapamil | metoprolol | atenolol | verelan pm | innopran xl | tenormin | calan sr | lisinopril | amlodipine | nadolol | inderal la | norvasc | benicar | corgard | olmesartan | inderal | prinivil,propranolol | spironolactone | clonidine | catapres | terazosin | hytrin | benicar | olmesartan | verapamil,1000,447,447,1000,1000,0,1000,0.8,0.4444444444444444,1.0,0.8687949224876581,0.4,0.4444444444444444,1.0,0.6505030594321033,0.3,0.6666666666666666,1.0,0.7724109978544184,1.0,1.0,1.0,1.0,1.0,0.0,1.0,1.0
candidate_union,eval_0230,augmentin | rocephin | azithromycin | augmentin xr | azithromycin dose pack | moxifloxacin | zithromax | vantin | cefuroxime | xopenex | levalbuterol | avelox | guaifenesin | clarithromycin | ceftin | cinqair | amoxil | mucinex | robafen | ipratropium inhalation solution,prednisone,1000,221,221,1000,1000,0,1000,0.0,0.0,0.0,0.0,0.0,0.0,0.0,0.0,0.0,0.0,0.0,0.0,0.0,1.0,1.0,1.0,1.0,0.0,0.0,1.0
candidate_union,eval_0229,minocycline | doxycycline | tazarotene | tazorac | tetracycline | dapsone | clindamycin | sulfamethoxazole / trimethoprim | erythromycin | prednisone | isotretinoin | accutane | adapalene / benzoyl peroxide | benzoyl peroxide / clindamycin | epiduo | cerave sa renewing | claravis | benzaclin | acnex | phillips' milk of magnesia,tazarotene | dapsone | clindamycin,1000,555,479,726,1000,0,1000,0.2,0.3333333333333333,1.0,0.25454838678859487,0.3,1.0,1.0,0.5451432644354584,0.15,1.0,1.0,0.5451432644354584,0.3333333333333333,1.0,1.0,1.0,1.0,0.0,1.0,1.0
candidate_union,eval_0235,atripla | efavirenz / emtricitabine / tenofovir | stribild | cobicistat / elvitegravir / emtricitabine / tenofovir | triumeq | abacavir / dolutegravir / lamivudine | epzicom | emtricitabine / rilpivirine / tenofovir | abacavir / lamivudine | enfuvirtide | complera | reyataz | atazanavir | fuzeon | genvoya | raltegravir | isentress | tivicay pd | odefsey | symtuza,stribild | efavirenz / emtricitabine / tenofovir,1000,119,119,154,1000,0,1000,0.4,1.0,1.0,0.6934264036172708,0.2,1.0,1.0,0.6934264036172708,0.1,1.0,1.0,0.6934264036172708,0.5,1.0,1.0,1.0,1.0,0.0,1.0,1.0
candidate_union,eval_0231,"calcifediol | parathyroid hormone | calcitriol | ergocalciferol | calcium phosphate, tribasic | calcium lactate | westhroid | armour thyroid | thyquidity | thyroid desiccated | tirosint | cytomel | nature-throid | levothyroxine | synthroid | liothyronine | cenestin | levoxyl | rayaldee | estradiol",thyroid desiccated | armour thyroid | levothyroxine,1000,112,112,1000,1000,0,1000,0.0,0.0,0.0,0.0,0.2,0.6666666666666666,1.0,0.22977797194431904,0.15,1.0,1.0,0.375710046601019,0.125,1.0,1.0,1.0,1.0,0.0,0.0,1.0
candidate_union,eval_0207,dexamethasone | clobetasol | fluocinolone | cymbalta | duloxetine | capsaicin | zostrix | capzasin-hp | ibuprofen | naproxen | zostrix diabetic foot pain | aleve | liraglutide | victoza | byetta | glyset | miglitol | bydureon | exenatide | invokamet xr,duloxetine | cymbalta,1000,476,273,813,1000,0,1000,0.4,1.0,1.0,0.5012658353418872,0.2,1.0,1.0,0.5012658353418872,0.1,1.0,1.0,0.5012658353418872,0.25,1.0,1.0,1.0,1.0,0.0,1.0,1.0
candidate_union,eval_0233,adalimumab | remicade | humira | infliximab | cyclosporine | prednisone | prednisolone | methylprednisolone | hydrocortisone | dexamethasone | triamcinolone | tazarotene | tazorac | doxycycline | enbrel | minocycline | tetracycline | methotrexate | tacrolimus | iloperidone,prednisone | adalimumab | humira,1000,164,164,238,1000,0,1000,0.4,0.6666666666666666,1.0,0.7636451603657846,0.3,1.0,1.0,0.8845411134869182,0.15,1.0,1.0,0.8845411134869182,1.0,1.0,1.0,1.0,1.0,0.0,1.0,1.0
candidate_union,eval_0223,triamcinolone | sucralfate | ciprofloxacin | ofloxacin | levofloxacin | doxycycline | cipro | diclofenac | remicade | adalimumab | humira | infliximab | famotidine / ibuprofen | duexis | ibuprofen | vimovo | naproxen | golimumab | esomeprazole / naproxen | flanax pain reliever,triamcinolone | sucralfate | prednisone | adalimumab,1000,325,325,672,1000,0,1000,0.4,0.5,1.0,0.6357429506707164,0.3,0.75,1.0,0.7301590175629314,0.15,0.75,1.0,0.7301590175629314,1.0,1.0,1.0,1.0,1.0,0.0,1.0,1.0
candidate_union,eval_0213,hytrin | terazosin | clonidine | catapres | aluminum chloride hexahydrate | drysol | hypercare | xerac ac | pima | tapazole | potassium iodide | onabotulinumtoxina | botox | gabapentin | benztropine | amitriptyline | oxybutynin | methimazole | propylthiouracil | sodium iodide-i-131,clonidine | catapres | terazosin | hytrin,1000,293,293,1000,1000,0,1000,0.8,1.0,1.0,1.0,0.4,1.0,1.0,1.0,0.2,1.0,1.0,1.0,1.0,1.0,1.0,1.0,1.0,0.0,1.0,1.0
candidate_union,eval_0218,metronidazole | tobramycin | vancocin hcl | flagyl | biaxin xl | zosyn | nafcillin | vancomycin | xenleta | lefamulin | penicillin vk | piperacillin / tazobactam | penicillin v potassium | filgrastim | cefuroxime | neupogen | oxymetholone | integra | ferralet 90 | rocephin,doxycycline | azithromycin,1000,132,132,1000,1000,0,1000,0.0,0.0,0.0,0.0,0.0,0.0,0.0,0.0,0.0,0.0,0.0,0.0,0.0,1.0,1.0,1.0,1.0,0.0,1.0,1.0
candidate_union,eval_0242,"calcifediol | calcitriol | parathyroid hormone | ergocalciferol | calcium phosphate, tribasic | calcium lactate | cenestin | rayaldee | estradiol | esterified estrogens | estropipate | thyroid desiccated | conjugated estrogens | dabrafenib | trametinib | premarin | armour thyroid | westhroid | estrace vaginal cream | estradiol / norethindrone",thyroid desiccated | armour thyroid | levothyroxine,1000,385,385,1000,1000,0,1000,0.0,0.0,0.0,0.0,0.0,0.0,0.0,0.0,0.1,0.6666666666666666,1.0,0.23935590562786113,0.08333333333333333,1.0,1.0,1.0,1.0,0.0,0.0,1.0
candidate_union,eval_0241,baclofen | lioresal | onabotulinumtoxina | botox | lorazepam | ativan | abobotulinumtoxina | dysport | myobloc | botulinum toxin type b | incobotulinumtoxina | xeomin | ibuprofen | naproxen | aleve | propranolol | verapamil | atenolol | corgard | metoprolol,baclofen | onabotulinumtoxina | botox | lioresal | propranolol,1000,187,187,1000,1000,0,1000,0.8,0.8,1.0,0.7541110877910315,0.4,0.8,1.0,0.7541110877910315,0.25,1.0,1.0,0.8455367883209016,1.0,1.0,1.0,1.0,1.0,0.0,1.0,1.0
candidate_union,eval_0237,methenamine | hiprex | sulfamethoxazole / trimethoprim | zyvox | linezolid | vibramycin | acidophilus | gentamicin | bactrim ds | minocycline | keflex | doripenem | doxycycline | cefepime | unasyn | ampicillin / sulbactam | lactobacillus acidophilus | cephalexin | itraconazole | diflucan,sulfamethoxazole / trimethoprim | bactrim | fluconazole,1000,287,287,481,1000,0,1000,0.2,0.3333333333333333,1.0,0.23463936301137825,0.1,0.3333333333333333,1.0,0.23463936301137825,0.05,0.3333333333333333,1.0,0.23463936301137825,0.3333333333333333,1.0,1.0,1.0,1.0,0.0,1.0,1.0
candidate_union,eval_0244,hydroxychloroquine | doxycycline | doxy 100 | lithium | divalproex sodium | depakote er | depakote | deltasone | valproic acid | prednisone | allopurinol | aspirin | kenalog-40 | medrol dosepak | depakote sprinkles | risperidone | methylprednisolone | risperdal | pyrimethamine | ceftriaxone,doxycycline | prednisone | methylprednisolone | hydroxychloroquine | doxy 100 | deltasone | diclofenac | naproxen,1000,446,446,1000,1000,0,1000,0.6,0.375,1.0,0.7227265726449517,0.5,0.625,1.0,0.7319545633317935,0.3,0.75,1.0,0.7961236113577345,1.0,1.0,1.0,1.0,1.0,0.0,1.0,1.0
candidate_union,eval_0252,lithium | topiramate | divalproex sodium | depakote er | depakote | levetiracetam | valproic acid | verapamil | clonazepam | cyproheptadine | propranolol | rizatriptan | lamotrigine | eletriptan | frova | treximet | naproxen / sumatriptan | maxalt-mlt | relpax | maxalt,gabapentin | propranolol,1000,179,179,1000,1000,0,1000,0.0,0.0,0.0,0.0,0.0,0.0,0.0,0.0,0.05,0.5,1.0,0.1963529852522958,0.09090909090909091,1.0,1.0,1.0,1.0,0.0,1.0,1.0
candidate_union,eval_0227,"typhoid vaccine, inactivated | typhoid vaccine, live | ampicillin | ceftriaxone | azithromycin | cipro | ciprofloxacin | sumatriptan | zolmitriptan | lithium | spironolactone | levocetirizine | diclofenac | xyzal | chlorpromazine | indomethacin | naprelan | amitriptyline | doxycycline | loratadine",ceftriaxone | ciprofloxacin,1000,7,7,1000,1000,0,1000,0.2,0.5,1.0,0.20210734650054757,0.2,1.0,1.0,0.4367467095119258,0.1,1.0,1.0,0.4367467095119258,0.25,1.0,1.0,1.0,1.0,0.0,0.0,1.0
candidate_union,eval_0232,doxylamine | hydroxyzine | acthar | xyzal | levocetirizine | loratadine | corticotropin | h.p. acthar gel | chlor-trimeton | chlorpheniramine | carbinoxamine | alavert | ketorolac | ala-hist ir | dexbrompheniramine / phenylephrine | equaline sleep aid | dexbrompheniramine | cromolyn | equate sleep aid | omalizumab,prednisone | promethazine,1000,76,76,558,1000,0,1000,0.0,0.0,0.0,0.0,0.0,0.0,0.0,0.0,0.0,0.0,0.0,0.0,0.0,1.0,1.0,1.0,1.0,0.0,1.0,1.0
candidate_union,eval_0257,rabeprazole | omeprazole / sodium bicarbonate | protonix | nexium | zantac | esomeprazole | omeprazole | carafate | lansoprazole | cimetidine | calcium carbonate | pepcid | pantoprazole | ranitidine | famotidine | sucralfate | mycophenolate mofetil | mesalamine | asacol | pentasa,rabeprazole | esomeprazole | lansoprazole,1000,80,80,468,1000,0,1000,0.2,0.3333333333333333,1.0,0.4692787260227565,0.3,1.0,1.0,0.7777061538487878,0.15,1.0,1.0,0.7777061538487878,1.0,1.0,1.0,1.0,1.0,0.0,1.0,1.0
candidate_union,eval_0251,oxybutynin | doxycycline | ibuprofen | naproxen | flanax pain reliever | aleve | naprosyn | triamcinolone | corticotropin | tetracycline | onabotulinumtoxina | botox | minocycline | amitriptyline | catapres | stelara | hytrin | enbrel | terazosin | etanercept,prednisone | enbrel | naproxen | triamcinolone | ibuprofen,1000,294,294,690,1000,0,1000,0.4,0.4,1.0,0.34779304207496975,0.3,0.6,1.0,0.4263856803826254,0.2,0.8,1.0,0.5143577920696693,0.3333333333333333,1.0,1.0,1.0,1.0,0.0,1.0,1.0
candidate_union,eval_0249,moxifloxacin | gentamicin | ciprofloxacin | levofloxacin | minocycline | doxycycline | rifampin | lansoprazole | amikacin | prednisone | dexamethasone | aluminum hydroxide / magnesium hydroxide / simethicone | aciphex | calcium carbonate / simethicone | prevacid | axid ar | rabeprazole | prilosec otc | nexium 24hr | nizatidine,doxycycline,1000,230,230,1000,1000,0,1000,0.0,0.0,0.0,0.0,0.1,1.0,1.0,0.3562071871080222,0.05,1.0,1.0,0.3562071871080222,0.16666666666666666,1.0,1.0,1.0,1.0,0.0,1.0,1.0
candidate_union,eval_0246,catapres | clonidine | hytrin | terazosin | sodium iodide-i-131 | propylthiouracil | gabapentin | aluminum chloride hexahydrate | amitriptyline | drysol | hypercare | oxybutynin | xerac ac | onabotulinumtoxina | botox | tapazole | pima | potassium iodide | benztropine | methimazole,thyroid desiccated | armour thyroid | levothyroxine,1000,352,126,1000,1000,0,1000,0.0,0.0,0.0,0.0,0.0,0.0,0.0,0.0,0.0,0.0,0.0,0.0,0.0,1.0,1.0,1.0,1.0,0.0,0.0,1.0
candidate_union,eval_0260,flanax pain reliever | ibuprofen | naproxen | naprosyn | aleve | ditropan xl | lidocaine | oxybutynin | doxycycline | doxy 100 | avelox | triamcinolone | moxifloxacin | levaquin | sulfamethoxazole / trimethoprim | cipro | levofloxacin | bactrim ds | smz-tmp ds | ciprofloxacin,naproxen,1000,25,25,273,1000,0,1000,0.2,1.0,1.0,0.5,0.1,1.0,1.0,0.5,0.05,1.0,1.0,0.5,0.3333333333333333,1.0,1.0,1.0,1.0,0.0,1.0,1.0
candidate_union,eval_0250,foscarnet | immune globulin intramuscular | doxycycline | sulfamethoxazole / trimethoprim | amitriptyline | valtrex | nortriptyline | ceftriaxone | gabapentin | cipro | valacyclovir | erythromycin | ciprofloxacin | acyclovir | dexamethasone | prednisone | metoclopramide | reglan | chlorpromazine | sumatriptan,valacyclovir | valtrex | acyclovir,1000,322,322,1000,1000,0,1000,0.0,0.0,0.0,0.0,0.1,0.3333333333333333,1.0,0.1671604549662023,0.15,1.0,1.0,0.41817810093245084,0.16666666666666666,1.0,1.0,1.0,1.0,0.0,1.0,1.0
candidate_union,eval_0261,iloperidone | thiothixene | perphenazine | stelara | chlorpromazine | desowen | fanapt | etanercept | ustekinumab | ammonium lactate / halobetasol | topicort | ultravate | taclonex | gengraf | methotrexate | halobetasol | ionil t | neoral | olux | remicade,enbrel,1000,164,164,164,1000,0,1000,0.0,0.0,0.0,0.0,0.0,0.0,0.0,0.0,0.0,0.0,0.0,0.0,0.0,1.0,1.0,1.0,1.0,0.0,1.0,1.0
candidate_union,eval_0264,mycophenolate mofetil | methylprednisolone | imuran | cellcept | azathioprine | hydrocortisone | prednisone | dexamethasone | triamcinolone | diclofenac | adalimumab | humira | remicade | golimumab | simponi | infliximab | famotidine / ibuprofen | sulfasalazine | duexis | prednisolone,adalimumab | humira | infliximab | remicade,1000,346,346,672,1000,0,1000,0.0,0.0,0.0,0.0,0.0,0.0,0.0,0.0,0.2,1.0,1.0,0.4124291747842724,0.09090909090909091,1.0,1.0,1.0,1.0,0.0,1.0,1.0
candidate_union,eval_0268,acthar | corticotropin | aristocort | prednisone | loteprednol | lotemax | prednisolone | triamcinolone | deltasone | doxylamine | hydroxyzine | xyzal | levocetirizine | loratadine | h.p. acthar gel | enbrel | cromolyn | auranofin | ridaura | alavert,prednisone | triamcinolone | prednisolone | loteprednol | lotemax,1000,322,322,340,1000,0,1000,0.4,0.4,1.0,0.2685909094045243,0.5,1.0,1.0,0.5829195175654946,0.25,1.0,1.0,0.5829195175654946,0.25,1.0,1.0,1.0,1.0,0.0,1.0,1.0
candidate_union,eval_0267,altabax | retapamulin | cefuroxime | doxycycline | cephalexin | keflex | bactrim | sulfamethoxazole / trimethoprim | minocycline | clindamycin | doxy 100 | bactrim ds | vibramycin | septra | septra ds | mupirocin | cefadroxil | smz-tmp ds | sulconazole | ozenoxacin,isotretinoin | accutane | adapalene / benzoyl peroxide | doxycycline | cefuroxime | mupirocin | retapamulin,1000,425,425,726,1000,0,1000,0.6,0.42857142857142855,1.0,0.4017792614235968,0.3,0.42857142857142855,1.0,0.3475870352433339,0.2,0.5714285714285714,1.0,0.4193709476833942,0.5,1.0,1.0,1.0,1.0,0.0,1.0,1.0
candidate_union,eval_0253,etanercept | stelara | enbrel | ustekinumab | remicade | thiothixene | desowen | adalimumab | methotrexate | kenalog-10 | infliximab | humira | ionil t | betamethasone / calcipotriene | cosentyx | mg217 medicated tar | ixekizumab | taltz | tacrolimus | otrexup,prednisone | enbrel,1000,164,164,164,1000,0,1000,0.2,0.5,1.0,0.35195904451706733,0.1,0.5,1.0,0.35195904451706733,0.05,0.5,1.0,0.35195904451706733,0.3333333333333333,1.0,1.0,1.0,1.0,0.0,1.0,1.0
candidate_union,eval_0276,kenalog-40 | flunisolide | singulair | ciclesonide | caffeine | beclomethasone | montelukast | ceftibuten | cedax | mometasone | epinephrine | biaxin xl | xopenex | levalbuterol | methylprednisolone | ipratropium inhalation solution | ephedrine | methylprednisolone dose pack | alvesco | atrovent,prednisone,1000,221,221,1000,1000,0,1000,0.0,0.0,0.0,0.0,0.0,0.0,0.0,0.0,0.0,0.0,0.0,0.0,0.0,1.0,1.0,1.0,1.0,0.0,0.0,1.0
candidate_union,eval_0277,liraglutide | victoza | byetta | glyset | miglitol | glumetza | bydureon | exenatide | invokamet xr | metformin | xultophy | repaglinide | trulicity | amaryl | prandin | insulin degludec / liraglutide | glimepiride | ozempic | dapagliflozin / metformin | steglujan,liraglutide | victoza,1000,228,228,453,1000,0,1000,0.4,1.0,1.0,1.0,0.2,1.0,1.0,1.0,0.1,1.0,1.0,1.0,1.0,1.0,1.0,1.0,1.0,0.0,1.0,1.0
candidate_union,eval_0272,mycophenolate mofetil | methylprednisolone | hydrocortisone | azathioprine | imuran | cellcept | prednisone | dexamethasone | triamcinolone | budesonide | mercaptopurine | betamethasone | medrol dosepak | pancreatin | elocon | capex | olux-e | desonide | flurandrenolide | clobetasol,budesonide,1000,346,126,439,1000,0,1000,0.0,0.0,0.0,0.0,0.1,1.0,1.0,0.2890648263178879,0.05,1.0,1.0,0.2890648263178879,0.1,1.0,1.0,1.0,1.0,0.0,1.0,1.0
candidate_union,eval_0262,auranofin | ridaura | enbrel | ketoprofen | cataflam | cimzia | plaquenil | rituximab | arthrotec | mobic | meloxicam | voltaren | alemtuzumab | motrin ib | probenecid | certolizumab | rituxan | hydroxychloroquine | pennsaid | diclofenac / misoprostol,diclofenac | tramadol | acetaminophen / hydrocodone,1000,255,255,273,1000,0,1000,0.0,0.0,0.0,0.0,0.0,0.0,0.0,0.0,0.0,0.0,0.0,0.0,0.0,1.0,1.0,1.0,1.0,0.0,1.0,1.0
candidate_union,eval_0275,methenamine | abilify | trospium | aripiprazole | hiprex | ziprasidone | zyvox | uta | linezolid | hyoscyamine / methenamine / methylene blue / sodium biphosphate | paliperidone | geodon | furadantin | duricef | urogesic blue | risperdal | lithostat | phosphasal | acetohydroxamic acid | hydroxyzine,doxycycline,1000,172,172,172,1000,0,1000,0.0,0.0,0.0,0.0,0.0,0.0,0.0,0.0,0.0,0.0,0.0,0.0,0.0,1.0,1.0,1.0,1.0,0.0,1.0,1.0
candidate_union,eval_0271,tretinoin | liraglutide | victoza | byetta | glyset | miglitol | bydureon | exenatide | invokamet xr | xultophy | trulicity | amaryl | insulin degludec / liraglutide | ozempic | glimepiride | dapagliflozin / metformin | steglujan | glipizide | glyburide | dulaglutide,tretinoin | doxycycline | spironolactone | liraglutide | victoza,1000,560,508,897,1000,0,1000,0.6,0.6,1.0,0.7629290830701226,0.3,0.6,1.0,0.7629290830701226,0.15,0.6,1.0,0.7629290830701226,1.0,1.0,1.0,1.0,1.0,0.0,1.0,1.0
candidate_union,eval_0279,carbinoxamine | xyzal | levocetirizine | loratadine | azelastine | olopatadine | allegra | fexofenadine | cyproheptadine | chlor-trimeton | cetirizine | zyrtec | chlorpheniramine | clarinex | promethazine | phenergan | dexchlorpheniramine | desloratadine | claritin | benadryl allergy,prednisone | promethazine | cyproheptadine | triamcinolone | azelastine | phenergan,1000,558,558,1000,1000,0,1000,0.2,0.16666666666666666,1.0,0.13120507751234178,0.2,0.3333333333333333,1.0,0.2081549963614216,0.2,0.6666666666666666,1.0,0.3578374442448933,0.2,1.0,1.0,1.0,1.0,0.0,1.0,1.0
candidate_union,eval_0284,azithromycin | amoxil | rocephin | amoxicillin | biaxin xl | augmentin | amoxicillin / clavulanate | azithromycin dose pack | omnicef | biaxin | doxycycline | moxifloxacin | ciprofloxacin | zithromax | prednisone | ceftriaxone | vantin | clarithromycin | ceftin | avelox,doxycycline | azithromycin | prednisone | sulfamethoxazole / trimethoprim | ceftriaxone,1000,319,319,1000,1000,0,1000,0.2,0.2,1.0,0.3985202681370658,0.1,0.2,1.0,0.3985202681370658,0.2,0.8,1.0,0.6372587465984423,1.0,1.0,1.0,1.0,1.0,0.0,1.0,1.0
candidate_union,eval_0281,xenleta | lefamulin | tobramycin | vancocin hcl | flagyl | neupogen | integra | oxymetholone | ferralet 90 | nafcillin | zosyn | filgrastim | multivitamin with iron | vancomycin | penicillin vk | pyrimethamine | metronidazole | integra f | piperacillin / tazobactam | epogen,doxycycline | azithromycin,1000,132,132,1000,1000,0,1000,0.0,0.0,0.0,0.0,0.0,0.0,0.0,0.0,0.0,0.0,0.0,0.0,0.0,1.0,1.0,1.0,1.0,0.0,1.0,1.0
candidate_union,eval_0269,liraglutide | victoza | byetta | glyset | miglitol | exenatide | bydureon | invokamet xr | xultophy | insulin degludec / liraglutide | trulicity | ozempic | dapagliflozin / metformin | dulaglutide | steglujan | jentadueto xr | semaglutide | xigduo xr | ertugliflozin / sitagliptin | synjardy,liraglutide | victoza,1000,228,228,1000,1000,0,1000,0.4,1.0,1.0,1.0,0.2,1.0,1.0,1.0,0.1,1.0,1.0,1.0,1.0,1.0,1.0,1.0,1.0,0.0,1.0,1.0
candidate_union,eval_0270,mupirocin | altabax | retapamulin | cefadroxil | ozenoxacin | sulconazole | ammoniated mercury | cefuroxime | levocetirizine | epivir-hbv | xyzal | valacyclovir | stribild | cobicistat / elvitegravir / emtricitabine / tenofovir | loratadine | tenofovir | efavirenz / emtricitabine / tenofovir | atripla | viread | acyclovir,cefuroxime | mupirocin | retapamulin,1000,8,8,1000,1000,0,1000,0.4,0.6666666666666666,1.0,0.7636451603657846,0.3,1.0,1.0,0.8707132609981447,0.15,1.0,1.0,0.8707132609981447,1.0,1.0,1.0,1.0,1.0,0.0,1.0,1.0
candidate_union,eval_0280,clindamycin | doxy 100 | sulfamethoxazole / trimethoprim | doxycycline | bactrim ds | keflex | vibramycin | minocycline | cephalexin | bactrim | septra ds | septra | smz-tmp ds | doryx | altabax | retapamulin | isotretinoin | dapsone | accutane | adapalene / benzoyl peroxide,doxycycline | clindamycin | minocycline,1000,420,420,888,1000,0,1000,0.4,0.6666666666666666,1.0,0.6713860725233042,0.3,1.0,1.0,0.8194270280062369,0.15,1.0,1.0,0.8194270280062369,1.0,1.0,1.0,1.0,1.0,0.0,1.0,1.0
candidate_union,eval_0287,ativan | lorazepam | onabotulinumtoxina | botox | bismuth subsalicylate | olanzapine | sulfamethoxazole / trimethoprim | amitriptyline | doxycycline | nortriptyline | loperamide | minocycline | anti-diarrheal | atropine / diphenoxylate | pepto-bismol | sumatriptan | lomotil | motofen | pamelor | crofelemer,onabotulinumtoxina | gabapentin | amitriptyline,1000,155,147,257,1000,0,1000,0.2,0.3333333333333333,1.0,0.23463936301137822,0.2,0.6666666666666666,1.0,0.38268031849431083,0.1,0.6666666666666666,1.0,0.38268031849431083,0.3333333333333333,1.0,1.0,1.0,1.0,0.0,1.0,1.0
candidate_union,eval_0273,propranolol | verapamil | benicar | innopran xl | atenolol | metoprolol | corgard | verelan pm | clonidine | lisinopril | tenormin | calan sr | inderal | olmesartan | candesartan | prinivil | amlodipine | catapres | inderal la | nadolol,propranolol | clonidine,1000,433,433,1000,1000,0,1000,0.2,0.5,1.0,0.7039180890341347,0.2,1.0,1.0,0.8451850618939637,0.1,1.0,1.0,0.8451850618939637,1.0,1.0,1.0,1.0,1.0,0.0,1.0,1.0
candidate_union,eval_0292,enbrel | auranofin | ketoprofen | ridaura | cataflam | arthrotec | mobic | voltaren | meloxicam | motrin ib | diclofenac / misoprostol | naprelan | pennsaid | diclofenac | cimzia | plaquenil | rituximab | indomethacin | trolamine salicylate | clinoril,diclofenac,1000,255,255,255,1000,0,1000,0.0,0.0,0.0,0.0,0.0,0.0,0.0,0.0,0.05,1.0,1.0,0.2559580248098155,0.07142857142857142,1.0,1.0,1.0,1.0,0.0,1.0,1.0
candidate_union,eval_0278,zyvox | linezolid | gentamicin | acidophilus | cefepime | unasyn | ampicillin / sulbactam | doripenem | fluconazole | rocephin | lactobacillus acidophilus | methenamine | itraconazole | diflucan | hiprex | meropenem | keflex | amikacin | cephalexin | ceftin,doxycycline | azithromycin | bactrim | fluconazole,1000,287,287,481,1000,0,1000,0.0,0.0,0.0,0.0,0.1,0.25,1.0,0.13370905388163215,0.05,0.25,1.0,0.13370905388163215,0.1111111111111111,1.0,1.0,1.0,1.0,0.0,1.0,1.0
candidate_union,eval_0297,aluminum hydroxide / magnesium hydroxide / simethicone | aciphex | prevacid | axid ar | prilosec otc | nexium 24hr | calcium carbonate / simethicone | nizatidine | mylanta | rabeprazole | dexlansoprazole | protonix iv | zegerid | pepcid ac chewable tablets | cimetidine | omeprazole | dexilant | lansoprazole | gelusil | prilosec,aciphex | dexlansoprazole | rabeprazole,1000,45,45,222,1000,0,1000,0.2,0.3333333333333333,1.0,0.2960819109658653,0.2,0.6666666666666666,1.0,0.431733884398313,0.15,1.0,1.0,0.5626358745665102,0.5,1.0,1.0,1.0,1.0,0.0,1.0,1.0
candidate_union,eval_0296,stelara | etanercept | ustekinumab | taclonex | ionil t | betamethasone / calcipotriene | adalimumab | mg217 medicated tar | ixekizumab | taltz | duobrii | halobetasol / tazarotene | tacrolimus | taclonex scalp | thiothixene | remicade | proctofoam hc | humira | vectical | kenalog-10,prednisone | enbrel,1000,164,164,164,1000,0,1000,0.0,0.0,0.0,0.0,0.0,0.0,0.0,0.0,0.0,0.0,0.0,0.0,0.0,1.0,1.0,1.0,1.0,0.0,1.0,1.0
candidate_union,eval_0291,pyridoxine | cefotaxime | lansoprazole | amitriptyline | sulfamethoxazole / trimethoprim | gabapentin | minocycline | erythromycin | ceftriaxone | doxycycline | ciprofloxacin | dexamethasone | hydroxyzine | olanzapine | promethazine | phenergan | xylocaine jelly | bismuth subsalicylate | lorazepam | ativan,doxycycline,1000,145,145,956,1000,0,1000,0.0,0.0,0.0,0.0,0.1,1.0,1.0,0.2890648263178879,0.05,1.0,1.0,0.2890648263178879,0.1,1.0,1.0,1.0,1.0,0.0,1.0,1.0
candidate_union,eval_0290,xopenex | levalbuterol | cinqair | ipratropium inhalation solution | methylprednisolone dose pack | alvesco | rayos | atrovent | reslizumab | fluticasone / vilanterol | mepolizumab | nucala | fasenra | guaifenesin | dulera | floxin | robafen | formoterol / mometasone | atrovent hfa | singulair,prednisone,1000,221,221,505,1000,0,1000,0.0,0.0,0.0,0.0,0.0,0.0,0.0,0.0,0.0,0.0,0.0,0.0,0.0,1.0,1.0,1.0,1.0,0.0,1.0,1.0
candidate_union,eval_0300,golimumab | mycophenolate mofetil | simponi | adalimumab | humira | remicade | diclofenac | methylprednisolone | imuran | azathioprine | cellcept | infliximab | hydrocortisone | sulfasalazine | famotidine / ibuprofen | triamcinolone | duexis | vimovo | prednisone | dexamethasone,adalimumab | humira,1000,311,259,273,1000,0,1000,0.4,1.0,1.0,0.5012658353418872,0.2,1.0,1.0,0.5012658353418872,0.1,1.0,1.0,0.5012658353418872,0.25,1.0,1.0,1.0,1.0,0.0,1.0,1.0
candidate_union,eval_0294,dapsone | clindamycin | tobramycin | azithromycin | neupogen | gentamicin | oxymetholone | integra | filgrastim | ferralet 90 | doxycycline | sulfamethoxazole / trimethoprim | pyrimethamine | multivitamin with iron | xenleta | lefamulin | minocycline | metronidazole | pyridoxine | moxifloxacin,doxycycline | azithromycin,1000,132,132,1000,1000,0,1000,0.2,0.5,1.0,0.3031610197508214,0.1,0.5,1.0,0.3031610197508214,0.1,1.0,1.0,0.4340630099190186,0.25,1.0,1.0,1.0,1.0,0.0,1.0,1.0
candidate_union,eval_0293,chlorpromazine | thorazine | haloperidol | doxycycline | haldol | lithium | pyrimethamine | clindamycin | coartem | artemether / lumefantrine | fansidar | halfan | halofantrine | stavzor | daraprim | pyrimethamine / sulfadoxine | risperdal | doxy 100 | valproic acid | divalproex sodium,doxycycline | sulfamethoxazole / trimethoprim,1000,174,174,991,1000,0,1000,0.2,0.5,1.0,0.3031610197508214,0.1,0.5,1.0,0.3031610197508214,0.05,0.5,1.0,0.3031610197508214,0.25,1.0,1.0,1.0,1.0,0.0,1.0,1.0
candidate_union,eval_0298,topiramate | lyrica | pregabalin | neurontin | topamax | gabapentin | nortriptyline | lisinopril | clonidine | amitriptyline | onabotulinumtoxina | botox | catapres | metoclopramide | reglan | prednisone | insulin regular | sodium bicarbonate | fosinopril | captopril,topiramate | amitriptyline,1000,399,399,1000,1000,0,1000,0.2,0.5,1.0,0.7039180890341347,0.2,1.0,1.0,0.8395700624665824,0.1,1.0,1.0,0.8395700624665824,1.0,1.0,1.0,1.0,1.0,0.0,0.0,1.0
candidate_union,eval_0286,elavil | amitriptyline | ampicillin | ceftriaxone | cipro | ciprofloxacin | doxycycline | sulfamethoxazole / trimethoprim | risperidone | azithromycin | risperdal | allopurinol | hydroxyzine | lactobacillus acidophilus | venlafaxine | phosphorated carbohydrate solution | minocycline | atarax | ofloxacin | memantine,doxycycline | sulfamethoxazole / trimethoprim | sumatriptan | azithromycin,1000,471,471,1000,1000,0,1000,0.0,0.0,0.0,0.0,0.3,0.75,1.0,0.32442178849625275,0.15,0.75,1.0,0.32442178849625275,0.14285714285714285,1.0,1.0,1.0,1.0,0.0,1.0,1.0
candidate_union,eval_0289,ativan | lorazepam | baclofen | dysport | abobotulinumtoxina | lioresal | myobloc | botulinum toxin type b | onabotulinumtoxina | botox | incobotulinumtoxina | xeomin | spironolactone | propranolol | aldactone | azor | amlodipine / olmesartan | amlodipine / hydrochlorothiazide / valsartan | nitroglycerin | exforge hct,baclofen,1000,12,12,438,1000,0,1000,0.2,1.0,1.0,0.5,0.1,1.0,1.0,0.5,0.05,1.0,1.0,0.5,0.3333333333333333,1.0,1.0,1.0,1.0,0.0,0.0,1.0
local_ranker,eval_0011,vibramycin | septra | sulfamethoxazole / trimethoprim | bactrim | clindamycin | doxy 100 | doxycycline | minocycline | bactrim ds | septra ds | cephalexin | keflex | smz-tmp ds | isotretinoin | accutane | adapalene / benzoyl peroxide | epiduo | benzoyl peroxide / clindamycin | phillips' milk of magnesia | claravis,doxycycline | clindamycin | sulfamethoxazole / trimethoprim,1000,273,273,420,1000,0,1000,0.4,0.6666666666666666,1.0,0.36664444053811357,0.3,1.0,1.0,0.5363433650638435,0.15,1.0,1.0,0.5363433650638435,0.3333333333333333,1.0,1.0,1.0,1.0,0.0,1.0,1.0
local_ranker,eval_0006,hydrocortisone | dexamethasone | calcium carbonate | prednisone | triamcinolone | ciprofloxacin | prednisolone | omeprazole | esomeprazole | lansoprazole | mycophenolate mofetil | rabeprazole | pantoprazole | mesalamine | asacol | remicade | adalimumab | pentasa | humira | asacol hd,ciprofloxacin,1000,80,80,1000,1000,0,1000,0.0,0.0,0.0,0.0,0.1,1.0,1.0,0.3562071871080222,0.05,1.0,1.0,0.3562071871080222,0.16666666666666666,1.0,1.0,1.0,1.0,0.0,1.0,1.0
local_ranker,eval_0009,xopenex | levalbuterol | cinqair | aclidinium | ipratropium inhalation solution | yupelri | atrovent | revefenacin | reslizumab | symbicort | fluticasone / vilanterol | budesonide / formoterol | tudorza pressair | mepolizumab | nucala | umeclidinium / vilanterol | fasenra | dulera | formoterol / mometasone | atrovent hfa,prednisone,1000,221,221,1000,1000,0,1000,0.0,0.0,0.0,0.0,0.0,0.0,0.0,0.0,0.0,0.0,0.0,0.0,0.0,1.0,1.0,1.0,1.0,0.0,0.0,1.0
local_ranker,eval_0016,isotretinoin | accutane | adapalene / benzoyl peroxide | epiduo | benzoyl peroxide / clindamycin | vincristine | phillips' milk of magnesia | claravis | tretinoin | benzaclin | magnesium hydroxide | retin-a | clindamycin / tretinoin | aczone | duac | benzoyl peroxide / sulfur | onexton | azelaic acid | avita | benzefoam ultra,isotretinoin | accutane | adapalene / benzoyl peroxide,1000,273,273,726,1000,0,1000,0.6,1.0,1.0,1.0,0.3,1.0,1.0,1.0,0.15,1.0,1.0,1.0,1.0,1.0,1.0,1.0,1.0,0.0,1.0,1.0
local_ranker,eval_0019,flanax pain reliever | ibuprofen | naproxen | naprosyn | aleve | ditropan xl | doxycycline | triamcinolone | oxybutynin | lidocaine | doxy 100 | sulfamethoxazole / trimethoprim | sucralfate | bactrim ds | cephalexin | bactrim | moxifloxacin | avelox | septra ds | ciprofloxacin,naproxen | triamcinolone,1000,273,273,273,1000,0,1000,0.2,0.5,1.0,0.3065735963827292,0.2,1.0,1.0,0.5,0.1,1.0,1.0,0.5,0.3333333333333333,1.0,1.0,1.0,1.0,0.0,1.0,1.0
local_ranker,eval_0010,etanercept | kenalog-10 | methotrexate | enbrel | adalimumab | remicade | humira | otrexup | stelara | infliximab | ustekinumab | betamethasone | apremilast | otezla | ionil t | taclonex | cosentyx | kenalog-40 | mg217 medicated tar | desowen,prednisone | enbrel,1000,164,164,882,1000,0,1000,0.2,0.5,1.0,0.3031610197508214,0.1,0.5,1.0,0.3031610197508214,0.05,0.5,1.0,0.3031610197508214,0.25,1.0,1.0,1.0,1.0,0.0,1.0,1.0
local_ranker,eval_0002,rocephin | vantin | biaxin xl | moxifloxacin | ceftriaxone | omnicef | biaxin | sulfamethoxazole / trimethoprim | clarithromycin | ceftin | amoxil | avelox | zithromax | amoxicillin | augmentin | amoxicillin / clavulanate | cefuroxime | levaquin | cefpodoxime | cefixime,prednisone,1000,221,221,734,1000,0,1000,0.0,0.0,0.0,0.0,0.0,0.0,0.0,0.0,0.0,0.0,0.0,0.0,0.0,1.0,1.0,1.0,1.0,0.0,1.0,1.0
local_ranker,eval_0017,kenalog-40 | augmentin xr | budesonide | azithromycin | singulair | ampicillin | cedax | ceftibuten | montelukast | erythromycin | ceftin | amoxil | medrol dosepak | azithromycin dose pack | epinephrine | amoxicillin | augmentin | flunisolide | amoxicillin / clavulanate | cefzil,prednisone | methylprednisolone,1000,681,681,1000,1000,0,1000,0.0,0.0,0.0,0.0,0.0,0.0,0.0,0.0,0.0,0.0,0.0,0.0,0.0,1.0,1.0,1.0,1.0,0.0,0.0,1.0
local_ranker,eval_0020,lithium | verapamil | topiramate | divalproex sodium | depakote er | levetiracetam | depakote | propranolol | valproic acid | metoprolol | atenolol | verelan pm | verelan | rizatriptan | tenormin | calan sr | onabotulinumtoxina | eletriptan | botox | treximet,propranolol,1000,179,179,1000,1000,0,1000,0.0,0.0,0.0,0.0,0.1,1.0,1.0,0.3154648767857287,0.05,1.0,1.0,0.3154648767857287,0.125,1.0,1.0,0.0,1.0,0.0,1.0,1.0
local_ranker,eval_0021,propranolol | verapamil | metoprolol | atenolol | verelan pm | corgard | nitroglycerin | verelan | tenormin | clopidogrel | nitro-bid | calan sr | angiomax | bayer aspirin extra strength plus | enoxaparin | nitrolingual pumpspray | bivalirudin | amlodipine | nitrostat | streptokinase,metoprolol,1000,90,90,1000,1000,0,1000,0.2,1.0,1.0,0.5,0.1,1.0,1.0,0.5,0.05,1.0,1.0,0.5,0.3333333333333333,1.0,1.0,1.0,1.0,0.0,1.0,1.0
local_ranker,eval_0012,verapamil | lithium | propranolol | divalproex sodium | depakote er | depakote | nimodipine | verelan | metoprolol | atenolol | verelan pm | sumatriptan | tenormin | valproic acid | clonazepam | calan sr | zolmitriptan | amlodipine | inderal la | nadolol,propranolol,1000,179,179,1000,1000,0,1000,0.2,1.0,1.0,0.5,0.1,1.0,1.0,0.5,0.05,1.0,1.0,0.5,0.3333333333333333,1.0,1.0,1.0,1.0,0.0,1.0,1.0
local_ranker,eval_0008,rizatriptan | lithium | eletriptan | treximet | frova | naproxen / sumatriptan | maxalt-mlt | relpax | maxalt | frovatriptan | imitrex | caffeine / ergotamine | aspirin / butalbital / caffeine | almotriptan | migergot | naratriptan | fiorinal | amerge | imitrex statdose | sumatriptan,gabapentin | propranolol,1000,179,179,1000,1000,0,1000,0.0,0.0,0.0,0.0,0.0,0.0,0.0,0.0,0.0,0.0,0.0,0.0,0.0,1.0,1.0,1.0,1.0,0.0,1.0,1.0
local_ranker,eval_0005,xyzal | levocetirizine | carbinoxamine | loratadine | allegra | chlor-trimeton | fexofenadine | chlorpheniramine | cetirizine | zyrtec | cyproheptadine | clarinex | promethazine | dexchlorpheniramine | phenergan | azelastine | desloratadine | olopatadine | claritin | benadryl allergy,promethazine | cyproheptadine,1000,558,517,1000,1000,0,1000,0.0,0.0,0.0,0.0,0.0,0.0,0.0,0.0,0.1,1.0,1.0,0.3320759091569262,0.09090909090909091,1.0,1.0,1.0,1.0,0.0,1.0,1.0
local_ranker,eval_0027,flanax pain reliever | ibuprofen | naproxen | naprosyn | aleve | triamcinolone | doxycycline | ketoprofen | cataflam | arthrotec | mobic | meloxicam | voltaren | motrin ib | diclofenac / misoprostol | pennsaid | naprelan | diclofenac | trolamine salicylate | indomethacin,diclofenac | naproxen | triamcinolone,1000,273,273,273,1000,0,1000,0.2,0.3333333333333333,1.0,0.25454838678859487,0.2,0.6666666666666666,1.0,0.3754443399097285,0.15,1.0,1.0,0.49529025817599615,0.3333333333333333,1.0,1.0,1.0,1.0,0.0,1.0,1.0
local_ranker,eval_0007,amitriptyline | venlafaxine | elavil | memantine | verapamil | benicar | spironolactone | innopran xl | propranolol | lisinopril | catapres | olmesartan | candesartan | prinivil | clonidine | metoprolol | atenolol | corgard | verelan pm | tenormin,propranolol | clonidine | amitriptyline | elavil,1000,600,471,1000,1000,0,1000,0.4,0.5,1.0,0.6203352189989871,0.3,0.75,1.0,0.7448282245226405,0.2,1.0,1.0,0.8137543599669724,1.0,1.0,1.0,1.0,1.0,0.0,1.0,1.0
local_ranker,eval_0034,mycophenolate mofetil | methylprednisolone | hydrocortisone | azathioprine | cellcept | imuran | prednisone | dexamethasone | triamcinolone | golimumab | simponi | adalimumab | remicade | betamethasone | humira | infliximab | medrol dosepak | famotidine / ibuprofen | prednisolone | duexis,prednisone | methylprednisolone | triamcinolone | adalimumab | humira | infliximab | remicade,1000,346,346,672,1000,0,1000,0.2,0.14285714285714285,1.0,0.21398626473452753,0.3,0.42857142857142855,1.0,0.3477991225983231,0.35,1.0,1.0,0.6302450636250219,0.5,1.0,1.0,1.0,1.0,0.0,1.0,1.0
local_ranker,eval_0036,methotrexate | prednisone | doxycycline | minocycline | dexamethasone | enbrel | stelara | ustekinumab | etanercept | kenalog-10 | adalimumab | cosentyx | remicade | humira | otrexup | secukinumab | infliximab | chloramphenicol | betamethasone | apremilast,doxycycline | prednisone,1000,544,544,952,1000,0,1000,0.4,1.0,1.0,0.6934264036172708,0.2,1.0,1.0,0.6934264036172708,0.1,1.0,1.0,0.6934264036172708,0.5,1.0,1.0,1.0,1.0,0.0,1.0,1.0
local_ranker,eval_0037,baclofen | lioresal | onabotulinumtoxina | botox | lorazepam | ativan | dysport | abobotulinumtoxina | myobloc | botulinum toxin type b | incobotulinumtoxina | xeomin | stelara | etanercept | ustekinumab | kenalog-10 | methotrexate | remicade | adalimumab | humira,diclofenac | onabotulinumtoxina | botox,1000,267,267,570,1000,0,1000,0.4,0.6666666666666666,1.0,0.3537443585523369,0.2,0.6666666666666666,1.0,0.3537443585523369,0.1,0.6666666666666666,1.0,0.3537443585523369,0.3333333333333333,1.0,1.0,1.0,1.0,0.0,1.0,1.0
local_ranker,eval_0023,hytrin | terazosin | clonidine | catapres | oxybutynin | onabotulinumtoxina | botox | propylthiouracil | sodium iodide-i-131 | amitriptyline | aluminum chloride hexahydrate | drysol | hypercare | xerac ac | tapazole | pima | potassium iodide | gabapentin | benztropine | methimazole,thyroid desiccated | armour thyroid | levothyroxine,1000,352,81,553,1000,0,1000,0.0,0.0,0.0,0.0,0.0,0.0,0.0,0.0,0.0,0.0,0.0,0.0,0.0,1.0,1.0,1.0,1.0,0.0,1.0,1.0
local_ranker,eval_0039,kenalog-40 | budesonide | mometasone | augmentin xr | moxifloxacin | ciclesonide | ampicillin | azithromycin | beclomethasone | cedax | ceftibuten | singulair | ceftin | amoxil | avelox | montelukast | amoxicillin | erythromycin | augmentin | methylprednisolone,prednisone | methylprednisolone,1000,681,681,1000,1000,0,1000,0.0,0.0,0.0,0.0,0.0,0.0,0.0,0.0,0.05,0.5,1.0,0.13959537386475046,0.05,1.0,1.0,1.0,1.0,0.0,0.0,1.0
local_ranker,eval_0029,xopenex | levalbuterol | cinqair | ipratropium inhalation solution | singulair | methylprednisolone dose pack | aclidinium | atrovent | reslizumab | alvesco | cedax | ceftibuten | fluticasone / vilanterol | yupelri | revefenacin | mepolizumab | symbicort | montelukast | nucala | budesonide / formoterol,prednisone,1000,221,221,1000,1000,0,1000,0.0,0.0,0.0,0.0,0.0,0.0,0.0,0.0,0.0,0.0,0.0,0.0,0.0,1.0,1.0,1.0,1.0,0.0,0.0,1.0
local_ranker,eval_0033,mupirocin | cefadroxil | altabax | retapamulin | cefuroxime | sulconazole | ozenoxacin | ammoniated mercury | valacyclovir | acyclovir | isotretinoin | accutane | benzoyl peroxide / clindamycin | adapalene / benzoyl peroxide | epiduo | tretinoin | doxycycline | claravis | spironolactone | benzaclin,cefuroxime | mupirocin | retapamulin,1000,8,8,731,1000,0,1000,0.6,1.0,1.0,0.8529278650606569,0.3,1.0,1.0,0.8529278650606569,0.15,1.0,1.0,0.8529278650606569,1.0,1.0,1.0,1.0,1.0,0.0,1.0,1.0
local_ranker,eval_0041,methenamine | hiprex | zyvox | linezolid | acidophilus | gentamicin | doripenem | cefepime | unasyn | ampicillin / sulbactam | lactobacillus acidophilus | itraconazole | diflucan | fluconazole | bactrim | rocephin | vibramycin | septra | bactrim ds | septra ds,doxycycline | azithromycin | sulfamethoxazole / trimethoprim | bactrim | fluconazole,1000,287,287,481,1000,0,1000,0.0,0.0,0.0,0.0,0.0,0.0,0.0,0.0,0.1,0.4,1.0,0.1890760856544233,0.07142857142857142,1.0,1.0,1.0,1.0,0.0,1.0,1.0
local_ranker,eval_0018,rizatriptan | eletriptan | treximet | frova | naproxen / sumatriptan | relpax | maxalt | maxalt-mlt | frovatriptan | imitrex | caffeine / ergotamine | aspirin / butalbital / caffeine | almotriptan | migergot | naratriptan | fiorinal | sumatriptan | amerge | imitrex statdose | excedrin migraine,gabapentin | propranolol,1000,179,179,1000,1000,0,1000,0.0,0.0,0.0,0.0,0.0,0.0,0.0,0.0,0.0,0.0,0.0,0.0,0.0,1.0,1.0,1.0,1.0,0.0,1.0,1.0
local_ranker,eval_0045,rabeprazole | esomeprazole | omeprazole / sodium bicarbonate | omeprazole | protonix | cimetidine | nexium | lansoprazole | pantoprazole | pepcid | zantac | ranitidine | famotidine | calcium carbonate | sucralfate | carafate | diclofenac | clonidine | prednisone | aluminum hydroxide / magnesium hydroxide,rabeprazole | esomeprazole | lansoprazole,1000,109,109,660,1000,0,1000,0.4,0.6666666666666666,1.0,0.7653606369886218,0.3,1.0,1.0,0.9134015924715543,0.15,1.0,1.0,0.9134015924715543,1.0,1.0,1.0,1.0,1.0,0.0,1.0,1.0
local_ranker,eval_0047,mupirocin | altabax | retapamulin | cefadroxil | cefuroxime | ozenoxacin | sulconazole | ammoniated mercury | epivir-hbv | stribild | cobicistat / elvitegravir / emtricitabine / tenofovir | efavirenz / emtricitabine / tenofovir | atripla | tenofovir | viread | triumeq | abacavir / dolutegravir / lamivudine | lamivudine | epzicom | emtricitabine / rilpivirine / tenofovir,mupirocin | retapamulin,1000,8,8,8,1000,0,1000,0.4,1.0,1.0,0.9197207891481876,0.2,1.0,1.0,0.9197207891481876,0.1,1.0,1.0,0.9197207891481876,1.0,1.0,1.0,1.0,1.0,0.0,1.0,1.0
local_ranker,eval_0049,lansoprazole | rabeprazole | aluminum hydroxide / magnesium hydroxide / simethicone | cimetidine | omeprazole | omeprazole / sodium bicarbonate | protonix | aciphex | pantoprazole | esomeprazole | nexium | calcium carbonate | prevacid | axid ar | prilosec otc | famotidine | nexium 24hr | calcium carbonate / simethicone | nizatidine | pepcid,aciphex | dexlansoprazole | rabeprazole,1000,45,45,1000,1000,0,1000,0.2,0.3333333333333333,1.0,0.2960819109658653,0.2,0.6666666666666666,1.0,0.4441228664487979,0.1,0.6666666666666666,1.0,0.4441228664487979,0.5,1.0,1.0,1.0,1.0,0.0,1.0,1.0
local_ranker,eval_0054,augmentin xr | ampicillin | kenalog-40 | azithromycin | ceftin | amoxil | amoxicillin | augmentin | amoxicillin / clavulanate | erythromycin | budesonide | azithromycin dose pack | cefzil | moxifloxacin | sulfamethoxazole / trimethoprim | medrol dosepak | methylprednisolone | clarithromycin | zithromax | singulair,prednisone | methylprednisolone,1000,681,681,1000,1000,0,1000,0.0,0.0,0.0,0.0,0.0,0.0,0.0,0.0,0.05,0.5,1.0,0.14704034066641014,0.058823529411764705,1.0,1.0,1.0,1.0,0.0,0.0,1.0
local_ranker,eval_0053,augmentin xr | azithromycin | ampicillin | budesonide | kenalog-40 | ceftin | amoxil | amoxicillin | augmentin | amoxicillin / clavulanate | erythromycin | cedax | ceftibuten | azithromycin dose pack | singulair | cefzil | moxifloxacin | epinephrine | montelukast | vantin,prednisone | methylprednisolone,1000,681,681,1000,1000,0,1000,0.0,0.0,0.0,0.0,0.0,0.0,0.0,0.0,0.0,0.0,0.0,0.0,0.0,1.0,1.0,1.0,1.0,0.0,0.0,1.0
local_ranker,eval_0058,lithium | risperdal | depakote sprinkles | divalproex sodium | depakote er | depakote | risperidone | valproic acid | chlorpromazine | hydroxychloroquine | coartem | artemether / lumefantrine | halfan | fansidar | daraprim | halofantrine | stavzor | pyrimethamine / sulfadoxine | pyrimethamine | thorazine,doxycycline | clindamycin,1000,34,34,1000,1000,0,1000,0.0,0.0,0.0,0.0,0.0,0.0,0.0,0.0,0.0,0.0,0.0,0.0,0.0,1.0,1.0,1.0,1.0,0.0,1.0,1.0
local_ranker,eval_0030,cromolyn | omalizumab | xolair | triamcinolone | aristocort | epinephrine | deltasone | prednisone | prednisolone | xyzal | levocetirizine | loratadine | carbinoxamine | cyproheptadine | promethazine | allegra | phenergan | fexofenadine | cetirizine | zyrtec,prednisone | promethazine | cyproheptadine | methylprednisolone,1000,288,288,1000,1000,0,1000,0.0,0.0,0.0,0.0,0.1,0.25,1.0,0.0934137479442162,0.15,0.75,1.0,0.31814606623668984,0.125,1.0,1.0,1.0,1.0,0.0,1.0,1.0
local_ranker,eval_0051,doxycycline | sulfamethoxazole / trimethoprim | bactrim | bactrim ds | rocephin | budesonide | kenalog-40 | azithromycin | methylprednisolone | mometasone | augmentin xr | singulair | ceftibuten | cedax | prednisone | ephedrine | montelukast | epinephrine | medrol dosepak | flunisolide,prednisone,1000,221,221,1000,1000,0,1000,0.0,0.0,0.0,0.0,0.0,0.0,0.0,0.0,0.05,1.0,1.0,0.25,0.06666666666666667,1.0,1.0,1.0,1.0,0.0,0.0,1.0
local_ranker,eval_0050,xopenex | levalbuterol | kenalog-40 | cromolyn | aclidinium | ipratropium inhalation solution | ampicillin | cinqair | methylprednisolone dose pack | augmentin xr | azithromycin | atrovent | yupelri | revefenacin | symbicort | reslizumab | tudorza pressair | budesonide / formoterol | alvesco | fluticasone / vilanterol,prednisone,1000,221,221,536,1000,0,1000,0.0,0.0,0.0,0.0,0.0,0.0,0.0,0.0,0.0,0.0,0.0,0.0,0.0,1.0,1.0,1.0,1.0,0.0,0.0,1.0
local_ranker,eval_0055,topiramate | cyproheptadine | insulin regular | bromocriptine | excedrin tension headache | calcifediol | acetaminophen / caffeine | clonidine | urea | lyrica | pregabalin | neurontin | vascepa | icosapent | rocaltrol | magnesium amino acids chelate | calcitriol | glucose | acetaminophen / phenyltoloxamine | magnesium gluconate,gabapentin | amitriptyline,1000,236,236,1000,1000,0,1000,0.0,0.0,0.0,0.0,0.0,0.0,0.0,0.0,0.0,0.0,0.0,0.0,0.0,1.0,1.0,1.0,1.0,0.0,0.0,1.0
local_ranker,eval_0059,rocephin | sulfamethoxazole / trimethoprim | vantin | omnicef | biaxin | biaxin xl | ceftin | amoxil | amoxicillin | amoxicillin / clavulanate | augmentin | moxifloxacin | azithromycin dose pack | erythromycin | cefzil | zithromax | ceftriaxone | avelox | clarithromycin | gemifloxacin,prednisone,1000,221,221,1000,1000,0,1000,0.0,0.0,0.0,0.0,0.0,0.0,0.0,0.0,0.0,0.0,0.0,0.0,0.0,1.0,1.0,1.0,1.0,0.0,0.0,1.0
local_ranker,eval_0057,doxycycline | moxifloxacin | prednisone | triamcinolone | levofloxacin | dexamethasone | ciprofloxacin | tetracycline | minocycline | aluminum hydroxide / magnesium hydroxide / simethicone | aciphex | prevacid | tagamet hb | axid ar | calcium carbonate / simethicone | prilosec otc | nexium 24hr | di-gel | mylanta maximum strength | nizatidine,prednisone,1000,323,323,1000,1000,0,1000,0.2,1.0,1.0,0.5,0.1,1.0,1.0,0.5,0.05,1.0,1.0,0.5,0.3333333333333333,1.0,1.0,1.0,1.0,0.0,0.0,1.0
local_ranker,eval_0042,acthar | corticotropin | aristocort | prednisone | loteprednol | lotemax | prednisolone | deltasone | triamcinolone | aspirin | doxycycline | kenalog-40 | methylprednisolone | medrol dosepak | amoxicillin | dexamethasone | canakinumab | ketoprofen | cataflam | enbrel,prednisone | triamcinolone | methylprednisolone,1000,322,322,796,1000,0,1000,0.2,0.3333333333333333,1.0,0.20210734650054762,0.2,0.6666666666666666,1.0,0.3433743193603766,0.15,1.0,1.0,0.46663015855310014,0.25,1.0,1.0,1.0,1.0,0.0,1.0,1.0
local_ranker,eval_0070,biaxin xl | singulair | moxifloxacin | flunisolide | montelukast | augmentin xr | zithromax | ampicillin | azithromycin | ciclesonide | ceftriaxone | beclomethasone | clarithromycin | gemifloxacin | ceftin | amoxil | avelox | erythromycin | amoxicillin | ceftibuten,prednisone,1000,221,221,1000,1000,0,1000,0.0,0.0,0.0,0.0,0.0,0.0,0.0,0.0,0.0,0.0,0.0,0.0,0.0,1.0,1.0,1.0,1.0,0.0,1.0,1.0
local_ranker,eval_0068,caffeine | ephedrine | deltasone | prednisone | diltiazem | cartia xt | augmentin xr | azithromycin | augmentin | azithromycin dose pack | cyproheptadine | cardizem cd | zithromax | moxifloxacin | ampicillin | clarithromycin | ceftriaxone | ceftin | amoxil | avelox,prednisone | diltiazem,1000,650,650,1000,1000,0,1000,0.4,1.0,1.0,0.5012658353418872,0.2,1.0,1.0,0.5012658353418872,0.1,1.0,1.0,0.5012658353418872,0.25,1.0,1.0,1.0,1.0,0.0,1.0,1.0
local_ranker,eval_0072,tronolane anesthetic for hemorrhoids | pramoxine | proctofoam hc | hydrocortisone / pramoxine | pramosone | proctofoam | analpram-hc | lmx 5 | dibucaine | nupercainal | hydrocortisone | proctosol-hc | pramoxine / zinc oxide | hydrocortisone / lidocaine | lidocaine | phenylephrine | recticare | phenylephrine / pramoxine | anucort-hc | anusol-hc suppositories,hydrocortisone | pramoxine | proctofoam,1000,20,20,22,1000,0,1000,0.2,0.3333333333333333,1.0,0.3212043018970804,0.2,0.6666666666666666,1.0,0.5025482315787808,0.15,1.0,1.0,0.5972208673408526,0.5,1.0,1.0,1.0,1.0,0.0,1.0,1.0
local_ranker,eval_0069,oxybutynin | triamcinolone | doxycycline | kenalog-40 | tetracycline | methylprednisolone | hydrocortisone | prednisone | prednisolone | minocycline | dexamethasone | ibuprofen | flanax pain reliever | naproxen | aleve | naprosyn | stelara | enbrel | etanercept | ustekinumab,prednisone | methylprednisolone | triamcinolone | naproxen,1000,294,294,1000,1000,0,1000,0.2,0.25,1.0,0.24630238874073,0.3,0.75,1.0,0.5085097626218706,0.2,1.0,1.0,0.608430669143006,0.5,1.0,1.0,1.0,1.0,0.0,1.0,1.0
local_ranker,eval_0048,prednisone | triamcinolone | dexamethasone | doxycycline | cortisone | tetracycline | minocycline | ciprofloxacin | moxifloxacin | sucralfate | levofloxacin | tagamet hb | aciphex | di-gel | mylanta maximum strength | gentamicin | alka-seltzer heartburn + gas | prevacid | axid ar | prilosec otc,prednisone | triamcinolone | moxifloxacin | ciprofloxacin,1000,357,357,1000,1000,0,1000,0.4,0.5,1.0,0.6366824387328317,0.4,1.0,1.0,0.8773497378596238,0.2,1.0,1.0,0.8773497378596238,1.0,1.0,1.0,1.0,1.0,0.0,1.0,1.0
local_ranker,eval_0066,acthar | corticotropin | enbrel | camphor / menthol / methyl salicylate | naprelan | diclofenac | indomethacin | auranofin | ridaura | ketoprofen | ibuprofen | etanercept | cataflam | motrin | arthrotec | voltaren | mobic | naproxen | tetracycline | trolamine salicylate,diclofenac | tramadol,1000,255,255,273,1000,0,1000,0.0,0.0,0.0,0.0,0.1,0.5,1.0,0.2507406824493034,0.05,0.5,1.0,0.2507406824493034,0.16666666666666666,1.0,1.0,1.0,1.0,0.0,1.0,1.0
local_ranker,eval_0074,xyzal | levocetirizine | loratadine | carbinoxamine | chlor-trimeton | chlorpheniramine | cyproheptadine | allegra | fexofenadine | cetirizine | promethazine | zyrtec | phenergan | clarinex | dexchlorpheniramine | azelastine | desloratadine | triamcinolone | olopatadine | claritin,promethazine | cyproheptadine,1000,558,517,1000,1000,0,1000,0.0,0.0,0.0,0.0,0.1,0.5,1.0,0.20438239758848611,0.1,1.0,1.0,0.3754154816562042,0.14285714285714285,1.0,1.0,1.0,1.0,0.0,1.0,1.0
local_ranker,eval_0076,etanercept | stelara | ustekinumab | kenalog-10 | enbrel | remicade | adalimumab | cosentyx | methotrexate | betamethasone | otrexup | secukinumab | humira | infliximab | diclofenac | apremilast | otezla | ketoprofen | naprelan | cataflam,diclofenac | tramadol | acetaminophen / hydrocodone,1000,255,255,273,1000,0,1000,0.0,0.0,0.0,0.0,0.0,0.0,0.0,0.0,0.05,0.3333333333333333,1.0,0.14253516251847534,0.06666666666666667,1.0,1.0,1.0,1.0,0.0,1.0,1.0
local_ranker,eval_0061,tretinoin | tetracycline | doxycycline | minocycline | isotretinoin | accutane | adapalene / benzoyl peroxide | epiduo | benzoyl peroxide / clindamycin | phillips' milk of magnesia | claravis | benzaclin | magnesium hydroxide | retin-a | clindamycin / tretinoin | aczone | duac | benzoyl peroxide / sulfur | onexton | dapsone,tretinoin | doxycycline | minocycline,1000,500,500,670,1000,0,1000,0.6,1.0,1.0,0.9238850086262381,0.3,1.0,1.0,0.9238850086262381,0.15,1.0,1.0,0.9238850086262381,1.0,1.0,1.0,1.0,1.0,0.0,1.0,1.0
local_ranker,eval_0082,sodium iodide-i-131 | propylthiouracil | westhroid | armour thyroid | thyquidity | tirosint | cytomel | thyroid desiccated | nature-throid | levothyroxine | synthroid | liothyronine | levoxyl | unithroid | wp thyroid | cenestin | estropipate | esterified estrogens | conjugated estrogens | premarin,thyroid desiccated | armour thyroid | levothyroxine,1000,81,81,634,1000,0,1000,0.2,0.3333333333333333,1.0,0.16369747519436975,0.3,1.0,1.0,0.4484113164688154,0.15,1.0,1.0,0.4484113164688154,0.25,1.0,1.0,1.0,1.0,0.0,1.0,1.0
local_ranker,eval_0060,flanax pain reliever | ibuprofen | naproxen | naprosyn | aleve | doxycycline | triamcinolone | ditropan xl | oxybutynin | lidocaine | doxy 100 | sucralfate | sulfamethoxazole / trimethoprim | cephalexin | bactrim ds | smz-tmp ds | bactrim | septra ds | ciprofloxacin | moxifloxacin,naproxen,1000,273,273,273,1000,0,1000,0.2,1.0,1.0,0.5,0.1,1.0,1.0,0.5,0.05,1.0,1.0,0.5,0.3333333333333333,1.0,1.0,1.0,1.0,0.0,1.0,1.0
local_ranker,eval_0083,clindamycin | vibramycin | doxy 100 | minocycline | doxycycline | sulfamethoxazole / trimethoprim | cephalexin | keflex | bactrim | tretinoin | septra | bactrim ds | septra ds | dapsone | spironolactone | doryx | smz-tmp ds | tetracycline | dexamethasone | dicloxacillin,tretinoin | doxycycline | spironolactone | liraglutide,1000,646,646,1000,1000,0,1000,0.2,0.25,1.0,0.15998561393080823,0.2,0.5,1.0,0.2795303421566823,0.15,0.75,1.0,0.3484564776010142,0.2,1.0,1.0,1.0,1.0,0.0,1.0,1.0
local_ranker,eval_0065,sodium iodide-i-131 | propylthiouracil | westhroid | armour thyroid | thyquidity | tirosint | cytomel | levothyroxine | nature-throid | synthroid | liothyronine | levoxyl | unithroid | thyroid desiccated | wp thyroid | clonidine | hytrin | terazosin | np thyroid | onabotulinumtoxina,thyroid desiccated | armour thyroid | levothyroxine,1000,81,81,748,1000,0,1000,0.2,0.3333333333333333,1.0,0.20210734650054762,0.2,0.6666666666666666,1.0,0.35014830198348024,0.15,1.0,1.0,0.4702639577815315,0.25,1.0,1.0,1.0,1.0,0.0,1.0,1.0
local_ranker,eval_0084,rocephin | omnicef | biaxin | vantin | azithromycin dose pack | augmentin | biaxin xl | zithromax | moxifloxacin | clarithromycin | ceftriaxone | azithromycin | erythromycin | ceftin | amoxil | avelox | cefpodoxime | cefixime | amoxicillin | sulfamethoxazole / trimethoprim,doxycycline | azithromycin | prednisone | clindamycin,1000,319,319,1000,1000,0,1000,0.0,0.0,0.0,0.0,0.0,0.0,0.0,0.0,0.05,0.25,1.0,0.12003218440573075,0.08333333333333333,1.0,1.0,1.0,1.0,0.0,1.0,1.0
local_ranker,eval_0078,hydroxyzine | doxylamine | acthar | xyzal | levocetirizine | loratadine | corticotropin | h.p. acthar gel | chlor-trimeton | chlorpheniramine | carbinoxamine | ala-hist ir | dexbrompheniramine / phenylephrine | equaline sleep aid | dexbrompheniramine | alavert | equate sleep aid | ketorolac | cromolyn | omalizumab,prednisone | promethazine,1000,76,76,558,1000,0,1000,0.0,0.0,0.0,0.0,0.0,0.0,0.0,0.0,0.0,0.0,0.0,0.0,0.0,1.0,1.0,1.0,1.0,0.0,1.0,1.0
local_ranker,eval_0063,propranolol | nitroglycerin | verapamil | caduet | lopressor | atenolol | metoprolol | toprol-xl | corgard | coreg | verelan pm | tenormin | calan sr | timolol | coreg cr | amlodipine | amlodipine / atorvastatin | bisoprolol | diltiazem | inderal la,propranolol | verapamil | metoprolol | spironolactone,1000,335,335,1000,1000,0,1000,0.4,0.5,1.0,0.6203352189989871,0.3,0.75,1.0,0.7581874898876511,0.15,0.75,1.0,0.7581874898876511,1.0,1.0,1.0,1.0,1.0,0.0,1.0,1.0
local_ranker,eval_0089,altabax | retapamulin | isotretinoin | accutane | adapalene / benzoyl peroxide | epiduo | benzoyl peroxide / clindamycin | phillips' milk of magnesia | claravis | benzaclin | magnesium hydroxide | retin-a | clindamycin / tretinoin | tretinoin | aczone | duac | benzoyl peroxide / sulfur | onexton | azelaic acid | avita,adapalene / benzoyl peroxide,1000,273,273,273,1000,0,1000,0.2,1.0,1.0,0.38685280723454163,0.1,1.0,1.0,0.38685280723454163,0.05,1.0,1.0,0.38685280723454163,0.2,1.0,1.0,1.0,1.0,0.0,1.0,1.0
local_ranker,eval_0075,mometasone | methylprednisolone | flunisolide | prednisone | ciclesonide | medrol dosepak | beclomethasone | biaxin xl | ceftibuten | cedax | singulair | kenalog-40 | montelukast | budesonide | epinephrine | triamcinolone | dexamethasone | decadron | fluticasone | gemifloxacin,prednisone,1000,221,221,1000,1000,0,1000,0.2,1.0,1.0,0.4306765580733931,0.1,1.0,1.0,0.4306765580733931,0.05,1.0,1.0,0.4306765580733931,0.25,1.0,1.0,1.0,1.0,0.0,1.0,1.0
local_ranker,eval_0087,amitriptyline | venlafaxine | elavil | memantine | risperdal | risperidone | augmentin xr | azithromycin | ampicillin | ceftin | magnesium oxide | amoxil | spironolactone | sulfamethoxazole / trimethoprim | augmentin | doryx | amoxicillin | amoxicillin / clavulanate | moxifloxacin | doxycycline,amitriptyline | venlafaxine | elavil,1000,347,347,1000,1000,0,1000,0.6,1.0,1.0,1.0,0.3,1.0,1.0,1.0,0.15,1.0,1.0,1.0,1.0,1.0,1.0,1.0,1.0,0.0,1.0,1.0
local_ranker,eval_0093,corticotropin | golimumab | simponi | diclofenac | famotidine / ibuprofen | mycophenolate mofetil | duexis | vimovo | esomeprazole / naproxen | sodium hyaluronate | azathioprine | imuran | cellcept | sulfasalazine | medrol dosepak | pancreatin | remicade | adalimumab | betamethasone | kenalog-40,doxycycline | prednisone,1000,255,255,1000,1000,0,1000,0.0,0.0,0.0,0.0,0.0,0.0,0.0,0.0,0.0,0.0,0.0,0.0,0.0,1.0,1.0,1.0,1.0,0.0,1.0,1.0
local_ranker,eval_0073,prednisone | dexamethasone | azithromycin | cleocin | zithromax | cefuroxime | amoxil | ceftin | avelox | moxifloxacin | levofloxacin | amoxicillin | augmentin | azithromycin dose pack | amoxicillin / clavulanate | levaquin | ciprofloxacin | zyvox | doxycycline | linezolid,doxycycline | azithromycin | prednisone | clindamycin | minocycline,1000,710,710,1000,1000,0,1000,0.4,0.4,1.0,0.5074730306121994,0.2,0.4,1.0,0.5074730306121994,0.15,0.6,1.0,0.574569146640667,1.0,1.0,1.0,1.0,1.0,0.0,1.0,1.0
local_ranker,eval_0095,moxifloxacin | tetracycline | aluminum hydroxide / magnesium hydroxide / simethicone | doxycycline | minocycline | rabeprazole | levofloxacin | ciprofloxacin | aciphex | omeprazole / sodium bicarbonate | protonix | prevacid | axid ar | nexium | prilosec otc | nexium 24hr | nizatidine | tagamet hb | dexlansoprazole | protonix iv,prednisone,1000,109,109,1000,1000,0,1000,0.0,0.0,0.0,0.0,0.0,0.0,0.0,0.0,0.0,0.0,0.0,0.0,0.0,1.0,1.0,1.0,1.0,0.0,0.0,1.0
local_ranker,eval_0092,isotretinoin | accutane | adapalene / benzoyl peroxide | epiduo | benzoyl peroxide / clindamycin | claravis | benzaclin | retin-a | tretinoin | clindamycin / tretinoin | duac | aczone | benzoyl peroxide / sulfur | dapsone | onexton | azelaic acid | avita | benzefoam ultra | benzoyl peroxide / erythromycin | vanoxide-hc,adapalene / benzoyl peroxide,1000,273,273,726,1000,0,1000,0.2,1.0,1.0,0.5,0.1,1.0,1.0,0.5,0.05,1.0,1.0,0.5,0.3333333333333333,1.0,1.0,1.0,1.0,0.0,1.0,1.0
local_ranker,eval_0094,methenamine | hiprex | uta | hyoscyamine / methenamine / methylene blue / sodium biphosphate | furadantin | urogesic blue | lithostat | abilify | phosphasal | acetohydroxamic acid | aripiprazole | urised | nitrofurantoin | ziprasidone | macrobid | geodon | paliperidone | hyoscyamine / methenamine / methylene blue / phenyl salicylate / sodium biphosphate | uribel | risperdal,doxycycline,1000,172,172,172,1000,0,1000,0.0,0.0,0.0,0.0,0.0,0.0,0.0,0.0,0.0,0.0,0.0,0.0,0.0,1.0,1.0,1.0,1.0,0.0,1.0,1.0
local_ranker,eval_0079,aluminum hydroxide / magnesium hydroxide / simethicone | cimetidine | omeprazole | lansoprazole | pantoprazole | famotidine | ranitidine | cyproheptadine | excedrin tension headache | acetaminophen / caffeine | excedrin quick tab | acetaminophen / phenyltoloxamine | prednisone | deltasone | xyzal | levocetirizine | loratadine | aspirin | chlorpheniramine / pseudoephedrine | diphenhydramine / phenylephrine,lansoprazole | ranitidine | omeprazole | pantoprazole,1000,549,549,719,1000,0,1000,0.6,0.75,1.0,0.5448732449105962,0.4,1.0,1.0,0.6367747588363721,0.2,1.0,1.0,0.6367747588363721,0.3333333333333333,1.0,1.0,1.0,1.0,0.0,1.0,1.0
local_ranker,eval_0097,promethazine | meclizine | cyproheptadine | excedrin tension headache | acetaminophen / caffeine | diltiazem | cartia xt | phenylephrine | excedrin quick tab | cardizem | acetaminophen / phenyltoloxamine | cardizem cd | prednisone | deltasone | dexbrompheniramine / pseudoephedrine | drixoral cold and allergy | chlorpheniramine / hydrocodone | tussionex pennkinetic | levocetirizine | xyzal,promethazine | meclizine | phenylephrine | propranolol,1000,684,684,1000,1000,0,1000,0.4,0.5,1.0,0.6357429506707164,0.3,0.75,1.0,0.7387819585228543,0.15,0.75,1.0,0.7387819585228543,1.0,1.0,1.0,1.0,1.0,0.0,1.0,1.0
local_ranker,eval_0102,tacrolimus | topicort | capex | olux-e | elidel | elocon | pimecrolimus | desonide | mycophenolate mofetil | flurandrenolide | clocortolone | cutivate | budesonide | dupixent | zenpep | methylprednisolone | purinethol | cordran tape | clobex | cloderm,prednisone | methylprednisolone,1000,49,49,54,1000,0,1000,0.0,0.0,0.0,0.0,0.0,0.0,0.0,0.0,0.05,0.5,1.0,0.15000679310833784,0.0625,1.0,1.0,1.0,1.0,0.0,1.0,1.0
local_ranker,eval_0096,triamcinolone | sucralfate | ciprofloxacin | ofloxacin | levofloxacin | doxycycline | ibuprofen | flanax pain reliever | naproxen | aleve | naprosyn | famotidine / ibuprofen | remicade | adalimumab | duexis | humira | vimovo | mycophenolate mofetil | esomeprazole / naproxen | infliximab,triamcinolone | sucralfate,1000,311,311,672,1000,0,1000,0.4,1.0,1.0,0.9134015924715543,0.2,1.0,1.0,0.9134015924715543,0.1,1.0,1.0,0.9134015924715543,1.0,1.0,1.0,1.0,1.0,0.0,0.0,1.0
local_ranker,eval_0100,lidocaine | hydrocortisone / pramoxine | pramosone | hydrocortisone | pramoxine | proctofoam | lmx 5 | proctofoam hc | dibucaine | nupercainal | proctosol-hc | pramoxine / zinc oxide | tronolane anesthetic for hemorrhoids | analpram-hc | hydrocortisone / lidocaine | recticare | phenylephrine / pramoxine | phenylephrine | anucort-hc | anusol-hc suppositories,hydrocortisone | hydrocortisone / pramoxine | lidocaine,1000,164,164,275,1000,0,1000,0.6,1.0,1.0,0.9035099417625011,0.3,1.0,1.0,0.9035099417625011,0.15,1.0,1.0,0.9035099417625011,1.0,1.0,1.0,1.0,1.0,0.0,1.0,1.0
local_ranker,eval_0103,flanax pain reliever | ibuprofen | naproxen | aleve | naprosyn | oxybutynin | ditropan xl | doxy 100 | doxycycline | lidocaine | sucralfate | cephalexin | sulfamethoxazole / trimethoprim | triamcinolone | septra ds | bactrim ds | smz-tmp ds | bactrim | moxifloxacin | avelox,naproxen | triamcinolone,1000,273,273,273,1000,0,1000,0.2,0.5,1.0,0.35195904451706733,0.1,0.5,1.0,0.35195904451706733,0.1,1.0,1.0,0.4720747003151186,0.3333333333333333,1.0,1.0,1.0,1.0,0.0,1.0,1.0
local_ranker,eval_0111,doxylamine | hydroxyzine | acthar | xyzal | levocetirizine | loratadine | corticotropin | alavert | ketorolac | h.p. acthar gel | cromolyn | epipen | ketotifen | doxepin | zaditor | alocril | zymine | optivar | nedocromil | triprolidine,prednisone | promethazine,1000,76,76,558,1000,0,1000,0.0,0.0,0.0,0.0,0.0,0.0,0.0,0.0,0.0,0.0,0.0,0.0,0.0,1.0,1.0,1.0,1.0,0.0,1.0,1.0
local_ranker,eval_0107,chlorpromazine | thorazine | haloperidol | haldol | compazine | prochlorperazine | doxycycline | minocycline | dexamethasone | elocon | desonide | flurandrenolide | clocortolone | cordran tape | clobex | cloderm | fluocinonide | desoximetasone | ultravate | halobetasol,prednisone | mometasone | clobetasol,1000,300,300,389,1000,0,1000,0.0,0.0,0.0,0.0,0.0,0.0,0.0,0.0,0.0,0.0,0.0,0.0,0.0,1.0,1.0,1.0,1.0,0.0,1.0,1.0
local_ranker,eval_0086,tretinoin | dapsone | doxycycline | minocycline | clindamycin | sulfamethoxazole / trimethoprim | erythromycin | vibramycin | dexamethasone | tetracycline | doryx | spironolactone | doxy 100 | doxorubicin | septra | liraglutide | victoza | cephalexin | bactrim | byetta,tretinoin | doxycycline | spironolactone | liraglutide | victoza | clindamycin,1000,625,625,1000,1000,0,1000,0.6,0.5,1.0,0.6399453854227659,0.3,0.5,1.0,0.5922454245817423,0.3,1.0,1.0,0.8008569314089068,1.0,1.0,1.0,1.0,1.0,0.0,1.0,1.0
local_ranker,eval_0067,baclofen | lioresal | onabotulinumtoxina | botox | lorazepam | ativan | ibuprofen | naproxen | aleve | abobotulinumtoxina | dysport | myobloc | botulinum toxin type b | incobotulinumtoxina | xeomin | rizatriptan | eletriptan | treximet | naproxen / sumatriptan | frova,onabotulinumtoxina | botox | naproxen | ibuprofen | aleve,1000,187,187,1000,1000,0,1000,0.4,0.4,1.0,0.3708934714722901,0.5,1.0,1.0,0.6232439989741612,0.25,1.0,1.0,0.6232439989741612,0.3333333333333333,1.0,1.0,1.0,1.0,0.0,1.0,1.0
local_ranker,eval_0106,ibuprofen | naproxen | flanax pain reliever | enbrel | aleve | sodium hyaluronate | remicade | naprosyn | adalimumab | etanercept | infliximab | humira | methotrexate | ustekinumab | corticotropin | kenalog-10 | methylprednisolone | prednisone | kenalog-40 | betamethasone,prednisone | enbrel,1000,255,255,573,1000,0,1000,0.2,0.5,1.0,0.26406812257259094,0.1,0.5,1.0,0.26406812257259094,0.1,1.0,1.0,0.40840843695531215,0.25,1.0,1.0,1.0,1.0,0.0,1.0,1.0
local_ranker,eval_0090,cefepime | unasyn | ampicillin / sulbactam | gentamicin | fluconazole | zyvox | linezolid | rocephin | meropenem | azithromycin | keflex | ceftin | amoxil | cephalexin | amoxicillin | hiprex | amoxicillin / clavulanate | augmentin | sulfamethoxazole / trimethoprim | acidophilus,sulfamethoxazole / trimethoprim | bactrim | fluconazole,1000,287,287,1000,1000,0,1000,0.2,0.3333333333333333,1.0,0.1815417925373527,0.1,0.3333333333333333,1.0,0.1815417925373527,0.1,0.6666666666666666,1.0,0.2901226656383863,0.2,1.0,1.0,1.0,1.0,0.0,1.0,1.0
local_ranker,eval_0115,acthar | corticotropin | aristocort | prednisone | triamcinolone | loteprednol | lotemax | prednisolone | deltasone | doxylamine | hydroxyzine | xyzal | levocetirizine | loratadine | h.p. acthar gel | alavert | carbinoxamine | cromolyn | cyproheptadine | promethazine,prednisone | triamcinolone | corticotropin | prednisolone | loteprednol | lotemax,1000,322,322,322,1000,0,1000,0.6,0.5,1.0,0.41993093717806657,0.6,1.0,1.0,0.7040814431040683,0.3,1.0,1.0,0.7040814431040683,0.5,1.0,1.0,1.0,1.0,0.0,1.0,1.0
local_ranker,eval_0110,kenalog-40 | sulfamethoxazole / trimethoprim | augmentin xr | cefuroxime | zithromax | ampicillin | moxifloxacin | azithromycin | bactrim ds | clarithromycin | mometasone | doxycycline | ceftin | avelox | amoxil | amoxicillin | erythromycin | bactrim | augmentin | amoxicillin / clavulanate,prednisone,1000,681,681,1000,1000,0,1000,0.0,0.0,0.0,0.0,0.0,0.0,0.0,0.0,0.0,0.0,0.0,0.0,0.0,1.0,1.0,1.0,1.0,0.0,0.0,1.0
local_ranker,eval_0099,medrol dosepak | kenalog-40 | methylprednisolone | aspirin | deltasone | triamcinolone | prednisone | amoxicillin | dexamethasone | doxycycline | canakinumab | hydroxychloroquine | aristocort | cortisone | cefotaxime | prednisolone | ceftriaxone | smz-tmp ds | avelox | cephalexin,prednisone | methylprednisolone | triamcinolone,1000,755,755,1000,1000,0,1000,0.2,0.3333333333333333,1.0,0.23463936301137825,0.3,1.0,1.0,0.5582260599851661,0.15,1.0,1.0,0.5582260599851661,0.3333333333333333,1.0,1.0,1.0,1.0,0.0,1.0,1.0
local_ranker,eval_0119,gentamicin | moxifloxacin | ciprofloxacin | doxycycline | minocycline | levofloxacin | amikacin | bethanechol | bcg | azithromycin | ceftin | sulfamethoxazole / trimethoprim | amoxil | cefepime | amoxicillin | augmentin | unasyn | amoxicillin / clavulanate | ampicillin / sulbactam | fluconazole,doxycycline | ciprofloxacin,1000,363,363,1000,1000,0,1000,0.4,1.0,1.0,0.5706417189553201,0.2,1.0,1.0,0.5706417189553201,0.1,1.0,1.0,0.5706417189553201,0.3333333333333333,1.0,1.0,1.0,1.0,0.0,1.0,1.0
local_ranker,eval_0112,valacyclovir | acyclovir | valtrex | doxycycline | aluminum hydroxide / magnesium hydroxide / simethicone | moxifloxacin | lansoprazole | omeprazole | mometasone | ciprofloxacin | levofloxacin | pantoprazole | cimetidine | kenalog-40 | rifampin | triamcinolone | fluticasone | famotidine | prednisone | dexamethasone,valacyclovir | valtrex | acyclovir,1000,516,516,1000,1000,0,1000,0.6,1.0,1.0,1.0,0.3,1.0,1.0,1.0,0.15,1.0,1.0,1.0,1.0,1.0,1.0,1.0,1.0,0.0,1.0,1.0
local_ranker,eval_0109,methotrexate | prednisone | dexamethasone | doxycycline | minocycline | cefotaxime | amoxicillin | ceftriaxone | enbrel | stelara | ustekinumab | etanercept | adalimumab | humira | remicade | cosentyx | otrexup | kenalog-10 | betamethasone | infliximab,minocycline | methotrexate,1000,544,544,898,1000,0,1000,0.4,1.0,1.0,0.8854598815714874,0.2,1.0,1.0,0.8854598815714874,0.1,1.0,1.0,0.8854598815714874,1.0,1.0,1.0,1.0,1.0,0.0,1.0,1.0
local_ranker,eval_0124,cromolyn | omalizumab | xolair | aristocort | epinephrine | prednisone | deltasone | triamcinolone | prednisolone | pepcid | famotidine | doxylamine | hydroxyzine | acthar | xyzal | levocetirizine | loratadine | corticotropin | h.p. acthar gel | carbinoxamine,prednisone | triamcinolone | omalizumab | xolair | cromolyn,1000,288,288,995,1000,0,1000,0.6,0.6,1.0,0.5661457978496993,0.5,1.0,1.0,0.8338207288528133,0.25,1.0,1.0,0.8338207288528133,1.0,1.0,1.0,1.0,1.0,0.0,1.0,1.0
local_ranker,eval_0131,erythromycin | ceftriaxone | ciprofloxacin | sulfamethoxazole / trimethoprim | doxycycline | dexamethasone | floxin | ampicillin | azithromycin | cipro | cefotaxime | ofloxacin | lansoprazole | pyridoxine | minocycline | dexamethasone intensol | prednisone | esomeprazole | omeprazole | kenalog-40,azithromycin | prednisone | ceftriaxone,1000,449,449,1000,1000,0,1000,0.2,0.3333333333333333,1.0,0.3212043018970804,0.2,0.6666666666666666,1.0,0.4233732349254059,0.15,1.0,1.0,0.5454609879188292,0.5,1.0,1.0,1.0,1.0,0.0,1.0,1.0
local_ranker,eval_0121,hydroxychloroquine | doxycycline | doxy 100 | corticotropin | aspirin | methylprednisolone | kenalog-40 | prednisone | triamcinolone | medrol dosepak | loteprednol | lotemax | deltasone | dexamethasone | prednisolone | amoxicillin | acthar | canakinumab | allopurinol | lithium,doxycycline | hydroxychloroquine,1000,287,287,1000,1000,0,1000,0.4,1.0,1.0,1.0,0.2,1.0,1.0,1.0,0.1,1.0,1.0,1.0,1.0,1.0,1.0,1.0,1.0,0.0,1.0,1.0
local_ranker,eval_0135,propranolol | diltiazem | verapamil | metoprolol | nitroglycerin | atenolol | corgard | verelan pm | caduet | tenormin | lopressor | bisoprolol | calan sr | toprol-xl | coreg | lisinopril | ramipril | amlodipine | altace | timolol,propranolol | metoprolol,1000,335,335,1000,1000,0,1000,0.4,1.0,1.0,0.8772153153380493,0.2,1.0,1.0,0.8772153153380493,0.1,1.0,1.0,0.8772153153380493,1.0,1.0,1.0,1.0,1.0,0.0,1.0,1.0
local_ranker,eval_0117,isotretinoin | accutane | adapalene / benzoyl peroxide | benzoyl peroxide / clindamycin | epiduo | claravis | phillips' milk of magnesia | benzaclin | magnesium hydroxide | tretinoin | retin-a | clindamycin / tretinoin | dapsone | duac | aczone | benzoyl peroxide / sulfur | onexton | drospirenone / ethinyl estradiol | azelaic acid | avita,adapalene / benzoyl peroxide,1000,273,273,273,1000,0,1000,0.2,1.0,1.0,0.5,0.1,1.0,1.0,0.5,0.05,1.0,1.0,0.5,0.3333333333333333,1.0,1.0,1.0,1.0,0.0,1.0,1.0
local_ranker,eval_0116,lisinopril | gabapentin | fosinopril | topiramate | captopril | ramipril | moexipril | altace | benazepril | perindopril | quinapril | enalapril | pregabalin | lyrica | neurontin | cozaar | nortriptyline | hydrochlorothiazide | losartan | topamax,gabapentin | pregabalin | topiramate | clonidine | onabotulinumtoxina,1000,651,637,1000,1000,0,1000,0.4,0.4,1.0,0.3392588671163906,0.2,0.4,1.0,0.3392588671163906,0.15,0.6,1.0,0.4090396425357893,0.5,1.0,1.0,1.0,1.0,0.0,1.0,1.0
local_ranker,eval_0104,rifabutin | ciprofloxacin | moxifloxacin | levofloxacin | gentamicin | aciphex | prednisone | doxycycline | prevacid | calcium carbonate / simethicone | axid ar | nexium 24hr | prilosec otc | tagamet hb | rabeprazole | di-gel | mylanta | nizatidine | mylanta maximum strength | alka-seltzer heartburn + gas,rifabutin,1000,227,116,1000,1000,0,1000,0.2,1.0,1.0,1.0,0.1,1.0,1.0,1.0,0.05,1.0,1.0,1.0,1.0,1.0,1.0,1.0,1.0,0.0,0.0,1.0
local_ranker,eval_0122,ipratropium | xopenex | levalbuterol | ipratropium inhalation solution | methylprednisolone dose pack | atrovent | alvesco | fluticasone / vilanterol | aclidinium | atrovent hfa | dulera | formoterol / mometasone | breo ellipta | omalizumab | yupelri | revefenacin | xolair | solu-medrol | symbicort | budesonide / formoterol,prednisone,1000,221,221,1000,1000,0,1000,0.0,0.0,0.0,0.0,0.0,0.0,0.0,0.0,0.0,0.0,0.0,0.0,0.0,1.0,1.0,1.0,1.0,0.0,0.0,1.0
local_ranker,eval_0125,hydroxyzine | phosphorated carbohydrate solution | elavil | lactobacillus acidophilus | amitriptyline | atarax | ofloxacin | ampicillin | ceftriaxone | minocycline | sulfamethoxazole / trimethoprim | cipro | doxycycline | ciprofloxacin | bethanechol | zyvox | venlafaxine | methenamine | linezolid | trospium,doxycycline | sulfamethoxazole / trimethoprim | azithromycin,1000,303,172,172,1000,0,1000,0.0,0.0,0.0,0.0,0.0,0.0,0.0,0.0,0.1,0.6666666666666666,1.0,0.2588681634655397,0.09090909090909091,1.0,1.0,1.0,1.0,0.0,1.0,1.0
local_ranker,eval_0138,"calcifediol | parathyroid hormone | ergocalciferol | sodium iodide-i-131 | calcitriol | propylthiouracil | calcium phosphate, tribasic | calcium lactate | amitriptyline | hytrin | terazosin | clonidine | aluminum chloride hexahydrate | drysol | hypercare | oxybutynin | gabapentin | xerac ac | pima | tapazole",thyroid desiccated | armour thyroid,1000,132,132,688,1000,0,1000,0.0,0.0,0.0,0.0,0.0,0.0,0.0,0.0,0.0,0.0,0.0,0.0,0.0,1.0,1.0,1.0,1.0,0.0,1.0,1.0
local_ranker,eval_0130,ibuprofen | flanax pain reliever | naproxen | aleve | naprosyn | doxycycline | triamcinolone | doxy 100 | sulfamethoxazole / trimethoprim | ditropan xl | bactrim ds | ciprofloxacin | cephalexin | avelox | oxybutynin | moxifloxacin | bactrim | levaquin | cipro | levofloxacin,prednisone | enbrel | naproxen,1000,273,273,573,1000,0,1000,0.2,0.3333333333333333,1.0,0.2850703250369507,0.1,0.3333333333333333,1.0,0.2850703250369507,0.05,0.3333333333333333,1.0,0.2850703250369507,0.3333333333333333,1.0,1.0,1.0,1.0,0.0,1.0,1.0
local_ranker,eval_0129,sumatriptan | zolmitriptan | rizatriptan | eletriptan | frova | treximet | maxalt-mlt | relpax | naproxen / sumatriptan | maxalt | frovatriptan | imitrex | caffeine / ergotamine | aspirin / butalbital / caffeine | almotriptan | naratriptan | migergot | fiorinal | amerge | imitrex statdose,propranolol,1000,179,179,1000,1000,0,1000,0.0,0.0,0.0,0.0,0.0,0.0,0.0,0.0,0.0,0.0,0.0,0.0,0.0,1.0,1.0,1.0,1.0,0.0,1.0,1.0
local_ranker,eval_0133,enbrel | stelara | ustekinumab | etanercept | adalimumab | kenalog-10 | humira | cosentyx | remicade | otrexup | secukinumab | methotrexate | infliximab | betamethasone | apremilast | otezla | kenalog-40 | tetracycline | methylprednisolone | doxycycline,prednisone | enbrel | stelara | ustekinumab | adalimumab,1000,393,393,1000,1000,0,1000,0.8,0.8,1.0,0.8929864349628853,0.4,0.8,1.0,0.8929864349628853,0.2,0.8,1.0,0.8929864349628853,1.0,1.0,1.0,1.0,1.0,0.0,1.0,1.0
local_ranker,eval_0146,liraglutide | victoza | byetta | glyset | miglitol | bydureon | exenatide | invokamet xr | xultophy | trulicity | insulin degludec / liraglutide | ozempic | dapagliflozin / metformin | steglujan | dulaglutide | jentadueto xr | semaglutide | xigduo xr | synjardy | ertugliflozin / sitagliptin,liraglutide | victoza,1000,228,228,1000,1000,0,1000,0.4,1.0,1.0,1.0,0.2,1.0,1.0,1.0,0.1,1.0,1.0,1.0,1.0,1.0,1.0,1.0,1.0,0.0,1.0,1.0
local_ranker,eval_0151,carbinoxamine | azelastine | olopatadine | xyzal | levocetirizine | allegra | cyproheptadine | fexofenadine | cetirizine | loratadine | zyrtec | promethazine | clarinex | dexchlorpheniramine | phenergan | chlor-trimeton | chlorpheniramine | desloratadine | claritin | benadryl allergy,prednisone | promethazine | cyproheptadine,1000,558,558,1000,1000,0,1000,0.0,0.0,0.0,0.0,0.1,0.3333333333333333,1.0,0.1696989245257299,0.1,0.6666666666666666,1.0,0.3072762970421327,0.14285714285714285,1.0,1.0,1.0,1.0,0.0,1.0,1.0
local_ranker,eval_0150,clonidine | sodium bicarbonate | rifabutin | immune globulin intravenous | atripla | efavirenz / emtricitabine / tenofovir | stribild | cobicistat / elvitegravir / emtricitabine / tenofovir | triumeq | abacavir / dolutegravir / lamivudine | epzicom | emtricitabine / rilpivirine / tenofovir | abacavir / lamivudine | complera | genvoya | isentress | epivir-hbv | tivicay pd | symtuza | odefsey,rifabutin,1000,119,119,1000,1000,0,1000,0.2,1.0,1.0,0.5,0.1,1.0,1.0,0.5,0.05,1.0,1.0,0.5,0.3333333333333333,1.0,1.0,1.0,1.0,0.0,0.0,1.0
local_ranker,eval_0136,adalimumab | humira | remicade | infliximab | prednisolone | hydrocortisone | prednisone | methylprednisolone | dexamethasone | triamcinolone | methotrexate | enbrel | stelara | ustekinumab | cosentyx | otrexup | secukinumab | golimumab | simponi | betamethasone,prednisone | dexamethasone | adalimumab | humira | methylprednisolone,1000,393,393,1000,1000,0,1000,0.4,0.4,1.0,0.6499585627060159,0.5,1.0,1.0,0.902309090207887,0.25,1.0,1.0,0.902309090207887,1.0,1.0,1.0,1.0,1.0,0.0,1.0,1.0
local_ranker,eval_0134,bromocriptine | insulin regular | sodium bicarbonate | liraglutide | victoza | byetta | glyset | miglitol | bydureon | exenatide | invokamet xr | xultophy | trulicity | insulin degludec / liraglutide | ozempic | dapagliflozin / metformin | steglujan | dulaglutide | jentadueto xr | semaglutide,liraglutide | victoza,1000,282,282,1000,1000,0,1000,0.4,1.0,1.0,0.5012658353418872,0.2,1.0,1.0,0.5012658353418872,0.1,1.0,1.0,0.5012658353418872,0.25,1.0,1.0,1.0,1.0,0.0,1.0,1.0
local_ranker,eval_0156,"calcifediol | parathyroid hormone | ergocalciferol | calcitriol | calcium phosphate, tribasic | calcium lactate | sodium iodide-i-131 | propylthiouracil | westhroid | armour thyroid | thyquidity | tirosint | cytomel | nature-throid | levothyroxine | synthroid | liothyronine | thyroid desiccated | levoxyl | cenestin",thyroid desiccated | armour thyroid | levothyroxine,1000,132,132,1000,1000,0,1000,0.0,0.0,0.0,0.0,0.1,0.3333333333333333,1.0,0.10987173866025332,0.15,1.0,1.0,0.34188436177875925,0.1,1.0,1.0,1.0,1.0,0.0,0.0,1.0
local_ranker,eval_0142,zyvox | linezolid | hydroxyzine | trospium | methenamine | azithromycin | acidophilus | hiprex | uta | hyoscyamine / methenamine / methylene blue / sodium biphosphate | unasyn | ampicillin / sulbactam | furadantin | doripenem | phosphasal | urogesic blue | fluconazole | lithostat | ampicillin | rocephin,doxycycline,1000,172,172,172,1000,0,1000,0.0,0.0,0.0,0.0,0.0,0.0,0.0,0.0,0.0,0.0,0.0,0.0,0.0,1.0,1.0,1.0,1.0,0.0,1.0,1.0
local_ranker,eval_0145,kenalog-40 | azithromycin | augmentin xr | ampicillin | ceftin | amoxil | amoxicillin | budesonide | augmentin | sulfamethoxazole / trimethoprim | amoxicillin / clavulanate | singulair | biaxin xl | cedax | ceftibuten | moxifloxacin | azithromycin dose pack | rocephin | erythromycin | montelukast,azithromycin | prednisone,1000,221,221,1000,1000,0,1000,0.2,0.5,1.0,0.2960819109658652,0.1,0.5,1.0,0.2960819109658652,0.05,0.5,1.0,0.2960819109658652,0.5,1.0,1.0,1.0,1.0,0.0,1.0,1.0
local_ranker,eval_0144,gentamicin | xenleta | lefamulin | unasyn | ampicillin / sulbactam | cefepime | rocephin | vantin | filgrastim | azithromycin | fluconazole | tobramycin | zyvox | linezolid | vancocin hcl | flagyl | neupogen | oxymetholone | integra | ferralet 90,doxycycline | azithromycin,1000,132,132,1000,1000,0,1000,0.0,0.0,0.0,0.0,0.1,0.5,1.0,0.17723928678404774,0.05,0.5,1.0,0.17723928678404774,0.1,1.0,1.0,1.0,1.0,0.0,1.0,1.0
local_ranker,eval_0155,golimumab | simponi | adalimumab | remicade | humira | infliximab | diclofenac | mycophenolate mofetil | methylprednisolone | famotidine / ibuprofen | sulfasalazine | azathioprine | imuran | duexis | cellcept | vimovo | esomeprazole / naproxen | prednisolone | hydrocortisone | prednisone,adalimumab | humira,1000,311,311,525,1000,0,1000,0.4,1.0,1.0,0.5437713091520254,0.2,1.0,1.0,0.5437713091520254,0.1,1.0,1.0,0.5437713091520254,0.3333333333333333,1.0,1.0,1.0,1.0,0.0,1.0,1.0
local_ranker,eval_0163,epivir-hbv | tenofovir | viread | lamivudine | filgrastim | sodium bicarbonate | clonidine | rifabutin | atripla | efavirenz / emtricitabine / tenofovir | stribild | cobicistat / elvitegravir / emtricitabine / tenofovir | triumeq | abacavir / dolutegravir / lamivudine | epzicom | emtricitabine / rilpivirine / tenofovir | abacavir / lamivudine | complera | genvoya | isentress,tenofovir | viread,1000,119,119,1000,1000,0,1000,0.4,1.0,1.0,0.6934264036172708,0.2,1.0,1.0,0.6934264036172708,0.1,1.0,1.0,0.6934264036172708,0.5,1.0,1.0,1.0,1.0,0.0,1.0,1.0
local_ranker,eval_0148,stelara | ustekinumab | ionil t | gengraf | taclonex | methotrexate | mg217 medicated tar | betamethasone / calcipotriene | neoral | etanercept | ixekizumab | taltz | desowen | duobrii | ammonium lactate / halobetasol | halobetasol / tazarotene | brodalumab | taclonex scalp | vectical | proctofoam hc,enbrel,1000,164,164,726,1000,0,1000,0.0,0.0,0.0,0.0,0.0,0.0,0.0,0.0,0.0,0.0,0.0,0.0,0.0,1.0,1.0,1.0,1.0,0.0,1.0,1.0
local_ranker,eval_0171,kenalog-40 | budesonide | ceftibuten | cedax | singulair | ephedrine | rocephin | montelukast | epinephrine | flunisolide | omnicef | biaxin | medrol dosepak | caffeine | azithromycin | augmentin xr | ciclesonide | ampicillin | vantin | beclomethasone,prednisone,1000,221,221,1000,1000,0,1000,0.0,0.0,0.0,0.0,0.0,0.0,0.0,0.0,0.0,0.0,0.0,0.0,0.0,1.0,1.0,1.0,1.0,0.0,0.0,1.0
local_ranker,eval_0177,etanercept | methotrexate | stelara | remicade | ustekinumab | kenalog-10 | infliximab | adalimumab | cymbalta | duloxetine | cosentyx | enbrel | humira | otrexup | secukinumab | celecoxib | acetaminophen / aspirin / caffeine | doxycycline | apremilast | otezla,diclofenac | tramadol | acetaminophen / hydrocodone,1000,255,255,420,1000,0,1000,0.0,0.0,0.0,0.0,0.0,0.0,0.0,0.0,0.0,0.0,0.0,0.0,0.0,1.0,1.0,1.0,1.0,0.0,1.0,1.0
local_ranker,eval_0180,isotretinoin | accutane | adapalene / benzoyl peroxide | epiduo | benzoyl peroxide / clindamycin | phillips' milk of magnesia | claravis | benzaclin | magnesium hydroxide | retin-a | tretinoin | clindamycin / tretinoin | duac | aczone | benzoyl peroxide / sulfur | dapsone | onexton | azelaic acid | avita | benzefoam ultra,adapalene / benzoyl peroxide,1000,273,273,273,1000,0,1000,0.2,1.0,1.0,0.5,0.1,1.0,1.0,0.5,0.05,1.0,1.0,0.5,0.3333333333333333,1.0,1.0,1.0,1.0,0.0,1.0,1.0
local_ranker,eval_0175,"calcifediol | calcitriol | parathyroid hormone | ergocalciferol | calcium lactate | calcium phosphate, tribasic | westhroid | armour thyroid | thyquidity | thyroid desiccated | tirosint | cytomel | nature-throid | levothyroxine | synthroid | liothyronine | levoxyl | sodium iodide-i-131 | estropipate | unithroid",thyroid desiccated | armour thyroid | levothyroxine,1000,132,132,634,1000,0,1000,0.0,0.0,0.0,0.0,0.2,0.6666666666666666,1.0,0.2836929289153804,0.15,1.0,1.0,0.40380858471343173,0.125,1.0,1.0,1.0,1.0,0.0,1.0,1.0
local_ranker,eval_0183,rabeprazole | omeprazole / sodium bicarbonate | protonix | esomeprazole | nexium | cimetidine | pepcid | omeprazole | lansoprazole | zantac | ranitidine | pantoprazole | famotidine | calcium carbonate | sucralfate | carafate | aciphex | prevacid | axid ar | calcium carbonate / simethicone,aciphex | dexlansoprazole | rabeprazole | esomeprazole | lansoprazole | nexium,1000,109,109,721,1000,0,1000,0.6,0.5,1.0,0.6164336326286644,0.4,0.6666666666666666,1.0,0.6410811757706057,0.25,0.8333333333333334,1.0,0.7136490069412258,1.0,1.0,1.0,1.0,1.0,0.0,1.0,1.0
local_ranker,eval_0187,taclonex | ionil t | betamethasone / calcipotriene | ustekinumab | coal tar | mg217 medicated tar | ixekizumab | taltz | thiothixene | duobrii | halobetasol / tazarotene | taclonex scalp | vectical | tacrolimus | proctofoam hc | soriatane | dovonex | etanercept | calcipotriene | adalimumab,enbrel,1000,164,164,726,1000,0,1000,0.0,0.0,0.0,0.0,0.0,0.0,0.0,0.0,0.0,0.0,0.0,0.0,0.0,1.0,1.0,1.0,1.0,0.0,1.0,1.0
local_ranker,eval_0185,xyzal | levocetirizine | loratadine | carbinoxamine | azelastine | chlor-trimeton | olopatadine | cyproheptadine | chlorpheniramine | allegra | fexofenadine | cetirizine | zyrtec | promethazine | clarinex | phenergan | dexchlorpheniramine | desloratadine | benadryl allergy | claritin,promethazine | cyproheptadine,1000,558,511,625,1000,0,1000,0.0,0.0,0.0,0.0,0.1,0.5,1.0,0.19342640361727081,0.1,1.0,1.0,0.3503663479952008,0.125,1.0,1.0,1.0,1.0,0.0,1.0,1.0
local_ranker,eval_0190,hydrocortisone | mycophenolate mofetil | methylprednisolone | prednisone | imuran | azathioprine | dexamethasone | cellcept | triamcinolone | betamethasone | medrol dosepak | pancreatin | remicade | golimumab | simponi | infliximab | adalimumab | humira | prednisolone | famotidine / ibuprofen,adalimumab | humira | infliximab | remicade,1000,346,346,672,1000,0,1000,0.0,0.0,0.0,0.0,0.0,0.0,0.0,0.0,0.2,1.0,1.0,0.3835567755371807,0.07692307692307693,1.0,1.0,1.0,1.0,0.0,1.0,1.0
local_ranker,eval_0184,amitriptyline | elavil | venlafaxine | memantine | risperdal | spironolactone | risperidone | doryx | doxycycline | moxifloxacin | sulfamethoxazole / trimethoprim | allopurinol | cephalexin | azithromycin | keflex | magnesium oxide | bactrim | augmentin xr | sodium bicarbonate | ceftriaxone,amitriptyline | venlafaxine | elavil | azithromycin,1000,347,347,1000,1000,0,1000,0.6,0.75,1.0,0.8724703940062511,0.3,0.75,1.0,0.8724703940062511,0.2,1.0,1.0,0.9482632957628667,1.0,1.0,1.0,1.0,1.0,0.0,0.0,1.0
local_ranker,eval_0178,dapsone | biaxin xl | sulfamethoxazole / trimethoprim | clindamycin | gemifloxacin | minocycline | azithromycin | amoxil | ceftin | doxycycline | moxifloxacin | erythromycin | augmentin | azithromycin dose pack | amoxicillin | amoxicillin / clavulanate | zithromax | cefzil | factive | clarithromycin,doxycycline | azithromycin,1000,132,132,1000,1000,0,1000,0.0,0.0,0.0,0.0,0.2,1.0,1.0,0.38162168437253385,0.1,1.0,1.0,0.38162168437253385,0.14285714285714285,1.0,1.0,1.0,1.0,0.0,1.0,1.0
local_ranker,eval_0188,"peginterferon alfa-2a | epivir-hbv | tenofovir | viread | lamivudine | interferon alfa-2b | hepatitis b adult vaccine | hepatitis b immune globulin | hepatitis b pediatric vaccine | peginterferon alfa-2b | adefovir | entecavir | tenofovir alafenamide | hepatitis a adult vaccine / hepatitis b adult vaccine | diphtheria and tetanus toxoids / pertussis, acellular / poliovirus vaccine, inactivated / haemophilus b conjugate / hepatitis b vaccine | diphtheria toxoid / hepatitis b pediatric vaccine / pertussis, acellular / poliovirus vaccine, inactivated / tetanus toxoid | corticotropin | tacrolimus | topicort | elocon",tenofovir | peginterferon alfa-2a | viread,1000,16,16,467,1000,0,1000,0.6,1.0,1.0,0.9060254355346824,0.3,1.0,1.0,0.9060254355346824,0.15,1.0,1.0,0.9060254355346824,1.0,1.0,1.0,1.0,1.0,0.0,1.0,1.0
local_ranker,eval_0201,hytrin | terazosin | clonidine | catapres | amitriptyline | aluminum chloride hexahydrate | drysol | hypercare | onabotulinumtoxina | botox | xerac ac | tapazole | pima | potassium iodide | oxybutynin | benztropine | methimazole | sodium iodide-i-131 | gabapentin | glycopyrronium,clonidine | catapres,1000,22,22,825,1000,0,1000,0.4,1.0,1.0,0.5706417189553201,0.2,1.0,1.0,0.5706417189553201,0.1,1.0,1.0,0.5706417189553201,0.3333333333333333,1.0,1.0,1.0,1.0,0.0,1.0,1.0
local_ranker,eval_0199,doxycycline | triamcinolone | flanax pain reliever | ibuprofen | naproxen | naprosyn | aleve | doxy 100 | cephalexin | bactrim | oxybutynin | sulfamethoxazole / trimethoprim | septra ds | bactrim ds | sucralfate | tetracycline | smz-tmp ds | moxifloxacin | avelox | minocycline,triamcinolone | naproxen,1000,25,25,1000,1000,0,1000,0.4,1.0,1.0,0.5683945997718942,0.2,1.0,1.0,0.5683945997718942,0.1,1.0,1.0,0.5683945997718942,0.5,1.0,1.0,1.0,1.0,0.0,1.0,1.0
local_ranker,eval_0195,omeprazole | lansoprazole | cimetidine | pantoprazole | famotidine | ranitidine | budesonide | triamcinolone | levofloxacin | ciprofloxacin | methylprednisolone | prednisone | benzocaine | dexamethasone | ampicillin | azithromycin | aluminum hydroxide / magnesium hydroxide / simethicone | mometasone | cipro | rabeprazole,lansoprazole | ranitidine | omeprazole,1000,605,605,1000,1000,0,1000,0.4,0.6666666666666666,1.0,0.8303010754742701,0.3,1.0,1.0,0.9511970285954038,0.15,1.0,1.0,0.9511970285954038,1.0,1.0,1.0,1.0,1.0,0.0,1.0,1.0
local_ranker,eval_0192,isotretinoin | accutane | adapalene / benzoyl peroxide | epiduo | benzoyl peroxide / clindamycin | phillips' milk of magnesia | claravis | benzaclin | magnesium hydroxide | retin-a | tretinoin | clindamycin / tretinoin | duac | aczone | benzoyl peroxide / sulfur | onexton | panoxyl 10% acne foaming wash | azelaic acid | avita | benzefoam ultra,isotretinoin | accutane | adapalene / benzoyl peroxide,1000,273,273,726,1000,0,1000,0.6,1.0,1.0,0.9049765583210164,0.3,1.0,1.0,0.9049765583210164,0.15,1.0,1.0,0.9049765583210164,1.0,1.0,1.0,1.0,1.0,0.0,1.0,1.0
local_ranker,eval_0186,amlodipine / hydrochlorothiazide / valsartan | innopran xl | exforge hct | acebutolol | maxzide | inspra | hydrochlorothiazide / spironolactone | betaxolol | bystolic | aldactazide | nebivolol | dilt-xr | tekturna hct | zestoretic | amlodipine / hydrochlorothiazide / olmesartan | aliskiren / hydrochlorothiazide | tekturna | tribenzor | aliskiren | lisinopril,propranolol,1000,275,275,1000,1000,0,1000,0.0,0.0,0.0,0.0,0.0,0.0,0.0,0.0,0.0,0.0,0.0,0.0,0.0,1.0,1.0,1.0,1.0,0.0,1.0,1.0
local_ranker,eval_0205,esterified estrogens | estropipate | conjugated estrogens | premarin | armour thyroid | westhroid | cenestin | tirosint | thyquidity | forteo | teriparatide | cytomel | nature-throid | rayaldee | levothyroxine | synthroid | liothyronine | estradiol | levoxyl | trametinib,thyroid desiccated | armour thyroid | levothyroxine,1000,61,61,87,1000,0,1000,0.2,0.3333333333333333,1.0,0.1815417925373527,0.1,0.3333333333333333,1.0,0.1815417925373527,0.1,0.6666666666666666,1.0,0.2988614740430418,0.2,1.0,1.0,1.0,1.0,0.0,1.0,1.0
local_ranker,eval_0206,clindamycin | minocycline | doxycycline | sulfamethoxazole / trimethoprim | metronidazole | tobramycin | penicillin v potassium | vancocin hcl | prednisone | flagyl | cleocin hcl | zyvox | linezolid | nafcillin | fluconazole | zosyn | vancomycin | penicillin vk | rocephin | piperacillin / tazobactam,doxycycline | azithromycin | clindamycin,1000,239,239,1000,1000,0,1000,0.4,0.6666666666666666,1.0,0.5701406500739014,0.2,0.6666666666666666,1.0,0.5701406500739014,0.1,0.6666666666666666,1.0,0.5701406500739014,1.0,1.0,1.0,1.0,1.0,0.0,1.0,1.0
local_ranker,eval_0179,sumatriptan | zolmitriptan | amitriptyline | nortriptyline | gabapentin | pamelor | elavil | metoclopramide | reglan | lithium | promethazine | phenergan | chlorpromazine | divalproex sodium | ampicillin | depakote er | depakote | meclizine | benadryl | thorazine,sumatriptan | clonidine,1000,315,315,1000,1000,0,1000,0.2,0.5,1.0,0.7039180890341347,0.1,0.5,1.0,0.7039180890341347,0.05,0.5,1.0,0.7039180890341347,1.0,1.0,1.0,1.0,1.0,0.0,1.0,1.0
local_ranker,eval_0209,clonidine | catapres | hytrin | terazosin | gabapentin | onabotulinumtoxina | botox | amitriptyline | aluminum chloride hexahydrate | drysol | hypercare | xerac ac | pima | tapazole | potassium iodide | benztropine | methimazole | oxybutynin | sodium iodide-i-131 | glycopyrronium,clonidine | catapres,1000,447,447,1000,1000,0,1000,0.4,1.0,1.0,1.0,0.2,1.0,1.0,1.0,0.1,1.0,1.0,1.0,1.0,1.0,1.0,1.0,1.0,0.0,1.0,1.0
local_ranker,eval_0204,rabeprazole | esomeprazole | omeprazole / sodium bicarbonate | protonix | lansoprazole | omeprazole | nexium | calcium carbonate | pantoprazole | cimetidine | pepcid | famotidine | zantac | carafate | sucralfate | ranitidine | adalimumab | remicade | humira | aluminum hydroxide / magnesium hydroxide,rabeprazole | esomeprazole | lansoprazole,1000,80,80,955,1000,0,1000,0.6,1.0,1.0,0.9469024295259745,0.3,1.0,1.0,0.9469024295259745,0.15,1.0,1.0,0.9469024295259745,1.0,1.0,1.0,1.0,1.0,0.0,1.0,1.0
local_ranker,eval_0212,hydroxyzine | promethazine | phenergan | atarax | benadryl | diphenhydramine | vistaril | corticotropin | doxepin | triamcinolone | prednisone | omeprazole | lansoprazole | ampicillin | pantoprazole | loteprednol | lotemax | prednisolone | cipro | dexamethasone,prednisone | promethazine | hydroxyzine | doxycycline | sulfamethoxazole / trimethoprim,1000,214,214,991,1000,0,1000,0.4,0.4,1.0,0.6499585627060159,0.2,0.4,1.0,0.6499585627060159,0.15,0.6,1.0,0.7240681743699035,1.0,1.0,1.0,1.0,1.0,0.0,1.0,1.0
local_ranker,eval_0200,methotrexate | minocycline | doxycycline | prednisone | chloramphenicol | dexamethasone | tazarotene | tazorac | stelara | ionil t | gengraf | taclonex | ustekinumab | iloperidone | ultravate | mg217 medicated tar | betamethasone / calcipotriene | desowen | neoral | ammonium lactate / halobetasol,prednisone | methotrexate | dexamethasone | enbrel | stelara,1000,575,575,888,1000,0,1000,0.4,0.4,1.0,0.48099479715073024,0.4,0.8,1.0,0.6822323346517727,0.2,0.8,1.0,0.6822323346517727,1.0,1.0,1.0,1.0,1.0,0.0,1.0,1.0
local_ranker,eval_0196,metoclopramide | reglan | rizatriptan | eletriptan | frova | maxalt-mlt | treximet | relpax | maxalt | naproxen / sumatriptan | frovatriptan | imitrex | caffeine / ergotamine | almotriptan | aspirin / butalbital / caffeine | naratriptan | imitrex statdose | amerge | migergot | fiorinal,lansoprazole | omeprazole | propranolol,1000,222,222,1000,1000,0,1000,0.0,0.0,0.0,0.0,0.0,0.0,0.0,0.0,0.0,0.0,0.0,0.0,0.0,1.0,1.0,1.0,1.0,0.0,1.0,1.0
local_ranker,eval_0216,ibuprofen | naproxen | aleve | flanax pain reliever | naprosyn | doxycycline | ditropan xl | oxybutynin | triamcinolone | lidocaine | sulfamethoxazole / trimethoprim | sucralfate | bactrim ds | ciprofloxacin | cephalexin | doxy 100 | moxifloxacin | smz-tmp ds | avelox | bactrim,naproxen,1000,25,25,372,1000,0,1000,0.2,1.0,1.0,0.6309297535714574,0.1,1.0,1.0,0.6309297535714574,0.05,1.0,1.0,0.6309297535714574,0.5,1.0,1.0,1.0,1.0,0.0,1.0,1.0
local_ranker,eval_0210,mupirocin | cefadroxil | altabax | retapamulin | ozenoxacin | sulconazole | ammoniated mercury | cefuroxime | epivir-hbv | stribild | tenofovir | cobicistat / elvitegravir / emtricitabine / tenofovir | efavirenz / emtricitabine / tenofovir | atripla | viread | lamivudine | triumeq | abacavir / dolutegravir / lamivudine | epzicom | valacyclovir,cefuroxime | mupirocin | retapamulin,1000,8,8,1000,1000,0,1000,0.4,0.6666666666666666,1.0,0.7283528197476834,0.3,1.0,1.0,0.8354209203800436,0.15,1.0,1.0,0.8354209203800436,1.0,1.0,1.0,1.0,1.0,0.0,1.0,1.0
local_ranker,eval_0217,mometasone | triamcinolone | fluticasone | prednisone | dexamethasone | methylprednisolone | dupilumab | budesonide | medrol dosepak | flurandrenolide | desonide | clocortolone | elocon | betamethasone | cordran tape | cloderm | clobex | clobetasol | hydrocortisone | fluocinonide,prednisone,1000,49,49,734,1000,0,1000,0.2,1.0,1.0,0.4306765580733931,0.1,1.0,1.0,0.4306765580733931,0.05,1.0,1.0,0.4306765580733931,0.25,1.0,1.0,1.0,1.0,0.0,0.0,1.0
local_ranker,eval_0198,xyzal | levocetirizine | loratadine | azelastine | olopatadine | phenergan | cyproheptadine | carbinoxamine | allegra | fexofenadine | promethazine | cetirizine | zyrtec | clarinex | dexchlorpheniramine | desloratadine | chlor-trimeton | chlorpheniramine | triamcinolone | claritin,promethazine | cyproheptadine,1000,76,76,558,1000,0,1000,0.0,0.0,0.0,0.0,0.1,0.5,1.0,0.20438239758848611,0.1,1.0,1.0,0.3754154816562042,0.14285714285714285,1.0,1.0,1.0,1.0,0.0,1.0,1.0
local_ranker,eval_0215,liraglutide | victoza | byetta | glyset | miglitol | bydureon | exenatide | invokamet xr | tretinoin | xultophy | trulicity | insulin degludec / liraglutide | ozempic | dapagliflozin / metformin | steglujan | dulaglutide | jentadueto xr | xigduo xr | semaglutide | synjardy,liraglutide | victoza,1000,228,228,1000,1000,0,1000,0.4,1.0,1.0,1.0,0.2,1.0,1.0,1.0,0.1,1.0,1.0,1.0,1.0,1.0,1.0,1.0,1.0,0.0,1.0,1.0
local_ranker,eval_0221,isotretinoin | accutane | adapalene / benzoyl peroxide | epiduo | benzoyl peroxide / clindamycin | phillips' milk of magnesia | claravis | benzaclin | magnesium hydroxide | retin-a | tretinoin | clindamycin / tretinoin | aczone | duac | benzoyl peroxide / sulfur | onexton | dapsone | azelaic acid | avita | benzefoam ultra,isotretinoin | accutane | adapalene / benzoyl peroxide,1000,273,273,273,1000,0,1000,0.6,1.0,1.0,1.0,0.3,1.0,1.0,1.0,0.15,1.0,1.0,1.0,1.0,1.0,1.0,1.0,1.0,0.0,1.0,1.0
local_ranker,eval_0220,topicort | tacrolimus | alclometasone | ultravate | desowen | etanercept | halobetasol | ammonium lactate / halobetasol | stelara | olux | enbrel | ustekinumab | thiothixene | ionil t | mg217 medicated tar | remicade | temovate | desonide | flurandrenolide | elocon,enbrel,1000,164,164,353,1000,0,1000,0.0,0.0,0.0,0.0,0.0,0.0,0.0,0.0,0.05,1.0,1.0,0.2789429456511298,0.09090909090909091,1.0,1.0,1.0,1.0,0.0,1.0,1.0
local_ranker,eval_0222,auranofin | ridaura | enbrel | acthar | camphor / menthol / methyl salicylate | cimzia | plaquenil | rituximab | hydroxychloroquine | alemtuzumab | certolizumab | rituxan | golimumab | corticotropin | orencia | probenecid | abatacept | arava | simponi | leflunomide,diclofenac,1000,255,255,403,1000,0,1000,0.0,0.0,0.0,0.0,0.0,0.0,0.0,0.0,0.0,0.0,0.0,0.0,0.0,1.0,1.0,1.0,1.0,0.0,1.0,1.0
local_ranker,eval_0225,tapentadol | pramlintide | novolog mix 70/30 | symlin | humulin r u-500 (concentrated) | novolin 70/30 | humulin n | insulin isophane | symlinpen 60 | nucynta er | insulin glulisine | novolog flexpen | apidra | insulin aspart/insulin aspart protamine | colesevelam | symlinpen 120 | desmopressin | welchol | liraglutide | humalog,liraglutide | victoza,1000,228,228,616,1000,0,1000,0.0,0.0,0.0,0.0,0.0,0.0,0.0,0.0,0.05,0.5,1.0,0.14186890186599416,0.05263157894736842,1.0,1.0,1.0,1.0,0.0,1.0,1.0
local_ranker,eval_0219,clonidine | catapres | propranolol | verapamil | metoprolol | atenolol | verelan pm | innopran xl | tenormin | calan sr | lisinopril | amlodipine | nadolol | inderal la | norvasc | benicar | corgard | olmesartan | inderal | prinivil,propranolol | spironolactone | clonidine | catapres | terazosin | hytrin | benicar | olmesartan | verapamil,1000,447,447,1000,1000,0,1000,0.8,0.4444444444444444,1.0,0.8687949224876581,0.4,0.4444444444444444,1.0,0.6505030594321033,0.3,0.6666666666666666,1.0,0.7724109978544184,1.0,1.0,1.0,1.0,1.0,0.0,1.0,1.0
local_ranker,eval_0230,augmentin | rocephin | azithromycin | augmentin xr | azithromycin dose pack | moxifloxacin | zithromax | vantin | cefuroxime | xopenex | levalbuterol | avelox | guaifenesin | clarithromycin | ceftin | cinqair | amoxil | mucinex | robafen | ipratropium inhalation solution,prednisone,1000,221,221,1000,1000,0,1000,0.0,0.0,0.0,0.0,0.0,0.0,0.0,0.0,0.0,0.0,0.0,0.0,0.0,1.0,1.0,1.0,1.0,0.0,0.0,1.0
local_ranker,eval_0229,minocycline | doxycycline | tazarotene | tazorac | tetracycline | dapsone | clindamycin | sulfamethoxazole / trimethoprim | erythromycin | prednisone | isotretinoin | accutane | adapalene / benzoyl peroxide | benzoyl peroxide / clindamycin | epiduo | cerave sa renewing | claravis | benzaclin | acnex | phillips' milk of magnesia,tazarotene | dapsone | clindamycin,1000,555,479,726,1000,0,1000,0.2,0.3333333333333333,1.0,0.25454838678859487,0.3,1.0,1.0,0.5451432644354584,0.15,1.0,1.0,0.5451432644354584,0.3333333333333333,1.0,1.0,1.0,1.0,0.0,1.0,1.0
local_ranker,eval_0235,atripla | efavirenz / emtricitabine / tenofovir | stribild | cobicistat / elvitegravir / emtricitabine / tenofovir | triumeq | abacavir / dolutegravir / lamivudine | epzicom | emtricitabine / rilpivirine / tenofovir | abacavir / lamivudine | enfuvirtide | complera | reyataz | atazanavir | fuzeon | genvoya | raltegravir | isentress | tivicay pd | odefsey | symtuza,stribild | efavirenz / emtricitabine / tenofovir,1000,119,119,154,1000,0,1000,0.4,1.0,1.0,0.6934264036172708,0.2,1.0,1.0,0.6934264036172708,0.1,1.0,1.0,0.6934264036172708,0.5,1.0,1.0,1.0,1.0,0.0,1.0,1.0
local_ranker,eval_0231,"calcifediol | parathyroid hormone | calcitriol | ergocalciferol | calcium phosphate, tribasic | calcium lactate | westhroid | armour thyroid | thyquidity | thyroid desiccated | tirosint | cytomel | nature-throid | levothyroxine | synthroid | liothyronine | cenestin | levoxyl | rayaldee | estradiol",thyroid desiccated | armour thyroid | levothyroxine,1000,112,112,1000,1000,0,1000,0.0,0.0,0.0,0.0,0.2,0.6666666666666666,1.0,0.22977797194431904,0.15,1.0,1.0,0.375710046601019,0.125,1.0,1.0,1.0,1.0,0.0,0.0,1.0
local_ranker,eval_0207,dexamethasone | clobetasol | fluocinolone | cymbalta | duloxetine | capsaicin | zostrix | capzasin-hp | ibuprofen | naproxen | zostrix diabetic foot pain | aleve | liraglutide | victoza | byetta | glyset | miglitol | bydureon | exenatide | invokamet xr,duloxetine | cymbalta,1000,476,273,813,1000,0,1000,0.4,1.0,1.0,0.5012658353418872,0.2,1.0,1.0,0.5012658353418872,0.1,1.0,1.0,0.5012658353418872,0.25,1.0,1.0,1.0,1.0,0.0,1.0,1.0
local_ranker,eval_0233,adalimumab | remicade | humira | infliximab | cyclosporine | prednisone | prednisolone | methylprednisolone | hydrocortisone | dexamethasone | triamcinolone | tazarotene | tazorac | doxycycline | enbrel | minocycline | tetracycline | methotrexate | tacrolimus | iloperidone,prednisone | adalimumab | humira,1000,164,164,238,1000,0,1000,0.4,0.6666666666666666,1.0,0.7636451603657846,0.3,1.0,1.0,0.8845411134869182,0.15,1.0,1.0,0.8845411134869182,1.0,1.0,1.0,1.0,1.0,0.0,1.0,1.0
local_ranker,eval_0223,triamcinolone | sucralfate | ciprofloxacin | ofloxacin | levofloxacin | doxycycline | cipro | diclofenac | remicade | adalimumab | humira | infliximab | famotidine / ibuprofen | duexis | ibuprofen | vimovo | naproxen | golimumab | esomeprazole / naproxen | flanax pain reliever,triamcinolone | sucralfate | prednisone | adalimumab,1000,325,325,672,1000,0,1000,0.4,0.5,1.0,0.6357429506707164,0.3,0.75,1.0,0.7301590175629314,0.15,0.75,1.0,0.7301590175629314,1.0,1.0,1.0,1.0,1.0,0.0,1.0,1.0
local_ranker,eval_0213,hytrin | terazosin | clonidine | catapres | aluminum chloride hexahydrate | drysol | hypercare | xerac ac | pima | tapazole | potassium iodide | onabotulinumtoxina | botox | gabapentin | benztropine | amitriptyline | oxybutynin | methimazole | propylthiouracil | sodium iodide-i-131,clonidine | catapres | terazosin | hytrin,1000,293,293,1000,1000,0,1000,0.8,1.0,1.0,1.0,0.4,1.0,1.0,1.0,0.2,1.0,1.0,1.0,1.0,1.0,1.0,1.0,1.0,0.0,1.0,1.0
local_ranker,eval_0218,metronidazole | tobramycin | vancocin hcl | flagyl | biaxin xl | zosyn | nafcillin | vancomycin | xenleta | lefamulin | penicillin vk | piperacillin / tazobactam | penicillin v potassium | filgrastim | cefuroxime | neupogen | oxymetholone | integra | ferralet 90 | rocephin,doxycycline | azithromycin,1000,132,132,1000,1000,0,1000,0.0,0.0,0.0,0.0,0.0,0.0,0.0,0.0,0.0,0.0,0.0,0.0,0.0,1.0,1.0,1.0,1.0,0.0,1.0,1.0
local_ranker,eval_0242,"calcifediol | calcitriol | parathyroid hormone | ergocalciferol | calcium phosphate, tribasic | calcium lactate | cenestin | rayaldee | estradiol | esterified estrogens | estropipate | thyroid desiccated | conjugated estrogens | dabrafenib | trametinib | premarin | armour thyroid | westhroid | estrace vaginal cream | estradiol / norethindrone",thyroid desiccated | armour thyroid | levothyroxine,1000,385,385,1000,1000,0,1000,0.0,0.0,0.0,0.0,0.0,0.0,0.0,0.0,0.1,0.6666666666666666,1.0,0.23935590562786113,0.08333333333333333,1.0,1.0,1.0,1.0,0.0,0.0,1.0
local_ranker,eval_0241,baclofen | lioresal | onabotulinumtoxina | botox | lorazepam | ativan | abobotulinumtoxina | dysport | myobloc | botulinum toxin type b | incobotulinumtoxina | xeomin | ibuprofen | naproxen | aleve | propranolol | verapamil | atenolol | corgard | metoprolol,baclofen | onabotulinumtoxina | botox | lioresal | propranolol,1000,187,187,1000,1000,0,1000,0.8,0.8,1.0,0.7541110877910315,0.4,0.8,1.0,0.7541110877910315,0.25,1.0,1.0,0.8455367883209016,1.0,1.0,1.0,1.0,1.0,0.0,1.0,1.0
local_ranker,eval_0237,methenamine | hiprex | sulfamethoxazole / trimethoprim | zyvox | linezolid | vibramycin | acidophilus | gentamicin | bactrim ds | minocycline | keflex | doripenem | doxycycline | cefepime | unasyn | ampicillin / sulbactam | lactobacillus acidophilus | cephalexin | itraconazole | diflucan,sulfamethoxazole / trimethoprim | bactrim | fluconazole,1000,287,287,481,1000,0,1000,0.2,0.3333333333333333,1.0,0.23463936301137825,0.1,0.3333333333333333,1.0,0.23463936301137825,0.05,0.3333333333333333,1.0,0.23463936301137825,0.3333333333333333,1.0,1.0,1.0,1.0,0.0,1.0,1.0
local_ranker,eval_0244,hydroxychloroquine | doxycycline | doxy 100 | lithium | divalproex sodium | depakote er | depakote | deltasone | valproic acid | prednisone | allopurinol | aspirin | kenalog-40 | medrol dosepak | depakote sprinkles | risperidone | methylprednisolone | risperdal | pyrimethamine | ceftriaxone,doxycycline | prednisone | methylprednisolone | hydroxychloroquine | doxy 100 | deltasone | diclofenac | naproxen,1000,446,446,1000,1000,0,1000,0.6,0.375,1.0,0.7227265726449517,0.5,0.625,1.0,0.7319545633317935,0.3,0.75,1.0,0.7961236113577345,1.0,1.0,1.0,1.0,1.0,0.0,1.0,1.0
local_ranker,eval_0252,lithium | topiramate | divalproex sodium | depakote er | depakote | levetiracetam | valproic acid | verapamil | clonazepam | cyproheptadine | propranolol | rizatriptan | lamotrigine | eletriptan | frova | treximet | naproxen / sumatriptan | maxalt-mlt | relpax | maxalt,gabapentin | propranolol,1000,179,179,1000,1000,0,1000,0.0,0.0,0.0,0.0,0.0,0.0,0.0,0.0,0.05,0.5,1.0,0.1963529852522958,0.09090909090909091,1.0,1.0,1.0,1.0,0.0,1.0,1.0
local_ranker,eval_0227,"typhoid vaccine, inactivated | typhoid vaccine, live | ampicillin | ceftriaxone | azithromycin | cipro | ciprofloxacin | sumatriptan | zolmitriptan | lithium | spironolactone | levocetirizine | diclofenac | xyzal | chlorpromazine | indomethacin | naprelan | amitriptyline | doxycycline | loratadine",ceftriaxone | ciprofloxacin,1000,7,7,1000,1000,0,1000,0.2,0.5,1.0,0.20210734650054757,0.2,1.0,1.0,0.4367467095119258,0.1,1.0,1.0,0.4367467095119258,0.25,1.0,1.0,1.0,1.0,0.0,0.0,1.0
local_ranker,eval_0232,doxylamine | hydroxyzine | acthar | xyzal | levocetirizine | loratadine | corticotropin | h.p. acthar gel | chlor-trimeton | chlorpheniramine | carbinoxamine | alavert | ketorolac | ala-hist ir | dexbrompheniramine / phenylephrine | equaline sleep aid | dexbrompheniramine | cromolyn | equate sleep aid | omalizumab,prednisone | promethazine,1000,76,76,558,1000,0,1000,0.0,0.0,0.0,0.0,0.0,0.0,0.0,0.0,0.0,0.0,0.0,0.0,0.0,1.0,1.0,1.0,1.0,0.0,1.0,1.0
local_ranker,eval_0257,rabeprazole | omeprazole / sodium bicarbonate | protonix | nexium | zantac | esomeprazole | omeprazole | carafate | lansoprazole | cimetidine | calcium carbonate | pepcid | pantoprazole | ranitidine | famotidine | sucralfate | mycophenolate mofetil | mesalamine | asacol | pentasa,rabeprazole | esomeprazole | lansoprazole,1000,80,80,468,1000,0,1000,0.2,0.3333333333333333,1.0,0.4692787260227565,0.3,1.0,1.0,0.7777061538487878,0.15,1.0,1.0,0.7777061538487878,1.0,1.0,1.0,1.0,1.0,0.0,1.0,1.0
local_ranker,eval_0251,oxybutynin | doxycycline | ibuprofen | naproxen | flanax pain reliever | aleve | naprosyn | triamcinolone | corticotropin | tetracycline | onabotulinumtoxina | botox | minocycline | amitriptyline | catapres | stelara | hytrin | enbrel | terazosin | etanercept,prednisone | enbrel | naproxen | triamcinolone | ibuprofen,1000,294,294,690,1000,0,1000,0.4,0.4,1.0,0.34779304207496975,0.3,0.6,1.0,0.4263856803826254,0.2,0.8,1.0,0.5143577920696693,0.3333333333333333,1.0,1.0,1.0,1.0,0.0,1.0,1.0
local_ranker,eval_0249,moxifloxacin | gentamicin | ciprofloxacin | levofloxacin | minocycline | doxycycline | rifampin | lansoprazole | amikacin | prednisone | dexamethasone | aluminum hydroxide / magnesium hydroxide / simethicone | aciphex | calcium carbonate / simethicone | prevacid | axid ar | rabeprazole | prilosec otc | nexium 24hr | nizatidine,doxycycline,1000,230,230,1000,1000,0,1000,0.0,0.0,0.0,0.0,0.1,1.0,1.0,0.3562071871080222,0.05,1.0,1.0,0.3562071871080222,0.16666666666666666,1.0,1.0,1.0,1.0,0.0,1.0,1.0
local_ranker,eval_0246,catapres | clonidine | hytrin | terazosin | sodium iodide-i-131 | propylthiouracil | gabapentin | aluminum chloride hexahydrate | amitriptyline | drysol | hypercare | oxybutynin | xerac ac | onabotulinumtoxina | botox | tapazole | pima | potassium iodide | benztropine | methimazole,thyroid desiccated | armour thyroid | levothyroxine,1000,352,126,1000,1000,0,1000,0.0,0.0,0.0,0.0,0.0,0.0,0.0,0.0,0.0,0.0,0.0,0.0,0.0,1.0,1.0,1.0,1.0,0.0,0.0,1.0
local_ranker,eval_0260,flanax pain reliever | ibuprofen | naproxen | naprosyn | aleve | ditropan xl | lidocaine | oxybutynin | doxycycline | doxy 100 | avelox | triamcinolone | moxifloxacin | levaquin | sulfamethoxazole / trimethoprim | cipro | levofloxacin | bactrim ds | smz-tmp ds | ciprofloxacin,naproxen,1000,25,25,273,1000,0,1000,0.2,1.0,1.0,0.5,0.1,1.0,1.0,0.5,0.05,1.0,1.0,0.5,0.3333333333333333,1.0,1.0,1.0,1.0,0.0,1.0,1.0
local_ranker,eval_0250,foscarnet | immune globulin intramuscular | doxycycline | sulfamethoxazole / trimethoprim | amitriptyline | valtrex | nortriptyline | ceftriaxone | gabapentin | cipro | valacyclovir | erythromycin | ciprofloxacin | acyclovir | dexamethasone | prednisone | metoclopramide | reglan | chlorpromazine | sumatriptan,valacyclovir | valtrex | acyclovir,1000,322,322,1000,1000,0,1000,0.0,0.0,0.0,0.0,0.1,0.3333333333333333,1.0,0.1671604549662023,0.15,1.0,1.0,0.41817810093245084,0.16666666666666666,1.0,1.0,1.0,1.0,0.0,1.0,1.0
local_ranker,eval_0261,iloperidone | thiothixene | perphenazine | stelara | chlorpromazine | desowen | fanapt | etanercept | ustekinumab | ammonium lactate / halobetasol | topicort | ultravate | taclonex | gengraf | methotrexate | halobetasol | ionil t | neoral | olux | remicade,enbrel,1000,164,164,164,1000,0,1000,0.0,0.0,0.0,0.0,0.0,0.0,0.0,0.0,0.0,0.0,0.0,0.0,0.0,1.0,1.0,1.0,1.0,0.0,1.0,1.0
local_ranker,eval_0264,mycophenolate mofetil | methylprednisolone | imuran | cellcept | azathioprine | hydrocortisone | prednisone | dexamethasone | triamcinolone | diclofenac | adalimumab | humira | remicade | golimumab | simponi | infliximab | famotidine / ibuprofen | sulfasalazine | duexis | prednisolone,adalimumab | humira | infliximab | remicade,1000,346,346,672,1000,0,1000,0.0,0.0,0.0,0.0,0.0,0.0,0.0,0.0,0.2,1.0,1.0,0.4124291747842724,0.09090909090909091,1.0,1.0,1.0,1.0,0.0,1.0,1.0
local_ranker,eval_0268,acthar | corticotropin | aristocort | prednisone | loteprednol | lotemax | prednisolone | triamcinolone | deltasone | doxylamine | hydroxyzine | xyzal | levocetirizine | loratadine | h.p. acthar gel | enbrel | cromolyn | auranofin | ridaura | alavert,prednisone | triamcinolone | prednisolone | loteprednol | lotemax,1000,322,322,340,1000,0,1000,0.4,0.4,1.0,0.2685909094045243,0.5,1.0,1.0,0.5829195175654946,0.25,1.0,1.0,0.5829195175654946,0.25,1.0,1.0,1.0,1.0,0.0,1.0,1.0
local_ranker,eval_0267,altabax | retapamulin | cefuroxime | doxycycline | cephalexin | keflex | bactrim | sulfamethoxazole / trimethoprim | minocycline | clindamycin | doxy 100 | bactrim ds | vibramycin | septra | septra ds | mupirocin | cefadroxil | smz-tmp ds | sulconazole | ozenoxacin,isotretinoin | accutane | adapalene / benzoyl peroxide | doxycycline | cefuroxime | mupirocin | retapamulin,1000,425,425,726,1000,0,1000,0.6,0.42857142857142855,1.0,0.4017792614235968,0.3,0.42857142857142855,1.0,0.3475870352433339,0.2,0.5714285714285714,1.0,0.4193709476833942,0.5,1.0,1.0,1.0,1.0,0.0,1.0,1.0
local_ranker,eval_0253,etanercept | stelara | enbrel | ustekinumab | remicade | thiothixene | desowen | adalimumab | methotrexate | kenalog-10 | infliximab | humira | ionil t | betamethasone / calcipotriene | cosentyx | mg217 medicated tar | ixekizumab | taltz | tacrolimus | otrexup,prednisone | enbrel,1000,164,164,164,1000,0,1000,0.2,0.5,1.0,0.35195904451706733,0.1,0.5,1.0,0.35195904451706733,0.05,0.5,1.0,0.35195904451706733,0.3333333333333333,1.0,1.0,1.0,1.0,0.0,1.0,1.0
local_ranker,eval_0276,kenalog-40 | flunisolide | singulair | ciclesonide | caffeine | beclomethasone | montelukast | ceftibuten | cedax | mometasone | epinephrine | biaxin xl | xopenex | levalbuterol | methylprednisolone | ipratropium inhalation solution | ephedrine | methylprednisolone dose pack | alvesco | atrovent,prednisone,1000,221,221,1000,1000,0,1000,0.0,0.0,0.0,0.0,0.0,0.0,0.0,0.0,0.0,0.0,0.0,0.0,0.0,1.0,1.0,1.0,1.0,0.0,0.0,1.0
local_ranker,eval_0277,liraglutide | victoza | byetta | glyset | miglitol | glumetza | bydureon | exenatide | invokamet xr | metformin | xultophy | repaglinide | trulicity | amaryl | prandin | insulin degludec / liraglutide | glimepiride | ozempic | dapagliflozin / metformin | steglujan,liraglutide | victoza,1000,228,228,453,1000,0,1000,0.4,1.0,1.0,1.0,0.2,1.0,1.0,1.0,0.1,1.0,1.0,1.0,1.0,1.0,1.0,1.0,1.0,0.0,1.0,1.0
local_ranker,eval_0272,mycophenolate mofetil | methylprednisolone | hydrocortisone | azathioprine | imuran | cellcept | prednisone | dexamethasone | triamcinolone | budesonide | mercaptopurine | betamethasone | medrol dosepak | pancreatin | elocon | capex | olux-e | desonide | flurandrenolide | clobetasol,budesonide,1000,346,126,439,1000,0,1000,0.0,0.0,0.0,0.0,0.1,1.0,1.0,0.2890648263178879,0.05,1.0,1.0,0.2890648263178879,0.1,1.0,1.0,1.0,1.0,0.0,1.0,1.0
local_ranker,eval_0262,auranofin | ridaura | enbrel | ketoprofen | cataflam | cimzia | plaquenil | rituximab | arthrotec | mobic | meloxicam | voltaren | alemtuzumab | motrin ib | probenecid | certolizumab | rituxan | hydroxychloroquine | pennsaid | diclofenac / misoprostol,diclofenac | tramadol | acetaminophen / hydrocodone,1000,255,255,273,1000,0,1000,0.0,0.0,0.0,0.0,0.0,0.0,0.0,0.0,0.0,0.0,0.0,0.0,0.0,1.0,1.0,1.0,1.0,0.0,1.0,1.0
local_ranker,eval_0275,methenamine | abilify | trospium | aripiprazole | hiprex | ziprasidone | zyvox | uta | linezolid | hyoscyamine / methenamine / methylene blue / sodium biphosphate | paliperidone | geodon | furadantin | duricef | urogesic blue | risperdal | lithostat | phosphasal | acetohydroxamic acid | hydroxyzine,doxycycline,1000,172,172,172,1000,0,1000,0.0,0.0,0.0,0.0,0.0,0.0,0.0,0.0,0.0,0.0,0.0,0.0,0.0,1.0,1.0,1.0,1.0,0.0,1.0,1.0
local_ranker,eval_0271,tretinoin | liraglutide | victoza | byetta | glyset | miglitol | bydureon | exenatide | invokamet xr | xultophy | trulicity | amaryl | insulin degludec / liraglutide | ozempic | glimepiride | dapagliflozin / metformin | steglujan | glipizide | glyburide | dulaglutide,tretinoin | doxycycline | spironolactone | liraglutide | victoza,1000,560,508,897,1000,0,1000,0.6,0.6,1.0,0.7629290830701226,0.3,0.6,1.0,0.7629290830701226,0.15,0.6,1.0,0.7629290830701226,1.0,1.0,1.0,1.0,1.0,0.0,1.0,1.0
local_ranker,eval_0279,carbinoxamine | xyzal | levocetirizine | loratadine | azelastine | olopatadine | allegra | fexofenadine | cyproheptadine | chlor-trimeton | cetirizine | zyrtec | chlorpheniramine | clarinex | promethazine | phenergan | dexchlorpheniramine | desloratadine | claritin | benadryl allergy,prednisone | promethazine | cyproheptadine | triamcinolone | azelastine | phenergan,1000,558,558,1000,1000,0,1000,0.2,0.16666666666666666,1.0,0.13120507751234178,0.2,0.3333333333333333,1.0,0.2081549963614216,0.2,0.6666666666666666,1.0,0.3578374442448933,0.2,1.0,1.0,1.0,1.0,0.0,1.0,1.0
local_ranker,eval_0284,azithromycin | amoxil | rocephin | amoxicillin | biaxin xl | augmentin | amoxicillin / clavulanate | azithromycin dose pack | omnicef | biaxin | doxycycline | moxifloxacin | ciprofloxacin | zithromax | prednisone | ceftriaxone | vantin | clarithromycin | ceftin | avelox,doxycycline | azithromycin | prednisone | sulfamethoxazole / trimethoprim | ceftriaxone,1000,319,319,1000,1000,0,1000,0.2,0.2,1.0,0.3985202681370658,0.1,0.2,1.0,0.3985202681370658,0.2,0.8,1.0,0.6372587465984423,1.0,1.0,1.0,1.0,1.0,0.0,1.0,1.0
local_ranker,eval_0281,xenleta | lefamulin | tobramycin | vancocin hcl | flagyl | neupogen | integra | oxymetholone | ferralet 90 | nafcillin | zosyn | filgrastim | multivitamin with iron | vancomycin | penicillin vk | pyrimethamine | metronidazole | integra f | piperacillin / tazobactam | epogen,doxycycline | azithromycin,1000,132,132,1000,1000,0,1000,0.0,0.0,0.0,0.0,0.0,0.0,0.0,0.0,0.0,0.0,0.0,0.0,0.0,1.0,1.0,1.0,1.0,0.0,1.0,1.0
local_ranker,eval_0269,liraglutide | victoza | byetta | glyset | miglitol | exenatide | bydureon | invokamet xr | xultophy | insulin degludec / liraglutide | trulicity | ozempic | dapagliflozin / metformin | dulaglutide | steglujan | jentadueto xr | semaglutide | xigduo xr | ertugliflozin / sitagliptin | synjardy,liraglutide | victoza,1000,228,228,1000,1000,0,1000,0.4,1.0,1.0,1.0,0.2,1.0,1.0,1.0,0.1,1.0,1.0,1.0,1.0,1.0,1.0,1.0,1.0,0.0,1.0,1.0
local_ranker,eval_0270,mupirocin | altabax | retapamulin | cefadroxil | ozenoxacin | sulconazole | ammoniated mercury | cefuroxime | levocetirizine | epivir-hbv | xyzal | valacyclovir | stribild | cobicistat / elvitegravir / emtricitabine / tenofovir | loratadine | tenofovir | efavirenz / emtricitabine / tenofovir | atripla | viread | acyclovir,cefuroxime | mupirocin | retapamulin,1000,8,8,1000,1000,0,1000,0.4,0.6666666666666666,1.0,0.7636451603657846,0.3,1.0,1.0,0.8707132609981447,0.15,1.0,1.0,0.8707132609981447,1.0,1.0,1.0,1.0,1.0,0.0,1.0,1.0
local_ranker,eval_0280,clindamycin | doxy 100 | sulfamethoxazole / trimethoprim | doxycycline | bactrim ds | keflex | vibramycin | minocycline | cephalexin | bactrim | septra ds | septra | smz-tmp ds | doryx | altabax | retapamulin | isotretinoin | dapsone | accutane | adapalene / benzoyl peroxide,doxycycline | clindamycin | minocycline,1000,420,420,888,1000,0,1000,0.4,0.6666666666666666,1.0,0.6713860725233042,0.3,1.0,1.0,0.8194270280062369,0.15,1.0,1.0,0.8194270280062369,1.0,1.0,1.0,1.0,1.0,0.0,1.0,1.0
local_ranker,eval_0287,ativan | lorazepam | onabotulinumtoxina | botox | bismuth subsalicylate | olanzapine | sulfamethoxazole / trimethoprim | amitriptyline | doxycycline | nortriptyline | loperamide | minocycline | anti-diarrheal | atropine / diphenoxylate | pepto-bismol | sumatriptan | lomotil | motofen | pamelor | crofelemer,onabotulinumtoxina | gabapentin | amitriptyline,1000,155,147,257,1000,0,1000,0.2,0.3333333333333333,1.0,0.23463936301137822,0.2,0.6666666666666666,1.0,0.38268031849431083,0.1,0.6666666666666666,1.0,0.38268031849431083,0.3333333333333333,1.0,1.0,1.0,1.0,0.0,1.0,1.0
local_ranker,eval_0273,propranolol | verapamil | benicar | innopran xl | atenolol | metoprolol | corgard | verelan pm | clonidine | lisinopril | tenormin | calan sr | inderal | olmesartan | candesartan | prinivil | amlodipine | catapres | inderal la | nadolol,propranolol | clonidine,1000,433,433,1000,1000,0,1000,0.2,0.5,1.0,0.7039180890341347,0.2,1.0,1.0,0.8451850618939637,0.1,1.0,1.0,0.8451850618939637,1.0,1.0,1.0,1.0,1.0,0.0,1.0,1.0
local_ranker,eval_0292,enbrel | auranofin | ketoprofen | ridaura | cataflam | arthrotec | mobic | voltaren | meloxicam | motrin ib | diclofenac / misoprostol | naprelan | pennsaid | diclofenac | cimzia | plaquenil | rituximab | indomethacin | trolamine salicylate | clinoril,diclofenac,1000,255,255,255,1000,0,1000,0.0,0.0,0.0,0.0,0.0,0.0,0.0,0.0,0.05,1.0,1.0,0.2559580248098155,0.07142857142857142,1.0,1.0,1.0,1.0,0.0,1.0,1.0
local_ranker,eval_0278,zyvox | linezolid | gentamicin | acidophilus | cefepime | unasyn | ampicillin / sulbactam | doripenem | fluconazole | rocephin | lactobacillus acidophilus | methenamine | itraconazole | diflucan | hiprex | meropenem | keflex | amikacin | cephalexin | ceftin,doxycycline | azithromycin | bactrim | fluconazole,1000,287,287,481,1000,0,1000,0.0,0.0,0.0,0.0,0.1,0.25,1.0,0.13370905388163215,0.05,0.25,1.0,0.13370905388163215,0.1111111111111111,1.0,1.0,1.0,1.0,0.0,1.0,1.0
local_ranker,eval_0297,aluminum hydroxide / magnesium hydroxide / simethicone | aciphex | prevacid | axid ar | prilosec otc | nexium 24hr | calcium carbonate / simethicone | nizatidine | mylanta | rabeprazole | dexlansoprazole | protonix iv | zegerid | pepcid ac chewable tablets | cimetidine | omeprazole | dexilant | lansoprazole | gelusil | prilosec,aciphex | dexlansoprazole | rabeprazole,1000,45,45,222,1000,0,1000,0.2,0.3333333333333333,1.0,0.2960819109658653,0.2,0.6666666666666666,1.0,0.431733884398313,0.15,1.0,1.0,0.5626358745665102,0.5,1.0,1.0,1.0,1.0,0.0,1.0,1.0
local_ranker,eval_0296,stelara | etanercept | ustekinumab | taclonex | ionil t | betamethasone / calcipotriene | adalimumab | mg217 medicated tar | ixekizumab | taltz | duobrii | halobetasol / tazarotene | tacrolimus | taclonex scalp | thiothixene | remicade | proctofoam hc | humira | vectical | kenalog-10,prednisone | enbrel,1000,164,164,164,1000,0,1000,0.0,0.0,0.0,0.0,0.0,0.0,0.0,0.0,0.0,0.0,0.0,0.0,0.0,1.0,1.0,1.0,1.0,0.0,1.0,1.0
local_ranker,eval_0291,pyridoxine | cefotaxime | lansoprazole | amitriptyline | sulfamethoxazole / trimethoprim | gabapentin | minocycline | erythromycin | ceftriaxone | doxycycline | ciprofloxacin | dexamethasone | hydroxyzine | olanzapine | promethazine | phenergan | xylocaine jelly | bismuth subsalicylate | lorazepam | ativan,doxycycline,1000,145,145,956,1000,0,1000,0.0,0.0,0.0,0.0,0.1,1.0,1.0,0.2890648263178879,0.05,1.0,1.0,0.2890648263178879,0.1,1.0,1.0,1.0,1.0,0.0,1.0,1.0
local_ranker,eval_0290,xopenex | levalbuterol | cinqair | ipratropium inhalation solution | methylprednisolone dose pack | alvesco | rayos | atrovent | reslizumab | fluticasone / vilanterol | mepolizumab | nucala | fasenra | guaifenesin | dulera | floxin | robafen | formoterol / mometasone | atrovent hfa | singulair,prednisone,1000,221,221,505,1000,0,1000,0.0,0.0,0.0,0.0,0.0,0.0,0.0,0.0,0.0,0.0,0.0,0.0,0.0,1.0,1.0,1.0,1.0,0.0,1.0,1.0
local_ranker,eval_0300,golimumab | mycophenolate mofetil | simponi | adalimumab | humira | remicade | diclofenac | methylprednisolone | imuran | azathioprine | cellcept | infliximab | hydrocortisone | sulfasalazine | famotidine / ibuprofen | triamcinolone | duexis | vimovo | prednisone | dexamethasone,adalimumab | humira,1000,311,259,273,1000,0,1000,0.4,1.0,1.0,0.5012658353418872,0.2,1.0,1.0,0.5012658353418872,0.1,1.0,1.0,0.5012658353418872,0.25,1.0,1.0,1.0,1.0,0.0,1.0,1.0
local_ranker,eval_0294,dapsone | clindamycin | tobramycin | azithromycin | neupogen | gentamicin | oxymetholone | integra | filgrastim | ferralet 90 | doxycycline | sulfamethoxazole / trimethoprim | pyrimethamine | multivitamin with iron | xenleta | lefamulin | minocycline | metronidazole | pyridoxine | moxifloxacin,doxycycline | azithromycin,1000,132,132,1000,1000,0,1000,0.2,0.5,1.0,0.3031610197508214,0.1,0.5,1.0,0.3031610197508214,0.1,1.0,1.0,0.4340630099190186,0.25,1.0,1.0,1.0,1.0,0.0,1.0,1.0
local_ranker,eval_0293,chlorpromazine | thorazine | haloperidol | doxycycline | haldol | lithium | pyrimethamine | clindamycin | coartem | artemether / lumefantrine | fansidar | halfan | halofantrine | stavzor | daraprim | pyrimethamine / sulfadoxine | risperdal | doxy 100 | valproic acid | divalproex sodium,doxycycline | sulfamethoxazole / trimethoprim,1000,174,174,991,1000,0,1000,0.2,0.5,1.0,0.3031610197508214,0.1,0.5,1.0,0.3031610197508214,0.05,0.5,1.0,0.3031610197508214,0.25,1.0,1.0,1.0,1.0,0.0,1.0,1.0
local_ranker,eval_0298,topiramate | lyrica | pregabalin | neurontin | topamax | gabapentin | nortriptyline | lisinopril | clonidine | amitriptyline | onabotulinumtoxina | botox | catapres | metoclopramide | reglan | prednisone | insulin regular | sodium bicarbonate | fosinopril | captopril,topiramate | amitriptyline,1000,399,399,1000,1000,0,1000,0.2,0.5,1.0,0.7039180890341347,0.2,1.0,1.0,0.8395700624665824,0.1,1.0,1.0,0.8395700624665824,1.0,1.0,1.0,1.0,1.0,0.0,0.0,1.0
local_ranker,eval_0286,elavil | amitriptyline | ampicillin | ceftriaxone | cipro | ciprofloxacin | doxycycline | sulfamethoxazole / trimethoprim | risperidone | azithromycin | risperdal | allopurinol | hydroxyzine | lactobacillus acidophilus | venlafaxine | phosphorated carbohydrate solution | minocycline | atarax | ofloxacin | memantine,doxycycline | sulfamethoxazole / trimethoprim | sumatriptan | azithromycin,1000,471,471,1000,1000,0,1000,0.0,0.0,0.0,0.0,0.3,0.75,1.0,0.32442178849625275,0.15,0.75,1.0,0.32442178849625275,0.14285714285714285,1.0,1.0,1.0,1.0,0.0,1.0,1.0
local_ranker,eval_0289,ativan | lorazepam | baclofen | dysport | abobotulinumtoxina | lioresal | myobloc | botulinum toxin type b | onabotulinumtoxina | botox | incobotulinumtoxina | xeomin | spironolactone | propranolol | aldactone | azor | amlodipine / olmesartan | amlodipine / hydrochlorothiazide / valsartan | nitroglycerin | exforge hct,baclofen,1000,12,12,438,1000,0,1000,0.2,1.0,1.0,0.5,0.1,1.0,1.0,0.5,0.05,1.0,1.0,0.5,0.3333333333333333,1.0,1.0,1.0,1.0,0.0,0.0,1.0
