mode,query_id,recommended,relevant,candidate_union_size,disease,strict,symptom,bm25,dense,prior,precision@5,recall@5,hit@5,ndcg@5,precision@10,recall@10,hit@10,ndcg@10,precision@20,recall@20,hit@20,ndcg@20,mrr,stage_hit_disease,stage_hit_strict,stage_hit_symptom,stage_hit_bm25,stage_hit_dense,stage_hit_prior,stage_hit_union
label_idf_only,eval_0011,septra | cephalexin | septra ds | doxycycline | doxy 100 | clindamycin | vibramycin | minocycline | keflex | sulfamethoxazole / trimethoprim | bactrim ds | bactrim | smz-tmp ds | cerave sa renewing | meted | vestura | veltin | vanoxide-hc | chaparral | magnesium hydroxide,doxycycline | clindamycin | sulfamethoxazole / trimethoprim,420,273,273,420,0,0,0,0.2,0.3333333333333333,1.0,0.2192560461704936,0.3,1.0,1.0,0.49870795614091906,0.15,1.0,1.0,0.49870795614091906,0.25,1.0,1.0,1.0,0.0,0.0,0.0,1.0
label_idf_only,eval_0006,prednisolone | hydrocortisone | triamcinolone | calcium carbonate | ciprofloxacin | dexamethasone | prednisone | c1 esterase inhibitor (human) | locoid lipocream | capecitabine | lidex | levonorgestrel | levoleucovorin | kenalog-40 | busulfan | trace elements | lanadelumab | lotemax | kenalog | kalbitor,ciprofloxacin,1000,80,80,1000,0,0,0,0.2,1.0,1.0,0.38685280723454163,0.1,1.0,1.0,0.38685280723454163,0.05,1.0,1.0,0.38685280723454163,0.2,1.0,1.0,1.0,0.0,0.0,0.0,1.0
label_idf_only,eval_0009,ery-tab | vantin | cefprozil | ceftibuten | ceftin | ceftriaxone | cefuroxime | cefzil | umeclidinium | umeclidinium / vilanterol | uniphyl | maxair | maxair autohaler | medrol | cefixime | medrol dosepak | ciclesonide | ventolin | ventolin hfa | cilastatin / imipenem,prednisone,1000,221,221,1000,0,0,0,0.0,0.0,0.0,0.0,0.0,0.0,0.0,0.0,0.0,0.0,0.0,0.0,0.0,1.0,1.0,1.0,0.0,0.0,0.0,1.0
label_idf_only,eval_0016,ery pads | magnesium hydroxide | meted | vibramycin | vestura | veltin | vanoxide-hc | chaparral | cerave sa renewing | clindets | cephalexin | loryna | carboplatin | twyneo | loestrin fe 1 / 20 | loestrin 24 fe | claravis | clarifoam ef | clascoterone | cleanse & treat,isotretinoin | accutane | adapalene / benzoyl peroxide,726,273,273,726,0,0,0,0.0,0.0,0.0,0.0,0.0,0.0,0.0,0.0,0.0,0.0,0.0,0.0,0.0,1.0,1.0,1.0,0.0,0.0,0.0,1.0
label_idf_only,eval_0019,naprosyn | ibuprofen | triamcinolone | naproxen | flanax pain reliever | doxycycline | aleve | doxy 100 | cephalexin | septra ds | lidocaine | levofloxacin | levaquin | moxifloxacin | smz-tmp ds | oxybutynin | ciprofloxacin | cipro | sulfamethoxazole / trimethoprim | bactrim ds,naproxen | triamcinolone,273,273,273,273,0,0,0,0.4,1.0,1.0,0.5706417189553201,0.2,1.0,1.0,0.5706417189553201,0.1,1.0,1.0,0.5706417189553201,0.3333333333333333,1.0,1.0,1.0,0.0,0.0,0.0,1.0
label_idf_only,eval_0010,pramosone | ustekinumab | mebendazole | medotar | chlorpromazine | vectical | methotrexate | methoxsalen | methylprednisolone | mg217 medicated tar | clobetasol | clobex | clocortolone | cloderm | coal tar | coal tar / salicylic acid / sulfur | coal tar/salicylic acid | coal tar/salicylic acid/sulfur | wynzora | chloramphenicol,prednisone | enbrel,882,164,164,882,0,0,0,0.0,0.0,0.0,0.0,0.0,0.0,0.0,0.0,0.0,0.0,0.0,0.0,0.0,1.0,1.0,1.0,0.0,0.0,0.0,1.0
label_idf_only,eval_0002,erythromycin | cilastatin / imipenem | cefprozil | ceftin | ceftriaxone | cefuroxime | cefzil | vantin | ciprofloxacin | cefixime | clarithromycin | moxifloxacin | zithromax | omnicef | doxycycline | prednisone | cefpodoxime | dexamethasone | cefdinir | avelox,prednisone,734,221,221,734,0,0,0,0.0,0.0,0.0,0.0,0.0,0.0,0.0,0.0,0.05,1.0,1.0,0.24465054211822604,0.0625,1.0,1.0,1.0,0.0,0.0,0.0,1.0
label_idf_only,eval_0017,ampicillin | ceftin | decadron | sulfamethoxazole / trimethoprim | flunisolide | bactrim ds | fluticasone | zithromax | bactrim | cefuroxime | azithromycin dose pack | azithromycin | cefzil | moxifloxacin | montelukast | avelox | mometasone | vantin | augmentin xr | amoxicillin,prednisone | methylprednisolone,1000,681,681,1000,0,0,0,0.0,0.0,0.0,0.0,0.0,0.0,0.0,0.0,0.0,0.0,0.0,0.0,0.0,1.0,1.0,1.0,0.0,0.0,0.0,1.0
label_idf_only,eval_0020,esgic | nortriptyline | diclofenac | dihydroergotamine | divalproex sodium | dolgic plus | dong quai | elavil | eletriptan | elyxyb | epidrin | ergomar | ergotamine | prednisone | pregabalin | prinivil | prodrin | propranolol | qudexy xr | reglan,propranolol,1000,179,179,947,0,0,0,0.0,0.0,0.0,0.0,0.0,0.0,0.0,0.0,0.05,1.0,1.0,0.23540891336663824,0.05555555555555555,1.0,1.0,0.0,0.0,0.0,0.0,1.0
label_idf_only,eval_0021,prasugrel | nitro td patch-a | dalteparin | nadolol | corgard | coreg cr | coreg | minitran | warfarin | clopidogrel | metoprolol tartrate | metoprolol | verelan pm | verelan | verapamil | vazalore | lovenox | carvedilol | lopressor | lisinopril,metoprolol,1000,90,90,1000,0,0,0,0.0,0.0,0.0,0.0,0.0,0.0,0.0,0.0,0.05,1.0,1.0,0.27023815442731974,0.08333333333333333,1.0,1.0,1.0,0.0,0.0,0.0,1.0
label_idf_only,eval_0012,prednisone | depakote er | clonazepam | clonidine | corgard | nadolol | zolmitriptan | nimodipine | nortriptyline | metoclopramide | norvasc | diclofenac | divalproex sodium | pamelor | elavil | propranolol | metoprolol | depakote | verelan pm | sumatriptan,propranolol,1000,179,179,1000,0,0,0,0.0,0.0,0.0,0.0,0.0,0.0,0.0,0.0,0.05,1.0,1.0,0.24465054211822604,0.0625,1.0,1.0,1.0,0.0,0.0,0.0,1.0
label_idf_only,eval_0008,esgic | valproic acid | memantine | venlafaxine | verapamil | verelan | verelan pm | methergine | methylergonovine | metoclopramide | metoprolol | vitamin b2 | clonazepam | clonidine | migergot | migraine relief | migranal | wellbutrin | motrin | zanaflex,gabapentin | propranolol,1000,179,179,1000,0,0,0,0.0,0.0,0.0,0.0,0.0,0.0,0.0,0.0,0.0,0.0,0.0,0.0,0.0,1.0,1.0,1.0,0.0,0.0,0.0,1.0
label_idf_only,eval_0005,prednisone | chlor-trimeton | promethazine | epinephrine | phenergan | diphenhydramine | olopatadine | dexchlorpheniramine | desloratadine | deltasone | cyproheptadine | xyzal | claritin | clarinex | chlorpheniramine | zyrtec | cetirizine | benadryl | famotidine | loratadine,promethazine | cyproheptadine,1000,558,517,958,0,0,0,0.2,0.5,1.0,0.3065735963827292,0.1,0.5,1.0,0.3065735963827292,0.1,1.0,1.0,0.4776066804504473,0.3333333333333333,1.0,1.0,1.0,0.0,0.0,0.0,1.0
label_idf_only,eval_0027,ibuprofen | naprosyn | triamcinolone | naproxen | flanax pain reliever | doxycycline | aleve | riabni | ridaura | bextra | xeljanz xr | duexis | rinvoq | duloxetine | minocycline | bioflavonoids | bioflavonoids / zinc glycinate | tetracycline | rituxan | rituximab,diclofenac | naproxen | triamcinolone,273,273,273,273,0,0,0,0.4,0.6666666666666666,1.0,0.38895497069622353,0.2,0.6666666666666666,1.0,0.38895497069622353,0.1,0.6666666666666666,1.0,0.38895497069622353,0.3333333333333333,1.0,1.0,1.0,0.0,0.0,0.0,1.0
label_idf_only,eval_0007,elavil | venlafaxine | memantine | amitriptyline | nadolol | corgard | benicar | calan sr | norvasc | atenolol | candesartan | catapres | olmesartan | metoprolol | clonidine | amlodipine | verapamil | inderal la | inderal | prinivil,propranolol | clonidine | amitriptyline | elavil,1000,600,471,698,0,0,0,0.4,0.5,1.0,0.5916660373127837,0.2,0.5,1.0,0.5916660373127837,0.15,0.75,1.0,0.6605921727571157,1.0,1.0,1.0,1.0,0.0,0.0,0.0,1.0
label_idf_only,eval_0034,dexamethasone | prednisone | mycophenolate mofetil | methylprednisolone | cellcept | hydrocortisone | azathioprine | triamcinolone | imuran | pancreatin | medrol dosepak | betamethasone | infliximab | duexis | diclofenac | vimovo | prednisolone | sulfazine | sulfasalazine | azulfidine,prednisone | methylprednisolone | triamcinolone | adalimumab | humira | infliximab | remicade,672,346,346,672,0,0,0,0.4,0.2857142857142857,1.0,0.360054614577234,0.3,0.42857142857142855,1.0,0.378524278437722,0.2,0.5714285714285714,1.0,0.4507204194703893,0.5,1.0,1.0,1.0,0.0,0.0,0.0,1.0
label_idf_only,eval_0036,prednisone | doxycycline | dexamethasone | minocycline | methotrexate | chloramphenicol | kenalog-40 | enbrel | otrexup | cosentyx | methylprednisolone | ustekinumab | triamcinolone | prednisolone | kenalog-10 | apremilast | tetracycline | etanercept | adalimumab | remicade,doxycycline | prednisone,952,544,544,952,0,0,0,0.4,1.0,1.0,1.0,0.2,1.0,1.0,1.0,0.1,1.0,1.0,1.0,1.0,1.0,1.0,1.0,0.0,0.0,0.0,1.0
label_idf_only,eval_0037,baclofen | lioresal | onabotulinumtoxina | botox | lorazepam | dysport | myobloc | xeomin | botulinum toxin type b | incobotulinumtoxina | ativan | abobotulinumtoxina | meclofenamate | chondroitin / glucosamine / methylsulfonylmethane | chondroitin / glucosamine | meloxicam | choline magnesium trisalicylate | medrol dosepak | medrol | celestone soluspan,diclofenac | onabotulinumtoxina | botox,570,267,267,570,0,0,0,0.4,0.6666666666666666,1.0,0.3537443585523369,0.2,0.6666666666666666,1.0,0.3537443585523369,0.1,0.6666666666666666,1.0,0.3537443585523369,0.3333333333333333,1.0,1.0,1.0,0.0,0.0,0.0,1.0
label_idf_only,eval_0023,catapres | hytrin | clonidine | terazosin | propylthiouracil | sodium iodide-i-131 | gabapentin | potassium iodide | pima | oxybutynin | onabotulinumtoxina | xerac ac | methimazole | drysol | botox | glycopyrronium | benztropine | amitriptyline | aluminum chloride hexahydrate | hypercare,thyroid desiccated | armour thyroid | levothyroxine,824,352,81,553,0,0,0,0.0,0.0,0.0,0.0,0.0,0.0,0.0,0.0,0.0,0.0,0.0,0.0,0.0,1.0,1.0,1.0,0.0,0.0,0.0,1.0
label_idf_only,eval_0039,erythromycin | cefdinir | cefprozil | ceftibuten | ceftin | cefuroxime | cefzil | vantin | medrol dosepak | ciclesonide | cipro | ciprofloxacin | clarithromycin | methylprednisolone | mometasone | montelukast | moxifloxacin | zithromax | decadron | deltasone,prednisone | methylprednisolone,1000,681,681,1000,0,0,0,0.0,0.0,0.0,0.0,0.0,0.0,0.0,0.0,0.05,0.5,1.0,0.1569399443779299,0.07142857142857142,1.0,1.0,1.0,0.0,0.0,0.0,1.0
label_idf_only,eval_0029,ery-tab | vantin | cefprozil | ceftibuten | ceftin | ceftriaxone | cefuroxime | cefzil | umeclidinium | umeclidinium / vilanterol | uniphyl | maxair | maxair autohaler | medrol | cefixime | medrol dosepak | ciclesonide | ventolin | ventolin hfa | cilastatin / imipenem,prednisone,1000,221,221,1000,0,0,0,0.0,0.0,0.0,0.0,0.0,0.0,0.0,0.0,0.0,0.0,0.0,0.0,0.0,1.0,1.0,1.0,0.0,0.0,0.0,1.0
label_idf_only,eval_0033,retapamulin | cefuroxime | ozenoxacin | mupirocin | altabax | cefadroxil | ammoniated mercury | sulconazole | granulex | balsam peru / castor oil | balsam peru / castor oil / trypsin | xenaderm | zinc oxide | clascoterone | vinblastine | cleanse & treat plus | cleanse & treat | methenamine | methoxsalen | methotrexate,cefuroxime | mupirocin | retapamulin,731,8,8,731,0,0,0,0.6,1.0,1.0,0.9674679834891694,0.3,1.0,1.0,0.9674679834891694,0.15,1.0,1.0,0.9674679834891694,1.0,1.0,1.0,1.0,0.0,0.0,0.0,1.0
label_idf_only,eval_0041,acidophilus | cipro | levofloxacin | linezolid | cefazolin | cefepime | ceftin | ceftriaxone | cefuroxime | unasyn | cephalexin | meropenem | lactobacillus acidophilus | ciprofloxacin | vibramycin | minocycline | moxifloxacin | zyvox | diflucan | doripenem,doxycycline | azithromycin | sulfamethoxazole / trimethoprim | bactrim | fluconazole,481,287,287,481,0,0,0,0.0,0.0,0.0,0.0,0.0,0.0,0.0,0.0,0.0,0.0,0.0,0.0,0.0,1.0,1.0,1.0,0.0,0.0,0.0,1.0
label_idf_only,eval_0018,esgic | valproic acid | memantine | venlafaxine | verapamil | verelan | verelan pm | methergine | methylergonovine | metoclopramide | metoprolol | vitamin b2 | clonazepam | clonidine | migergot | migraine relief | migranal | wellbutrin | motrin | zanaflex,gabapentin | propranolol,1000,179,179,1000,0,0,0,0.0,0.0,0.0,0.0,0.0,0.0,0.0,0.0,0.0,0.0,0.0,0.0,0.0,1.0,1.0,1.0,0.0,0.0,0.0,1.0
label_idf_only,eval_0045,esomeprazole | cimetidine | pepcid | pantoprazole | omeprazole / sodium bicarbonate | omeprazole | nexium | zantac | carafate | calcium carbonate | lansoprazole | sucralfate | ranitidine | rabeprazole | famotidine | protonix | diclofenac | clonidine | prednisone | metoclopramide,rabeprazole | esomeprazole | lansoprazole,660,109,109,660,0,0,0,0.2,0.3333333333333333,1.0,0.4692787260227565,0.1,0.3333333333333333,1.0,0.4692787260227565,0.15,1.0,1.0,0.720296371989005,1.0,1.0,1.0,1.0,0.0,0.0,0.0,1.0
label_idf_only,eval_0047,ozenoxacin | retapamulin | mupirocin | cefuroxime | altabax | ammoniated mercury | cefadroxil | sulconazole,mupirocin | retapamulin,8,8,8,8,0,0,0,0.4,1.0,1.0,0.6934264036172708,0.2,1.0,1.0,0.6934264036172708,0.1,1.0,1.0,0.6934264036172708,0.5,1.0,1.0,1.0,0.0,0.0,0.0,1.0
label_idf_only,eval_0049,esomeprazole | nizatidine | metoclopramide | zegerid | zegerid otc | mylanta | nexium | nexium 24hr | nexium iv | dexilant | tums regular strength | dexlansoprazole | omeprazole | omeprazole / sodium bicarbonate | pantoprazole | pepcid | pepcid ac chewable tablets | prevacid | cimetidine | carafate,aciphex | dexlansoprazole | rabeprazole,1000,45,45,1000,0,0,0,0.0,0.0,0.0,0.0,0.0,0.0,0.0,0.0,0.05,0.3333333333333333,1.0,0.12681701683239352,0.08333333333333333,1.0,1.0,1.0,0.0,0.0,0.0,1.0
label_idf_only,eval_0054,erythromycin | cefdinir | cefprozil | ceftibuten | ceftin | cefuroxime | cefzil | vantin | medrol dosepak | ciclesonide | cipro | ciprofloxacin | clarithromycin | methylprednisolone | mometasone | montelukast | moxifloxacin | zithromax | decadron | deltasone,prednisone | methylprednisolone,1000,681,681,1000,0,0,0,0.0,0.0,0.0,0.0,0.0,0.0,0.0,0.0,0.05,0.5,1.0,0.1569399443779299,0.07142857142857142,1.0,1.0,1.0,0.0,0.0,0.0,1.0
label_idf_only,eval_0053,erythromycin | cefdinir | cefprozil | ceftibuten | ceftin | cefuroxime | cefzil | vantin | medrol dosepak | ciclesonide | cipro | ciprofloxacin | clarithromycin | methylprednisolone | mometasone | montelukast | moxifloxacin | zithromax | decadron | deltasone,prednisone | methylprednisolone,1000,681,681,1000,0,0,0,0.0,0.0,0.0,0.0,0.0,0.0,0.0,0.0,0.05,0.5,1.0,0.1569399443779299,0.07142857142857142,1.0,1.0,1.0,0.0,0.0,0.0,1.0
label_idf_only,eval_0058,primaquine | coartem | malarone | valproic acid | chloroquine | chlorpromazine | mefloquine | clindamycin | daraprim | lariam | depakote | depakote er | depakote sprinkles | divalproex sodium | doxycycline | fansidar | lithium | doxy 100 | thorazine | halfan,doxycycline | clindamycin,1000,34,34,1000,0,0,0,0.0,0.0,0.0,0.0,0.1,0.5,1.0,0.1480409554829326,0.1,1.0,1.0,0.3240204777414663,0.125,1.0,1.0,1.0,0.0,0.0,0.0,1.0
label_idf_only,eval_0030,prednisolone | prednisone | epinephrine | xolair | cromolyn | aristocort | omalizumab | triamcinolone | deltasone | zyrtec | xyzal | cyproheptadine | dexchlorpheniramine | desloratadine | clarinex | diphenhydramine | pepcid | phenergan | claritin | olopatadine,prednisone | promethazine | cyproheptadine | methylprednisolone,1000,288,288,951,0,0,0,0.2,0.25,1.0,0.1868274958884324,0.1,0.25,1.0,0.1868274958884324,0.1,0.5,1.0,0.3068596802941631,0.5,1.0,1.0,1.0,0.0,0.0,0.0,1.0
label_idf_only,eval_0051,erythromycin | cedax | cefixime | cefpodoxime | cefprozil | ceftibuten | ceftin | ceftriaxone | cefuroxime | cefzil | vantin | medrol dosepak | ciclesonide | cilastatin / imipenem | cipro | ciprofloxacin | clarithromycin | methylprednisolone | mometasone | montelukast,prednisone,1000,221,221,1000,0,0,0,0.0,0.0,0.0,0.0,0.0,0.0,0.0,0.0,0.0,0.0,0.0,0.0,0.0,1.0,1.0,1.0,0.0,0.0,0.0,1.0
label_idf_only,eval_0050,ery-tab | vantin | cefprozil | ceftibuten | ceftin | ceftriaxone | cefuroxime | cefzil | umeclidinium | umeclidinium / vilanterol | uniphyl | maxair | maxair autohaler | medrol | cefixime | medrol dosepak | ciclesonide | ventolin | ventolin hfa | cilastatin / imipenem,prednisone,536,221,221,536,0,0,0,0.0,0.0,0.0,0.0,0.0,0.0,0.0,0.0,0.0,0.0,0.0,0.0,0.0,1.0,1.0,1.0,0.0,0.0,0.0,1.0
label_idf_only,eval_0055,"proglycem | diazoxide | calcium phosphate, tribasic | tricor | lipofen | lovaza | urea | magnesium amino acids chelate | magnesium carbonate | magnesium chloride | magnesium gluconate | magnesium oxide | magnesium sulfate | vascepa | omacor | calcium gluconate | omega-3 polyunsaturated fatty acids | dostinex | pamidronate | parathyroid hormone",gabapentin | amitriptyline,1000,236,236,1000,0,0,0,0.0,0.0,0.0,0.0,0.0,0.0,0.0,0.0,0.0,0.0,0.0,0.0,0.0,1.0,1.0,1.0,0.0,0.0,0.0,1.0
label_idf_only,eval_0059,erythromycin | cilastatin / imipenem | cefprozil | ceftin | ceftriaxone | cefuroxime | cefzil | vantin | ciprofloxacin | cefixime | clarithromycin | moxifloxacin | zithromax | dexamethasone | doxycycline | prednisone | cefpodoxime | omnicef | cefdinir | augmentin,prednisone,1000,221,221,1000,0,0,0,0.0,0.0,0.0,0.0,0.0,0.0,0.0,0.0,0.05,1.0,1.0,0.24465054211822604,0.0625,1.0,1.0,1.0,0.0,0.0,0.0,1.0
label_idf_only,eval_0057,prednisone | dexamethasone | moxifloxacin | levofloxacin | triamcinolone | doxycycline | ciprofloxacin | mintox plus | mintox | minocycline | milantex | mi-acid | metoclopramide | cimetidine | chloramphenicol | carafate | tums smoothies | zegerid otc | tums regular strength | tums chewy bites with gas relief (lemon & strawberry),prednisone,1000,323,323,1000,0,0,0,0.2,1.0,1.0,1.0,0.1,1.0,1.0,1.0,0.05,1.0,1.0,1.0,1.0,1.0,1.0,1.0,0.0,0.0,0.0,1.0
label_idf_only,eval_0042,prednisolone | acthar | aristocort | triamcinolone | lotemax | loteprednol | corticotropin | deltasone | prednisone | medrol dosepak | doxycycline | methylprednisolone | dexamethasone | canakinumab | aspirin | amoxicillin | kenalog-40 | meclofenamate | chondroitin / glucosamine / methylsulfonylmethane | chondroitin / glucosamine,prednisone | triamcinolone | methylprednisolone,796,322,322,796,0,0,0,0.2,0.3333333333333333,1.0,0.20210734650054762,0.2,0.6666666666666666,1.0,0.3433743193603766,0.15,1.0,1.0,0.47019133619277015,0.25,1.0,1.0,1.0,0.0,0.0,0.0,1.0
label_idf_only,eval_0070,erythromycin | cipro | cefixime | cefpodoxime | cefprozil | ceftibuten | ceftin | ceftriaxone | cefuroxime | cefzil | vantin | medrol dosepak | ciclesonide | cilastatin / imipenem | ciprofloxacin | cedax | clarithromycin | methylprednisolone | mometasone | moxifloxacin,prednisone,1000,221,221,977,0,0,0,0.0,0.0,0.0,0.0,0.0,0.0,0.0,0.0,0.0,0.0,0.0,0.0,0.0,1.0,1.0,1.0,0.0,0.0,0.0,1.0
label_idf_only,eval_0068,caffeine | ephedrine | prednisone | deltasone | cardizem cd | cartia xt | diltiazem | esmolol | phenylephrine | cardizem | clonidine | lisinopril | catapres | excedrin tension headache | metoclopramide | excedrin quick tab | reglan | acetaminophen / caffeine | acetaminophen / phenyltoloxamine | cyproheptadine,prednisone | diltiazem,1000,650,650,581,0,0,0,0.2,0.5,1.0,0.3065735963827292,0.2,1.0,1.0,0.5109559939712154,0.1,1.0,1.0,0.5109559939712154,0.3333333333333333,1.0,1.0,1.0,0.0,0.0,0.0,1.0
label_idf_only,eval_0072,pramosone | pramoxine | tronolane anesthetic for hemorrhoids | lmx 5 | nupercainal | recticare | lidocaine | proctosol-hc | proctofoam hc | proctofoam | hydrocortisone / pramoxine | anusol-hc suppositories | anucort-hc | hydrocortisone / lidocaine | hydrocortisone | phenylephrine / pramoxine | phenylephrine | analpram-hc | dibucaine | pramoxine / zinc oxide,hydrocortisone | pramoxine | proctofoam,22,20,20,22,0,0,0,0.2,0.3333333333333333,1.0,0.3212043018970804,0.2,0.6666666666666666,1.0,0.46836627233016775,0.15,1.0,1.0,0.5532157345930327,0.5,1.0,1.0,1.0,0.0,0.0,0.0,1.0
label_idf_only,eval_0069,triamcinolone | doxycycline | oxybutynin | prednisolone | hydrocortisone | tetracycline | kenalog-40 | methylprednisolone | minocycline | dexamethasone | prednisone | aleve | ibuprofen | flanax pain reliever | naprosyn | naproxen | cytoxan | zoledronic acid | myfortic | mycophenolic acid,prednisone | methylprednisolone | triamcinolone | naproxen,1000,294,294,1000,0,0,0,0.2,0.25,1.0,0.3903800499921017,0.2,0.5,1.0,0.5135312443624667,0.2,1.0,1.0,0.7179316962934068,1.0,1.0,1.0,1.0,0.0,0.0,0.0,1.0
label_idf_only,eval_0048,prednisone | cortisone | tetracycline | doxycycline | triamcinolone | dexamethasone | minocycline | sucralfate | moxifloxacin | ciprofloxacin | levofloxacin | tums regular strength | zegerid | mintox plus | mintox | milantex | mi-acid | metoclopramide | cimetidine | chloramphenicol,prednisone | triamcinolone | moxifloxacin | ciprofloxacin,1000,357,357,773,0,0,0,0.4,0.5,1.0,0.5413996682199069,0.4,1.0,1.0,0.7717609143252694,0.2,1.0,1.0,0.7717609143252694,1.0,1.0,1.0,1.0,0.0,0.0,0.0,1.0
label_idf_only,eval_0066,capsaicin | interferon gamma-1b | riabni | ridaura | bextra | duexis | rinvoq | duloxetine | minocycline | bioflavonoids | bioflavonoids / zinc glycinate | tetracycline | rituxan | rituximab | xeljanz | xeljanz xr | colchicine / probenecid | durolane | kenalog-10 | kenalog-40,diclofenac | tramadol,273,255,255,273,0,0,0,0.0,0.0,0.0,0.0,0.0,0.0,0.0,0.0,0.0,0.0,0.0,0.0,0.0,1.0,1.0,1.0,0.0,0.0,0.0,1.0
label_idf_only,eval_0074,prednisone | chlor-trimeton | promethazine | epinephrine | phenergan | diphenhydramine | olopatadine | dexchlorpheniramine | desloratadine | deltasone | cyproheptadine | xyzal | claritin | clarinex | chlorpheniramine | zyrtec | cetirizine | benadryl | famotidine | loratadine,promethazine | cyproheptadine,1000,558,517,958,0,0,0,0.2,0.5,1.0,0.3065735963827292,0.1,0.5,1.0,0.3065735963827292,0.1,1.0,1.0,0.4776066804504473,0.3333333333333333,1.0,1.0,1.0,0.0,0.0,0.0,1.0
label_idf_only,eval_0076,capsaicin | interferon gamma-1b | riabni | ridaura | bextra | duexis | rinvoq | duloxetine | minocycline | bioflavonoids | bioflavonoids / zinc glycinate | tetracycline | rituxan | rituximab | xeljanz | xeljanz xr | colchicine / probenecid | durolane | kenalog-10 | kenalog-40,diclofenac | tramadol | acetaminophen / hydrocodone,273,255,255,273,0,0,0,0.0,0.0,0.0,0.0,0.0,0.0,0.0,0.0,0.0,0.0,0.0,0.0,0.0,1.0,1.0,1.0,0.0,0.0,0.0,1.0
label_idf_only,eval_0061,tretinoin | tetracycline | minocycline | doxycycline | cephalexin | vestura | veltin | vanoxide-hc | chaparral | magnesium hydroxide | cerave sa renewing | carboplatin | loryna | meted | twyneo | loestrin fe 1 / 20 | loestrin 24 fe | lo-zumandimine | vibramycin | clarifoam ef,tretinoin | doxycycline | minocycline,670,500,500,670,0,0,0,0.6,1.0,1.0,0.9238850086262381,0.3,1.0,1.0,0.9238850086262381,0.15,1.0,1.0,0.9238850086262381,1.0,1.0,1.0,1.0,0.0,0.0,0.0,1.0
label_idf_only,eval_0082,"propylthiouracil | sodium iodide-i-131 | wp thyroid | levoxyl | calcifediol | calcium lactate | calcium phosphate, tribasic | liothyronine | liotrix | triostat | unithroid | cenestin | vandetanib | cinacalcet | climara | westhroid | cometriq | levothroid | conjugated estrogens | cytomel",thyroid desiccated | armour thyroid | levothyroxine,634,81,81,634,0,0,0,0.0,0.0,0.0,0.0,0.0,0.0,0.0,0.0,0.0,0.0,0.0,0.0,0.0,1.0,1.0,1.0,0.0,0.0,0.0,1.0
label_idf_only,eval_0060,naprosyn | ibuprofen | triamcinolone | naproxen | flanax pain reliever | doxycycline | aleve | doxy 100 | cephalexin | septra ds | lidocaine | levofloxacin | levaquin | moxifloxacin | smz-tmp ds | oxybutynin | ciprofloxacin | cipro | sulfamethoxazole / trimethoprim | bactrim ds,naproxen,273,273,273,273,0,0,0,0.2,1.0,1.0,0.4306765580733931,0.1,1.0,1.0,0.4306765580733931,0.05,1.0,1.0,0.4306765580733931,0.25,1.0,1.0,1.0,0.0,0.0,0.0,1.0
label_idf_only,eval_0083,septra | keflex | doxycycline | minocycline | clindamycin | vibramycin | cephalexin | doxy 100 | sulfamethoxazole / trimethoprim | bactrim ds | bactrim | smz-tmp ds | septra ds | tretinoin | dexamethasone | doxorubicin | erythromycin | doryx | dapsone | tetracycline,tretinoin | doxycycline | spironolactone | liraglutide,1000,646,646,794,0,0,0,0.2,0.25,1.0,0.20677840633299574,0.1,0.25,1.0,0.20677840633299574,0.1,0.5,1.0,0.3126315912496258,0.3333333333333333,1.0,1.0,1.0,0.0,0.0,0.0,1.0
label_idf_only,eval_0065,"propylthiouracil | sodium iodide-i-131 | hytrin | terazosin | botox | catapres | clonidine | onabotulinumtoxina | triostat | climara | cinacalcet | vandetanib | cenestin | unithroid | calcium lactate | liotrix | liothyronine | calcium phosphate, tribasic | wp thyroid | calcitriol",thyroid desiccated | armour thyroid | levothyroxine,748,81,81,748,0,0,0,0.0,0.0,0.0,0.0,0.0,0.0,0.0,0.0,0.0,0.0,0.0,0.0,0.0,1.0,1.0,1.0,0.0,0.0,0.0,1.0
label_idf_only,eval_0084,ceftin | omnicef | biaxin | amoxicillin | amoxicillin / clavulanate | amoxil | dexamethasone | levofloxacin | levaquin | augmentin | avelox | cilastatin / imipenem | azithromycin | azithromycin dose pack | zithromax | ciprofloxacin | sulfamethoxazole / trimethoprim | moxifloxacin | clarithromycin | gemifloxacin,doxycycline | azithromycin | prednisone | clindamycin,1000,319,319,1000,0,0,0,0.0,0.0,0.0,0.0,0.0,0.0,0.0,0.0,0.05,0.25,1.0,0.11666153319642673,0.07692307692307693,1.0,1.0,1.0,0.0,0.0,0.0,1.0
label_idf_only,eval_0078,prednisolone | cyproheptadine | dexbrompheniramine / phenylephrine | dexbrompheniramine | desloratadine | deltasone | nedocromil | zyrtec | zymine | cromolyn | chlorpheniramine | corticotropin | zaditor | xyzal | xolair | vistaril | claritin | clarinex | dexchlorpheniramine | olopatadine,prednisone | promethazine,558,76,76,558,0,0,0,0.0,0.0,0.0,0.0,0.0,0.0,0.0,0.0,0.0,0.0,0.0,0.0,0.0,1.0,1.0,1.0,0.0,0.0,0.0,1.0
label_idf_only,eval_0063,propranolol | carvedilol | ramipril | norvasc | nitroglycerin | nitro-dur | nifedipine | nadolol | corgard | coreg cr | coreg | metoprolol tartrate | metoprolol | verelan pm | verapamil | diltiazem | lopressor | isosorbide dinitrate | lisinopril | amlodipine,propranolol | verapamil | metoprolol | spironolactone,1000,335,335,975,0,0,0,0.2,0.25,1.0,0.4135568126659915,0.1,0.25,1.0,0.4135568126659915,0.15,0.75,1.0,0.6255665203906757,1.0,1.0,1.0,1.0,0.0,0.0,0.0,1.0
label_idf_only,eval_0089,ery pads | minocycline | durasal | tetracycline | altabax | minolira | binora | alquam-x acne therapy gel | minocin | doryx | winlevi | junel fe 1.5 / 30 | junel fe 1 / 20 | dulcolax milk of magnesia | fostex wash 10% | fostex medicated cleansing cream | altreno | keflex | vincasar pfs | vincristine,adapalene / benzoyl peroxide,273,273,273,273,0,0,0,0.0,0.0,0.0,0.0,0.0,0.0,0.0,0.0,0.0,0.0,0.0,0.0,0.0,1.0,1.0,1.0,0.0,0.0,0.0,1.0
label_idf_only,eval_0075,erythromycin | cipro | cefixime | cefpodoxime | cefprozil | ceftibuten | ceftin | ceftriaxone | cefuroxime | cefzil | vantin | medrol dosepak | ciclesonide | cilastatin / imipenem | ciprofloxacin | cedax | clarithromycin | methylprednisolone | mometasone | moxifloxacin,prednisone,1000,221,221,1000,0,0,0,0.0,0.0,0.0,0.0,0.0,0.0,0.0,0.0,0.0,0.0,0.0,0.0,0.0,1.0,1.0,1.0,0.0,0.0,0.0,1.0
label_idf_only,eval_0087,memantine | amitriptyline | elavil | venlafaxine | magnesium oxide | cefpodoxime | cefprozil | ceftin | ceftriaxone | cefuroxime | cefzil | cephalexin | allopurinol | vantin | cefdinir | cipro | clarithromycin | moxifloxacin | doryx | doxycycline,amitriptyline | venlafaxine | elavil,1000,347,347,927,0,0,0,0.6,1.0,1.0,0.7328286204777911,0.3,1.0,1.0,0.7328286204777911,0.15,1.0,1.0,0.7328286204777911,0.5,1.0,1.0,1.0,0.0,0.0,0.0,1.0
label_idf_only,eval_0093,prednisolone | betamethasone | triamcinolone | lotemax | loteprednol | ceftriaxone | cellcept | medrol dosepak | vimovo | methylprednisolone | corticotropin | mycophenolate mofetil | dexamethasone | diclofenac | doxycycline | pancreatin | duexis | prednisone | kenalog-40 | infliximab,doxycycline | prednisone,1000,255,255,1000,0,0,0,0.0,0.0,0.0,0.0,0.0,0.0,0.0,0.0,0.1,1.0,1.0,0.2830282739443353,0.06666666666666667,1.0,1.0,1.0,0.0,0.0,0.0,1.0
label_idf_only,eval_0073,cefuroxime | avelox | cleocin | clindamycin | ceftin | moxifloxacin | zithromax | levofloxacin | levaquin | dexamethasone | azithromycin dose pack | azithromycin | sulfamethoxazole / trimethoprim | augmentin | amoxicillin | prednisone | doxycycline | ciprofloxacin | amoxicillin / clavulanate | amoxil,doxycycline | azithromycin | prednisone | clindamycin | minocycline,1000,710,710,1000,0,0,0,0.2,0.2,1.0,0.12488956465093466,0.1,0.2,1.0,0.12488956465093466,0.2,0.8,1.0,0.38292372125607144,0.25,1.0,1.0,1.0,0.0,0.0,0.0,1.0
label_idf_only,eval_0095,prednisone | tums smoothies | zegerid otc | zegerid | moxifloxacin | mintox plus | mintox | minocycline | milantex | mi-acid | ciprofloxacin | cimetidine | chloramphenicol | carafate | cortisone | tums regular strength | tums chewy bites with gas relief (lemon & strawberry) | tricitrasol | calcium carbonate / simethicone | calcium carbonate / magnesium hydroxide / simethicone,prednisone,1000,109,109,1000,0,0,0,0.2,1.0,1.0,1.0,0.1,1.0,1.0,1.0,0.05,1.0,1.0,1.0,1.0,1.0,1.0,1.0,0.0,0.0,0.0,1.0
label_idf_only,eval_0092,ery pads | magnesium hydroxide | meted | vibramycin | vestura | veltin | vanoxide-hc | chaparral | cerave sa renewing | clindets | cephalexin | loryna | carboplatin | twyneo | loestrin fe 1 / 20 | loestrin 24 fe | claravis | clarifoam ef | clascoterone | cleanse & treat,adapalene / benzoyl peroxide,726,273,273,726,0,0,0,0.0,0.0,0.0,0.0,0.0,0.0,0.0,0.0,0.0,0.0,0.0,0.0,0.0,1.0,1.0,1.0,0.0,0.0,0.0,1.0
label_idf_only,eval_0094,trospium | risperdal m-tab | paliperidone | doxycycline | itraconazole | allopurinol | bethanechol | fosfomycin | minocycline | risperdal | furadantin | doryx | risperidone | keflex | duricef | rocephin | amikacin | monurol | pentosan polysulfate sodium | amitriptyline,doxycycline,172,172,172,172,0,0,0,0.2,1.0,1.0,0.43067655807339306,0.1,1.0,1.0,0.43067655807339306,0.05,1.0,1.0,0.43067655807339306,0.25,1.0,1.0,1.0,0.0,0.0,0.0,1.0
label_idf_only,eval_0079,famotidine | aluminum hydroxide / magnesium hydroxide / simethicone | lansoprazole | cimetidine | omeprazole | pantoprazole | ranitidine | excedrin quick tab | cyproheptadine | excedrin tension headache | deltasone | acetaminophen / phenyltoloxamine | acetaminophen / caffeine | prednisone | vicks nyquil cold & flu nighttime relief | claritin | clarithromycin | clarinex-d 12 hour | clarinex | vicks vaposteam,lansoprazole | ranitidine | omeprazole | pantoprazole,719,549,549,719,0,0,0,0.4,0.5,1.0,0.36676402026380395,0.4,1.0,1.0,0.605977443138692,0.2,1.0,1.0,0.605977443138692,0.3333333333333333,1.0,1.0,1.0,0.0,0.0,0.0,1.0
label_idf_only,eval_0097,promethazine | meclizine | esmolol | cardizem | cardizem cd | cartia xt | diltiazem | phenylephrine | prednisone | cyproheptadine | acetaminophen / phenyltoloxamine | excedrin quick tab | acetaminophen / caffeine | excedrin tension headache | deltasone | vicks nyquil severe cold & flu | clarithromycin | clarinex-d 12 hour | clarinex | vicks vaposteam,promethazine | meclizine | phenylephrine | propranolol,1000,684,684,881,0,0,0,0.4,0.5,1.0,0.6357429506707164,0.3,0.75,1.0,0.7387819585228543,0.15,0.75,1.0,0.7387819585228543,1.0,1.0,1.0,1.0,0.0,0.0,0.0,1.0
label_idf_only,eval_0102,flurandrenolide | triamcinolone | zenpep | hydrocortisone | kenalog | mercaptopurine | eucrisa | desonide | desoximetasone | lidex | diprolene af | mometasone | cellcept | pimecrolimus | dexamethasone | tacrolimus | alclometasone | fluocinolone | protopic | fluocinonide,prednisone | methylprednisolone,54,49,49,54,0,0,0,0.0,0.0,0.0,0.0,0.0,0.0,0.0,0.0,0.0,0.0,0.0,0.0,0.0,1.0,1.0,1.0,0.0,0.0,0.0,1.0
label_idf_only,eval_0096,triamcinolone | sucralfate | ciprofloxacin | ofloxacin | levofloxacin | doxycycline | cipro | naprosyn | naproxen | ibuprofen | aleve | flanax pain reliever | sulfamethoxazole / trimethoprim | smz-tmp ds | avelox | bactrim | bactrim ds | doxy 100 | levaquin | lidocaine,triamcinolone | sucralfate,672,311,311,672,0,0,0,0.4,1.0,1.0,0.9134015924715543,0.2,1.0,1.0,0.9134015924715543,0.1,1.0,1.0,0.9134015924715543,1.0,1.0,1.0,1.0,0.0,0.0,0.0,1.0
label_idf_only,eval_0100,lidocaine | pramosone | hydrocortisone / pramoxine | hydrocortisone | recticare | tronolane anesthetic for hemorrhoids | anusol-hc suppositories | anucort-hc | phenylephrine / pramoxine | phenylephrine | analpram-hc | lmx 5 | dibucaine | pramoxine | proctosol-hc | proctofoam hc | proctofoam | hydrocortisone / lidocaine | pramoxine / zinc oxide | nupercainal,hydrocortisone | hydrocortisone / pramoxine | lidocaine,275,164,164,275,0,0,0,0.6,1.0,1.0,0.8288615669472547,0.3,1.0,1.0,0.8288615669472547,0.15,1.0,1.0,0.8288615669472547,1.0,1.0,1.0,1.0,0.0,0.0,0.0,1.0
label_idf_only,eval_0103,naprosyn | ibuprofen | triamcinolone | naproxen | flanax pain reliever | doxycycline | aleve | doxy 100 | cephalexin | septra ds | lidocaine | levofloxacin | levaquin | moxifloxacin | smz-tmp ds | oxybutynin | ciprofloxacin | cipro | sulfamethoxazole / trimethoprim | bactrim ds,naproxen | triamcinolone,273,273,273,273,0,0,0,0.4,1.0,1.0,0.5378003827621997,0.2,1.0,1.0,0.5378003827621997,0.1,1.0,1.0,0.5378003827621997,0.3333333333333333,1.0,1.0,1.0,0.0,0.0,0.0,1.0
label_idf_only,eval_0111,prednisolone | cyproheptadine | dexbrompheniramine / phenylephrine | dexbrompheniramine | desloratadine | deltasone | nedocromil | zyrtec | zymine | cromolyn | chlorpheniramine | corticotropin | zaditor | xyzal | xolair | vistaril | claritin | clarinex | dexchlorpheniramine | olopatadine,prednisone | promethazine,558,76,76,558,0,0,0,0.0,0.0,0.0,0.0,0.0,0.0,0.0,0.0,0.0,0.0,0.0,0.0,0.0,1.0,1.0,1.0,0.0,0.0,0.0,1.0
label_idf_only,eval_0107,prochlorperazine | haloperidol | thorazine | chlorpromazine | minocycline | compazine | dexamethasone | doxycycline | haldol | mometasone | clobetasol | clobex | clocortolone | cloderm | coal tar | olux | cordran tape | cutar | desonide | triamcinolone,prednisone | mometasone | clobetasol,389,300,300,389,0,0,0,0.0,0.0,0.0,0.0,0.1,0.3333333333333333,1.0,0.13565197343244778,0.1,0.6666666666666666,1.0,0.266553963600645,0.1,1.0,1.0,1.0,0.0,0.0,0.0,1.0
label_idf_only,eval_0086,tretinoin | dexamethasone | doxycycline | dapsone | minocycline | clindamycin | sulfamethoxazole / trimethoprim | erythromycin | liraglutide | trulicity | capsaicin | lixisenatide | lisinopril | trijardy xr | canagliflozin / metformin | canagliflozin | capzasin-hp | linagliptin / metformin | linagliptin | captopril,tretinoin | doxycycline | spironolactone | liraglutide | victoza | clindamycin,1000,625,625,923,0,0,0,0.4,0.3333333333333333,1.0,0.5087403079104241,0.4,0.6666666666666666,1.0,0.6771136817539343,0.2,0.6666666666666666,1.0,0.6771136817539343,1.0,1.0,1.0,1.0,0.0,0.0,0.0,1.0
label_idf_only,eval_0067,baclofen | lioresal | onabotulinumtoxina | botox | abobotulinumtoxina | ativan | incobotulinumtoxina | botulinum toxin type b | lorazepam | xeomin | myobloc | dysport | naproxen | aleve | ibuprofen | levaquin | smz-tmp ds | avelox | bactrim | bactrim ds,onabotulinumtoxina | botox | naproxen | ibuprofen | aleve,1000,187,187,945,0,0,0,0.4,0.4,1.0,0.3708934714722901,0.2,0.4,1.0,0.3708934714722901,0.25,1.0,1.0,0.5750972653672274,0.3333333333333333,1.0,1.0,1.0,0.0,0.0,0.0,1.0
label_idf_only,eval_0106,prednisolone | kenalog-40 | lotemax | loteprednol | ustekinumab | methotrexate | methylprednisolone | minocycline | corticotropin | cosentyx | naprosyn | naproxen | otezla | otrexup | doxycycline | enbrel | prednisone | triamcinolone | dexamethasone | kenalog-10,prednisone | enbrel,573,255,255,573,0,0,0,0.0,0.0,0.0,0.0,0.0,0.0,0.0,0.0,0.1,1.0,1.0,0.297047133774748,0.0625,1.0,1.0,1.0,0.0,0.0,0.0,1.0
label_idf_only,eval_0090,fluconazole | cephalexin | cefazolin | cefepime | ceftin | ceftriaxone | cefuroxime | unasyn | cipro | levofloxacin | meropenem | ciprofloxacin | minocycline | moxifloxacin | zyvox | rocephin | linezolid | doxycycline | levaquin | septra ds,sulfamethoxazole / trimethoprim | bactrim | fluconazole,1000,287,287,1000,0,0,0,0.2,0.3333333333333333,1.0,0.4692787260227565,0.1,0.3333333333333333,1.0,0.4692787260227565,0.05,0.3333333333333333,1.0,0.4692787260227565,1.0,1.0,1.0,1.0,0.0,0.0,0.0,1.0
label_idf_only,eval_0115,prednisolone | acthar | aristocort | triamcinolone | lotemax | loteprednol | corticotropin | deltasone | prednisone | zymine | dexchlorpheniramine | dexbrompheniramine / phenylephrine | dexbrompheniramine | desloratadine | nedocromil | zyrtec | xolair | cyproheptadine | cromolyn | zaditor,prednisone | triamcinolone | corticotropin | prednisolone | loteprednol | lotemax,322,322,322,322,0,0,0,0.6,0.5,1.0,0.6164336326286644,0.6,1.0,1.0,0.8465309287696057,0.3,1.0,1.0,0.8465309287696057,1.0,1.0,1.0,1.0,0.0,0.0,0.0,1.0
label_idf_only,eval_0110,cefdinir | medrol dosepak | omnicef | ciprofloxacin | zithromax | cipro | ampicillin | amoxil | amoxicillin / clavulanate | amoxicillin | doxycycline | biaxin | ciclesonide | bactrim | azithromycin dose pack | bactrim ds | triamcinolone | levofloxacin | sulfamethoxazole / trimethoprim | methylprednisolone,prednisone,1000,681,681,986,0,0,0,0.0,0.0,0.0,0.0,0.0,0.0,0.0,0.0,0.0,0.0,0.0,0.0,0.0,1.0,1.0,1.0,0.0,0.0,0.0,1.0
label_idf_only,eval_0099,deltasone | triamcinolone | doxycycline | dexamethasone | methylprednisolone | medrol dosepak | canakinumab | prednisone | kenalog-40 | amoxicillin | aspirin | cortisone | tetracycline | aristocort | prednisolone | minocycline | hydroxychloroquine | ceftriaxone | cefotaxime | levofloxacin,prednisone | methylprednisolone | triamcinolone,1000,755,755,1000,0,0,0,0.4,0.6666666666666666,1.0,0.4776237035032179,0.3,1.0,1.0,0.6256646589861505,0.15,1.0,1.0,0.6256646589861505,0.5,1.0,1.0,1.0,0.0,0.0,0.0,1.0
label_idf_only,eval_0119,amikacin | gentamicin | levofloxacin | ciprofloxacin | minocycline | moxifloxacin | doxycycline | bethanechol | bcg | ceftriaxone | cefepime | cefixime | cefotetan | cefoxitin | cefpodoxime | cefprozil | ceftin | vantin | cefuroxime | cefzil,doxycycline | ciprofloxacin,1000,363,363,973,0,0,0,0.2,0.5,1.0,0.2640681225725909,0.2,1.0,1.0,0.46845052016107697,0.1,1.0,1.0,0.46845052016107697,0.25,1.0,1.0,1.0,0.0,0.0,0.0,1.0
label_idf_only,eval_0112,acyclovir | valacyclovir | valtrex | prednisone | cimetidine | pantoprazole | doxycycline | omeprazole | dexamethasone | moxifloxacin | mometasone | ciprofloxacin | famotidine | triamcinolone | lansoprazole | kenalog-40 | aluminum hydroxide / magnesium hydroxide / simethicone | rifampin | fluticasone | levofloxacin,valacyclovir | valtrex | acyclovir,1000,516,516,964,0,0,0,0.6,1.0,1.0,1.0,0.3,1.0,1.0,1.0,0.15,1.0,1.0,1.0,1.0,1.0,1.0,1.0,0.0,0.0,0.0,1.0
label_idf_only,eval_0109,prednisone | dexamethasone | doxycycline | methotrexate | minocycline | cefotaxime | ceftriaxone | amoxicillin | stelara | enbrel | otrexup | otezla | cosentyx | methylprednisolone | ustekinumab | triamcinolone | kenalog-40 | tetracycline | betamethasone | infliximab,minocycline | methotrexate,898,544,544,898,0,0,0,0.4,1.0,1.0,0.48470281228817413,0.2,1.0,1.0,0.48470281228817413,0.1,1.0,1.0,0.48470281228817413,0.25,1.0,1.0,1.0,0.0,0.0,0.0,1.0
label_idf_only,eval_0124,prednisolone | epinephrine | prednisone | aristocort | triamcinolone | xolair | cromolyn | deltasone | omalizumab | pepcid | famotidine | corticotropin | dexbrompheniramine | desloratadine | nedocromil | zyrtec | zymine | cyproheptadine | chlorpheniramine / ibuprofen / phenylephrine | zaditor,prednisone | triamcinolone | omalizumab | xolair | cromolyn,995,288,288,995,0,0,0,0.4,0.4,1.0,0.3534288185372191,0.5,1.0,1.0,0.6166037703285326,0.25,1.0,1.0,0.6166037703285326,0.3333333333333333,1.0,1.0,1.0,0.0,0.0,0.0,1.0
label_idf_only,eval_0131,erythromycin | sulfamethoxazole / trimethoprim | doxycycline | dexamethasone | ceftriaxone | ciprofloxacin | lansoprazole | cefotaxime | minocycline | pyridoxine | azithromycin | prednisone | dexamethasone intensol | floxin | ampicillin | cipro | ofloxacin | atovaquone | pyrimethamine | clindamycin,azithromycin | prednisone | ceftriaxone,1000,449,449,1000,0,0,0,0.2,0.3333333333333333,1.0,0.19694551601238366,0.1,0.3333333333333333,1.0,0.19694551601238366,0.15,1.0,1.0,0.42919552429085817,0.2,1.0,1.0,1.0,0.0,0.0,0.0,1.0
label_idf_only,eval_0121,hydroxychloroquine | doxycycline | doxy 100 | lotemax | deltasone | corticotropin | methylprednisolone | medrol dosepak | loteprednol | dexamethasone | canakinumab | kenalog-40 | aspirin | amoxicillin | prednisone | prednisolone | triamcinolone | clindamycin | lithium | malarone,doxycycline | hydroxychloroquine,1000,287,287,1000,0,0,0,0.4,1.0,1.0,1.0,0.2,1.0,1.0,1.0,0.1,1.0,1.0,1.0,1.0,1.0,1.0,1.0,0.0,0.0,0.0,1.0
label_idf_only,eval_0135,diltiazem | calan sr | nifedipine | nadolol | corgard | coreg cr | coreg | norvasc | metoprolol tartrate | metoprolol | verelan pm | verapamil | carvedilol | lopressor | nitroglycerin | lisinopril | caduet | toprol-xl | timolol | bisoprolol,propranolol | metoprolol,1000,335,335,970,0,0,0,0.0,0.0,0.0,0.0,0.1,0.5,1.0,0.17723928678404774,0.05,0.5,1.0,0.17723928678404774,0.1,1.0,1.0,1.0,0.0,0.0,0.0,1.0
label_idf_only,eval_0117,ery pads | minocycline | durasal | tetracycline | altabax | minolira | binora | alquam-x acne therapy gel | minocin | doryx | winlevi | junel fe 1.5 / 30 | junel fe 1 / 20 | dulcolax milk of magnesia | fostex wash 10% | fostex medicated cleansing cream | altreno | keflex | vincasar pfs | vincristine,adapalene / benzoyl peroxide,273,273,273,273,0,0,0,0.0,0.0,0.0,0.0,0.0,0.0,0.0,0.0,0.0,0.0,0.0,0.0,0.0,1.0,1.0,1.0,0.0,0.0,0.0,1.0
label_idf_only,eval_0116,lisinopril | gabapentin | quinapril | captopril | enalapril | perindopril | cozaar | moexipril | vasotec | losartan | ramipril | trandolapril | benazepril | avapro | hydrochlorothiazide | altace | irbesartan | fosinopril | lyrica | nortriptyline,gabapentin | pregabalin | topiramate | clonidine | onabotulinumtoxina,1000,637,637,817,0,0,0,0.2,0.2,1.0,0.1676255297126334,0.1,0.2,1.0,0.1676255297126334,0.05,0.2,1.0,0.1676255297126334,0.5,1.0,1.0,1.0,0.0,0.0,0.0,1.0
label_idf_only,eval_0104,rifabutin | prednisone | mylanta | zegerid otc | zegerid | moxifloxacin | mintox plus | mintox | minocycline | milantex | mi-acid | metoclopramide | ciprofloxacin | cimetidine | chloramphenicol | tums smoothies | carafate | tums regular strength | tums chewy bites with gas relief (lemon & strawberry) | tricitrasol,rifabutin,1000,116,116,994,0,0,0,0.2,1.0,1.0,1.0,0.1,1.0,1.0,1.0,0.05,1.0,1.0,1.0,1.0,1.0,1.0,1.0,0.0,0.0,0.0,1.0
label_idf_only,eval_0122,ery-tab | medrol | cefprozil | ceftibuten | ceftin | ceftriaxone | cefuroxime | cefzil | umeclidinium | umeclidinium / vilanterol | uniphyl | maxair | maxair autohaler | medrol dosepak | cefixime | ciclesonide | ventolin | ventolin hfa | cilastatin / imipenem | mepolizumab,prednisone,1000,221,221,996,0,0,0,0.0,0.0,0.0,0.0,0.0,0.0,0.0,0.0,0.0,0.0,0.0,0.0,0.0,1.0,1.0,1.0,0.0,0.0,0.0,1.0
label_idf_only,eval_0125,amitriptyline | sulfamethoxazole / trimethoprim | ceftriaxone | lactobacillus acidophilus | hydroxyzine | phosphorated carbohydrate solution | minocycline | ampicillin | ofloxacin | elavil | atarax | ciprofloxacin | cipro | doxycycline | furadantin | risperdal m-tab | risperdal | amikacin | risperidone | fosfomycin,doxycycline | sulfamethoxazole / trimethoprim | azithromycin,303,303,172,172,0,0,0,0.2,0.3333333333333333,1.0,0.3597186998521971,0.1,0.3333333333333333,1.0,0.3597186998521971,0.1,0.6666666666666666,1.0,0.45700674962333043,0.5,1.0,1.0,1.0,0.0,0.0,0.0,1.0
label_idf_only,eval_0138,"propylthiouracil | sodium iodide-i-131 | calcifediol | calcitriol | calcium lactate | calcium phosphate, tribasic | parathyroid hormone | ergocalciferol | botox | pima | drysol | oxybutynin | onabotulinumtoxina | xerac ac | clonidine | methimazole | catapres | potassium iodide | terazosin | tapazole",thyroid desiccated | armour thyroid,688,132,132,688,0,0,0,0.0,0.0,0.0,0.0,0.0,0.0,0.0,0.0,0.0,0.0,0.0,0.0,0.0,1.0,1.0,1.0,0.0,0.0,0.0,1.0
label_idf_only,eval_0130,flanax pain reliever | triamcinolone | doxycycline | naproxen | naprosyn | aleve | ibuprofen | sucralfate | moxifloxacin | bactrim | septra ds | doxy 100 | ditropan xl | ofloxacin | smz-tmp ds | avelox | oxybutynin | ciprofloxacin | cephalexin | lidocaine,prednisone | enbrel | naproxen,573,273,273,573,0,0,0,0.2,0.3333333333333333,1.0,0.24554621279155467,0.1,0.3333333333333333,1.0,0.24554621279155467,0.05,0.3333333333333333,1.0,0.24554621279155467,0.25,1.0,1.0,1.0,0.0,0.0,0.0,1.0
label_idf_only,eval_0129,prednisone | depakote er | clonazepam | clonidine | corgard | nadolol | zolmitriptan | nimodipine | nortriptyline | metoclopramide | norvasc | diclofenac | divalproex sodium | pamelor | elavil | propranolol | metoprolol | depakote | verelan pm | sumatriptan,propranolol,1000,179,179,1000,0,0,0,0.0,0.0,0.0,0.0,0.0,0.0,0.0,0.0,0.05,1.0,1.0,0.24465054211822604,0.0625,1.0,1.0,1.0,0.0,0.0,0.0,1.0
label_idf_only,eval_0133,prednisolone | kenalog-40 | enbrel | doxycycline | otrexup | otezla | dexamethasone | cosentyx | minocycline | methylprednisolone | methotrexate | ustekinumab | triamcinolone | prednisone | kenalog-10 | apremilast | tetracycline | etanercept | adalimumab | secukinumab,prednisone | enbrel | stelara | ustekinumab | adalimumab,1000,393,393,901,0,0,0,0.2,0.2,1.0,0.1773358924761597,0.1,0.2,1.0,0.1773358924761597,0.2,0.8,1.0,0.41576579128434593,0.3333333333333333,1.0,1.0,1.0,0.0,0.0,0.0,1.0
label_idf_only,eval_0146,pramlintide | bydureon bcise | tresiba | tretinoin | linagliptin | linagliptin / metformin | trijardy xr | canagliflozin | canagliflozin / metformin | liraglutide | lisinopril | lixisenatide | capsaicin | trulicity | captopril | capzasin-hp | carbamazepine | losartan | tzield | lyrica,liraglutide | victoza,1000,228,228,1000,0,0,0,0.0,0.0,0.0,0.0,0.1,0.5,1.0,0.17723928678404774,0.05,0.5,1.0,0.17723928678404774,0.1,1.0,1.0,1.0,0.0,0.0,0.0,1.0
label_idf_only,eval_0151,prednisone | chlor-trimeton | promethazine | epinephrine | phenergan | diphenhydramine | olopatadine | dexchlorpheniramine | desloratadine | deltasone | cyproheptadine | xyzal | claritin | clarinex | chlorpheniramine | zyrtec | cetirizine | benadryl | famotidine | loratadine,prednisone | promethazine | cyproheptadine,1000,558,558,1000,0,0,0,0.4,0.6666666666666666,1.0,0.5939462358400547,0.2,0.6666666666666666,1.0,0.5939462358400547,0.15,1.0,1.0,0.7359551894831623,1.0,1.0,1.0,1.0,0.0,0.0,0.0,1.0
label_idf_only,eval_0150,rifabutin | clonidine | sodium bicarbonate | vocabria | delstrigo | nevirapine | darunavir | zidovudine | ziagen | complera | combivir | cobicistat / elvitegravir / emtricitabine / tenofovir alafenamide | cobicistat / elvitegravir / emtricitabine / tenofovir | cobicistat / darunavir / emtricitabine / tenofovir alafenamide | cobicistat / darunavir | cobicistat | viramune xr | viread | norvir | viramune,rifabutin,1000,119,119,986,0,0,0,0.2,1.0,1.0,1.0,0.1,1.0,1.0,1.0,0.05,1.0,1.0,1.0,1.0,1.0,1.0,1.0,0.0,0.0,0.0,1.0
label_idf_only,eval_0136,prednisone | dexamethasone | prednisolone | adalimumab | remicade | humira | hydrocortisone | infliximab | triamcinolone | methylprednisolone | methotrexate | doxycycline | minocycline | otezla | cosentyx | ustekinumab | kenalog-40 | kenalog-10 | betamethasone | stelara,prednisone | dexamethasone | adalimumab | humira | methylprednisolone,1000,393,393,998,0,0,0,0.6,0.6,1.0,0.6049390458744345,0.5,1.0,1.0,0.8236936243218729,0.25,1.0,1.0,0.8236936243218729,1.0,1.0,1.0,1.0,0.0,0.0,0.0,1.0
label_idf_only,eval_0134,sodium bicarbonate | insulin regular | bromocriptine | pramlintide | trulicity | tretinoin | linagliptin | linagliptin / metformin | trijardy xr | canagliflozin | canagliflozin / metformin | liraglutide | lisinopril | lixisenatide | capsaicin | captopril | byetta | capzasin-hp | carbamazepine | losartan,liraglutide | victoza,1000,282,282,1000,0,0,0,0.0,0.0,0.0,0.0,0.0,0.0,0.0,0.0,0.05,0.5,1.0,0.1656957657652295,0.08333333333333333,1.0,1.0,1.0,0.0,0.0,0.0,1.0
label_idf_only,eval_0156,"calcifediol | calcium lactate | calcium phosphate, tribasic | parathyroid hormone | ergocalciferol | calcitriol | propylthiouracil | sodium iodide-i-131 | triostat | vandetanib | cenestin | unithroid | levoxyl | liotrix | liothyronine | climara | levothyroxine | levothroid | cabozantinib | cinacalcet",thyroid desiccated | armour thyroid | levothyroxine,1000,132,132,958,0,0,0,0.0,0.0,0.0,0.0,0.0,0.0,0.0,0.0,0.05,0.3333333333333333,1.0,0.1367268355849802,0.058823529411764705,1.0,1.0,1.0,0.0,0.0,0.0,1.0
label_idf_only,eval_0142,trospium | risperdal m-tab | paliperidone | doxycycline | itraconazole | allopurinol | bethanechol | fosfomycin | minocycline | risperdal | furadantin | doryx | risperidone | keflex | duricef | rocephin | amikacin | monurol | pentosan polysulfate sodium | amitriptyline,doxycycline,172,172,172,172,0,0,0,0.2,1.0,1.0,0.43067655807339306,0.1,1.0,1.0,0.43067655807339306,0.05,1.0,1.0,0.43067655807339306,0.25,1.0,1.0,1.0,0.0,0.0,0.0,1.0
label_idf_only,eval_0145,erythromycin | cedax | cefixime | cefpodoxime | cefprozil | ceftibuten | ceftin | ceftriaxone | cefuroxime | cefzil | vantin | medrol dosepak | ciclesonide | cilastatin / imipenem | cipro | ciprofloxacin | clarithromycin | methylprednisolone | mometasone | moxifloxacin,azithromycin | prednisone,1000,221,221,1000,0,0,0,0.0,0.0,0.0,0.0,0.0,0.0,0.0,0.0,0.0,0.0,0.0,0.0,0.0,1.0,1.0,1.0,0.0,0.0,0.0,1.0
label_idf_only,eval_0144,ertapenem | vancocin | metronidazole | cleocin phosphate | cleocin pediatric | cleocin | clarithromycin | claforan | ciprofloxacin | meropenem | vibativ | cilastatin / imipenem | vantin | vancomycin | vancocin hcl pulvules | vancocin hcl | maxipime | cefixime | maxaron forte | unasyn,doxycycline | azithromycin,1000,132,132,1000,0,0,0,0.0,0.0,0.0,0.0,0.0,0.0,0.0,0.0,0.0,0.0,0.0,0.0,0.0,1.0,1.0,1.0,0.0,0.0,0.0,1.0
label_idf_only,eval_0155,prednisolone | imuran | mycophenolate mofetil | methylprednisolone | vimovo | diclofenac | cellcept | triamcinolone | duexis | infliximab | sulfazine | sulfasalazine | azulfidine | prednisone | azathioprine | hydrocortisone | humira | simponi | golimumab | remicade,adalimumab | humira,525,311,311,525,0,0,0,0.0,0.0,0.0,0.0,0.0,0.0,0.0,0.0,0.05,0.5,1.0,0.14704034066641014,0.058823529411764705,1.0,1.0,1.0,0.0,0.0,0.0,1.0
label_idf_only,eval_0163,filgrastim | sodium bicarbonate | tenofovir | lamivudine | viread | clonidine | epivir-hbv | rifabutin | ziagen | cobicistat / darunavir / emtricitabine / tenofovir alafenamide | cobicistat / elvitegravir / emtricitabine / tenofovir | cobicistat / elvitegravir / emtricitabine / tenofovir alafenamide | combivir | complera | nevirapine | zidovudine | nelfinavir | darunavir | cobicistat | delstrigo,tenofovir | viread,1000,119,119,1000,0,0,0,0.4,1.0,1.0,0.5437713091520254,0.2,1.0,1.0,0.5437713091520254,0.1,1.0,1.0,0.5437713091520254,0.3333333333333333,1.0,1.0,1.0,0.0,0.0,0.0,1.0
label_idf_only,eval_0148,pramosone | ustekinumab | mebendazole | medotar | chlorpromazine | vectical | methotrexate | methoxsalen | methylprednisolone | mg217 medicated tar | clobetasol | clobex | clocortolone | cloderm | coal tar | coal tar / salicylic acid / sulfur | coal tar/salicylic acid | coal tar/salicylic acid/sulfur | wynzora | chloramphenicol,enbrel,726,164,164,726,0,0,0,0.0,0.0,0.0,0.0,0.0,0.0,0.0,0.0,0.0,0.0,0.0,0.0,0.0,1.0,1.0,1.0,0.0,0.0,0.0,1.0
label_idf_only,eval_0171,erythromycin | cedax | cefixime | cefpodoxime | cefprozil | ceftibuten | ceftin | ceftriaxone | cefuroxime | cefzil | vantin | medrol dosepak | ciclesonide | cilastatin / imipenem | cipro | ciprofloxacin | clarithromycin | methylprednisolone | mometasone | moxifloxacin,prednisone,1000,221,221,1000,0,0,0,0.0,0.0,0.0,0.0,0.0,0.0,0.0,0.0,0.0,0.0,0.0,0.0,0.0,1.0,1.0,1.0,0.0,0.0,0.0,1.0
label_idf_only,eval_0177,a-g profen | tofacitinib | celestone soluspan | cellcept | upadacitinib | certolizumab | ustekinumab | valdecoxib | meclofenamate | medrol | medrol dosepak | choline magnesium trisalicylate | meloxicam | chondroitin / glucosamine | chondroitin / glucosamine / methylsulfonylmethane | cidaflex | menthac arthritis cream with capsaicin | mentholatum deep heating | cimzia | vicodin,diclofenac | tramadol | acetaminophen / hydrocodone,420,255,255,420,0,0,0,0.0,0.0,0.0,0.0,0.0,0.0,0.0,0.0,0.0,0.0,0.0,0.0,0.0,1.0,1.0,1.0,0.0,0.0,0.0,1.0
label_idf_only,eval_0180,ery pads | minocycline | durasal | tetracycline | altabax | minolira | binora | alquam-x acne therapy gel | minocin | doryx | winlevi | junel fe 1.5 / 30 | junel fe 1 / 20 | dulcolax milk of magnesia | fostex wash 10% | fostex medicated cleansing cream | altreno | keflex | vincasar pfs | vincristine,adapalene / benzoyl peroxide,273,273,273,273,0,0,0,0.0,0.0,0.0,0.0,0.0,0.0,0.0,0.0,0.0,0.0,0.0,0.0,0.0,1.0,1.0,1.0,0.0,0.0,0.0,1.0
label_idf_only,eval_0175,"calcitriol | calcifediol | ergocalciferol | calcium lactate | parathyroid hormone | calcium phosphate, tribasic | propylthiouracil | sodium iodide-i-131 | liotrix | wp thyroid | unithroid | cenestin | liothyronine | vandetanib | cinacalcet | climara | westhroid | triostat | cometriq | levothyroxine",thyroid desiccated | armour thyroid | levothyroxine,634,132,132,634,0,0,0,0.0,0.0,0.0,0.0,0.0,0.0,0.0,0.0,0.05,0.3333333333333333,1.0,0.10684080426179023,0.05,1.0,1.0,1.0,0.0,0.0,0.0,1.0
label_idf_only,eval_0183,esomeprazole | sucralfate | pepcid | pantoprazole | omeprazole / sodium bicarbonate | omeprazole | nexium | zantac | cimetidine | calcium carbonate | lansoprazole | carafate | ranitidine | rabeprazole | famotidine | protonix | reglan | nexium 24hr | prevacid | pepcid ac chewable tablets,aciphex | dexlansoprazole | rabeprazole | esomeprazole | lansoprazole | nexium,721,109,109,721,0,0,0,0.2,0.16666666666666666,1.0,0.33916020527361607,0.2,0.3333333333333333,1.0,0.4034698846650846,0.2,0.6666666666666666,1.0,0.5653322093094242,1.0,1.0,1.0,1.0,0.0,0.0,0.0,1.0
label_idf_only,eval_0187,pramosone | ustekinumab | mebendazole | medotar | chlorpromazine | vectical | methotrexate | methoxsalen | methylprednisolone | mg217 medicated tar | clobetasol | clobex | clocortolone | cloderm | coal tar | coal tar / salicylic acid / sulfur | coal tar/salicylic acid | coal tar/salicylic acid/sulfur | wynzora | chloramphenicol,enbrel,726,164,164,726,0,0,0,0.0,0.0,0.0,0.0,0.0,0.0,0.0,0.0,0.0,0.0,0.0,0.0,0.0,1.0,1.0,1.0,0.0,0.0,0.0,1.0
label_idf_only,eval_0185,prednisone | chlor-trimeton | promethazine | phenergan | diphenhydramine | olopatadine | dexchlorpheniramine | desloratadine | deltasone | zyrtec | cyproheptadine | xyzal | claritin | clarinex | chlorpheniramine | epinephrine | cetirizine | benadryl | famotidine | fexofenadine,promethazine | cyproheptadine,672,558,511,625,0,0,0,0.2,0.5,1.0,0.3065735963827292,0.1,0.5,1.0,0.3065735963827292,0.1,1.0,1.0,0.4776066804504473,0.3333333333333333,1.0,1.0,1.0,0.0,0.0,0.0,1.0
label_idf_only,eval_0190,prednisone | cellcept | hydrocortisone | dexamethasone | methylprednisolone | mycophenolate mofetil | triamcinolone | imuran | azathioprine | medrol dosepak | betamethasone | pancreatin | humira | diclofenac | infliximab | sulfazine | sulfasalazine | azulfidine | duexis | famotidine / ibuprofen,adalimumab | humira | infliximab | remicade,672,346,346,672,0,0,0,0.0,0.0,0.0,0.0,0.0,0.0,0.0,0.0,0.1,0.5,1.0,0.2001281511162473,0.07692307692307693,1.0,1.0,1.0,0.0,0.0,0.0,1.0
label_idf_only,eval_0184,memantine | amitriptyline | elavil | venlafaxine | magnesium oxide | cefpodoxime | cefprozil | ceftin | ceftriaxone | cefuroxime | cefzil | cephalexin | allopurinol | vantin | cefdinir | cipro | clarithromycin | moxifloxacin | doryx | doxycycline,amitriptyline | venlafaxine | elavil | azithromycin,1000,347,347,927,0,0,0,0.6,0.75,1.0,0.6298567811414983,0.3,0.75,1.0,0.6298567811414983,0.15,0.75,1.0,0.6298567811414983,0.5,1.0,1.0,1.0,0.0,0.0,0.0,1.0
label_idf_only,eval_0178,ertapenem | vancocin | cleocin phosphate | cleocin pediatric | cleocin hcl | cleocin | clarithromycin | claforan | ciprofloxacin | meropenem | vibativ | cilastatin / imipenem | vantin | vancomycin | vancocin hcl pulvules | vancocin hcl | maxipime | cefixime | maxaron forte | unasyn,doxycycline | azithromycin,1000,132,132,1000,0,0,0,0.0,0.0,0.0,0.0,0.0,0.0,0.0,0.0,0.0,0.0,0.0,0.0,0.0,1.0,1.0,1.0,0.0,0.0,0.0,1.0
label_idf_only,eval_0188,"adefovir | viread | hepatitis a adult vaccine / hepatitis b adult vaccine | epivir-hbv | entecavir | peginterferon alfa-2a | diphtheria toxoid / hepatitis b pediatric vaccine / pertussis, acellular / poliovirus vaccine, inactivated / tetanus toxoid | diphtheria and tetanus toxoids / pertussis, acellular / poliovirus vaccine, inactivated / haemophilus b conjugate / hepatitis b vaccine | peginterferon alfa-2b | lamivudine | tenofovir | interferon alfa-2b | hepatitis b pediatric vaccine | hepatitis b immune globulin | hepatitis b adult vaccine | tenofovir alafenamide | mometasone | clobex | clocortolone | cloderm",tenofovir | peginterferon alfa-2a | viread,467,16,16,467,0,0,0,0.2,0.3333333333333333,1.0,0.2960819109658653,0.2,0.6666666666666666,1.0,0.4632423659320676,0.15,1.0,1.0,0.5941443561002647,0.5,1.0,1.0,1.0,0.0,0.0,0.0,1.0
label_idf_only,eval_0201,hytrin | catapres | clonidine | terazosin | benztropine | potassium iodide | pima | drysol | oxybutynin | onabotulinumtoxina | xerac ac | botox | methimazole | tapazole | amitriptyline | propylthiouracil | iodine / potassium iodide | aluminum chloride hexahydrate | gabapentin | glycopyrronium,clonidine | catapres,825,22,22,825,0,0,0,0.4,1.0,1.0,0.6934264036172708,0.2,1.0,1.0,0.6934264036172708,0.1,1.0,1.0,0.6934264036172708,0.5,1.0,1.0,1.0,0.0,0.0,0.0,1.0
label_idf_only,eval_0199,triamcinolone | doxycycline | flanax pain reliever | aleve | ibuprofen | naprosyn | naproxen | prednisolone | dexamethasone | minocycline | kenalog-40 | tetracycline | hydrocortisone | prednisone | methylprednisolone | levofloxacin | levaquin | cephalexin | smz-tmp ds | avelox,triamcinolone | naproxen,1000,25,25,1000,0,0,0,0.2,0.5,1.0,0.46927872602275644,0.2,1.0,1.0,0.7039180890341347,0.1,1.0,1.0,0.7039180890341347,1.0,1.0,1.0,1.0,0.0,0.0,0.0,1.0
label_idf_only,eval_0195,"famotidine | ranitidine | pantoprazole | lansoprazole | omeprazole | cimetidine | ciprofloxacin | dexamethasone | methylprednisolone | prednisone | triamcinolone | benzocaine | levofloxacin | budesonide | aluminum hydroxide / magnesium hydroxide / simethicone | cipro | dupilumab | doxycycline | doryx | diphtheria toxoid / hepatitis b pediatric vaccine / pertussis, acellular / poliovirus vaccine, inactivated / tetanus toxoid",lansoprazole | ranitidine | omeprazole,1000,605,605,949,0,0,0,0.6,1.0,1.0,0.6303377634475975,0.3,1.0,1.0,0.6303377634475975,0.15,1.0,1.0,0.6303377634475975,0.5,1.0,1.0,1.0,0.0,0.0,0.0,1.0
label_idf_only,eval_0192,ery pads | magnesium hydroxide | meted | vibramycin | vestura | veltin | vanoxide-hc | chaparral | cerave sa renewing | clindets | cephalexin | loryna | carboplatin | twyneo | loestrin fe 1 / 20 | loestrin 24 fe | claravis | clarifoam ef | clascoterone | cleanse & treat,isotretinoin | accutane | adapalene / benzoyl peroxide,726,273,273,726,0,0,0,0.0,0.0,0.0,0.0,0.0,0.0,0.0,0.0,0.0,0.0,0.0,0.0,0.0,1.0,1.0,1.0,0.0,0.0,0.0,1.0
label_idf_only,eval_0186,prazosin | maxzide-25 | vecamyl | vasotec | chlorthalidone | vaseretic | mecamylamine | chlorothiazide | maxzide | lumigan | valturna | valsartan | matzim la | macitentan | uptravi | univasc | verapamil | verelan pm | methyldopa | metolazone,propranolol,1000,275,275,1000,0,0,0,0.0,0.0,0.0,0.0,0.0,0.0,0.0,0.0,0.0,0.0,0.0,0.0,0.0,1.0,1.0,1.0,0.0,0.0,0.0,1.0
label_idf_only,eval_0205,premarin | levoxyl | cometriq | thyquidity | thyroid desiccated | thyrotropin alpha | conjugated estrogens | tirosint | tirosint-sol | lenvatinib | trametinib | levo-t | esterified estrogens | levothroid | levothyroxine | calcifediol | teriparatide | cytomel | natpara | calcitriol,thyroid desiccated | armour thyroid | levothyroxine,87,61,61,87,0,0,0,0.2,0.3333333333333333,1.0,0.1815417925373527,0.1,0.3333333333333333,1.0,0.1815417925373527,0.1,0.6666666666666666,1.0,0.2988614740430418,0.2,1.0,1.0,1.0,0.0,0.0,0.0,1.0
label_idf_only,eval_0206,ertapenem | minocycline | cefuroxime | vancocin hcl | vancomycin | cilastatin / imipenem | meropenem | ciprofloxacin | cleocin | cleocin hcl | metronidazole | clindamycin | voriconazole | moxifloxacin | ceftin | zithromax | nafcillin | zosyn | zyvox | dexamethasone,doxycycline | azithromycin | clindamycin,1000,239,239,940,0,0,0,0.0,0.0,0.0,0.0,0.0,0.0,0.0,0.0,0.05,0.3333333333333333,1.0,0.10271583802664228,0.08333333333333333,1.0,1.0,1.0,0.0,0.0,0.0,1.0
label_idf_only,eval_0179,pamelor | elavil | zolmitriptan | nortriptyline | sumatriptan | metoclopramide | amitriptyline | gabapentin | reglan | phenergan | pantoprazole | ciprofloxacin | doxycycline | diphenhydramine | omeprazole | dexamethasone | promethazine | erythromycin | cipro | chlorpromazine,sumatriptan | clonidine,1000,315,315,927,0,0,0,0.2,0.5,1.0,0.272312688806029,0.1,0.5,1.0,0.272312688806029,0.05,0.5,1.0,0.272312688806029,0.2,1.0,1.0,1.0,0.0,0.0,0.0,1.0
label_idf_only,eval_0209,catapres | clonidine | hytrin | terazosin | amitriptyline | gabapentin | onabotulinumtoxina | botox | oxybutynin | xerac ac | tapazole | sodium iodide-i-131 | propylthiouracil | potassium iodide | pima | methimazole | iodine / potassium iodide | hypercare | glycopyrronium | drysol,clonidine | catapres,1000,447,447,738,0,0,0,0.4,1.0,1.0,1.0,0.2,1.0,1.0,1.0,0.1,1.0,1.0,1.0,1.0,1.0,1.0,1.0,0.0,0.0,0.0,1.0
label_idf_only,eval_0204,esomeprazole | zantac | protonix | pepcid | pantoprazole | omeprazole / sodium bicarbonate | omeprazole | nexium | cimetidine | carafate | calcium carbonate | lansoprazole | sucralfate | ranitidine | rabeprazole | famotidine | fluorouracil | ramucirumab | mitomycin | capecitabine,rabeprazole | esomeprazole | lansoprazole,955,80,80,955,0,0,0,0.2,0.3333333333333333,1.0,0.4692787260227565,0.1,0.3333333333333333,1.0,0.4692787260227565,0.15,1.0,1.0,0.7134154243608392,1.0,1.0,1.0,1.0,0.0,0.0,0.0,1.0
label_idf_only,eval_0212,vistaril | promethazine | atarax | hydroxyzine | benadryl | phenergan | diphenhydramine | corticotropin | prednisone | doxepin | prednisolone | loteprednol | lotemax | triamcinolone | ciprofloxacin | pantoprazole | doxycycline | omeprazole | dexamethasone | erythromycin,prednisone | promethazine | hydroxyzine | doxycycline | sulfamethoxazole / trimethoprim,991,214,214,991,0,0,0,0.4,0.4,1.0,0.4230716319727073,0.3,0.6,1.0,0.503049335032247,0.2,0.8,1.0,0.5667627540184756,0.5,1.0,1.0,1.0,0.0,0.0,0.0,1.0
label_idf_only,eval_0200,minocycline | doxycycline | prednisone | methotrexate | dexamethasone | chloramphenicol | tazarotene | tazorac | tetracycline | enbrel | chlorpromazine | triamcinolone | triclabendazole | trilafon | ultravate | ustekinumab | mebendazole | medotar | vectical | embeline,prednisone | methotrexate | dexamethasone | enbrel | stelara,888,575,575,888,0,0,0,0.6,0.6,1.0,0.3818875609005223,0.4,0.8,1.0,0.4899108418458266,0.2,0.8,1.0,0.4899108418458266,0.3333333333333333,1.0,1.0,1.0,0.0,0.0,0.0,1.0
label_idf_only,eval_0196,metoclopramide | reglan | esgic | memantine | verapamil | verelan | verelan pm | methergine | methylergonovine | metoprolol | vitamin b2 | clonazepam | clonidine | migergot | migraine relief | migranal | wellbutrin | motrin | zanaflex | zecuity,lansoprazole | omeprazole | propranolol,1000,222,222,1000,0,0,0,0.0,0.0,0.0,0.0,0.0,0.0,0.0,0.0,0.0,0.0,0.0,0.0,0.0,1.0,1.0,1.0,0.0,0.0,0.0,1.0
label_idf_only,eval_0216,flanax pain reliever | triamcinolone | aleve | doxycycline | doxy 100 | ditropan xl | ofloxacin | naproxen | naprosyn | moxifloxacin | ciprofloxacin | cipro | cephalexin | oxybutynin | lidocaine | sucralfate | levofloxacin | septra ds | avelox | ibuprofen,naproxen,372,25,25,372,0,0,0,0.0,0.0,0.0,0.0,0.1,1.0,1.0,0.3154648767857287,0.05,1.0,1.0,0.3154648767857287,0.125,1.0,1.0,1.0,0.0,0.0,0.0,1.0
label_idf_only,eval_0210,retapamulin | ammoniated mercury | sulconazole | cefadroxil | cefuroxime | mupirocin | ozenoxacin | altabax | cimetidine | cipro i.v. | cipro | vi-sudo | cinqair | mepolizumab | ventolin hfa | cimduo | cilastatin / imipenem | veramyst | meropenem | ventolin,cefuroxime | mupirocin | retapamulin,1000,8,8,1000,0,0,0,0.4,0.6666666666666666,1.0,0.6403937842521121,0.3,1.0,1.0,0.8217377139338126,0.15,1.0,1.0,0.8217377139338126,1.0,1.0,1.0,1.0,0.0,0.0,0.0,1.0
label_idf_only,eval_0217,prednisone | triamcinolone | mometasone | dexamethasone | fluticasone | budesonide | medrol dosepak | methylprednisolone | dupilumab | clobetasol | elocon | desoximetasone | desonide | cloderm | clocortolone | clobex | cordran tape | lidex | betamethasone | hydrocortisone,prednisone,734,49,49,734,0,0,0,0.2,1.0,1.0,1.0,0.1,1.0,1.0,1.0,0.05,1.0,1.0,1.0,1.0,1.0,1.0,1.0,0.0,0.0,0.0,1.0
label_idf_only,eval_0198,prednisone | chlor-trimeton | promethazine | epinephrine | phenergan | olopatadine | dexchlorpheniramine | desloratadine | deltasone | zyrtec | cyproheptadine | xyzal | claritin | clarinex | chlorpheniramine | diphenhydramine | cetirizine | benadryl | loratadine | famotidine,promethazine | cyproheptadine,558,76,76,558,0,0,0,0.2,0.5,1.0,0.3065735963827292,0.1,0.5,1.0,0.3065735963827292,0.1,1.0,1.0,0.4776066804504473,0.3333333333333333,1.0,1.0,1.0,0.0,0.0,0.0,1.0
label_idf_only,eval_0215,pramlintide | bydureon bcise | tresiba | tretinoin | linagliptin | linagliptin / metformin | trijardy xr | canagliflozin | canagliflozin / metformin | liraglutide | lisinopril | lixisenatide | capsaicin | trulicity | captopril | capzasin-hp | carbamazepine | losartan | tzield | lyrica,liraglutide | victoza,1000,228,228,1000,0,0,0,0.0,0.0,0.0,0.0,0.1,0.5,1.0,0.17723928678404774,0.05,0.5,1.0,0.17723928678404774,0.1,1.0,1.0,1.0,0.0,0.0,0.0,1.0
label_idf_only,eval_0221,ery pads | minocycline | durasal | tetracycline | altabax | minolira | binora | alquam-x acne therapy gel | minocin | doryx | winlevi | junel fe 1.5 / 30 | junel fe 1 / 20 | dulcolax milk of magnesia | fostex wash 10% | fostex medicated cleansing cream | altreno | keflex | vincasar pfs | vincristine,isotretinoin | accutane | adapalene / benzoyl peroxide,273,273,273,273,0,0,0,0.0,0.0,0.0,0.0,0.0,0.0,0.0,0.0,0.0,0.0,0.0,0.0,0.0,1.0,1.0,1.0,0.0,0.0,0.0,1.0
label_idf_only,eval_0220,pramosone | ustekinumab | mebendazole | medotar | chlorpromazine | vectical | methotrexate | methoxsalen | methylprednisolone | mg217 medicated tar | clobetasol | clobex | clocortolone | cloderm | coal tar | coal tar / salicylic acid / sulfur | coal tar/salicylic acid | coal tar/salicylic acid/sulfur | wynzora | chloramphenicol,enbrel,353,164,164,353,0,0,0,0.0,0.0,0.0,0.0,0.0,0.0,0.0,0.0,0.0,0.0,0.0,0.0,0.0,1.0,1.0,1.0,0.0,0.0,0.0,1.0
label_idf_only,eval_0222,a-g profen | tofacitinib | celestone soluspan | cellcept | upadacitinib | certolizumab | ustekinumab | valdecoxib | meclofenamate | medrol | medrol dosepak | choline magnesium trisalicylate | meloxicam | chondroitin / glucosamine | chondroitin / glucosamine / methylsulfonylmethane | cidaflex | menthac arthritis cream with capsaicin | mentholatum deep heating | cimzia | vicodin,diclofenac,403,255,255,403,0,0,0,0.0,0.0,0.0,0.0,0.0,0.0,0.0,0.0,0.0,0.0,0.0,0.0,0.0,1.0,1.0,1.0,0.0,0.0,0.0,1.0
label_idf_only,eval_0225,pramlintide | bydureon bcise | tresiba | tretinoin | linagliptin | linagliptin / metformin | trijardy xr | canagliflozin | canagliflozin / metformin | liraglutide | lisinopril | lixisenatide | capsaicin | trulicity | captopril | carbamazepine | losartan | tzield | lyrica | lyumjev,liraglutide | victoza,616,228,228,616,0,0,0,0.0,0.0,0.0,0.0,0.1,0.5,1.0,0.17723928678404774,0.05,0.5,1.0,0.17723928678404774,0.1,1.0,1.0,1.0,0.0,0.0,0.0,1.0
label_idf_only,eval_0219,clonidine | catapres | prinivil | calan sr | propranolol | olmesartan | norvasc | nadolol | corgard | verelan pm | verapamil | candesartan | lisinopril | metoprolol | amlodipine | benicar | innopran xl | inderal la | tenormin | inderal,propranolol | spironolactone | clonidine | catapres | terazosin | hytrin | benicar | olmesartan | verapamil,1000,447,447,1000,0,0,0,0.6,0.3333333333333333,1.0,0.6843515475204854,0.4,0.4444444444444444,1.0,0.6028590681785545,0.3,0.6666666666666666,1.0,0.7358221875089356,1.0,1.0,1.0,1.0,0.0,0.0,0.0,1.0
label_idf_only,eval_0230,ery-tab | vantin | cefprozil | ceftibuten | ceftin | ceftriaxone | cefuroxime | cefzil | umeclidinium | umeclidinium / vilanterol | uniphyl | maxair | maxair autohaler | medrol | cefixime | medrol dosepak | ciclesonide | ventolin | ventolin hfa | cilastatin / imipenem,prednisone,1000,221,221,1000,0,0,0,0.0,0.0,0.0,0.0,0.0,0.0,0.0,0.0,0.0,0.0,0.0,0.0,0.0,1.0,1.0,1.0,0.0,0.0,0.0,1.0
label_idf_only,eval_0229,minocycline | doxycycline | tazarotene | tazorac | tetracycline | erythromycin | dapsone | clindamycin | sulfamethoxazole / trimethoprim | pentamidine | dexamethasone | prednisone | cerave sa renewing | vibramycin | vestura | veltin | vanoxide-hc | chaparral | magnesium hydroxide | loestrin 24 fe,tazarotene | dapsone | clindamycin,802,555,479,726,0,0,0,0.2,0.3333333333333333,1.0,0.25454838678859487,0.3,1.0,1.0,0.5282831540876216,0.15,1.0,1.0,0.5282831540876216,0.3333333333333333,1.0,1.0,1.0,0.0,0.0,0.0,1.0
label_idf_only,eval_0235,abacavir | juluca | ziagen | tivicay pd | tivicay | efavirenz / lamivudine / tenofovir | efavirenz / emtricitabine / tenofovir | efavirenz | tipranavir | lamivudine / zidovudine | edurant | lamivudine / tenofovir | lamivudine / nevirapine / zidovudine | abacavir / dolutegravir / lamivudine | genvoya | rukobia | complera | combivir | ritonavir | fuzeon,stribild | efavirenz / emtricitabine / tenofovir,154,119,119,154,0,0,0,0.0,0.0,0.0,0.0,0.1,0.5,1.0,0.20438239758848614,0.05,0.5,1.0,0.20438239758848614,0.14285714285714285,1.0,1.0,1.0,0.0,0.0,0.0,1.0
label_idf_only,eval_0231,"ergocalciferol | calcifediol | parathyroid hormone | calcitriol | calcium lactate | calcium phosphate, tribasic | premarin | climara | levoxyl | liothyronine | liotrix | triostat | unithroid | cenestin | vandetanib | cinacalcet | wp thyroid | westhroid | levothroid | cometriq",thyroid desiccated | armour thyroid | levothyroxine,1000,112,112,958,0,0,0,0.0,0.0,0.0,0.0,0.0,0.0,0.0,0.0,0.0,0.0,0.0,0.0,0.0,1.0,1.0,1.0,0.0,0.0,0.0,1.0
label_idf_only,eval_0207,dexamethasone | fluocinolone | clobetasol | capzasin-hp | zostrix | zostrix diabetic foot pain | capsaicin | cymbalta | duloxetine | prednisone | aleve | ibuprofen | naproxen | trijardy xr | tretinoin | linagliptin / metformin | linagliptin | canagliflozin / metformin | tresiba | byetta,duloxetine | cymbalta,1000,476,273,797,0,0,0,0.0,0.0,0.0,0.0,0.2,1.0,1.0,0.378002100396839,0.1,1.0,1.0,0.378002100396839,0.125,1.0,1.0,1.0,0.0,0.0,0.0,1.0
label_idf_only,eval_0233,prednisolone | infliximab | prednisone | triamcinolone | remicade | methylprednisolone | cyclosporine | adalimumab | dexamethasone | hydrocortisone | humira | cordran tape | thiothixene | thorazine | pentamidine | yusimry | tildrakizumab | amjevita | gengraf | bryhali,prednisone | adalimumab | humira,238,164,164,238,0,0,0,0.2,0.3333333333333333,1.0,0.1696989245257299,0.2,0.6666666666666666,1.0,0.3303010754742701,0.15,1.0,1.0,0.4723100291173777,0.3333333333333333,1.0,1.0,1.0,0.0,0.0,0.0,1.0
label_idf_only,eval_0223,triamcinolone | sucralfate | ciprofloxacin | ofloxacin | levofloxacin | doxycycline | cipro | ibuprofen | naprosyn | naproxen | aleve | flanax pain reliever | oxybutynin | doxy 100 | ditropan xl | lidocaine | moxifloxacin | cephalexin | sulfamethoxazole / trimethoprim | bactrim ds,triamcinolone | sucralfate | prednisone | adalimumab,672,325,325,672,0,0,0,0.4,0.5,1.0,0.6357429506707164,0.2,0.5,1.0,0.6357429506707164,0.1,0.5,1.0,0.6357429506707164,1.0,1.0,1.0,1.0,0.0,0.0,0.0,1.0
label_idf_only,eval_0213,hytrin | catapres | clonidine | terazosin | propylthiouracil | sodium iodide-i-131 | botox | onabotulinumtoxina | benztropine | potassium iodide | pima | drysol | oxybutynin | xerac ac | methimazole | tapazole | iodine / potassium iodide | hypercare | glycopyrronium | amitriptyline,clonidine | catapres | terazosin | hytrin,1000,293,293,1000,0,0,0,0.8,1.0,1.0,1.0,0.4,1.0,1.0,1.0,0.2,1.0,1.0,1.0,1.0,1.0,1.0,1.0,0.0,0.0,0.0,1.0
label_idf_only,eval_0218,ertapenem | vancocin | metronidazole | cleocin phosphate | cleocin hcl | cleocin | clarithromycin | claforan | ciprofloxacin | meropenem | vibativ | cilastatin / imipenem | vantin | vancomycin | vancocin hcl pulvules | vancocin hcl | maxipime | cefixime | maxaron forte | unasyn,doxycycline | azithromycin,1000,132,132,1000,0,0,0,0.0,0.0,0.0,0.0,0.0,0.0,0.0,0.0,0.0,0.0,0.0,0.0,0.0,1.0,1.0,1.0,0.0,0.0,0.0,1.0
label_idf_only,eval_0242,"calcium phosphate, tribasic | ergocalciferol | parathyroid hormone | calcifediol | calcitriol | calcium lactate | westhroid | levoxyl | liothyronine | liotrix | triostat | unithroid | cenestin | vandetanib | cinacalcet | climara | wp thyroid | levothroid | cometriq | conjugated estrogens",thyroid desiccated | armour thyroid | levothyroxine,1000,385,385,952,0,0,0,0.0,0.0,0.0,0.0,0.0,0.0,0.0,0.0,0.0,0.0,0.0,0.0,0.0,1.0,1.0,1.0,0.0,0.0,0.0,1.0
label_idf_only,eval_0241,baclofen | lioresal | onabotulinumtoxina | botox | lorazepam | dysport | myobloc | xeomin | botulinum toxin type b | incobotulinumtoxina | ativan | abobotulinumtoxina | ioversol | diamox sequels | diamox | iodixanol | iohexol | iopromide | naproxen | ibuprofen,baclofen | onabotulinumtoxina | botox | lioresal | propranolol,1000,187,187,892,0,0,0,0.8,0.8,1.0,0.7541110877910315,0.4,0.8,1.0,0.7541110877910315,0.2,0.8,1.0,0.7541110877910315,1.0,1.0,1.0,1.0,0.0,0.0,0.0,1.0
label_idf_only,eval_0237,acidophilus | cipro | levofloxacin | linezolid | cefazolin | cefepime | ceftin | ceftriaxone | cefuroxime | unasyn | cephalexin | meropenem | lactobacillus acidophilus | vibramycin | ciprofloxacin | minocycline | moxifloxacin | zyvox | diflucan | doripenem,sulfamethoxazole / trimethoprim | bactrim | fluconazole,481,287,287,481,0,0,0,0.0,0.0,0.0,0.0,0.0,0.0,0.0,0.0,0.0,0.0,0.0,0.0,0.0,1.0,1.0,1.0,0.0,0.0,0.0,1.0
label_idf_only,eval_0244,hydroxychloroquine | doxycycline | doxy 100 | depakote er | lithium | valproic acid | depakote | divalproex sodium | prednisone | deltasone | depakote sprinkles | thorazine | daraprim | clindamycin | mefloquine | chlorpromazine | chloroquine | malarone | lariam | coartem,doxycycline | prednisone | methylprednisolone | hydroxychloroquine | doxy 100 | deltasone | diclofenac | naproxen,1000,446,446,809,0,0,0,0.6,0.375,1.0,0.7227265726449517,0.5,0.625,1.0,0.7280920761425088,0.25,0.625,1.0,0.7280920761425088,1.0,1.0,1.0,1.0,0.0,0.0,0.0,1.0
label_idf_only,eval_0252,esgic | valproic acid | venlafaxine | verapamil | verelan | verelan pm | methergine | methylergonovine | metoclopramide | metoprolol | vitamin b2 | clonazepam | clonidine | migergot | migraine relief | migranal | wellbutrin | motrin | zanaflex | zecuity,gabapentin | propranolol,1000,179,179,1000,0,0,0,0.0,0.0,0.0,0.0,0.0,0.0,0.0,0.0,0.0,0.0,0.0,0.0,0.0,1.0,1.0,1.0,0.0,0.0,0.0,1.0
label_idf_only,eval_0227,"ampicillin | typhoid vaccine, inactivated | typhoid vaccine, live | ceftriaxone | cipro | ciprofloxacin | azithromycin | cidofovir | cisatracurium | ciprofloxacin / dexamethasone | ciprodex | mepron | cimetidine | chorionic gonadotropin (hcg) | menotropins | ciclesonide | memantine | citalopram | melatonin | mekinist",ceftriaxone | ciprofloxacin,1000,7,7,1000,0,0,0,0.2,0.5,1.0,0.20210734650054757,0.2,1.0,1.0,0.45284802894985104,0.1,1.0,1.0,0.45284802894985104,0.25,1.0,1.0,1.0,0.0,0.0,0.0,1.0
label_idf_only,eval_0232,prednisolone | cyproheptadine | dexbrompheniramine / phenylephrine | dexbrompheniramine | desloratadine | deltasone | nedocromil | zyrtec | zymine | cromolyn | chlorpheniramine | corticotropin | zaditor | xyzal | xolair | vistaril | claritin | clarinex | dexchlorpheniramine | olopatadine,prednisone | promethazine,558,76,76,558,0,0,0,0.0,0.0,0.0,0.0,0.0,0.0,0.0,0.0,0.0,0.0,0.0,0.0,0.0,1.0,1.0,1.0,0.0,0.0,0.0,1.0
label_idf_only,eval_0257,esomeprazole | cimetidine | protonix | pantoprazole | omeprazole / sodium bicarbonate | omeprazole | nexium | zantac | pepcid | carafate | lansoprazole | sucralfate | ranitidine | rabeprazole | famotidine | calcium carbonate | vedolizumab | methylprednisolone | vimovo | methscopolamine,rabeprazole | esomeprazole | lansoprazole,468,80,80,468,0,0,0,0.2,0.3333333333333333,1.0,0.4692787260227565,0.1,0.3333333333333333,1.0,0.4692787260227565,0.15,1.0,1.0,0.720296371989005,1.0,1.0,1.0,1.0,0.0,0.0,0.0,1.0
label_idf_only,eval_0251,oxybutynin | doxycycline | naproxen | naprosyn | triamcinolone | ibuprofen | aleve | flanax pain reliever | methimazole | propylthiouracil | pima | drysol | onabotulinumtoxina | xerac ac | clonidine | potassium iodide | catapres | hypercare | botox | aluminum chloride hexahydrate,prednisone | enbrel | naproxen | triamcinolone | ibuprofen,690,294,294,690,0,0,0,0.4,0.4,1.0,0.28322728792630303,0.3,0.6,1.0,0.4163416122730191,0.15,0.6,1.0,0.4163416122730191,0.3333333333333333,1.0,1.0,1.0,0.0,0.0,0.0,1.0
label_idf_only,eval_0249,prednisone | ciprofloxacin | doxycycline | dexamethasone | moxifloxacin | minocycline | rifampin | levofloxacin | lansoprazole | gentamicin | amikacin | carafate | zegerid | mintox plus | mintox | milantex | mi-acid | metoclopramide | cimetidine | chloramphenicol,doxycycline,1000,230,230,1000,0,0,0,0.2,1.0,1.0,0.5,0.1,1.0,1.0,0.5,0.05,1.0,1.0,0.5,0.3333333333333333,1.0,1.0,1.0,0.0,0.0,0.0,1.0
label_idf_only,eval_0246,sodium iodide-i-131 | propylthiouracil | catapres | clonidine | terazosin | hytrin | onabotulinumtoxina | amitriptyline | xerac ac | tapazole | potassium iodide | pima | oxybutynin | aluminum chloride hexahydrate | methimazole | hypercare | glycopyrronium | gabapentin | drysol | botox,thyroid desiccated | armour thyroid | levothyroxine,1000,352,126,742,0,0,0,0.0,0.0,0.0,0.0,0.0,0.0,0.0,0.0,0.0,0.0,0.0,0.0,0.0,1.0,1.0,1.0,0.0,0.0,0.0,1.0
label_idf_only,eval_0260,smz-tmp ds | aleve | cephalexin | septra ds | triamcinolone | lidocaine | naproxen | levofloxacin | levaquin | moxifloxacin | doxycycline | doxy 100 | oxybutynin | naprosyn | ditropan xl | bactrim | avelox | ciprofloxacin | ibuprofen | ofloxacin,naproxen,273,25,25,273,0,0,0,0.0,0.0,0.0,0.0,0.1,1.0,1.0,0.3333333333333333,0.05,1.0,1.0,0.3333333333333333,0.14285714285714285,1.0,1.0,1.0,0.0,0.0,0.0,1.0
label_idf_only,eval_0250,foscarnet | immune globulin intramuscular | amitriptyline | nortriptyline | metoclopramide | gabapentin | reglan | erythromycin | cipro | doxycycline | dexamethasone | sulfamethoxazole / trimethoprim | ciprofloxacin | ceftriaxone | prednisone | varicella virus vaccine | varicella zoster immune globulin | valtrex | valacyclovir | measles virus vaccine / mumps virus vaccine / rubella virus vaccine / varicella virus vaccine,valacyclovir | valtrex | acyclovir,1000,322,322,749,0,0,0,0.0,0.0,0.0,0.0,0.0,0.0,0.0,0.0,0.1,0.6666666666666666,1.0,0.21905326806013103,0.05555555555555555,1.0,1.0,1.0,0.0,0.0,0.0,1.0
label_idf_only,eval_0261,pramosone | mometasone | compazine | amevive | thiothixene | thorazine | pentamidine | yusimry | tildrakizumab | amjevita | gengraf | cordran tape | ammonium lactate / halobetasol | brodalumab | perphenazine | topicort | bryhali | topicort lp | cosentyx | theraplex t,enbrel,164,164,164,164,0,0,0,0.0,0.0,0.0,0.0,0.0,0.0,0.0,0.0,0.0,0.0,0.0,0.0,0.0,1.0,1.0,1.0,0.0,0.0,0.0,1.0
label_idf_only,eval_0264,dexamethasone | mycophenolate mofetil | methylprednisolone | cellcept | triamcinolone | hydrocortisone | azathioprine | prednisone | imuran | sulfazine | vimovo | diclofenac | duexis | infliximab | prednisolone | sulfasalazine | humira | simponi | golimumab | remicade,adalimumab | humira | infliximab | remicade,672,346,346,672,0,0,0,0.0,0.0,0.0,0.0,0.0,0.0,0.0,0.0,0.15,0.75,1.0,0.28241683227676245,0.07142857142857142,1.0,1.0,1.0,0.0,0.0,0.0,1.0
label_idf_only,eval_0268,prednisolone | acthar | aristocort | triamcinolone | lotemax | loteprednol | corticotropin | deltasone | prednisone | zymine | dexchlorpheniramine | dexbrompheniramine / phenylephrine | dexbrompheniramine | desloratadine | nedocromil | zyrtec | xolair | cyproheptadine | cromolyn | zaditor,prednisone | triamcinolone | prednisolone | loteprednol | lotemax,340,322,322,340,0,0,0,0.6,0.6,1.0,0.5342710881625681,0.5,1.0,1.0,0.7562045749407468,0.25,1.0,1.0,0.7562045749407468,1.0,1.0,1.0,1.0,0.0,0.0,0.0,1.0
label_idf_only,eval_0267,cefuroxime | retapamulin | altabax | bactrim | septra | septra ds | vibramycin | doxy 100 | doxycycline | smz-tmp ds | minocycline | clindamycin | keflex | bactrim ds | sulfamethoxazole / trimethoprim | cephalexin | ozenoxacin | cefadroxil | ammoniated mercury | sulconazole,isotretinoin | accutane | adapalene / benzoyl peroxide | doxycycline | cefuroxime | mupirocin | retapamulin,726,425,425,726,0,0,0,0.4,0.2857142857142857,1.0,0.3687643133387624,0.3,0.42857142857142855,1.0,0.40735160066226384,0.15,0.42857142857142855,1.0,0.40735160066226384,1.0,1.0,1.0,1.0,0.0,0.0,0.0,1.0
label_idf_only,eval_0253,pramosone | mometasone | compazine | amevive | thiothixene | thorazine | pentamidine | yusimry | tildrakizumab | amjevita | gengraf | cordran tape | ammonium lactate / halobetasol | brodalumab | perphenazine | topicort | bryhali | topicort lp | cosentyx | theraplex t,prednisone | enbrel,164,164,164,164,0,0,0,0.0,0.0,0.0,0.0,0.0,0.0,0.0,0.0,0.0,0.0,0.0,0.0,0.0,1.0,1.0,1.0,0.0,0.0,0.0,1.0
label_idf_only,eval_0276,erythromycin | cedax | cefixime | cefpodoxime | cefprozil | ceftibuten | ceftin | ceftriaxone | cefuroxime | cefzil | vantin | medrol dosepak | ciclesonide | cilastatin / imipenem | cipro | ciprofloxacin | clarithromycin | methylprednisolone | mometasone | moxifloxacin,prednisone,1000,221,221,1000,0,0,0,0.0,0.0,0.0,0.0,0.0,0.0,0.0,0.0,0.0,0.0,0.0,0.0,0.0,1.0,1.0,1.0,0.0,0.0,0.0,1.0
label_idf_only,eval_0277,pramlintide | bydureon bcise | tresiba | tretinoin | linagliptin | linagliptin / metformin | trijardy xr | canagliflozin | canagliflozin / metformin | liraglutide | lisinopril | lixisenatide | capsaicin | trulicity | captopril | capzasin-hp | carbamazepine | losartan | tzield | lyrica,liraglutide | victoza,453,228,228,453,0,0,0,0.0,0.0,0.0,0.0,0.1,0.5,1.0,0.17723928678404774,0.05,0.5,1.0,0.17723928678404774,0.1,1.0,1.0,1.0,0.0,0.0,0.0,1.0
label_idf_only,eval_0272,prednisone | triamcinolone | mycophenolate mofetil | dexamethasone | cellcept | imuran | methylprednisolone | azathioprine | hydrocortisone | budesonide | mercaptopurine | medrol dosepak | betamethasone | pancreatin | cutivate | crisaborole | desonide | creon | olux-e | desoximetasone,budesonide,659,346,126,439,0,0,0,0.0,0.0,0.0,0.0,0.1,1.0,1.0,0.2890648263178879,0.05,1.0,1.0,0.2890648263178879,0.1,1.0,1.0,1.0,0.0,0.0,0.0,1.0
label_idf_only,eval_0262,capsaicin | interferon gamma-1b | riabni | ridaura | bextra | duexis | rinvoq | duloxetine | minocycline | bioflavonoids | bioflavonoids / zinc glycinate | tetracycline | rituxan | rituximab | xeljanz | xeljanz xr | colchicine / probenecid | durolane | kenalog-10 | kenalog-40,diclofenac | tramadol | acetaminophen / hydrocodone,273,255,255,273,0,0,0,0.0,0.0,0.0,0.0,0.0,0.0,0.0,0.0,0.0,0.0,0.0,0.0,0.0,1.0,1.0,1.0,0.0,0.0,0.0,1.0
label_idf_only,eval_0275,trospium | risperdal m-tab | paliperidone | doxycycline | itraconazole | allopurinol | bethanechol | fosfomycin | minocycline | risperdal | furadantin | doryx | risperidone | keflex | duricef | rocephin | amikacin | monurol | pentosan polysulfate sodium | amitriptyline,doxycycline,172,172,172,172,0,0,0,0.2,1.0,1.0,0.43067655807339306,0.1,1.0,1.0,0.43067655807339306,0.05,1.0,1.0,0.43067655807339306,0.25,1.0,1.0,1.0,0.0,0.0,0.0,1.0
label_idf_only,eval_0271,tretinoin | bydureon | byetta | tresiba | linagliptin | linagliptin / metformin | trijardy xr | canagliflozin | canagliflozin / metformin | liraglutide | lisinopril | lixisenatide | capsaicin | trulicity | captopril | capzasin-hp | carbamazepine | losartan | tzield | lyrica,tretinoin | doxycycline | spironolactone | liraglutide | victoza,949,560,508,897,0,0,0,0.2,0.2,1.0,0.4349768833818852,0.2,0.4,1.0,0.5188012282132725,0.1,0.4,1.0,0.5188012282132725,1.0,1.0,1.0,1.0,0.0,0.0,0.0,1.0
label_idf_only,eval_0279,prednisone | chlor-trimeton | promethazine | epinephrine | diphenhydramine | olopatadine | dexchlorpheniramine | desloratadine | deltasone | zyrtec | cyproheptadine | xyzal | claritin | clarinex | chlorpheniramine | phenergan | cetirizine | benadryl | loratadine | fexofenadine,prednisone | promethazine | cyproheptadine | triamcinolone | azelastine | phenergan,1000,558,558,1000,0,0,0,0.4,0.3333333333333333,1.0,0.5087403079104241,0.2,0.3333333333333333,1.0,0.4539036202482202,0.2,0.6666666666666666,1.0,0.6123442733394888,1.0,1.0,1.0,1.0,0.0,0.0,0.0,1.0
label_idf_only,eval_0284,erythromycin | cilastatin / imipenem | cefprozil | ceftin | ceftriaxone | cefuroxime | cefzil | vantin | ciprofloxacin | cefixime | moxifloxacin | zithromax | dexamethasone | omnicef | doxycycline | prednisone | cefpodoxime | clarithromycin | cefdinir | augmentin,doxycycline | azithromycin | prednisone | sulfamethoxazole / trimethoprim | ceftriaxone,1000,319,319,1000,0,0,0,0.2,0.2,1.0,0.1027791229791241,0.1,0.2,1.0,0.1027791229791241,0.15,0.6,1.0,0.26669736731346905,0.2,1.0,1.0,1.0,0.0,0.0,0.0,1.0
label_idf_only,eval_0281,ertapenem | vancocin | cleocin phosphate | cleocin pediatric | cleocin hcl | cleocin | clarithromycin | claforan | ciprofloxacin | meropenem | vibativ | cilastatin / imipenem | vantin | vancomycin | vancocin hcl pulvules | vancocin hcl | maxipime | cefixime | maxaron forte | unasyn,doxycycline | azithromycin,1000,132,132,1000,0,0,0,0.0,0.0,0.0,0.0,0.0,0.0,0.0,0.0,0.0,0.0,0.0,0.0,0.0,1.0,1.0,1.0,0.0,0.0,0.0,1.0
label_idf_only,eval_0269,pramlintide | bydureon bcise | tresiba | tretinoin | linagliptin | linagliptin / metformin | trijardy xr | canagliflozin | canagliflozin / metformin | liraglutide | lisinopril | lixisenatide | capsaicin | trulicity | captopril | capzasin-hp | carbamazepine | losartan | tzield | lyrica,liraglutide | victoza,1000,228,228,1000,0,0,0,0.0,0.0,0.0,0.0,0.1,0.5,1.0,0.17723928678404774,0.05,0.5,1.0,0.17723928678404774,0.1,1.0,1.0,1.0,0.0,0.0,0.0,1.0
label_idf_only,eval_0270,retapamulin | ammoniated mercury | sulconazole | cefadroxil | cefuroxime | mupirocin | ozenoxacin | altabax | cimetidine | cipro i.v. | cipro | vi-sudo | cinqair | mepolizumab | ventolin hfa | cimduo | cilastatin / imipenem | veramyst | meropenem | ventolin,cefuroxime | mupirocin | retapamulin,1000,8,8,1000,0,0,0,0.4,0.6666666666666666,1.0,0.6403937842521121,0.3,1.0,1.0,0.8217377139338126,0.15,1.0,1.0,0.8217377139338126,1.0,1.0,1.0,1.0,0.0,0.0,0.0,1.0
label_idf_only,eval_0280,septra | cephalexin | doxycycline | doxy 100 | minocycline | clindamycin | vibramycin | septra ds | keflex | bactrim ds | bactrim | smz-tmp ds | sulfamethoxazole / trimethoprim | doryx | loryna | vestura | veltin | vanoxide-hc | chaparral | magnesium hydroxide,doxycycline | clindamycin | minocycline,888,420,420,888,0,0,0,0.4,0.6666666666666666,1.0,0.4161811555487309,0.3,1.0,1.0,0.5833416105149333,0.15,1.0,1.0,0.5833416105149333,0.3333333333333333,1.0,1.0,1.0,0.0,0.0,0.0,1.0
label_idf_only,eval_0287,lorazepam | ativan | onabotulinumtoxina | botox | kytril | compazine | bonine | xylocaine jelly | thorazine | compro | rotavirus vaccine | tigan | motofen | alvimopan | amitriptyline | lactobacillus acidophilus | peppermint | peptic relief | pepto-bismol | saccharomyces boulardii lyo,onabotulinumtoxina | gabapentin | amitriptyline,265,155,147,257,0,0,0,0.2,0.3333333333333333,1.0,0.23463936301137822,0.1,0.3333333333333333,1.0,0.23463936301137822,0.1,0.6666666666666666,1.0,0.35195904451706733,0.3333333333333333,1.0,1.0,1.0,0.0,0.0,0.0,1.0
label_idf_only,eval_0273,prinivil | lisinopril | propranolol | norvasc | nadolol | corgard | clonidine | metoprolol | verelan pm | verapamil | catapres | candesartan | olmesartan | tenormin | benicar | innopran xl | inderal la | inderal | atenolol | calan sr,propranolol | clonidine,1000,433,433,1000,0,0,0,0.2,0.5,1.0,0.35195904451706733,0.2,1.0,1.0,0.5083852865246528,0.1,1.0,1.0,0.5083852865246528,0.3333333333333333,1.0,1.0,1.0,0.0,0.0,0.0,1.0
label_idf_only,eval_0292,capsaicin | xeljanz xr | riabni | ridaura | bextra | duexis | rinvoq | duloxetine | minocycline | bioflavonoids | bioflavonoids / zinc glycinate | tetracycline | rituxan | rituximab | xeljanz | colchicine / probenecid | pancreatin | durolane | kenalog-10 | kenalog-40,diclofenac,255,255,255,255,0,0,0,0.0,0.0,0.0,0.0,0.0,0.0,0.0,0.0,0.0,0.0,0.0,0.0,0.0,1.0,1.0,1.0,0.0,0.0,0.0,1.0
label_idf_only,eval_0278,acidophilus | cipro | levofloxacin | linezolid | cefazolin | cefepime | ceftin | ceftriaxone | cefuroxime | unasyn | cephalexin | meropenem | lactobacillus acidophilus | ciprofloxacin | vibramycin | minocycline | moxifloxacin | zyvox | diflucan | doripenem,doxycycline | azithromycin | bactrim | fluconazole,481,287,287,481,0,0,0,0.0,0.0,0.0,0.0,0.0,0.0,0.0,0.0,0.0,0.0,0.0,0.0,0.0,1.0,1.0,1.0,0.0,0.0,0.0,1.0
label_idf_only,eval_0297,tums regular strength | zantac 150 | reglan | metoclopramide | pantoprazole | kapidex | aluminum hydroxide / magnesium hydroxide / simethicone | aluminum hydroxide / magnesium trisilicate | gelusil | zantac | pepcid | pepcid ac chewable tablets | ranitidine | zegerid | zegerid otc | lansoprazole | mylanta | calcium carbonate | calcium carbonate / simethicone | nexium,aciphex | dexlansoprazole | rabeprazole,222,45,45,222,0,0,0,0.0,0.0,0.0,0.0,0.0,0.0,0.0,0.0,0.0,0.0,0.0,0.0,0.0,1.0,1.0,1.0,0.0,0.0,0.0,1.0
label_idf_only,eval_0296,pramosone | mometasone | compazine | amevive | thiothixene | thorazine | pentamidine | yusimry | tildrakizumab | amjevita | gengraf | cordran tape | ammonium lactate / halobetasol | brodalumab | perphenazine | topicort | bryhali | topicort lp | cosentyx | theraplex t,prednisone | enbrel,164,164,164,164,0,0,0,0.0,0.0,0.0,0.0,0.0,0.0,0.0,0.0,0.0,0.0,0.0,0.0,0.0,1.0,1.0,1.0,0.0,0.0,0.0,1.0
label_idf_only,eval_0291,erythromycin | ceftriaxone | pyridoxine | doxycycline | dexamethasone | ciprofloxacin | minocycline | cefotaxime | lansoprazole | sulfamethoxazole / trimethoprim | amitriptyline | gabapentin | zofran odt | xylocaine jelly | compro | motofen | mytesi | nabilone | zofran | dexamethasone intensol,doxycycline,956,145,145,956,0,0,0,0.2,1.0,1.0,0.43067655807339306,0.1,1.0,1.0,0.43067655807339306,0.05,1.0,1.0,0.43067655807339306,0.25,1.0,1.0,1.0,0.0,0.0,0.0,1.0
label_idf_only,eval_0290,ery-tab | vantin | cefprozil | ceftibuten | ceftin | ceftriaxone | cefuroxime | cefzil | umeclidinium | umeclidinium / vilanterol | uniphyl | maxair | maxair autohaler | medrol | cefixime | medrol dosepak | ciclesonide | ventolin | ventolin hfa | cilastatin / imipenem,prednisone,505,221,221,505,0,0,0,0.0,0.0,0.0,0.0,0.0,0.0,0.0,0.0,0.0,0.0,0.0,0.0,0.0,1.0,1.0,1.0,0.0,0.0,0.0,1.0
label_idf_only,eval_0300,prednisolone | imuran | prednisone | diclofenac | dexamethasone | mycophenolate mofetil | methylprednisolone | vimovo | cellcept | triamcinolone | infliximab | sulfazine | sulfasalazine | duexis | azulfidine | simponi | esomeprazole / naproxen | famotidine / ibuprofen | adalimumab | golimumab,adalimumab | humira,325,311,259,273,0,0,0,0.0,0.0,0.0,0.0,0.0,0.0,0.0,0.0,0.05,0.5,1.0,0.14186890186599416,0.05263157894736842,1.0,1.0,1.0,0.0,0.0,0.0,1.0
label_idf_only,eval_0294,ertapenem | vancocin | metronidazole | cleocin phosphate | cleocin pediatric | cleocin | clarithromycin | claforan | ciprofloxacin | meropenem | vibativ | cilastatin / imipenem | vantin | vancomycin | vancocin hcl pulvules | vancocin hcl | maxipime | cefixime | maxaron forte | unasyn,doxycycline | azithromycin,1000,132,132,1000,0,0,0,0.0,0.0,0.0,0.0,0.0,0.0,0.0,0.0,0.0,0.0,0.0,0.0,0.0,1.0,1.0,1.0,0.0,0.0,0.0,1.0
label_idf_only,eval_0293,thorazine | doxycycline | chlorpromazine | haldol | haloperidol | primaquine | coartem | valproic acid | chloroquine | mefloquine | clindamycin | daraprim | lithium | depakote | depakote er | depakote sprinkles | divalproex sodium | fansidar | malarone | doxy 100,doxycycline | sulfamethoxazole / trimethoprim,991,174,174,991,0,0,0,0.2,0.5,1.0,0.44412286644879784,0.1,0.5,1.0,0.44412286644879784,0.05,0.5,1.0,0.44412286644879784,0.5,1.0,1.0,1.0,0.0,0.0,0.0,1.0
label_idf_only,eval_0298,pregabalin | gabapentin | nortriptyline | topamax | topiramate | lisinopril | neurontin | lyrica | prednisone | metoclopramide | onabotulinumtoxina | clonidine | catapres | botox | amitriptyline | reglan | bromocriptine | enalapril | perindopril | dexamethasone,topiramate | amitriptyline,1000,399,399,1000,0,0,0,0.2,0.5,1.0,0.272312688806029,0.1,0.5,1.0,0.272312688806029,0.1,1.0,1.0,0.3896323703117181,0.2,1.0,1.0,1.0,0.0,0.0,0.0,1.0
label_idf_only,eval_0286,elavil | amitriptyline | ciprofloxacin | ampicillin | doxycycline | sulfamethoxazole / trimethoprim | ceftriaxone | cipro | allopurinol | risperdal | azithromycin | risperidone | memantine | venlafaxine | atarax | hydroxyzine | lactobacillus acidophilus | minocycline | ofloxacin | phosphorated carbohydrate solution,doxycycline | sulfamethoxazole / trimethoprim | sumatriptan | azithromycin,1000,471,471,907,0,0,0,0.2,0.25,1.0,0.11455275463539255,0.2,0.5,1.0,0.2727699644154276,0.15,0.75,1.0,0.35536903624037264,0.2,1.0,1.0,1.0,0.0,0.0,0.0,1.0
label_idf_only,eval_0289,abobotulinumtoxina | lorazepam | ativan | dysport | onabotulinumtoxina | xeomin | myobloc | lioresal | botulinum toxin type b | botox | incobotulinumtoxina | baclofen | mifepristone | citracal + d | methamphetamine | vitamin d2 | vitamin d3 | miacalcin | miacalcin nasal | conjugated estrogens / medroxyprogesterone,baclofen,438,12,12,438,0,0,0,0.0,0.0,0.0,0.0,0.0,0.0,0.0,0.0,0.05,1.0,1.0,0.27023815442731974,0.08333333333333333,1.0,1.0,1.0,0.0,0.0,0.0,1.0
label_core_rerank,eval_0011,doxycycline | clindamycin | cephalexin | bactrim | sulfamethoxazole / trimethoprim | minocycline | keflex | doxy 100 | bactrim ds | vibramycin | septra | septra ds | smz-tmp ds | isotretinoin | accutane | benzoyl peroxide / clindamycin | tretinoin | adapalene / benzoyl peroxide | epiduo | magnesium hydroxide,doxycycline | clindamycin | sulfamethoxazole / trimethoprim,420,273,273,420,0,0,0,0.6,1.0,1.0,0.9615980861491925,0.3,1.0,1.0,0.9615980861491925,0.15,1.0,1.0,0.9615980861491925,1.0,1.0,1.0,1.0,0.0,0.0,0.0,1.0
label_core_rerank,eval_0006,prednisone | hydrocortisone | triamcinolone | dexamethasone | ciprofloxacin | calcium carbonate | prednisolone | elocon | clobetasol | desonide | doxycycline | flurandrenolide | cordran tape | clocortolone | azithromycin | clobex | cloderm | ceftriaxone | mometasone | betamethasone,ciprofloxacin,1000,80,80,1000,0,0,0,0.2,1.0,1.0,0.38685280723454163,0.1,1.0,1.0,0.38685280723454163,0.05,1.0,1.0,0.38685280723454163,0.2,1.0,1.0,1.0,0.0,0.0,0.0,1.0
label_core_rerank,eval_0009,doxycycline | prednisone | azithromycin | rocephin | aclidinium | tudorza pressair | xopenex | methylprednisolone | omalizumab | ceftriaxone | mometasone | xolair | levalbuterol | primatene mist | intal inhaler | accolate | zafirlukast | guaifenesin | epinephrine | ipratropium inhalation solution,prednisone,1000,221,221,1000,0,0,0,0.2,1.0,1.0,0.6309297535714574,0.1,1.0,1.0,0.6309297535714574,0.05,1.0,1.0,0.6309297535714574,0.5,1.0,1.0,1.0,0.0,0.0,0.0,1.0
label_core_rerank,eval_0016,isotretinoin | accutane | benzoyl peroxide / clindamycin | tretinoin | adapalene / benzoyl peroxide | epiduo | magnesium hydroxide | claravis | benzaclin | spironolactone | doxycycline | phillips' milk of magnesia | duac | retin-a | dapsone | aczone | clindamycin / tretinoin | drospirenone / ethinyl estradiol | onexton | benzoyl peroxide / sulfur,isotretinoin | accutane | adapalene / benzoyl peroxide,726,273,273,726,0,0,0,0.6,1.0,1.0,0.9469024295259745,0.3,1.0,1.0,0.9469024295259745,0.15,1.0,1.0,0.9469024295259745,1.0,1.0,1.0,1.0,0.0,0.0,0.0,1.0
label_core_rerank,eval_0019,doxycycline | ibuprofen | naproxen | triamcinolone | flanax pain reliever | aleve | naprosyn | cephalexin | bactrim | sulfamethoxazole / trimethoprim | oxybutynin | avelox | moxifloxacin | doxy 100 | sucralfate | ditropan xl | ciprofloxacin | levofloxacin | bactrim ds | levaquin,naproxen | triamcinolone,273,273,273,273,0,0,0,0.4,1.0,1.0,0.5706417189553201,0.2,1.0,1.0,0.5706417189553201,0.1,1.0,1.0,0.5706417189553201,0.3333333333333333,1.0,1.0,1.0,0.0,0.0,0.0,1.0
label_core_rerank,eval_0010,elocon | clobetasol | stelara | enbrel | ustekinumab | desonide | doxycycline | etanercept | prednisone | flurandrenolide | cordran tape | clocortolone | clobex | cloderm | thiothixene | desowen | methylprednisolone | adalimumab | mometasone | betamethasone,prednisone | enbrel,882,164,164,882,0,0,0,0.2,0.5,1.0,0.3031610197508214,0.2,1.0,1.0,0.44442799261065036,0.1,1.0,1.0,0.44442799261065036,0.25,1.0,1.0,1.0,0.0,0.0,0.0,1.0
label_core_rerank,eval_0002,doxycycline | prednisone | azithromycin | rocephin | ceftriaxone | sulfamethoxazole / trimethoprim | zithromax | ceftin | avelox | moxifloxacin | amoxicillin | amoxil | amoxicillin / clavulanate | biaxin xl | augmentin | dexamethasone | cefuroxime | clarithromycin | ciprofloxacin | erythromycin,prednisone,734,221,221,734,0,0,0,0.2,1.0,1.0,0.6309297535714574,0.1,1.0,1.0,0.6309297535714574,0.05,1.0,1.0,0.6309297535714574,0.5,1.0,1.0,1.0,0.0,0.0,0.0,1.0
label_core_rerank,eval_0017,doxycycline | prednisone | azithromycin | methylprednisolone | mometasone | epinephrine | ampicillin | budesonide | kenalog-40 | augmentin xr | triamcinolone | bactrim | medrol dosepak | sulfamethoxazole / trimethoprim | flunisolide | zithromax | ceftin | cedax | ceftibuten | singulair,prednisone | methylprednisolone,1000,681,681,1000,0,0,0,0.4,1.0,1.0,0.6509209298071326,0.2,1.0,1.0,0.6509209298071326,0.1,1.0,1.0,0.6509209298071326,0.5,1.0,1.0,1.0,0.0,0.0,0.0,1.0
label_core_rerank,eval_0020,clonazepam | klonopin | propranolol | rizatriptan | treximet | lamotrigine | gabapentin | naproxen / sumatriptan | amitriptyline | relpax | maxalt | eletriptan | acetaminophen / butalbital / caffeine | frovatriptan | sumatriptan | bupropion | aspirin / butalbital / caffeine | diclofenac | frova | maxalt-mlt,propranolol,1000,179,179,947,0,0,0,0.2,1.0,1.0,0.5,0.1,1.0,1.0,0.5,0.05,1.0,1.0,0.5,0.3333333333333333,1.0,1.0,0.0,0.0,0.0,0.0,1.0
label_core_rerank,eval_0021,propranolol | verapamil | nitro-bid | aspirin | epinephrine | nitroglycerin | enoxaparin | lovenox | atenolol | nadolol | corgard | angiomax | bayer aspirin extra strength plus | streptokinase | dalteparin | fragmin | bivalirudin | warfarin | plavix | metoprolol,metoprolol,1000,90,90,1000,0,0,0,0.0,0.0,0.0,0.0,0.0,0.0,0.0,0.0,0.05,1.0,1.0,0.22767024869695296,0.05,1.0,1.0,1.0,0.0,0.0,0.0,1.0
label_core_rerank,eval_0012,clonazepam | propranolol | gabapentin | amitriptyline | sumatriptan | diclofenac | prednisone | clonidine | lithium | nortriptyline | verapamil | elavil | zolmitriptan | atenolol | nadolol | corgard | divalproex sodium | nimodipine | depakote er | metoprolol,propranolol,1000,179,179,1000,0,0,0,0.2,1.0,1.0,0.6309297535714574,0.1,1.0,1.0,0.6309297535714574,0.05,1.0,1.0,0.6309297535714574,0.5,1.0,1.0,1.0,0.0,0.0,0.0,1.0
label_core_rerank,eval_0008,clonazepam | klonopin | propranolol | rizatriptan | treximet | lamotrigine | gabapentin | naproxen / sumatriptan | amitriptyline | relpax | maxalt | eletriptan | acetaminophen / butalbital / caffeine | frovatriptan | sumatriptan | bupropion | aspirin / butalbital / caffeine | diclofenac | frova | maxalt-mlt,gabapentin | propranolol,1000,179,179,1000,0,0,0,0.2,0.5,1.0,0.35195904451706733,0.2,1.0,1.0,0.5083852865246528,0.1,1.0,1.0,0.5083852865246528,0.3333333333333333,1.0,1.0,1.0,0.0,0.0,0.0,1.0
label_core_rerank,eval_0005,cyproheptadine | promethazine | prednisone | chlor-trimeton | phenergan | chlorpheniramine | epinephrine | ranitidine | carbinoxamine | azelastine | triamcinolone | tetracaine | olopatadine | diphenhydramine | benadryl | cetirizine | allegra | fexofenadine | zyrtec | levocetirizine,promethazine | cyproheptadine,1000,558,517,958,0,0,0,0.4,1.0,1.0,1.0,0.2,1.0,1.0,1.0,0.1,1.0,1.0,1.0,1.0,1.0,1.0,1.0,0.0,0.0,0.0,1.0
label_core_rerank,eval_0027,doxycycline | ibuprofen | naproxen | triamcinolone | flanax pain reliever | aleve | naprosyn | diclofenac | tramadol | stelara | acetaminophen / hydrocodone | enbrel | ustekinumab | etanercept | prednisone | lortab | ketoprofen | norco | indomethacin | valdecoxib,diclofenac | naproxen | triamcinolone,273,273,273,273,0,0,0,0.4,0.6666666666666666,1.0,0.4007190842355906,0.3,1.0,1.0,0.5613212351841308,0.15,1.0,1.0,0.5613212351841308,0.3333333333333333,1.0,1.0,1.0,0.0,0.0,0.0,1.0
label_core_rerank,eval_0007,amitriptyline | venlafaxine | elavil | memantine | propranolol | spironolactone | clonidine | verapamil | benicar | atenolol | catapres | nadolol | corgard | innopran xl | olmesartan | metoprolol | verelan pm | inderal | tenormin | calan sr,propranolol | clonidine | amitriptyline | elavil,1000,600,471,698,0,0,0,0.6,0.75,1.0,0.7803208329297955,0.4,1.0,1.0,0.8722223468555713,0.2,1.0,1.0,0.8722223468555713,1.0,1.0,1.0,1.0,0.0,0.0,0.0,1.0
label_core_rerank,eval_0034,prednisone | methylprednisolone | cellcept | mycophenolate mofetil | hydrocortisone | triamcinolone | dexamethasone | azathioprine | imuran | betamethasone | medrol dosepak | pancreatin | diclofenac | adalimumab | humira | infliximab | remicade | golimumab | simponi | famotidine / ibuprofen,prednisone | methylprednisolone | triamcinolone | adalimumab | humira | infliximab | remicade,672,346,346,672,0,0,0,0.4,0.2857142857142857,1.0,0.5531464700081437,0.3,0.42857142857142855,1.0,0.546216915252498,0.35,1.0,1.0,0.8184602169811083,1.0,1.0,1.0,1.0,0.0,0.0,0.0,1.0
label_core_rerank,eval_0036,doxycycline | prednisone | methotrexate | minocycline | dexamethasone | chloramphenicol | stelara | enbrel | ustekinumab | etanercept | methylprednisolone | adalimumab | betamethasone | humira | infliximab | remicade | hydrocortisone | kenalog-40 | triamcinolone | kenalog-10,doxycycline | prednisone,952,544,544,952,0,0,0,0.4,1.0,1.0,1.0,0.2,1.0,1.0,1.0,0.1,1.0,1.0,1.0,1.0,1.0,1.0,1.0,0.0,0.0,0.0,1.0
label_core_rerank,eval_0037,baclofen | onabotulinumtoxina | botox | lioresal | lorazepam | ativan | abobotulinumtoxina | dysport | botulinum toxin type b | myobloc | incobotulinumtoxina | xeomin | diclofenac | tramadol | stelara | acetaminophen / hydrocodone | enbrel | ustekinumab | doxycycline | etanercept,diclofenac | onabotulinumtoxina | botox,570,267,267,570,0,0,0,0.4,0.6666666666666666,1.0,0.4298593499260986,0.2,0.6666666666666666,1.0,0.4298593499260986,0.15,1.0,1.0,0.579606526573812,0.5,1.0,1.0,1.0,0.0,0.0,0.0,1.0
label_core_rerank,eval_0023,clonidine | catapres | hytrin | terazosin | aluminum chloride hexahydrate | drysol | gabapentin | amitriptyline | hypercare | propylthiouracil | sodium iodide-i-131 | xerac ac | pima | potassium iodide | tapazole | oxybutynin | onabotulinumtoxina | botox | benztropine | methimazole,thyroid desiccated | armour thyroid | levothyroxine,824,352,81,553,0,0,0,0.0,0.0,0.0,0.0,0.0,0.0,0.0,0.0,0.0,0.0,0.0,0.0,0.0,1.0,1.0,1.0,0.0,0.0,0.0,1.0
label_core_rerank,eval_0039,doxycycline | prednisone | azithromycin | methylprednisolone | mometasone | epinephrine | ampicillin | budesonide | kenalog-40 | augmentin xr | triamcinolone | bactrim | medrol dosepak | sulfamethoxazole / trimethoprim | flunisolide | zithromax | ceftin | cedax | ceftibuten | singulair,prednisone | methylprednisolone,1000,681,681,1000,0,0,0,0.4,1.0,1.0,0.6509209298071326,0.2,1.0,1.0,0.6509209298071326,0.1,1.0,1.0,0.6509209298071326,0.5,1.0,1.0,1.0,0.0,0.0,0.0,1.0
label_core_rerank,eval_0029,doxycycline | prednisone | azithromycin | rocephin | aclidinium | tudorza pressair | xopenex | methylprednisolone | omalizumab | ceftriaxone | mometasone | xolair | levalbuterol | primatene mist | accolate | zafirlukast | intal inhaler | guaifenesin | epinephrine | ampicillin,prednisone,1000,221,221,1000,0,0,0,0.2,1.0,1.0,0.6309297535714574,0.1,1.0,1.0,0.6309297535714574,0.05,1.0,1.0,0.6309297535714574,0.5,1.0,1.0,1.0,0.0,0.0,0.0,1.0
label_core_rerank,eval_0033,cefadroxil | retapamulin | altabax | mupirocin | cefuroxime | ammoniated mercury | sulconazole | ozenoxacin | isotretinoin | accutane | valacyclovir | valtrex | benzoyl peroxide / clindamycin | tretinoin | elocon | adapalene / benzoyl peroxide | epiduo | clobetasol | stelara | magnesium hydroxide,cefuroxime | mupirocin | retapamulin,731,8,8,731,0,0,0,0.6,1.0,1.0,0.6797310500037657,0.3,1.0,1.0,0.6797310500037657,0.15,1.0,1.0,0.6797310500037657,0.5,1.0,1.0,1.0,0.0,0.0,0.0,1.0
label_core_rerank,eval_0041,doxycycline | azithromycin | rocephin | acidophilus | methenamine | ceftriaxone | zyvox | linezolid | hiprex | lactobacillus acidophilus | fluconazole | cephalexin | doripenem | gentamicin | bactrim | sulfamethoxazole / trimethoprim | minocycline | ceftin | avelox | moxifloxacin,doxycycline | azithromycin | sulfamethoxazole / trimethoprim | bactrim | fluconazole,481,287,287,481,0,0,0,0.4,0.4,1.0,0.4063180457160617,0.2,0.4,1.0,0.4063180457160617,0.25,1.0,1.0,0.6954092773654924,1.0,1.0,1.0,1.0,0.0,0.0,0.0,1.0
label_core_rerank,eval_0018,clonazepam | klonopin | propranolol | rizatriptan | treximet | lamotrigine | gabapentin | naproxen / sumatriptan | amitriptyline | relpax | maxalt | eletriptan | acetaminophen / butalbital / caffeine | frovatriptan | sumatriptan | bupropion | aspirin / butalbital / caffeine | diclofenac | frova | maxalt-mlt,gabapentin | propranolol,1000,179,179,1000,0,0,0,0.2,0.5,1.0,0.35195904451706733,0.2,1.0,1.0,0.5083852865246528,0.1,1.0,1.0,0.5083852865246528,0.3333333333333333,1.0,1.0,1.0,0.0,0.0,0.0,1.0
label_core_rerank,eval_0045,rabeprazole | omeprazole / sodium bicarbonate | ranitidine | lansoprazole | zantac | esomeprazole | protonix | nexium | sucralfate | cimetidine | omeprazole | pantoprazole | carafate | pepcid | calcium carbonate | famotidine | diclofenac | prednisone | clonidine | chlordiazepoxide / clidinium,rabeprazole | esomeprazole | lansoprazole,660,109,109,660,0,0,0,0.4,0.6666666666666666,1.0,0.6713860725233042,0.3,1.0,1.0,0.8385465274895064,0.15,1.0,1.0,0.8385465274895064,1.0,1.0,1.0,1.0,0.0,0.0,0.0,1.0
label_core_rerank,eval_0047,cefadroxil | retapamulin | altabax | mupirocin | cefuroxime | ozenoxacin | ammoniated mercury | sulconazole,mupirocin | retapamulin,8,8,8,8,0,0,0,0.4,1.0,1.0,0.6509209298071326,0.2,1.0,1.0,0.6509209298071326,0.1,1.0,1.0,0.6509209298071326,0.5,1.0,1.0,1.0,0.0,0.0,0.0,1.0
label_core_rerank,eval_0049,aciphex | rabeprazole | calcium carbonate / simethicone | prevacid | axid ar | nexium 24hr | prilosec otc | aluminum hydroxide / magnesium hydroxide / simethicone | nizatidine | protonix iv | omeprazole / sodium bicarbonate | mylanta | zegerid | pepcid ac chewable tablets | dexlansoprazole | lansoprazole | esomeprazole | dexilant | protonix | nexium,aciphex | dexlansoprazole | rabeprazole,1000,45,45,1000,0,0,0,0.4,0.6666666666666666,1.0,0.7653606369886218,0.2,0.6666666666666666,1.0,0.7653606369886218,0.15,1.0,1.0,0.8826803184943108,1.0,1.0,1.0,1.0,0.0,0.0,0.0,1.0
label_core_rerank,eval_0054,doxycycline | prednisone | azithromycin | methylprednisolone | mometasone | epinephrine | ampicillin | budesonide | kenalog-40 | augmentin xr | triamcinolone | bactrim | medrol dosepak | sulfamethoxazole / trimethoprim | flunisolide | zithromax | ceftin | ceftibuten | cedax | singulair,prednisone | methylprednisolone,1000,681,681,1000,0,0,0,0.4,1.0,1.0,0.6509209298071326,0.2,1.0,1.0,0.6509209298071326,0.1,1.0,1.0,0.6509209298071326,0.5,1.0,1.0,1.0,0.0,0.0,0.0,1.0
label_core_rerank,eval_0053,doxycycline | prednisone | azithromycin | methylprednisolone | mometasone | epinephrine | ampicillin | budesonide | kenalog-40 | augmentin xr | triamcinolone | bactrim | medrol dosepak | sulfamethoxazole / trimethoprim | flunisolide | zithromax | ceftin | cedax | ceftibuten | singulair,prednisone | methylprednisolone,1000,681,681,1000,0,0,0,0.4,1.0,1.0,0.6509209298071326,0.2,1.0,1.0,0.6509209298071326,0.1,1.0,1.0,0.6509209298071326,0.5,1.0,1.0,1.0,0.0,0.0,0.0,1.0
label_core_rerank,eval_0058,doxycycline | lithium | chlorpromazine | allopurinol | clindamycin | coartem | artemether / lumefantrine | divalproex sodium | halfan | halofantrine | daraprim | fansidar | pyrimethamine / sulfadoxine | pyrimethamine | stavzor | depakote er | thorazine | hydroxychloroquine | depakote | risperdal,doxycycline | clindamycin,1000,34,34,1000,0,0,0,0.4,1.0,1.0,0.8854598815714874,0.2,1.0,1.0,0.8854598815714874,0.1,1.0,1.0,0.8854598815714874,1.0,1.0,1.0,1.0,0.0,0.0,0.0,1.0
label_core_rerank,eval_0030,prednisone | omalizumab | xolair | epinephrine | aristocort | triamcinolone | cromolyn | deltasone | prednisolone | cyproheptadine | promethazine | chlor-trimeton | phenergan | chlorpheniramine | ranitidine | carbinoxamine | azelastine | tetracaine | olopatadine | diphenhydramine,prednisone | promethazine | cyproheptadine | methylprednisolone,1000,288,288,951,0,0,0,0.2,0.25,1.0,0.2961145750868013,0.2,0.5,1.0,0.4245090374132933,0.15,0.75,1.0,0.5484076451507108,1.0,1.0,1.0,1.0,0.0,0.0,0.0,1.0
label_core_rerank,eval_0051,doxycycline | prednisone | azithromycin | rocephin | methylprednisolone | ceftriaxone | mometasone | epinephrine | ampicillin | budesonide | kenalog-40 | augmentin xr | triamcinolone | bactrim | medrol dosepak | sulfamethoxazole / trimethoprim | flunisolide | zithromax | ceftin | cedax,prednisone,1000,221,221,1000,0,0,0,0.2,1.0,1.0,0.6309297535714575,0.1,1.0,1.0,0.6309297535714575,0.05,1.0,1.0,0.6309297535714575,0.5,1.0,1.0,1.0,0.0,0.0,0.0,1.0
label_core_rerank,eval_0050,doxycycline | prednisone | azithromycin | rocephin | aclidinium | tudorza pressair | xopenex | methylprednisolone | omalizumab | ceftriaxone | mometasone | xolair | levalbuterol | primatene mist | accolate | zafirlukast | intal inhaler | guaifenesin | epinephrine | ipratropium inhalation solution,prednisone,536,221,221,536,0,0,0,0.2,1.0,1.0,0.6309297535714575,0.1,1.0,1.0,0.6309297535714575,0.05,1.0,1.0,0.6309297535714575,0.5,1.0,1.0,1.0,0.0,0.0,0.0,1.0
label_core_rerank,eval_0055,spironolactone | gabapentin | urea | amitriptyline | icosapent | vascepa | cyproheptadine | insulin regular | magnesium amino acids chelate | rocaltrol | prednisone | clonidine | magnesium oxide | glucose | pregabalin | sodium bicarbonate | magnesium gluconate | calcifediol | acetaminophen / phenyltoloxamine | nortriptyline,gabapentin | amitriptyline,1000,236,236,1000,0,0,0,0.4,1.0,1.0,0.6509209298071326,0.2,1.0,1.0,0.6509209298071326,0.1,1.0,1.0,0.6509209298071326,0.5,1.0,1.0,1.0,0.0,0.0,0.0,1.0
label_core_rerank,eval_0059,doxycycline | prednisone | azithromycin | rocephin | ceftriaxone | sulfamethoxazole / trimethoprim | zithromax | ceftin | avelox | moxifloxacin | amoxicillin | amoxil | amoxicillin / clavulanate | biaxin xl | augmentin | dexamethasone | cefuroxime | clarithromycin | ciprofloxacin | erythromycin,prednisone,1000,221,221,1000,0,0,0,0.2,1.0,1.0,0.6309297535714574,0.1,1.0,1.0,0.6309297535714574,0.05,1.0,1.0,0.6309297535714574,0.5,1.0,1.0,1.0,0.0,0.0,0.0,1.0
label_core_rerank,eval_0057,doxycycline | prednisone | triamcinolone | moxifloxacin | dexamethasone | ciprofloxacin | levofloxacin | aciphex | rabeprazole | calcium carbonate / simethicone | prevacid | axid ar | nexium 24hr | prilosec otc | aluminum hydroxide / magnesium hydroxide / simethicone | nizatidine | protonix iv | omeprazole / sodium bicarbonate | tagamet hb | mylanta,prednisone,1000,323,323,1000,0,0,0,0.2,1.0,1.0,0.6309297535714575,0.1,1.0,1.0,0.6309297535714575,0.05,1.0,1.0,0.6309297535714575,0.5,1.0,1.0,1.0,0.0,0.0,0.0,1.0
label_core_rerank,eval_0042,prednisone | aristocort | triamcinolone | corticotropin | deltasone | acthar | loteprednol | lotemax | prednisolone | doxycycline | methylprednisolone | aspirin | kenalog-40 | medrol dosepak | amoxicillin | dexamethasone | canakinumab | diclofenac | tramadol | stelara,prednisone | triamcinolone | methylprednisolone,796,322,322,796,0,0,0,0.4,0.6666666666666666,1.0,0.7039180890341348,0.2,0.6666666666666666,1.0,0.7039180890341348,0.15,1.0,1.0,0.834820079202332,1.0,1.0,1.0,1.0,0.0,0.0,0.0,1.0
label_core_rerank,eval_0070,doxycycline | prednisone | azithromycin | rocephin | methylprednisolone | ceftriaxone | mometasone | epinephrine | ampicillin | budesonide | kenalog-40 | augmentin xr | triamcinolone | bactrim | medrol dosepak | sulfamethoxazole / trimethoprim | flunisolide | zithromax | ceftin | ceftibuten,prednisone,1000,221,221,977,0,0,0,0.2,1.0,1.0,0.6309297535714574,0.1,1.0,1.0,0.6309297535714574,0.05,1.0,1.0,0.6309297535714574,0.5,1.0,1.0,1.0,0.0,0.0,0.0,1.0
label_core_rerank,eval_0068,ephedrine | caffeine | prednisone | deltasone | phenylephrine | diltiazem | cardizem | cartia xt | cardizem cd | esmolol | clonidine | catapres | cyproheptadine | lisinopril | acetaminophen / phenyltoloxamine | acetaminophen / caffeine | excedrin tension headache | doxycycline | excedrin quick tab | azithromycin,prednisone | diltiazem,1000,650,650,581,0,0,0,0.2,0.5,1.0,0.3065735963827292,0.2,1.0,1.0,0.5249810332008934,0.1,1.0,1.0,0.5249810332008934,0.3333333333333333,1.0,1.0,1.0,0.0,0.0,0.0,1.0
label_core_rerank,eval_0072,proctofoam | pramoxine | dibucaine | nupercainal | hydrocortisone | proctofoam hc | proctosol-hc | pramoxine / zinc oxide | tronolane anesthetic for hemorrhoids | hydrocortisone / pramoxine | analpram-hc | hydrocortisone / lidocaine | phenylephrine | lmx 5 | pramosone | lidocaine | phenylephrine / pramoxine | recticare | anucort-hc | anusol-hc suppositories,hydrocortisone | pramoxine | proctofoam,22,20,20,22,0,0,0,0.6,1.0,1.0,0.9615980861491925,0.3,1.0,1.0,0.9615980861491925,0.15,1.0,1.0,0.9615980861491925,1.0,1.0,1.0,1.0,0.0,0.0,0.0,1.0
label_core_rerank,eval_0069,doxycycline | triamcinolone | oxybutynin | prednisone | methylprednisolone | hydrocortisone | kenalog-40 | minocycline | dexamethasone | tetracycline | prednisolone | ibuprofen | naproxen | flanax pain reliever | aleve | naprosyn | stelara | enbrel | ustekinumab | etanercept,prednisone | methylprednisolone | triamcinolone | naproxen,1000,294,294,1000,0,0,0,0.6,0.75,1.0,0.5654495432396527,0.3,0.75,1.0,0.5654495432396527,0.2,1.0,1.0,0.6679826818578746,0.5,1.0,1.0,1.0,0.0,0.0,0.0,1.0
label_core_rerank,eval_0048,doxycycline | prednisone | triamcinolone | minocycline | dexamethasone | tetracycline | cortisone | moxifloxacin | sucralfate | ciprofloxacin | levofloxacin | aciphex | rabeprazole | calcium carbonate / simethicone | prevacid | axid ar | nexium 24hr | prilosec otc | aluminum hydroxide / magnesium hydroxide / simethicone | nizatidine,prednisone | triamcinolone | moxifloxacin | ciprofloxacin,1000,357,357,773,0,0,0,0.4,0.5,1.0,0.44149241373678083,0.4,1.0,1.0,0.6774887494560811,0.2,1.0,1.0,0.6774887494560811,0.5,1.0,1.0,1.0,0.0,0.0,0.0,1.0
label_core_rerank,eval_0066,diclofenac | tramadol | stelara | acetaminophen / hydrocodone | enbrel | ustekinumab | doxycycline | etanercept | prednisone | lortab | ketoprofen | norco | indomethacin | valdecoxib | voltaren | duloxetine | cataflam | cymbalta | naprelan | probenecid,diclofenac | tramadol,273,255,255,273,0,0,0,0.4,1.0,1.0,1.0,0.2,1.0,1.0,1.0,0.1,1.0,1.0,1.0,1.0,1.0,1.0,1.0,0.0,0.0,0.0,1.0
label_core_rerank,eval_0074,cyproheptadine | promethazine | prednisone | chlor-trimeton | phenergan | chlorpheniramine | epinephrine | ranitidine | carbinoxamine | azelastine | triamcinolone | tetracaine | olopatadine | diphenhydramine | benadryl | cetirizine | allegra | fexofenadine | zyrtec | levocetirizine,promethazine | cyproheptadine,1000,558,517,958,0,0,0,0.4,1.0,1.0,1.0,0.2,1.0,1.0,1.0,0.1,1.0,1.0,1.0,1.0,1.0,1.0,1.0,0.0,0.0,0.0,1.0
label_core_rerank,eval_0076,diclofenac | tramadol | stelara | acetaminophen / hydrocodone | enbrel | ustekinumab | doxycycline | etanercept | prednisone | lortab | ketoprofen | norco | indomethacin | valdecoxib | voltaren | duloxetine | cataflam | cymbalta | naprelan | probenecid,diclofenac | tramadol | acetaminophen / hydrocodone,273,255,255,273,0,0,0,0.6,1.0,1.0,0.9736505918364026,0.3,1.0,1.0,0.9736505918364026,0.15,1.0,1.0,0.9736505918364026,1.0,1.0,1.0,1.0,0.0,0.0,0.0,1.0
label_core_rerank,eval_0061,tretinoin | doxycycline | minocycline | tetracycline | isotretinoin | accutane | benzoyl peroxide / clindamycin | adapalene / benzoyl peroxide | epiduo | magnesium hydroxide | claravis | benzaclin | spironolactone | phillips' milk of magnesia | duac | retin-a | dapsone | aczone | clindamycin / tretinoin | drospirenone / ethinyl estradiol,tretinoin | doxycycline | minocycline,670,500,500,670,0,0,0,0.6,1.0,1.0,1.0,0.3,1.0,1.0,1.0,0.15,1.0,1.0,1.0,1.0,1.0,1.0,1.0,0.0,0.0,0.0,1.0
label_core_rerank,eval_0082,propylthiouracil | sodium iodide-i-131 | thyroid desiccated | westhroid | cenestin | estropipate | conjugated estrogens | armour thyroid | premarin | calcifediol | thyquidity | rayaldee | estradiol | esterified estrogens | tirosint | doxorubicin | levothyroxine | synthroid | cytomel | nature-throid,thyroid desiccated | armour thyroid | levothyroxine,634,81,81,634,0,0,0,0.2,0.3333333333333333,1.0,0.19004688335796713,0.2,0.6666666666666666,1.0,0.30995311664203284,0.15,1.0,1.0,0.44667995222701307,0.3333333333333333,1.0,1.0,1.0,0.0,0.0,0.0,1.0
label_core_rerank,eval_0060,doxycycline | ibuprofen | naproxen | triamcinolone | flanax pain reliever | aleve | naprosyn | cephalexin | bactrim | sulfamethoxazole / trimethoprim | oxybutynin | avelox | moxifloxacin | doxy 100 | sucralfate | ditropan xl | ciprofloxacin | levofloxacin | bactrim ds | levaquin,naproxen,273,273,273,273,0,0,0,0.2,1.0,1.0,0.5,0.1,1.0,1.0,0.5,0.05,1.0,1.0,0.5,0.3333333333333333,1.0,1.0,1.0,0.0,0.0,0.0,1.0
label_core_rerank,eval_0083,doxycycline | clindamycin | cephalexin | bactrim | sulfamethoxazole / trimethoprim | minocycline | keflex | doxy 100 | bactrim ds | vibramycin | septra | septra ds | smz-tmp ds | tretinoin | dexamethasone | spironolactone | dapsone | doryx | doxorubicin | tetracycline,tretinoin | doxycycline | spironolactone | liraglutide,1000,646,646,794,0,0,0,0.2,0.25,1.0,0.4135568126659915,0.1,0.25,1.0,0.4135568126659915,0.15,0.75,1.0,0.5868612631929018,1.0,1.0,1.0,1.0,0.0,0.0,0.0,1.0
label_core_rerank,eval_0065,propylthiouracil | sodium iodide-i-131 | clonidine | thyroid desiccated | westhroid | cenestin | estropipate | conjugated estrogens | catapres | armour thyroid | premarin | calcifediol | thyquidity | rayaldee | estradiol | esterified estrogens | tirosint | doxorubicin | levothyroxine | onabotulinumtoxina,thyroid desiccated | armour thyroid | levothyroxine,748,81,81,748,0,0,0,0.2,0.3333333333333333,1.0,0.20210734650054762,0.2,0.6666666666666666,1.0,0.3377593199329954,0.15,1.0,1.0,0.446340193034029,0.25,1.0,1.0,1.0,0.0,0.0,0.0,1.0
label_core_rerank,eval_0084,doxycycline | prednisone | azithromycin | rocephin | ceftriaxone | sulfamethoxazole / trimethoprim | zithromax | ceftin | avelox | moxifloxacin | amoxicillin | amoxil | amoxicillin / clavulanate | biaxin xl | augmentin | dexamethasone | cefuroxime | clarithromycin | ciprofloxacin | erythromycin,doxycycline | azithromycin | prednisone | clindamycin,1000,319,319,1000,0,0,0,0.6,0.75,1.0,0.8530852898337354,0.3,0.75,1.0,0.8530852898337354,0.15,0.75,1.0,0.8530852898337354,1.0,1.0,1.0,1.0,0.0,0.0,0.0,1.0
label_core_rerank,eval_0078,cyproheptadine | promethazine | prednisone | omalizumab | epipen | ketotifen | xolair | chlor-trimeton | phenergan | ketorolac | chlorpheniramine | epinephrine | ranitidine | carbinoxamine | alavert | zaditor | aristocort | azelastine | triamcinolone | tetracaine,prednisone | promethazine,558,76,76,558,0,0,0,0.4,1.0,1.0,0.6934264036172708,0.2,1.0,1.0,0.6934264036172708,0.1,1.0,1.0,0.6934264036172708,0.5,1.0,1.0,1.0,0.0,0.0,0.0,1.0
label_core_rerank,eval_0063,propranolol | verapamil | nitroglycerin | atenolol | nadolol | corgard | metoprolol | verelan pm | caduet | coreg | tenormin | lopressor | calan sr | toprol-xl | bisoprolol | lisinopril | ramipril | diltiazem | altace | carvedilol,propranolol | verapamil | metoprolol | spironolactone,1000,335,335,975,0,0,0,0.4,0.5,1.0,0.6744821105691429,0.3,0.75,1.0,0.8123343814578067,0.15,0.75,1.0,0.8123343814578067,1.0,1.0,1.0,1.0,0.0,0.0,0.0,1.0
label_core_rerank,eval_0089,isotretinoin | accutane | benzoyl peroxide / clindamycin | tretinoin | adapalene / benzoyl peroxide | epiduo | magnesium hydroxide | claravis | benzaclin | spironolactone | doxycycline | phillips' milk of magnesia | duac | retin-a | dapsone | aczone | clindamycin / tretinoin | drospirenone / ethinyl estradiol | onexton | benzoyl peroxide / sulfur,adapalene / benzoyl peroxide,273,273,273,273,0,0,0,0.2,1.0,1.0,0.38685280723454163,0.1,1.0,1.0,0.38685280723454163,0.05,1.0,1.0,0.38685280723454163,0.2,1.0,1.0,1.0,0.0,0.0,0.0,1.0
label_core_rerank,eval_0075,doxycycline | prednisone | azithromycin | rocephin | methylprednisolone | ceftriaxone | mometasone | epinephrine | ampicillin | budesonide | kenalog-40 | augmentin xr | triamcinolone | bactrim | medrol dosepak | sulfamethoxazole / trimethoprim | flunisolide | zithromax | ceftin | ceftibuten,prednisone,1000,221,221,1000,0,0,0,0.2,1.0,1.0,0.6309297535714574,0.1,1.0,1.0,0.6309297535714574,0.05,1.0,1.0,0.6309297535714574,0.5,1.0,1.0,1.0,0.0,0.0,0.0,1.0
label_core_rerank,eval_0087,amitriptyline | venlafaxine | elavil | memantine | spironolactone | doxycycline | azithromycin | ceftriaxone | ampicillin | allopurinol | magnesium oxide | doryx | augmentin xr | cephalexin | sodium bicarbonate | bactrim | sulfamethoxazole / trimethoprim | ceftin | avelox | moxifloxacin,amitriptyline | venlafaxine | elavil,1000,347,347,927,0,0,0,0.6,1.0,1.0,1.0,0.3,1.0,1.0,1.0,0.15,1.0,1.0,1.0,1.0,1.0,1.0,1.0,0.0,0.0,0.0,1.0
label_core_rerank,eval_0093,diclofenac | doxycycline | prednisone | methylprednisolone | ceftriaxone | adalimumab | betamethasone | humira | cellcept | infliximab | remicade | mycophenolate mofetil | hydrocortisone | kenalog-40 | triamcinolone | medrol dosepak | amoxicillin | golimumab | simponi | sodium hyaluronate,doxycycline | prednisone,1000,255,255,1000,0,0,0,0.4,1.0,1.0,0.6480409554829326,0.2,1.0,1.0,0.6480409554829326,0.1,1.0,1.0,0.6480409554829326,0.5,1.0,1.0,1.0,0.0,0.0,0.0,1.0
label_core_rerank,eval_0073,doxycycline | prednisone | azithromycin | clindamycin | sulfamethoxazole / trimethoprim | zithromax | ceftin | avelox | moxifloxacin | amoxicillin | amoxil | amoxicillin / clavulanate | augmentin | dexamethasone | cefuroxime | ciprofloxacin | levofloxacin | levaquin | azithromycin dose pack | cleocin,doxycycline | azithromycin | prednisone | clindamycin | minocycline,1000,710,710,1000,0,0,0,0.8,0.8,1.0,0.8153225004907431,0.4,0.8,1.0,0.8153225004907431,0.2,0.8,1.0,0.8153225004907431,1.0,1.0,1.0,1.0,0.0,0.0,0.0,1.0
label_core_rerank,eval_0095,aciphex | doxycycline | prednisone | rabeprazole | calcium carbonate / simethicone | prevacid | axid ar | nexium 24hr | prilosec otc | aluminum hydroxide / magnesium hydroxide / simethicone | nizatidine | protonix iv | omeprazole / sodium bicarbonate | tagamet hb | mylanta | zegerid | pepcid ac chewable tablets | triamcinolone | gentamicin | mylanta maximum strength,prednisone,1000,109,109,1000,0,0,0,0.2,1.0,1.0,0.5,0.1,1.0,1.0,0.5,0.05,1.0,1.0,0.5,0.3333333333333333,1.0,1.0,1.0,0.0,0.0,0.0,1.0
label_core_rerank,eval_0092,isotretinoin | accutane | benzoyl peroxide / clindamycin | tretinoin | adapalene / benzoyl peroxide | epiduo | magnesium hydroxide | claravis | benzaclin | spironolactone | doxycycline | phillips' milk of magnesia | duac | retin-a | dapsone | aczone | clindamycin / tretinoin | drospirenone / ethinyl estradiol | onexton | benzoyl peroxide / sulfur,adapalene / benzoyl peroxide,726,273,273,726,0,0,0,0.2,1.0,1.0,0.38685280723454163,0.1,1.0,1.0,0.38685280723454163,0.05,1.0,1.0,0.38685280723454163,0.2,1.0,1.0,1.0,0.0,0.0,0.0,1.0
label_core_rerank,eval_0094,amitriptyline | spironolactone | doxycycline | venlafaxine | azithromycin | rocephin | phosphorated carbohydrate solution | acidophilus | elavil | methenamine | ceftriaxone | zyvox | vaniqa | linezolid | uta | ampicillin | sulfatrim | hiprex | allopurinol | eflornithine,doxycycline,172,172,172,172,0,0,0,0.2,1.0,1.0,0.5,0.1,1.0,1.0,0.5,0.05,1.0,1.0,0.5,0.3333333333333333,1.0,1.0,1.0,0.0,0.0,0.0,1.0
label_core_rerank,eval_0079,aluminum hydroxide / magnesium hydroxide / simethicone | ranitidine | lansoprazole | cimetidine | omeprazole | pantoprazole | famotidine | cyproheptadine | prednisone | acetaminophen / phenyltoloxamine | acetaminophen / caffeine | excedrin tension headache | excedrin quick tab | deltasone | dexbrompheniramine / pseudoephedrine | drixoral cold and allergy | valacyclovir | valtrex | chlorpheniramine / hydrocodone | tussionex pennkinetic,lansoprazole | ranitidine | omeprazole | pantoprazole,719,549,549,719,0,0,0,0.6,0.75,1.0,0.5407142188659049,0.4,1.0,1.0,0.688026127815017,0.2,1.0,1.0,0.688026127815017,0.5,1.0,1.0,1.0,0.0,0.0,0.0,1.0
label_core_rerank,eval_0097,promethazine | meclizine | phenylephrine | diltiazem | cardizem | cartia xt | cyproheptadine | prednisone | acetaminophen / phenyltoloxamine | acetaminophen / caffeine | excedrin tension headache | cardizem cd | excedrin quick tab | deltasone | dexbrompheniramine / pseudoephedrine | drixoral cold and allergy | valacyclovir | valtrex | chlorpheniramine / hydrocodone | tussionex pennkinetic,promethazine | meclizine | phenylephrine | propranolol,1000,684,684,881,0,0,0,0.6,0.75,1.0,0.7990559142278677,0.3,0.75,1.0,0.7990559142278677,0.15,0.75,1.0,0.7990559142278677,1.0,1.0,1.0,1.0,0.0,0.0,0.0,1.0
label_core_rerank,eval_0102,elocon | clobetasol | desonide | prednisone | flurandrenolide | cordran tape | clocortolone | clobex | cloderm | methylprednisolone | mometasone | betamethasone | cellcept | fluocinonide | fluocinolone | mycophenolate mofetil | budesonide | hydrocortisone | desoximetasone | zenpep,prednisone | methylprednisolone,54,49,49,54,0,0,0,0.2,0.5,1.0,0.26406812257259094,0.2,1.0,1.0,0.44130740935663865,0.1,1.0,1.0,0.44130740935663865,0.25,1.0,1.0,1.0,0.0,0.0,0.0,1.0
label_core_rerank,eval_0096,triamcinolone | sucralfate | ciprofloxacin | levofloxacin | ofloxacin | doxycycline | ibuprofen | naproxen | flanax pain reliever | aleve | naprosyn | cipro | diclofenac | prednisone | methylprednisolone | adalimumab | humira | cellcept | infliximab | remicade,triamcinolone | sucralfate,672,311,311,672,0,0,0,0.4,1.0,1.0,0.9134015924715543,0.2,1.0,1.0,0.9134015924715543,0.1,1.0,1.0,0.9134015924715543,1.0,1.0,1.0,1.0,0.0,0.0,0.0,1.0
label_core_rerank,eval_0100,lidocaine | hydrocortisone | hydrocortisone / pramoxine | pramosone | proctofoam | pramoxine | dibucaine | nupercainal | proctofoam hc | proctosol-hc | tronolane anesthetic for hemorrhoids | pramoxine / zinc oxide | analpram-hc | hydrocortisone / lidocaine | phenylephrine | lmx 5 | phenylephrine / pramoxine | recticare | anucort-hc | anusol-hc suppositories,hydrocortisone | hydrocortisone / pramoxine | lidocaine,275,164,164,275,0,0,0,0.6,1.0,1.0,0.9049765583210164,0.3,1.0,1.0,0.9049765583210164,0.15,1.0,1.0,0.9049765583210164,1.0,1.0,1.0,1.0,0.0,0.0,0.0,1.0
label_core_rerank,eval_0103,doxycycline | ibuprofen | naproxen | triamcinolone | flanax pain reliever | aleve | naprosyn | cephalexin | bactrim | sulfamethoxazole / trimethoprim | oxybutynin | avelox | moxifloxacin | doxy 100 | sucralfate | ditropan xl | ciprofloxacin | levofloxacin | bactrim ds | levaquin,naproxen | triamcinolone,273,273,273,273,0,0,0,0.4,1.0,1.0,0.5540663910176149,0.2,1.0,1.0,0.5540663910176149,0.1,1.0,1.0,0.5540663910176149,0.3333333333333333,1.0,1.0,1.0,0.0,0.0,0.0,1.0
label_core_rerank,eval_0111,cyproheptadine | promethazine | prednisone | omalizumab | epipen | ketotifen | xolair | chlor-trimeton | phenergan | ketorolac | chlorpheniramine | epinephrine | ranitidine | carbinoxamine | alavert | zaditor | aristocort | azelastine | triamcinolone | tetracaine,prednisone | promethazine,558,76,76,558,0,0,0,0.4,1.0,1.0,0.6787622294601761,0.2,1.0,1.0,0.6787622294601761,0.1,1.0,1.0,0.6787622294601761,0.5,1.0,1.0,1.0,0.0,0.0,0.0,1.0
label_core_rerank,eval_0107,doxycycline | chlorpromazine | thorazine | minocycline | dexamethasone | haloperidol | haldol | prochlorperazine | compazine | elocon | clobetasol | desonide | prednisone | flurandrenolide | cordran tape | clocortolone | clobex | cloderm | mometasone | betamethasone,prednisone | mometasone | clobetasol,389,300,300,389,0,0,0,0.0,0.0,0.0,0.0,0.0,0.0,0.0,0.0,0.15,1.0,1.0,0.3627387024619543,0.09090909090909091,1.0,1.0,1.0,0.0,0.0,0.0,1.0
label_core_rerank,eval_0086,tretinoin | doxycycline | dapsone | clindamycin | sulfamethoxazole / trimethoprim | minocycline | dexamethasone | erythromycin | liraglutide | gabapentin | victoza | clobetasol | desmopressin | pregabalin | pramlintide | humulin r u-500 (concentrated) | spironolactone | duloxetine | nortriptyline | cymbalta,tretinoin | doxycycline | spironolactone | liraglutide | victoza | clindamycin,1000,625,625,923,0,0,0,0.6,0.5,1.0,0.6992148198508501,0.4,0.6666666666666666,1.0,0.7415843660879832,0.3,1.0,1.0,0.8793205510939726,1.0,1.0,1.0,1.0,0.0,0.0,0.0,1.0
label_core_rerank,eval_0067,baclofen | onabotulinumtoxina | botox | lioresal | ibuprofen | naproxen | lorazepam | ativan | aleve | dysport | abobotulinumtoxina | myobloc | botulinum toxin type b | xeomin | incobotulinumtoxina | doxycycline | cephalexin | triamcinolone | bactrim | sulfamethoxazole / trimethoprim,onabotulinumtoxina | botox | naproxen | ibuprofen | aleve,1000,187,187,945,0,0,0,0.6,0.6,1.0,0.553477551616607,0.5,1.0,1.0,0.7280924438219062,0.25,1.0,1.0,0.7280924438219062,0.5,1.0,1.0,1.0,0.0,0.0,0.0,1.0
label_core_rerank,eval_0106,stelara | enbrel | ustekinumab | doxycycline | etanercept | prednisone | methylprednisolone | adalimumab | betamethasone | humira | ibuprofen | naproxen | infliximab | methotrexate | remicade | hydrocortisone | kenalog-40 | triamcinolone | flanax pain reliever | kenalog-10,prednisone | enbrel,573,255,255,573,0,0,0,0.2,0.5,1.0,0.3868528072345416,0.2,1.0,1.0,0.6052602440527058,0.1,1.0,1.0,0.6052602440527058,0.5,1.0,1.0,1.0,0.0,0.0,0.0,1.0
label_core_rerank,eval_0090,doxycycline | azithromycin | rocephin | ceftriaxone | zyvox | linezolid | fluconazole | cephalexin | gentamicin | bactrim | sulfamethoxazole / trimethoprim | minocycline | ceftin | avelox | moxifloxacin | amoxicillin | keflex | amoxil | amoxicillin / clavulanate | augmentin,sulfamethoxazole / trimethoprim | bactrim | fluconazole,1000,287,287,1000,0,0,0,0.0,0.0,0.0,0.0,0.2,0.6666666666666666,1.0,0.29207821544003326,0.15,1.0,1.0,0.42298020560823046,0.14285714285714285,1.0,1.0,1.0,0.0,0.0,0.0,1.0
label_core_rerank,eval_0115,prednisone | aristocort | triamcinolone | corticotropin | deltasone | acthar | loteprednol | lotemax | prednisolone | cyproheptadine | promethazine | omalizumab | epipen | ketotifen | xolair | chlor-trimeton | phenergan | ketorolac | chlorpheniramine | epinephrine,prednisone | triamcinolone | corticotropin | prednisolone | loteprednol | lotemax,322,322,322,322,0,0,0,0.6,0.5,1.0,0.6061192078055617,0.6,1.0,1.0,0.8590726775296743,0.3,1.0,1.0,0.8590726775296743,1.0,1.0,1.0,1.0,0.0,0.0,0.0,1.0
label_core_rerank,eval_0110,doxycycline | prednisone | azithromycin | methylprednisolone | mometasone | epinephrine | ampicillin | budesonide | kenalog-40 | augmentin xr | triamcinolone | bactrim | medrol dosepak | sulfamethoxazole / trimethoprim | flunisolide | zithromax | ceftin | ceftibuten | cedax | singulair,prednisone,1000,681,681,986,0,0,0,0.2,1.0,1.0,0.6309297535714574,0.1,1.0,1.0,0.6309297535714574,0.05,1.0,1.0,0.6309297535714574,0.5,1.0,1.0,1.0,0.0,0.0,0.0,1.0
label_core_rerank,eval_0099,doxycycline | prednisone | methylprednisolone | aspirin | kenalog-40 | triamcinolone | medrol dosepak | amoxicillin | dexamethasone | deltasone | canakinumab | ceftriaxone | aristocort | cefotaxime | minocycline | hydroxychloroquine | cephalexin | bactrim | sulfamethoxazole / trimethoprim | tetracycline,prednisone | methylprednisolone | triamcinolone,1000,755,755,1000,0,0,0,0.4,0.6666666666666666,1.0,0.5307212739772436,0.3,1.0,1.0,0.6978817289434458,0.15,1.0,1.0,0.6978817289434458,0.5,1.0,1.0,1.0,0.0,0.0,0.0,1.0
label_core_rerank,eval_0119,doxycycline | gentamicin | minocycline | moxifloxacin | ciprofloxacin | levofloxacin | amikacin | bethanechol | bcg | prednisone | lansoprazole | azithromycin | rocephin | ceftriaxone | dexamethasone | zyvox | linezolid | fluconazole | sulfamethoxazole / trimethoprim | ceftin,doxycycline | ciprofloxacin,1000,363,363,973,0,0,0,0.4,1.0,1.0,0.8503449055347546,0.2,1.0,1.0,0.8503449055347546,0.1,1.0,1.0,0.8503449055347546,1.0,1.0,1.0,1.0,0.0,0.0,0.0,1.0
label_core_rerank,eval_0112,valacyclovir | valtrex | acyclovir | doxycycline | prednisone | mometasone | aluminum hydroxide / magnesium hydroxide / simethicone | kenalog-40 | triamcinolone | lansoprazole | moxifloxacin | cimetidine | omeprazole | dexamethasone | ciprofloxacin | levofloxacin | fluticasone | pantoprazole | rifampin | famotidine,valacyclovir | valtrex | acyclovir,1000,516,516,964,0,0,0,0.6,1.0,1.0,1.0,0.3,1.0,1.0,1.0,0.15,1.0,1.0,1.0,1.0,1.0,1.0,1.0,0.0,0.0,0.0,1.0
label_core_rerank,eval_0109,doxycycline | prednisone | methotrexate | minocycline | dexamethasone | ceftriaxone | cefotaxime | amoxicillin | stelara | enbrel | ustekinumab | etanercept | methylprednisolone | adalimumab | betamethasone | humira | infliximab | remicade | hydrocortisone | kenalog-40,minocycline | methotrexate,898,544,544,898,0,0,0,0.4,1.0,1.0,0.5540663910176149,0.2,1.0,1.0,0.5540663910176149,0.1,1.0,1.0,0.5540663910176149,0.3333333333333333,1.0,1.0,1.0,0.0,0.0,0.0,1.0
label_core_rerank,eval_0124,prednisone | omalizumab | xolair | epinephrine | aristocort | triamcinolone | cromolyn | deltasone | prednisolone | pepcid | famotidine | cyproheptadine | promethazine | epipen | ketotifen | chlor-trimeton | phenergan | ketorolac | chlorpheniramine | ranitidine,prednisone | triamcinolone | omalizumab | xolair | cromolyn,995,288,288,995,0,0,0,0.6,0.6,1.0,0.6989858872287212,0.5,1.0,1.0,0.9295017305333748,0.25,1.0,1.0,0.9295017305333748,1.0,1.0,1.0,1.0,0.0,0.0,0.0,1.0
label_core_rerank,eval_0131,doxycycline | ceftriaxone | sulfamethoxazole / trimethoprim | dexamethasone | ciprofloxacin | erythromycin | cefotaxime | lansoprazole | minocycline | pyridoxine | prednisone | azithromycin | ampicillin | floxin | cipro | ofloxacin | dexamethasone intensol | clindamycin | pyrimethamine | esomeprazole,azithromycin | prednisone | ceftriaxone,1000,449,449,1000,0,0,0,0.2,0.3333333333333333,1.0,0.3212043018970804,0.1,0.3333333333333333,1.0,0.3212043018970804,0.15,1.0,1.0,0.5549315038844566,0.5,1.0,1.0,1.0,0.0,0.0,0.0,1.0
label_core_rerank,eval_0121,doxycycline | hydroxychloroquine | doxy 100 | prednisone | methylprednisolone | aspirin | kenalog-40 | triamcinolone | medrol dosepak | amoxicillin | dexamethasone | corticotropin | deltasone | loteprednol | lotemax | prednisolone | canakinumab | lithium | chlorpromazine | allopurinol,doxycycline | hydroxychloroquine,1000,287,287,1000,0,0,0,0.4,1.0,1.0,1.0,0.2,1.0,1.0,1.0,0.1,1.0,1.0,1.0,1.0,1.0,1.0,1.0,0.0,0.0,0.0,1.0
label_core_rerank,eval_0135,propranolol | verapamil | nitroglycerin | atenolol | nadolol | corgard | metoprolol | caduet | verelan pm | coreg | tenormin | lopressor | calan sr | toprol-xl | bisoprolol | lisinopril | ramipril | diltiazem | altace | carvedilol,propranolol | metoprolol,1000,335,335,970,0,0,0,0.2,0.5,1.0,0.6131471927654584,0.2,1.0,1.0,0.8175295903539446,0.1,1.0,1.0,0.8175295903539446,1.0,1.0,1.0,1.0,0.0,0.0,0.0,1.0
label_core_rerank,eval_0117,isotretinoin | accutane | benzoyl peroxide / clindamycin | tretinoin | adapalene / benzoyl peroxide | epiduo | magnesium hydroxide | claravis | benzaclin | spironolactone | doxycycline | phillips' milk of magnesia | duac | retin-a | dapsone | aczone | clindamycin / tretinoin | drospirenone / ethinyl estradiol | onexton | benzoyl peroxide / sulfur,adapalene / benzoyl peroxide,273,273,273,273,0,0,0,0.2,1.0,1.0,0.38685280723454163,0.1,1.0,1.0,0.38685280723454163,0.05,1.0,1.0,0.38685280723454163,0.2,1.0,1.0,1.0,0.0,0.0,0.0,1.0
label_core_rerank,eval_0116,lisinopril | gabapentin | fosinopril | pregabalin | captopril | ramipril | nortriptyline | cozaar | topiramate | altace | moexipril | losartan | lyrica | hydrochlorothiazide | neurontin | topamax | benazepril | avapro | irbesartan | perindopril,gabapentin | pregabalin | topiramate | clonidine | onabotulinumtoxina,1000,637,637,817,0,0,0,0.4,0.4,1.0,0.28204775464847154,0.3,0.6,1.0,0.4020143092377811,0.15,0.6,1.0,0.4020143092377811,0.5,1.0,1.0,1.0,0.0,0.0,0.0,1.0
label_core_rerank,eval_0104,rifabutin | aciphex | doxycycline | prednisone | rabeprazole | calcium carbonate / simethicone | prevacid | axid ar | nexium 24hr | prilosec otc | aluminum hydroxide / magnesium hydroxide / simethicone | nizatidine | protonix iv | omeprazole / sodium bicarbonate | mylanta | tagamet hb | zegerid | pepcid ac chewable tablets | triamcinolone | rifadin,rifabutin,1000,116,116,994,0,0,0,0.2,1.0,1.0,1.0,0.1,1.0,1.0,1.0,0.05,1.0,1.0,1.0,1.0,1.0,1.0,1.0,0.0,0.0,0.0,1.0
label_core_rerank,eval_0122,doxycycline | prednisone | azithromycin | rocephin | aclidinium | tudorza pressair | xopenex | methylprednisolone | omalizumab | ceftriaxone | mometasone | xolair | levalbuterol | primatene mist | intal inhaler | zafirlukast | accolate | guaifenesin | epinephrine | ipratropium inhalation solution,prednisone,1000,221,221,996,0,0,0,0.2,1.0,1.0,0.6309297535714574,0.1,1.0,1.0,0.6309297535714574,0.05,1.0,1.0,0.6309297535714574,0.5,1.0,1.0,1.0,0.0,0.0,0.0,1.0
label_core_rerank,eval_0125,amitriptyline | doxycycline | phosphorated carbohydrate solution | elavil | ceftriaxone | ampicillin | lactobacillus acidophilus | sulfamethoxazole / trimethoprim | hydroxyzine | minocycline | ciprofloxacin | atarax | cipro | ofloxacin | spironolactone | venlafaxine | azithromycin | rocephin | acidophilus | methenamine,doxycycline | sulfamethoxazole / trimethoprim | azithromycin,303,303,172,172,0,0,0,0.2,0.3333333333333333,1.0,0.23981246656813146,0.2,0.6666666666666666,1.0,0.41967181649423,0.15,1.0,1.0,0.5108230402175501,0.5,1.0,1.0,1.0,0.0,0.0,0.0,1.0
label_core_rerank,eval_0138,"calcifediol | calcitriol | parathyroid hormone | ergocalciferol | propylthiouracil | sodium iodide-i-131 | calcium lactate | calcium phosphate, tribasic | aluminum chloride hexahydrate | drysol | gabapentin | amitriptyline | hypercare | clonidine | xerac ac | catapres | potassium iodide | pima | tapazole | oxybutynin",thyroid desiccated | armour thyroid,688,132,132,688,0,0,0,0.0,0.0,0.0,0.0,0.0,0.0,0.0,0.0,0.0,0.0,0.0,0.0,0.0,1.0,1.0,1.0,0.0,0.0,0.0,1.0
label_core_rerank,eval_0130,doxycycline | ibuprofen | naproxen | triamcinolone | flanax pain reliever | aleve | naprosyn | cephalexin | bactrim | sulfamethoxazole / trimethoprim | oxybutynin | avelox | moxifloxacin | doxy 100 | sucralfate | ditropan xl | ciprofloxacin | levofloxacin | bactrim ds | levaquin,prednisone | enbrel | naproxen,573,273,273,573,0,0,0,0.2,0.3333333333333333,1.0,0.2850703250369507,0.1,0.3333333333333333,1.0,0.2850703250369507,0.05,0.3333333333333333,1.0,0.2850703250369507,0.3333333333333333,1.0,1.0,1.0,0.0,0.0,0.0,1.0
label_core_rerank,eval_0129,clonazepam | propranolol | gabapentin | amitriptyline | sumatriptan | diclofenac | prednisone | clonidine | lithium | nortriptyline | verapamil | elavil | zolmitriptan | atenolol | nadolol | corgard | divalproex sodium | nimodipine | depakote er | metoprolol,propranolol,1000,179,179,1000,0,0,0,0.2,1.0,1.0,0.6309297535714574,0.1,1.0,1.0,0.6309297535714574,0.05,1.0,1.0,0.6309297535714574,0.5,1.0,1.0,1.0,0.0,0.0,0.0,1.0
label_core_rerank,eval_0133,stelara | enbrel | ustekinumab | doxycycline | etanercept | prednisone | methylprednisolone | adalimumab | betamethasone | humira | infliximab | methotrexate | remicade | hydrocortisone | kenalog-40 | triamcinolone | kenalog-10 | minocycline | dexamethasone | tetracycline,prednisone | enbrel | stelara | ustekinumab | adalimumab,1000,393,393,901,0,0,0,0.6,0.6,1.0,0.7557806593071948,0.5,1.0,1.0,0.9518915761561842,0.25,1.0,1.0,0.9518915761561842,1.0,1.0,1.0,1.0,0.0,0.0,0.0,1.0
label_core_rerank,eval_0146,liraglutide | gabapentin | victoza | tretinoin | clobetasol | desmopressin | pregabalin | pramlintide | humulin r u-500 (concentrated) | duloxetine | nortriptyline | cymbalta | chromium picolinate | byetta | symlin | topiramate | exubera | insulin isophane | ddavp | insulin aspart / insulin aspart protamine,liraglutide | victoza,1000,228,228,1000,0,0,0,0.4,1.0,1.0,0.9197207891481876,0.2,1.0,1.0,0.9197207891481876,0.1,1.0,1.0,0.9197207891481876,1.0,1.0,1.0,1.0,0.0,0.0,0.0,1.0
label_core_rerank,eval_0151,cyproheptadine | promethazine | prednisone | chlor-trimeton | phenergan | chlorpheniramine | epinephrine | ranitidine | carbinoxamine | azelastine | triamcinolone | tetracaine | olopatadine | diphenhydramine | benadryl | cetirizine | allegra | fexofenadine | zyrtec | levocetirizine,prednisone | promethazine | cyproheptadine,1000,558,558,1000,0,0,0,0.6,1.0,1.0,1.0,0.3,1.0,1.0,1.0,0.15,1.0,1.0,1.0,1.0,1.0,1.0,1.0,0.0,0.0,0.0,1.0
label_core_rerank,eval_0150,clonidine | sodium bicarbonate | rifabutin | stribild | cobicistat / elvitegravir / emtricitabine / tenofovir | efavirenz / emtricitabine / tenofovir | atripla | ondansetron | triumeq | abacavir / dolutegravir / lamivudine | epzicom | complera | emtricitabine / rilpivirine / tenofovir | abacavir / lamivudine | enfuvirtide | fuzeon | atazanavir | reyataz | isentress | cobicistat / elvitegravir / emtricitabine / tenofovir alafenamide,rifabutin,1000,119,119,986,0,0,0,0.2,1.0,1.0,0.5,0.1,1.0,1.0,0.5,0.05,1.0,1.0,0.5,0.3333333333333333,1.0,1.0,1.0,0.0,0.0,0.0,1.0
label_core_rerank,eval_0136,prednisone | dexamethasone | methylprednisolone | adalimumab | humira | infliximab | remicade | hydrocortisone | triamcinolone | prednisolone | doxycycline | methotrexate | minocycline | stelara | enbrel | ustekinumab | etanercept | betamethasone | kenalog-40 | kenalog-10,prednisone | dexamethasone | adalimumab | humira | methylprednisolone,1000,393,393,998,0,0,0,1.0,1.0,1.0,0.8919478197221427,0.5,1.0,1.0,0.8919478197221427,0.25,1.0,1.0,0.8919478197221427,1.0,1.0,1.0,1.0,0.0,0.0,0.0,1.0
label_core_rerank,eval_0134,insulin regular | sodium bicarbonate | bromocriptine | liraglutide | gabapentin | victoza | tretinoin | clobetasol | desmopressin | pregabalin | pramlintide | humulin r u-500 (concentrated) | duloxetine | nortriptyline | cymbalta | spironolactone | chromium picolinate | byetta | symlin | topiramate,liraglutide | victoza,1000,282,282,1000,0,0,0,0.2,0.5,1.0,0.26406812257259094,0.2,1.0,1.0,0.48247555939075515,0.1,1.0,1.0,0.48247555939075515,0.25,1.0,1.0,1.0,0.0,0.0,0.0,1.0
label_core_rerank,eval_0156,"calcifediol | calcitriol | parathyroid hormone | ergocalciferol | calcium lactate | calcium phosphate, tribasic | thyroid desiccated | westhroid | cenestin | estropipate | conjugated estrogens | armour thyroid | premarin | thyquidity | rayaldee | estradiol | esterified estrogens | tirosint | doxorubicin | levothyroxine",thyroid desiccated | armour thyroid | levothyroxine,1000,132,132,958,0,0,0,0.0,0.0,0.0,0.0,0.1,0.3333333333333333,1.0,0.12669792223864473,0.15,1.0,1.0,0.35921782385985457,0.14285714285714285,1.0,1.0,1.0,0.0,0.0,0.0,1.0
label_core_rerank,eval_0142,amitriptyline | spironolactone | doxycycline | venlafaxine | azithromycin | rocephin | phosphorated carbohydrate solution | acidophilus | elavil | methenamine | ceftriaxone | zyvox | vaniqa | linezolid | uta | ampicillin | sulfatrim | hiprex | allopurinol | eflornithine,doxycycline,172,172,172,172,0,0,0,0.2,1.0,1.0,0.5,0.1,1.0,1.0,0.5,0.05,1.0,1.0,0.5,0.3333333333333333,1.0,1.0,1.0,0.0,0.0,0.0,1.0
label_core_rerank,eval_0145,doxycycline | prednisone | azithromycin | rocephin | methylprednisolone | ceftriaxone | mometasone | epinephrine | ampicillin | budesonide | kenalog-40 | augmentin xr | triamcinolone | bactrim | medrol dosepak | sulfamethoxazole / trimethoprim | flunisolide | zithromax | ceftin | ceftibuten,azithromycin | prednisone,1000,221,221,1000,0,0,0,0.4,1.0,1.0,0.6787622294601761,0.2,1.0,1.0,0.6787622294601761,0.1,1.0,1.0,0.6787622294601761,0.5,1.0,1.0,1.0,0.0,0.0,0.0,1.0
label_core_rerank,eval_0144,doxycycline | prednisone | metronidazole | azithromycin | rocephin | dapsone | ceftriaxone | zyvox | linezolid | filgrastim | neupogen | fluconazole | clindamycin | tobramycin | pyrimethamine | xenleta | gentamicin | cefotaxime | ferralet 90 | integra,doxycycline | azithromycin,1000,132,132,1000,0,0,0,0.4,1.0,1.0,0.8772153153380493,0.2,1.0,1.0,0.8772153153380493,0.1,1.0,1.0,0.8772153153380493,1.0,1.0,1.0,1.0,0.0,0.0,0.0,1.0
label_core_rerank,eval_0155,diclofenac | prednisone | methylprednisolone | adalimumab | humira | cellcept | infliximab | remicade | mycophenolate mofetil | hydrocortisone | triamcinolone | golimumab | simponi | dexamethasone | famotidine / ibuprofen | duexis | vimovo | azathioprine | esomeprazole / naproxen | imuran,adalimumab | humira,525,311,311,525,0,0,0,0.4,1.0,1.0,0.5012658353418871,0.2,1.0,1.0,0.5012658353418871,0.1,1.0,1.0,0.5012658353418871,0.25,1.0,1.0,1.0,0.0,0.0,0.0,1.0
label_core_rerank,eval_0163,clonidine | filgrastim | sodium bicarbonate | epivir-hbv | tenofovir | viread | lamivudine | rifabutin | cobicistat / elvitegravir / emtricitabine / tenofovir | stribild | efavirenz / emtricitabine / tenofovir | atripla | ondansetron | triumeq | abacavir / dolutegravir / lamivudine | epzicom | emtricitabine / rilpivirine / tenofovir | complera | abacavir / lamivudine | fuzeon,tenofovir | viread,1000,119,119,1000,0,0,0,0.2,0.5,1.0,0.23719771276929622,0.2,1.0,1.0,0.4556051495874604,0.1,1.0,1.0,0.4556051495874604,0.2,1.0,1.0,1.0,0.0,0.0,0.0,1.0
label_core_rerank,eval_0148,elocon | clobetasol | stelara | enbrel | ustekinumab | desonide | doxycycline | etanercept | prednisone | flurandrenolide | cordran tape | clocortolone | clobex | cloderm | thiothixene | desowen | methylprednisolone | adalimumab | mometasone | betamethasone,enbrel,726,164,164,726,0,0,0,0.2,1.0,1.0,0.4306765580733931,0.1,1.0,1.0,0.4306765580733931,0.05,1.0,1.0,0.4306765580733931,0.25,1.0,1.0,1.0,0.0,0.0,0.0,1.0
label_core_rerank,eval_0171,doxycycline | prednisone | azithromycin | rocephin | methylprednisolone | ceftriaxone | mometasone | epinephrine | ampicillin | budesonide | kenalog-40 | augmentin xr | triamcinolone | bactrim | medrol dosepak | sulfamethoxazole / trimethoprim | flunisolide | zithromax | ceftin | cedax,prednisone,1000,221,221,1000,0,0,0,0.2,1.0,1.0,0.6309297535714574,0.1,1.0,1.0,0.6309297535714574,0.05,1.0,1.0,0.6309297535714574,0.5,1.0,1.0,1.0,0.0,0.0,0.0,1.0
label_core_rerank,eval_0177,diclofenac | tramadol | stelara | acetaminophen / hydrocodone | enbrel | ustekinumab | doxycycline | etanercept | prednisone | lortab | ketoprofen | norco | indomethacin | valdecoxib | voltaren | duloxetine | cataflam | cymbalta | naprelan | probenecid,diclofenac | tramadol | acetaminophen / hydrocodone,420,255,255,420,0,0,0,0.6,1.0,1.0,0.9736505918364026,0.3,1.0,1.0,0.9736505918364026,0.15,1.0,1.0,0.9736505918364026,1.0,1.0,1.0,1.0,0.0,0.0,0.0,1.0
label_core_rerank,eval_0180,isotretinoin | accutane | benzoyl peroxide / clindamycin | tretinoin | adapalene / benzoyl peroxide | epiduo | magnesium hydroxide | claravis | benzaclin | spironolactone | doxycycline | phillips' milk of magnesia | duac | retin-a | dapsone | aczone | clindamycin / tretinoin | drospirenone / ethinyl estradiol | onexton | benzoyl peroxide / sulfur,adapalene / benzoyl peroxide,273,273,273,273,0,0,0,0.2,1.0,1.0,0.38685280723454163,0.1,1.0,1.0,0.38685280723454163,0.05,1.0,1.0,0.38685280723454163,0.2,1.0,1.0,1.0,0.0,0.0,0.0,1.0
label_core_rerank,eval_0175,"calcifediol | calcitriol | parathyroid hormone | ergocalciferol | calcium lactate | calcium phosphate, tribasic | thyroid desiccated | westhroid | cenestin | estropipate | conjugated estrogens | armour thyroid | premarin | thyquidity | rayaldee | estradiol | esterified estrogens | tirosint | doxorubicin | levothyroxine",thyroid desiccated | armour thyroid | levothyroxine,634,132,132,634,0,0,0,0.0,0.0,0.0,0.0,0.1,0.3333333333333333,1.0,0.1564262420075855,0.15,1.0,1.0,0.3900840631017693,0.14285714285714285,1.0,1.0,1.0,0.0,0.0,0.0,1.0
label_core_rerank,eval_0183,rabeprazole | omeprazole / sodium bicarbonate | ranitidine | lansoprazole | zantac | esomeprazole | protonix | nexium | sucralfate | cimetidine | omeprazole | pantoprazole | carafate | pepcid | calcium carbonate | famotidine | aciphex | calcium carbonate / simethicone | prevacid | axid ar,aciphex | dexlansoprazole | rabeprazole | esomeprazole | lansoprazole | nexium,721,109,109,721,0,0,0,0.4,0.3333333333333333,1.0,0.48522855511632257,0.4,0.6666666666666666,1.0,0.6361757670231624,0.25,0.8333333333333334,1.0,0.7087435981937824,1.0,1.0,1.0,1.0,0.0,0.0,0.0,1.0
label_core_rerank,eval_0187,elocon | clobetasol | stelara | enbrel | ustekinumab | desonide | doxycycline | etanercept | prednisone | flurandrenolide | cordran tape | clocortolone | clobex | cloderm | thiothixene | desowen | methylprednisolone | adalimumab | mometasone | betamethasone,enbrel,726,164,164,726,0,0,0,0.2,1.0,1.0,0.4306765580733931,0.1,1.0,1.0,0.4306765580733931,0.05,1.0,1.0,0.4306765580733931,0.25,1.0,1.0,1.0,0.0,0.0,0.0,1.0
label_core_rerank,eval_0185,cyproheptadine | promethazine | prednisone | chlor-trimeton | phenergan | chlorpheniramine | epinephrine | ranitidine | carbinoxamine | azelastine | triamcinolone | tetracaine | olopatadine | diphenhydramine | benadryl | cetirizine | allegra | fexofenadine | zyrtec | levocetirizine,promethazine | cyproheptadine,672,558,511,625,0,0,0,0.4,1.0,1.0,1.0,0.2,1.0,1.0,1.0,0.1,1.0,1.0,1.0,1.0,1.0,1.0,1.0,0.0,0.0,0.0,1.0
label_core_rerank,eval_0190,prednisone | methylprednisolone | cellcept | mycophenolate mofetil | hydrocortisone | triamcinolone | dexamethasone | azathioprine | imuran | betamethasone | medrol dosepak | pancreatin | diclofenac | adalimumab | humira | infliximab | remicade | golimumab | simponi | famotidine / ibuprofen,adalimumab | humira | infliximab | remicade,672,346,346,672,0,0,0,0.0,0.0,0.0,0.0,0.0,0.0,0.0,0.0,0.2,1.0,1.0,0.3866406125694651,0.07142857142857142,1.0,1.0,1.0,0.0,0.0,0.0,1.0
label_core_rerank,eval_0184,amitriptyline | venlafaxine | elavil | memantine | spironolactone | doxycycline | azithromycin | ceftriaxone | ampicillin | allopurinol | magnesium oxide | doryx | augmentin xr | cephalexin | sodium bicarbonate | bactrim | sulfamethoxazole / trimethoprim | ceftin | avelox | moxifloxacin,amitriptyline | venlafaxine | elavil | azithromycin,1000,347,347,927,0,0,0,0.6,0.75,1.0,0.8530852898337354,0.4,1.0,1.0,0.9517901481960025,0.2,1.0,1.0,0.9517901481960025,1.0,1.0,1.0,1.0,0.0,0.0,0.0,1.0
label_core_rerank,eval_0178,doxycycline | prednisone | metronidazole | azithromycin | rocephin | dapsone | ceftriaxone | zyvox | linezolid | filgrastim | neupogen | fluconazole | clindamycin | tobramycin | xenleta | lefamulin | cefotaxime | gentamicin | ferralet 90 | oxymetholone,doxycycline | azithromycin,1000,132,132,1000,0,0,0,0.4,1.0,1.0,0.8772153153380493,0.2,1.0,1.0,0.8772153153380493,0.1,1.0,1.0,0.8772153153380493,1.0,1.0,1.0,1.0,0.0,0.0,0.0,1.0
label_core_rerank,eval_0188,"epivir-hbv | tenofovir | viread | lamivudine | peginterferon alfa-2a | interferon alfa-2b | hepatitis b adult vaccine | adefovir | hepatitis a adult vaccine / hepatitis b adult vaccine | entecavir | peginterferon alfa-2b | diphtheria and tetanus toxoids / pertussis, acellular / poliovirus vaccine, inactivated / haemophilus b conjugate / hepatitis b vaccine | diphtheria toxoid / hepatitis b pediatric vaccine / pertussis, acellular / poliovirus vaccine, inactivated / tetanus toxoid | tenofovir alafenamide | hepatitis b pediatric vaccine | hepatitis b immune globulin | elocon | clobetasol | desonide | doxycycline",tenofovir | peginterferon alfa-2a | viread,467,16,16,467,0,0,0,0.6,1.0,1.0,0.7122630665145961,0.3,1.0,1.0,0.7122630665145961,0.15,1.0,1.0,0.7122630665145961,0.5,1.0,1.0,1.0,0.0,0.0,0.0,1.0
label_core_rerank,eval_0201,clonidine | catapres | hytrin | terazosin | aluminum chloride hexahydrate | drysol | gabapentin | amitriptyline | hypercare | xerac ac | potassium iodide | pima | tapazole | oxybutynin | onabotulinumtoxina | botox | benztropine | methimazole | propylthiouracil | iodine / potassium iodide,clonidine | catapres,825,22,22,825,0,0,0,0.4,1.0,1.0,1.0,0.2,1.0,1.0,1.0,0.1,1.0,1.0,1.0,1.0,1.0,1.0,1.0,0.0,0.0,0.0,1.0
label_core_rerank,eval_0199,doxycycline | triamcinolone | ibuprofen | naproxen | flanax pain reliever | aleve | naprosyn | cephalexin | bactrim | sulfamethoxazole / trimethoprim | oxybutynin | avelox | moxifloxacin | doxy 100 | sucralfate | ciprofloxacin | levofloxacin | bactrim ds | levaquin | cipro,triamcinolone | naproxen,1000,25,25,1000,0,0,0,0.4,1.0,1.0,0.5992429307166866,0.2,1.0,1.0,0.5992429307166866,0.1,1.0,1.0,0.5992429307166866,0.5,1.0,1.0,1.0,0.0,0.0,0.0,1.0
label_core_rerank,eval_0195,ranitidine | lansoprazole | cimetidine | omeprazole | pantoprazole | famotidine | prednisone | methylprednisolone | budesonide | triamcinolone | dexamethasone | ciprofloxacin | levofloxacin | benzocaine | doxycycline | azithromycin | mometasone | ampicillin | doryx | kenalog-40,lansoprazole | ranitidine | omeprazole,1000,605,605,949,0,0,0,0.6,1.0,1.0,0.8798581971190338,0.3,1.0,1.0,0.8798581971190338,0.15,1.0,1.0,0.8798581971190338,1.0,1.0,1.0,1.0,0.0,0.0,0.0,1.0
label_core_rerank,eval_0192,isotretinoin | accutane | benzoyl peroxide / clindamycin | tretinoin | adapalene / benzoyl peroxide | epiduo | magnesium hydroxide | claravis | benzaclin | spironolactone | doxycycline | phillips' milk of magnesia | duac | retin-a | dapsone | aczone | clindamycin / tretinoin | drospirenone / ethinyl estradiol | onexton | benzoyl peroxide / sulfur,isotretinoin | accutane | adapalene / benzoyl peroxide,726,273,273,726,0,0,0,0.6,1.0,1.0,0.840466744283681,0.3,1.0,1.0,0.840466744283681,0.15,1.0,1.0,0.840466744283681,1.0,1.0,1.0,1.0,0.0,0.0,0.0,1.0
label_core_rerank,eval_0186,tadalafil | propranolol | sildenafil | dextroamphetamine | dexedrine | spironolactone | azor | amlodipine / olmesartan | clonidine | modafinil | amlodipine / hydrochlorothiazide / valsartan | exforge hct | avalide | verapamil | armodafinil | travoprost | hydrochlorothiazide / irbesartan | provigil | nuvigil | benicar,propranolol,1000,275,275,1000,0,0,0,0.2,1.0,1.0,0.6309297535714574,0.1,1.0,1.0,0.6309297535714574,0.05,1.0,1.0,0.6309297535714574,0.5,1.0,1.0,1.0,0.0,0.0,0.0,1.0
label_core_rerank,eval_0205,thyroid desiccated | westhroid | cenestin | estropipate | conjugated estrogens | armour thyroid | premarin | calcifediol | thyquidity | rayaldee | estradiol | esterified estrogens | tirosint | doxorubicin | levothyroxine | synthroid | cytomel | nature-throid | liothyronine | calcitriol,thyroid desiccated | armour thyroid | levothyroxine,87,61,61,87,0,0,0,0.2,0.3333333333333333,1.0,0.4692787260227565,0.2,0.6666666666666666,1.0,0.6364391809889588,0.15,1.0,1.0,0.753758862494648,1.0,1.0,1.0,1.0,0.0,0.0,0.0,1.0
label_core_rerank,eval_0206,doxycycline | prednisone | metronidazole | azithromycin | rocephin | ceftriaxone | zyvox | linezolid | fluconazole | clindamycin | tobramycin | gentamicin | cefotaxime | vancocin hcl | sulfamethoxazole / trimethoprim | zithromax | minocycline | ceftin | flagyl | avelox,doxycycline | azithromycin | clindamycin,1000,239,239,940,0,0,0,0.4,0.6666666666666666,1.0,0.625639979507489,0.3,1.0,1.0,0.7355117181677423,0.15,1.0,1.0,0.7355117181677423,1.0,1.0,1.0,1.0,0.0,0.0,0.0,1.0
label_core_rerank,eval_0179,gabapentin | amitriptyline | sumatriptan | nortriptyline | elavil | zolmitriptan | pamelor | metoclopramide | reglan | doxycycline | promethazine | ceftriaxone | phenergan | meclizine | chlorpromazine | ampicillin | lansoprazole | sulfamethoxazole / trimethoprim | prednisone | thorazine,sumatriptan | clonidine,1000,315,315,927,0,0,0,0.2,0.5,1.0,0.35195904451706733,0.1,0.5,1.0,0.35195904451706733,0.05,0.5,1.0,0.35195904451706733,0.3333333333333333,1.0,1.0,1.0,0.0,0.0,0.0,1.0
label_core_rerank,eval_0209,clonidine | catapres | hytrin | terazosin | gabapentin | amitriptyline | onabotulinumtoxina | botox | aluminum chloride hexahydrate | drysol | hypercare | xerac ac | pima | potassium iodide | tapazole | oxybutynin | benztropine | prednisone | methimazole | glycopyrronium,clonidine | catapres,1000,447,447,738,0,0,0,0.4,1.0,1.0,1.0,0.2,1.0,1.0,1.0,0.1,1.0,1.0,1.0,1.0,1.0,1.0,1.0,0.0,0.0,0.0,1.0
label_core_rerank,eval_0204,rabeprazole | omeprazole / sodium bicarbonate | ranitidine | lansoprazole | zantac | esomeprazole | protonix | nexium | sucralfate | cimetidine | omeprazole | pantoprazole | carafate | pepcid | calcium carbonate | famotidine | diclofenac | prednisone | chlordiazepoxide / clidinium | clonidine,rabeprazole | esomeprazole | lansoprazole,955,80,80,955,0,0,0,0.4,0.6666666666666666,1.0,0.6713860725233042,0.3,1.0,1.0,0.8385465274895064,0.15,1.0,1.0,0.8385465274895064,1.0,1.0,1.0,1.0,0.0,0.0,0.0,1.0
label_core_rerank,eval_0212,promethazine | phenergan | hydroxyzine | diphenhydramine | benadryl | atarax | vistaril | prednisone | triamcinolone | doxepin | corticotropin | doxycycline | loteprednol | lotemax | ampicillin | prednisolone | lansoprazole | sulfamethoxazole / trimethoprim | omeprazole | dexamethasone,prednisone | promethazine | hydroxyzine | doxycycline | sulfamethoxazole / trimethoprim,991,214,214,991,0,0,0,0.4,0.4,1.0,0.5977804022055987,0.3,0.6,1.0,0.6815931670619154,0.25,1.0,1.0,0.815933570421895,1.0,1.0,1.0,1.0,0.0,0.0,0.0,1.0
label_core_rerank,eval_0200,doxycycline | minocycline | prednisone | methotrexate | dexamethasone | chloramphenicol | tazorac | tazarotene | tetracycline | elocon | clobetasol | stelara | enbrel | ustekinumab | desonide | etanercept | flurandrenolide | cordran tape | clocortolone | clobex,prednisone | methotrexate | dexamethasone | enbrel | stelara,888,575,575,888,0,0,0,0.6,0.6,1.0,0.3818875609005223,0.3,0.6,1.0,0.3818875609005223,0.25,1.0,1.0,0.5810272394445147,0.3333333333333333,1.0,1.0,1.0,0.0,0.0,0.0,1.0
label_core_rerank,eval_0196,metoclopramide | reglan | clonazepam | klonopin | propranolol | rizatriptan | treximet | lamotrigine | gabapentin | naproxen / sumatriptan | amitriptyline | relpax | maxalt | eletriptan | acetaminophen / butalbital / caffeine | frovatriptan | sumatriptan | bupropion | aspirin / butalbital / caffeine | diclofenac,lansoprazole | omeprazole | propranolol,1000,222,222,1000,0,0,0,0.2,0.3333333333333333,1.0,0.13129701067492244,0.1,0.3333333333333333,1.0,0.13129701067492244,0.05,0.3333333333333333,1.0,0.13129701067492244,0.2,1.0,1.0,1.0,0.0,0.0,0.0,1.0
label_core_rerank,eval_0216,doxycycline | ibuprofen | naproxen | cephalexin | triamcinolone | flanax pain reliever | bactrim | sulfamethoxazole / trimethoprim | oxybutynin | avelox | moxifloxacin | doxy 100 | sucralfate | ditropan xl | aleve | ciprofloxacin | naprosyn | levofloxacin | bactrim ds | levaquin,naproxen,372,25,25,372,0,0,0,0.2,1.0,1.0,0.5,0.1,1.0,1.0,0.5,0.05,1.0,1.0,0.5,0.3333333333333333,1.0,1.0,1.0,0.0,0.0,0.0,1.0
label_core_rerank,eval_0210,cefadroxil | retapamulin | altabax | mupirocin | cefuroxime | sulconazole | ammoniated mercury | ozenoxacin | cobicistat / elvitegravir / emtricitabine / tenofovir | stribild | dexbrompheniramine / pseudoephedrine | drixoral cold and allergy | valacyclovir | efavirenz / emtricitabine / tenofovir | valtrex | atripla | aciphex | chlorpheniramine / hydrocodone | tussionex pennkinetic | ondansetron,cefuroxime | mupirocin | retapamulin,1000,8,8,1000,0,0,0,0.6,1.0,1.0,0.6717573587424964,0.3,1.0,1.0,0.6717573587424964,0.15,1.0,1.0,0.6717573587424964,0.5,1.0,1.0,1.0,0.0,0.0,0.0,1.0
label_core_rerank,eval_0217,prednisone | mometasone | triamcinolone | dexamethasone | fluticasone | methylprednisolone | budesonide | medrol dosepak | dupilumab | elocon | clobetasol | desonide | flurandrenolide | cordran tape | clocortolone | clobex | cloderm | betamethasone | fluocinonide | fluocinolone,prednisone,734,49,49,734,0,0,0,0.2,1.0,1.0,1.0,0.1,1.0,1.0,1.0,0.05,1.0,1.0,1.0,1.0,1.0,1.0,1.0,0.0,0.0,0.0,1.0
label_core_rerank,eval_0198,cyproheptadine | promethazine | prednisone | chlor-trimeton | phenergan | chlorpheniramine | epinephrine | ranitidine | carbinoxamine | azelastine | triamcinolone | tetracaine | olopatadine | diphenhydramine | benadryl | cetirizine | allegra | fexofenadine | zyrtec | levocetirizine,promethazine | cyproheptadine,558,76,76,558,0,0,0,0.4,1.0,1.0,1.0,0.2,1.0,1.0,1.0,0.1,1.0,1.0,1.0,1.0,1.0,1.0,1.0,0.0,0.0,0.0,1.0
label_core_rerank,eval_0215,liraglutide | gabapentin | victoza | tretinoin | clobetasol | desmopressin | pregabalin | pramlintide | humulin r u-500 (concentrated) | duloxetine | nortriptyline | cymbalta | chromium picolinate | byetta | symlin | topiramate | exubera | insulin isophane | ddavp | insulin aspart / insulin aspart protamine,liraglutide | victoza,1000,228,228,1000,0,0,0,0.4,1.0,1.0,0.9197207891481876,0.2,1.0,1.0,0.9197207891481876,0.1,1.0,1.0,0.9197207891481876,1.0,1.0,1.0,1.0,0.0,0.0,0.0,1.0
label_core_rerank,eval_0221,isotretinoin | accutane | benzoyl peroxide / clindamycin | tretinoin | adapalene / benzoyl peroxide | epiduo | magnesium hydroxide | claravis | benzaclin | spironolactone | doxycycline | phillips' milk of magnesia | duac | retin-a | dapsone | aczone | clindamycin / tretinoin | drospirenone / ethinyl estradiol | onexton | benzoyl peroxide / sulfur,isotretinoin | accutane | adapalene / benzoyl peroxide,273,273,273,273,0,0,0,0.6,1.0,1.0,0.9615980861491925,0.3,1.0,1.0,0.9615980861491925,0.15,1.0,1.0,0.9615980861491925,1.0,1.0,1.0,1.0,0.0,0.0,0.0,1.0
label_core_rerank,eval_0220,elocon | clobetasol | stelara | enbrel | ustekinumab | desonide | doxycycline | etanercept | prednisone | flurandrenolide | cordran tape | clocortolone | clobex | cloderm | thiothixene | desowen | methylprednisolone | adalimumab | mometasone | betamethasone,enbrel,353,164,164,353,0,0,0,0.2,1.0,1.0,0.4306765580733931,0.1,1.0,1.0,0.4306765580733931,0.05,1.0,1.0,0.4306765580733931,0.25,1.0,1.0,1.0,0.0,0.0,0.0,1.0
label_core_rerank,eval_0222,diclofenac | tramadol | stelara | acetaminophen / hydrocodone | enbrel | ustekinumab | doxycycline | etanercept | prednisone | lortab | ketoprofen | norco | indomethacin | valdecoxib | voltaren | duloxetine | cataflam | cymbalta | naprelan | probenecid,diclofenac,403,255,255,403,0,0,0,0.2,1.0,1.0,1.0,0.1,1.0,1.0,1.0,0.05,1.0,1.0,1.0,1.0,1.0,1.0,1.0,0.0,0.0,0.0,1.0
label_core_rerank,eval_0225,liraglutide | gabapentin | victoza | tretinoin | clobetasol | desmopressin | pregabalin | pramlintide | humulin r u-500 (concentrated) | duloxetine | nortriptyline | cymbalta | chromium picolinate | byetta | symlin | topiramate | exubera | insulin isophane | ddavp | novolog mix 70 / 30,liraglutide | victoza,616,228,228,616,0,0,0,0.4,1.0,1.0,0.9197207891481876,0.2,1.0,1.0,0.9197207891481876,0.1,1.0,1.0,0.9197207891481876,1.0,1.0,1.0,1.0,0.0,0.0,0.0,1.0
label_core_rerank,eval_0219,clonidine | propranolol | catapres | verapamil | benicar | atenolol | nadolol | corgard | innopran xl | olmesartan | metoprolol | verelan pm | inderal | tenormin | calan sr | lisinopril | amlodipine | inderal la | norvasc | prinivil,propranolol | spironolactone | clonidine | catapres | terazosin | hytrin | benicar | olmesartan | verapamil,1000,447,447,1000,0,0,0,1.0,0.5555555555555556,1.0,1.0,0.6,0.6666666666666666,1.0,0.8221478928130895,0.3,0.6666666666666666,1.0,0.8221478928130895,1.0,1.0,1.0,1.0,0.0,0.0,0.0,1.0
label_core_rerank,eval_0230,doxycycline | prednisone | azithromycin | rocephin | aclidinium | tudorza pressair | xopenex | methylprednisolone | omalizumab | ceftriaxone | mometasone | xolair | levalbuterol | primatene mist | accolate | zafirlukast | intal inhaler | guaifenesin | epinephrine | ipratropium inhalation solution,prednisone,1000,221,221,1000,0,0,0,0.2,1.0,1.0,0.6309297535714574,0.1,1.0,1.0,0.6309297535714574,0.05,1.0,1.0,0.6309297535714574,0.5,1.0,1.0,1.0,0.0,0.0,0.0,1.0
label_core_rerank,eval_0229,doxycycline | minocycline | tazorac | tazarotene | tetracycline | dapsone | clindamycin | sulfamethoxazole / trimethoprim | erythromycin | prednisone | dexamethasone | isotretinoin | accutane | benzoyl peroxide / clindamycin | tretinoin | adapalene / benzoyl peroxide | epiduo | magnesium hydroxide | claravis | benzaclin,tazarotene | dapsone | clindamycin,802,555,479,726,0,0,0,0.2,0.3333333333333333,1.0,0.2192560461704936,0.3,1.0,1.0,0.5098509238173572,0.15,1.0,1.0,0.5098509238173572,0.25,1.0,1.0,1.0,0.0,0.0,0.0,1.0
label_core_rerank,eval_0235,stribild | cobicistat / elvitegravir / emtricitabine / tenofovir | efavirenz / emtricitabine / tenofovir | atripla | ondansetron | triumeq | abacavir / dolutegravir / lamivudine | clonidine | epzicom | emtricitabine / rilpivirine / tenofovir | complera | abacavir / lamivudine | fuzeon | enfuvirtide | reyataz | atazanavir | isentress | cobicistat / elvitegravir / emtricitabine / tenofovir alafenamide | genvoya | filgrastim,stribild | efavirenz / emtricitabine / tenofovir,154,119,119,154,0,0,0,0.4,1.0,1.0,0.9197207891481876,0.2,1.0,1.0,0.9197207891481876,0.1,1.0,1.0,0.9197207891481876,1.0,1.0,1.0,1.0,0.0,0.0,0.0,1.0
label_core_rerank,eval_0231,"calcifediol | calcitriol | parathyroid hormone | ergocalciferol | calcium phosphate, tribasic | calcium lactate | thyroid desiccated | westhroid | cenestin | estropipate | conjugated estrogens | armour thyroid | premarin | rayaldee | thyquidity | estradiol | esterified estrogens | tirosint | doxorubicin | levothyroxine",thyroid desiccated | armour thyroid | levothyroxine,1000,112,112,958,0,0,0,0.0,0.0,0.0,0.0,0.1,0.3333333333333333,1.0,0.12669792223864473,0.15,1.0,1.0,0.35921782385985457,0.14285714285714285,1.0,1.0,1.0,0.0,0.0,0.0,1.0
label_core_rerank,eval_0207,dexamethasone | clobetasol | fluocinolone | duloxetine | cymbalta | zostrix | capsaicin | prednisone | ibuprofen | naproxen | capzasin-hp | aleve | zostrix diabetic foot pain | liraglutide | gabapentin | victoza | tretinoin | desmopressin | pregabalin | pramlintide,duloxetine | cymbalta,1000,476,273,797,0,0,0,0.4,1.0,1.0,0.5012658353418872,0.2,1.0,1.0,0.5012658353418872,0.1,1.0,1.0,0.5012658353418872,0.25,1.0,1.0,1.0,0.0,0.0,0.0,1.0
label_core_rerank,eval_0233,prednisone | methylprednisolone | adalimumab | humira | infliximab | remicade | hydrocortisone | triamcinolone | dexamethasone | cyclosporine | prednisolone | elocon | clobetasol | stelara | enbrel | ustekinumab | desonide | doxycycline | etanercept | flurandrenolide,prednisone | adalimumab | humira,238,164,164,238,0,0,0,0.6,1.0,1.0,0.8132022820105483,0.3,1.0,1.0,0.8132022820105483,0.15,1.0,1.0,0.8132022820105483,1.0,1.0,1.0,1.0,0.0,0.0,0.0,1.0
label_core_rerank,eval_0223,triamcinolone | sucralfate | ciprofloxacin | levofloxacin | ofloxacin | doxycycline | cipro | ibuprofen | naproxen | flanax pain reliever | aleve | naprosyn | cephalexin | bactrim | sulfamethoxazole / trimethoprim | oxybutynin | avelox | moxifloxacin | doxy 100 | ditropan xl,triamcinolone | sucralfate | prednisone | adalimumab,672,325,325,672,0,0,0,0.4,0.5,1.0,0.6357429506707164,0.2,0.5,1.0,0.6357429506707164,0.1,0.5,1.0,0.6357429506707164,1.0,1.0,1.0,1.0,0.0,0.0,0.0,1.0
label_core_rerank,eval_0213,clonidine | catapres | hytrin | terazosin | aluminum chloride hexahydrate | drysol | gabapentin | amitriptyline | hypercare | onabotulinumtoxina | botox | xerac ac | tapazole | pima | potassium iodide | oxybutynin | benztropine | methimazole | sodium iodide-i-131 | propylthiouracil,clonidine | catapres | terazosin | hytrin,1000,293,293,1000,0,0,0,0.8,1.0,1.0,1.0,0.4,1.0,1.0,1.0,0.2,1.0,1.0,1.0,1.0,1.0,1.0,1.0,0.0,0.0,0.0,1.0
label_core_rerank,eval_0218,doxycycline | prednisone | metronidazole | azithromycin | rocephin | dapsone | ceftriaxone | zyvox | linezolid | filgrastim | neupogen | fluconazole | clindamycin | tobramycin | pyrimethamine | xenleta | lefamulin | gentamicin | ferralet 90 | cefotaxime,doxycycline | azithromycin,1000,132,132,1000,0,0,0,0.4,1.0,1.0,0.8772153153380493,0.2,1.0,1.0,0.8772153153380493,0.1,1.0,1.0,0.8772153153380493,1.0,1.0,1.0,1.0,0.0,0.0,0.0,1.0
label_core_rerank,eval_0242,"calcifediol | calcitriol | parathyroid hormone | ergocalciferol | calcium phosphate, tribasic | calcium lactate | thyroid desiccated | westhroid | cenestin | estropipate | conjugated estrogens | armour thyroid | premarin | rayaldee | thyquidity | estradiol | esterified estrogens | tirosint | doxorubicin | levothyroxine",thyroid desiccated | armour thyroid | levothyroxine,1000,385,385,952,0,0,0,0.0,0.0,0.0,0.0,0.1,0.3333333333333333,1.0,0.1564262420075855,0.15,1.0,1.0,0.3900840631017693,0.14285714285714285,1.0,1.0,1.0,0.0,0.0,0.0,1.0
label_core_rerank,eval_0241,baclofen | onabotulinumtoxina | botox | lioresal | lorazepam | ativan | abobotulinumtoxina | dysport | botulinum toxin type b | myobloc | incobotulinumtoxina | xeomin | ibuprofen | naproxen | aleve | propranolol | clonidine | verapamil | benicar | atenolol,baclofen | onabotulinumtoxina | botox | lioresal | propranolol,1000,187,187,892,0,0,0,0.8,0.8,1.0,0.7790559043488847,0.4,0.8,1.0,0.7790559043488847,0.25,1.0,1.0,0.8704816048787549,1.0,1.0,1.0,1.0,0.0,0.0,0.0,1.0
label_core_rerank,eval_0237,doxycycline | azithromycin | rocephin | acidophilus | methenamine | ceftriaxone | zyvox | linezolid | hiprex | lactobacillus acidophilus | fluconazole | cephalexin | doripenem | gentamicin | bactrim | sulfamethoxazole / trimethoprim | minocycline | ceftin | avelox | moxifloxacin,sulfamethoxazole / trimethoprim | bactrim | fluconazole,481,287,287,481,0,0,0,0.0,0.0,0.0,0.0,0.0,0.0,0.0,0.0,0.15,1.0,1.0,0.3630309663999042,0.09090909090909091,1.0,1.0,1.0,0.0,0.0,0.0,1.0
label_core_rerank,eval_0244,doxycycline | hydroxychloroquine | doxy 100 | lithium | divalproex sodium | depakote er | depakote | valproic acid | prednisone | deltasone | chlorpromazine | allopurinol | clindamycin | artemether / lumefantrine | coartem | halofantrine | halfan | stavzor | pyrimethamine / sulfadoxine | pyrimethamine,doxycycline | prednisone | methylprednisolone | hydroxychloroquine | doxy 100 | deltasone | diclofenac | naproxen,1000,446,446,809,0,0,0,0.6,0.375,1.0,0.7227265726449517,0.5,0.625,1.0,0.7280920761425088,0.25,0.625,1.0,0.7280920761425088,1.0,1.0,1.0,1.0,0.0,0.0,0.0,1.0
label_core_rerank,eval_0252,clonazepam | klonopin | propranolol | rizatriptan | treximet | lamotrigine | gabapentin | naproxen / sumatriptan | amitriptyline | relpax | maxalt | eletriptan | acetaminophen / butalbital / caffeine | frovatriptan | sumatriptan | bupropion | aspirin / butalbital / caffeine | diclofenac | frova | maxalt-mlt,gabapentin | propranolol,1000,179,179,1000,0,0,0,0.2,0.5,1.0,0.35195904451706733,0.2,1.0,1.0,0.5083852865246528,0.1,1.0,1.0,0.5083852865246528,0.3333333333333333,1.0,1.0,1.0,0.0,0.0,0.0,1.0
label_core_rerank,eval_0227,"azithromycin | ceftriaxone | ampicillin | ciprofloxacin | cipro | typhoid vaccine, inactivated | typhoid vaccine, live | clonazepam | klonopin | dexbrompheniramine / pseudoephedrine | drixoral cold and allergy | lamotrigine | gabapentin | naproxen / sumatriptan | amitriptyline | maxalt | dextroamphetamine | eletriptan | acetaminophen / butalbital / caffeine | frovatriptan",ceftriaxone | ciprofloxacin,1000,7,7,1000,0,0,0,0.4,1.0,1.0,0.5992429307166866,0.2,1.0,1.0,0.5992429307166866,0.1,1.0,1.0,0.5992429307166866,0.5,1.0,1.0,1.0,0.0,0.0,0.0,1.0
label_core_rerank,eval_0232,cyproheptadine | promethazine | prednisone | omalizumab | epipen | ketotifen | xolair | chlor-trimeton | phenergan | ketorolac | chlorpheniramine | epinephrine | ranitidine | carbinoxamine | alavert | zaditor | aristocort | azelastine | triamcinolone | tetracaine,prednisone | promethazine,558,76,76,558,0,0,0,0.4,1.0,1.0,0.6787622294601761,0.2,1.0,1.0,0.6787622294601761,0.1,1.0,1.0,0.6787622294601761,0.5,1.0,1.0,1.0,0.0,0.0,0.0,1.0
label_core_rerank,eval_0257,rabeprazole | omeprazole / sodium bicarbonate | ranitidine | lansoprazole | zantac | esomeprazole | protonix | nexium | sucralfate | cimetidine | omeprazole | pantoprazole | carafate | pepcid | calcium carbonate | famotidine | diclofenac | prednisone | chlordiazepoxide / clidinium | clonidine,rabeprazole | esomeprazole | lansoprazole,468,80,80,468,0,0,0,0.4,0.6666666666666666,1.0,0.6713860725233042,0.3,1.0,1.0,0.8385465274895064,0.15,1.0,1.0,0.8385465274895064,1.0,1.0,1.0,1.0,0.0,0.0,0.0,1.0
label_core_rerank,eval_0251,oxybutynin | doxycycline | ibuprofen | naproxen | triamcinolone | flanax pain reliever | aleve | naprosyn | aluminum chloride hexahydrate | drysol | gabapentin | amitriptyline | hypercare | clonidine | xerac ac | catapres | pima | potassium iodide | tapazole | onabotulinumtoxina,prednisone | enbrel | naproxen | triamcinolone | ibuprofen,690,294,294,690,0,0,0,0.6,0.6,1.0,0.4441707531757099,0.3,0.6,1.0,0.4441707531757099,0.15,0.6,1.0,0.4441707531757099,0.3333333333333333,1.0,1.0,1.0,0.0,0.0,0.0,1.0
label_core_rerank,eval_0249,doxycycline | prednisone | gentamicin | lansoprazole | minocycline | moxifloxacin | dexamethasone | ciprofloxacin | levofloxacin | rifampin | amikacin | aciphex | rabeprazole | calcium carbonate / simethicone | prevacid | axid ar | nexium 24hr | prilosec otc | aluminum hydroxide / magnesium hydroxide / simethicone | nizatidine,doxycycline,1000,230,230,1000,0,0,0,0.2,1.0,1.0,1.0,0.1,1.0,1.0,1.0,0.05,1.0,1.0,1.0,1.0,1.0,1.0,1.0,0.0,0.0,0.0,1.0
label_core_rerank,eval_0246,clonidine | catapres | hytrin | terazosin | sodium iodide-i-131 | propylthiouracil | aluminum chloride hexahydrate | drysol | gabapentin | amitriptyline | hypercare | xerac ac | pima | potassium iodide | tapazole | oxybutynin | onabotulinumtoxina | botox | benztropine | methimazole,thyroid desiccated | armour thyroid | levothyroxine,1000,352,126,742,0,0,0,0.0,0.0,0.0,0.0,0.0,0.0,0.0,0.0,0.0,0.0,0.0,0.0,0.0,1.0,1.0,1.0,0.0,0.0,0.0,1.0
label_core_rerank,eval_0260,doxycycline | ibuprofen | naproxen | cephalexin | triamcinolone | flanax pain reliever | bactrim | sulfamethoxazole / trimethoprim | oxybutynin | avelox | moxifloxacin | doxy 100 | sucralfate | ditropan xl | aleve | ciprofloxacin | naprosyn | levofloxacin | bactrim ds | levaquin,naproxen,273,25,25,273,0,0,0,0.2,1.0,1.0,0.5,0.1,1.0,1.0,0.5,0.05,1.0,1.0,0.5,0.3333333333333333,1.0,1.0,1.0,0.0,0.0,0.0,1.0
label_core_rerank,eval_0250,foscarnet | immune globulin intramuscular | doxycycline | ceftriaxone | sulfamethoxazole / trimethoprim | dexamethasone | ciprofloxacin | erythromycin | gabapentin | cipro | amitriptyline | prednisone | nortriptyline | metoclopramide | reglan | valacyclovir | valtrex | acyclovir | chlorpromazine | thorazine,valacyclovir | valtrex | acyclovir,1000,322,322,749,0,0,0,0.0,0.0,0.0,0.0,0.0,0.0,0.0,0.0,0.15,1.0,1.0,0.33782057848058294,0.0625,1.0,1.0,1.0,0.0,0.0,0.0,1.0
label_core_rerank,eval_0261,elocon | clobetasol | stelara | enbrel | ustekinumab | desonide | doxycycline | etanercept | prednisone | flurandrenolide | cordran tape | clocortolone | clobex | cloderm | thiothixene | desowen | methylprednisolone | adalimumab | mometasone | betamethasone,enbrel,164,164,164,164,0,0,0,0.2,1.0,1.0,0.4306765580733931,0.1,1.0,1.0,0.4306765580733931,0.05,1.0,1.0,0.4306765580733931,0.25,1.0,1.0,1.0,0.0,0.0,0.0,1.0
label_core_rerank,eval_0264,prednisone | methylprednisolone | cellcept | mycophenolate mofetil | hydrocortisone | triamcinolone | dexamethasone | azathioprine | imuran | diclofenac | adalimumab | humira | infliximab | remicade | golimumab | simponi | famotidine / ibuprofen | duexis | vimovo | esomeprazole / naproxen,adalimumab | humira | infliximab | remicade,672,346,346,672,0,0,0,0.0,0.0,0.0,0.0,0.0,0.0,0.0,0.0,0.2,1.0,1.0,0.4168433904426998,0.09090909090909091,1.0,1.0,1.0,0.0,0.0,0.0,1.0
label_core_rerank,eval_0268,prednisone | aristocort | triamcinolone | corticotropin | deltasone | acthar | loteprednol | lotemax | prednisolone | cyproheptadine | promethazine | omalizumab | epipen | ketotifen | xolair | chlor-trimeton | phenergan | ketorolac | chlorpheniramine | epinephrine,prednisone | triamcinolone | prednisolone | loteprednol | lotemax,340,322,322,340,0,0,0,0.4,0.4,1.0,0.3985202681370658,0.5,1.0,1.0,0.7370572078601025,0.25,1.0,1.0,0.7370572078601025,1.0,1.0,1.0,1.0,0.0,0.0,0.0,1.0
label_core_rerank,eval_0267,cefuroxime | retapamulin | altabax | doxycycline | clindamycin | cephalexin | bactrim | sulfamethoxazole / trimethoprim | minocycline | keflex | doxy 100 | bactrim ds | vibramycin | septra | septra ds | smz-tmp ds | cefadroxil | mupirocin | ozenoxacin | sulconazole,isotretinoin | accutane | adapalene / benzoyl peroxide | doxycycline | cefuroxime | mupirocin | retapamulin,726,425,425,726,0,0,0,0.6,0.42857142857142855,1.0,0.5148326631814688,0.3,0.42857142857142855,1.0,0.44539172680943867,0.2,0.5714285714285714,1.0,0.5144640153006464,1.0,1.0,1.0,1.0,0.0,0.0,0.0,1.0
label_core_rerank,eval_0253,elocon | clobetasol | stelara | enbrel | ustekinumab | desonide | doxycycline | etanercept | prednisone | flurandrenolide | cordran tape | clocortolone | clobex | cloderm | thiothixene | desowen | methylprednisolone | adalimumab | mometasone | betamethasone,prednisone | enbrel,164,164,164,164,0,0,0,0.2,0.5,1.0,0.3031610197508214,0.2,1.0,1.0,0.44442799261065036,0.1,1.0,1.0,0.44442799261065036,0.25,1.0,1.0,1.0,0.0,0.0,0.0,1.0
label_core_rerank,eval_0276,doxycycline | prednisone | azithromycin | rocephin | methylprednisolone | ceftriaxone | mometasone | epinephrine | ampicillin | budesonide | kenalog-40 | augmentin xr | triamcinolone | bactrim | medrol dosepak | sulfamethoxazole / trimethoprim | flunisolide | zithromax | ceftin | cedax,prednisone,1000,221,221,1000,0,0,0,0.2,1.0,1.0,0.6309297535714574,0.1,1.0,1.0,0.6309297535714574,0.05,1.0,1.0,0.6309297535714574,0.5,1.0,1.0,1.0,0.0,0.0,0.0,1.0
label_core_rerank,eval_0277,liraglutide | gabapentin | victoza | tretinoin | clobetasol | desmopressin | pregabalin | pramlintide | humulin r u-500 (concentrated) | duloxetine | nortriptyline | cymbalta | chromium picolinate | byetta | symlin | topiramate | exubera | insulin isophane | ddavp | insulin aspart / insulin aspart protamine,liraglutide | victoza,453,228,228,453,0,0,0,0.4,1.0,1.0,0.9197207891481876,0.2,1.0,1.0,0.9197207891481876,0.1,1.0,1.0,0.9197207891481876,1.0,1.0,1.0,1.0,0.0,0.0,0.0,1.0
label_core_rerank,eval_0272,prednisone | methylprednisolone | cellcept | mycophenolate mofetil | hydrocortisone | triamcinolone | dexamethasone | azathioprine | imuran | budesonide | mercaptopurine | betamethasone | medrol dosepak | pancreatin | elocon | clobetasol | desonide | flurandrenolide | cordran tape | clocortolone,budesonide,659,346,126,439,0,0,0,0.0,0.0,0.0,0.0,0.1,1.0,1.0,0.2890648263178879,0.05,1.0,1.0,0.2890648263178879,0.1,1.0,1.0,1.0,0.0,0.0,0.0,1.0
label_core_rerank,eval_0262,diclofenac | tramadol | stelara | acetaminophen / hydrocodone | enbrel | ustekinumab | doxycycline | etanercept | prednisone | lortab | ketoprofen | norco | indomethacin | valdecoxib | voltaren | duloxetine | cataflam | cymbalta | naprelan | probenecid,diclofenac | tramadol | acetaminophen / hydrocodone,273,255,255,273,0,0,0,0.6,1.0,1.0,0.9736505918364026,0.3,1.0,1.0,0.9736505918364026,0.15,1.0,1.0,0.9736505918364026,1.0,1.0,1.0,1.0,0.0,0.0,0.0,1.0
label_core_rerank,eval_0275,amitriptyline | spironolactone | doxycycline | venlafaxine | azithromycin | rocephin | phosphorated carbohydrate solution | acidophilus | elavil | methenamine | ceftriaxone | zyvox | vaniqa | linezolid | uta | ampicillin | sulfatrim | hiprex | allopurinol | eflornithine,doxycycline,172,172,172,172,0,0,0,0.2,1.0,1.0,0.5,0.1,1.0,1.0,0.5,0.05,1.0,1.0,0.5,0.3333333333333333,1.0,1.0,1.0,0.0,0.0,0.0,1.0
label_core_rerank,eval_0271,tretinoin | liraglutide | gabapentin | victoza | clobetasol | desmopressin | pregabalin | pramlintide | humulin r u-500 (concentrated) | duloxetine | nortriptyline | cymbalta | chromium picolinate | byetta | symlin | topiramate | exubera | insulin isophane | ddavp | insulin aspart / insulin aspart protamine,tretinoin | doxycycline | spironolactone | liraglutide | victoza,949,560,508,897,0,0,0,0.6,0.6,1.0,0.7428263532604289,0.3,0.6,1.0,0.7428263532604289,0.15,0.6,1.0,0.7428263532604289,1.0,1.0,1.0,1.0,0.0,0.0,0.0,1.0
label_core_rerank,eval_0279,cyproheptadine | promethazine | prednisone | chlor-trimeton | phenergan | chlorpheniramine | epinephrine | ranitidine | carbinoxamine | azelastine | triamcinolone | tetracaine | olopatadine | diphenhydramine | benadryl | cetirizine | allegra | fexofenadine | zyrtec | levocetirizine,prednisone | promethazine | cyproheptadine | triamcinolone | azelastine | phenergan,1000,558,558,1000,0,0,0,0.8,0.6666666666666666,1.0,0.8539316501572934,0.5,0.8333333333333334,1.0,0.8493587936665264,0.3,1.0,1.0,0.9337676022490267,1.0,1.0,1.0,1.0,0.0,0.0,0.0,1.0
label_core_rerank,eval_0284,doxycycline | prednisone | azithromycin | rocephin | ceftriaxone | sulfamethoxazole / trimethoprim | zithromax | ceftin | avelox | moxifloxacin | amoxicillin | amoxil | amoxicillin / clavulanate | biaxin xl | augmentin | dexamethasone | cefuroxime | clarithromycin | ciprofloxacin | erythromycin,doxycycline | azithromycin | prednisone | sulfamethoxazole / trimethoprim | ceftriaxone,1000,319,319,1000,0,0,0,0.8,0.8,1.0,0.8191577303746509,0.5,1.0,1.0,0.9137949195204103,0.25,1.0,1.0,0.9137949195204103,1.0,1.0,1.0,1.0,0.0,0.0,0.0,1.0
label_core_rerank,eval_0281,doxycycline | prednisone | metronidazole | azithromycin | rocephin | dapsone | ceftriaxone | zyvox | linezolid | filgrastim | neupogen | fluconazole | clindamycin | tobramycin | vancocin hcl | cefotaxime | gentamicin | lefamulin | pyrimethamine | ferralet 90,doxycycline | azithromycin,1000,132,132,1000,0,0,0,0.4,1.0,1.0,0.7724397457735779,0.2,1.0,1.0,0.7724397457735779,0.1,1.0,1.0,0.7724397457735779,1.0,1.0,1.0,1.0,0.0,0.0,0.0,1.0
label_core_rerank,eval_0269,liraglutide | gabapentin | victoza | tretinoin | clobetasol | desmopressin | pregabalin | pramlintide | humulin r u-500 (concentrated) | duloxetine | nortriptyline | cymbalta | chromium picolinate | byetta | symlin | topiramate | exubera | insulin isophane | ddavp | novolog mix 70 / 30,liraglutide | victoza,1000,228,228,1000,0,0,0,0.4,1.0,1.0,0.9197207891481876,0.2,1.0,1.0,0.9197207891481876,0.1,1.0,1.0,0.9197207891481876,1.0,1.0,1.0,1.0,0.0,0.0,0.0,1.0
label_core_rerank,eval_0270,cefadroxil | retapamulin | altabax | mupirocin | cefuroxime | sulconazole | ammoniated mercury | ozenoxacin | cobicistat / elvitegravir / emtricitabine / tenofovir | stribild | dexbrompheniramine / pseudoephedrine | drixoral cold and allergy | valacyclovir | efavirenz / emtricitabine / tenofovir | valtrex | atripla | aciphex | chlorpheniramine / hydrocodone | tussionex pennkinetic | ondansetron,cefuroxime | mupirocin | retapamulin,1000,8,8,1000,0,0,0,0.6,1.0,1.0,0.6717573587424964,0.3,1.0,1.0,0.6717573587424964,0.15,1.0,1.0,0.6717573587424964,0.5,1.0,1.0,1.0,0.0,0.0,0.0,1.0
label_core_rerank,eval_0280,doxycycline | clindamycin | cephalexin | bactrim | sulfamethoxazole / trimethoprim | minocycline | keflex | doxy 100 | bactrim ds | vibramycin | septra | septra ds | smz-tmp ds | doryx | isotretinoin | accutane | benzoyl peroxide / clindamycin | tretinoin | adapalene / benzoyl peroxide | epiduo,doxycycline | clindamycin | minocycline,888,420,420,888,0,0,0,0.4,0.6666666666666666,1.0,0.7653606369886218,0.3,1.0,1.0,0.932521091954824,0.15,1.0,1.0,0.932521091954824,1.0,1.0,1.0,1.0,0.0,0.0,0.0,1.0
label_core_rerank,eval_0287,lorazepam | ativan | onabotulinumtoxina | botox | gabapentin | amitriptyline | sumatriptan | opium | ondansetron | zofran | dimenhydrinate | cholestyramine | doxycycline | alosetron | dramamine | promethazine | emend | aprepitant | lotronex | loperamide,onabotulinumtoxina | gabapentin | amitriptyline,265,155,147,257,0,0,0,0.4,0.6666666666666666,1.0,0.41618115554873086,0.3,1.0,1.0,0.5833416105149332,0.15,1.0,1.0,0.5833416105149332,0.3333333333333333,1.0,1.0,1.0,0.0,0.0,0.0,1.0
label_core_rerank,eval_0273,propranolol | clonidine | verapamil | benicar | atenolol | catapres | nadolol | corgard | innopran xl | olmesartan | metoprolol | verelan pm | inderal | tenormin | calan sr | lisinopril | amlodipine | inderal la | norvasc | prinivil,propranolol | clonidine,1000,433,433,1000,0,0,0,0.4,1.0,1.0,1.0,0.2,1.0,1.0,1.0,0.1,1.0,1.0,1.0,1.0,1.0,1.0,1.0,0.0,0.0,0.0,1.0
label_core_rerank,eval_0292,diclofenac | tramadol | stelara | acetaminophen / hydrocodone | enbrel | ustekinumab | doxycycline | etanercept | prednisone | lortab | ketoprofen | norco | indomethacin | valdecoxib | voltaren | duloxetine | cataflam | cymbalta | naprelan | probenecid,diclofenac,255,255,255,255,0,0,0,0.2,1.0,1.0,1.0,0.1,1.0,1.0,1.0,0.05,1.0,1.0,1.0,1.0,1.0,1.0,1.0,0.0,0.0,0.0,1.0
label_core_rerank,eval_0278,doxycycline | azithromycin | rocephin | acidophilus | methenamine | ceftriaxone | zyvox | linezolid | hiprex | lactobacillus acidophilus | fluconazole | cephalexin | doripenem | gentamicin | bactrim | sulfamethoxazole / trimethoprim | minocycline | ceftin | avelox | moxifloxacin,doxycycline | azithromycin | bactrim | fluconazole,481,287,287,481,0,0,0,0.4,0.5,1.0,0.4829420709752337,0.2,0.5,1.0,0.4829420709752337,0.2,1.0,1.0,0.7178836443702017,1.0,1.0,1.0,1.0,0.0,0.0,0.0,1.0
label_core_rerank,eval_0297,aciphex | rabeprazole | calcium carbonate / simethicone | prevacid | axid ar | nexium 24hr | prilosec otc | aluminum hydroxide / magnesium hydroxide / simethicone | nizatidine | protonix iv | omeprazole / sodium bicarbonate | axid | mylanta | ranitidine | zegerid | pepcid ac chewable tablets | dexlansoprazole | lansoprazole | zantac | kapidex,aciphex | dexlansoprazole | rabeprazole,222,45,45,222,0,0,0,0.4,0.6666666666666666,1.0,0.7653606369886218,0.2,0.6666666666666666,1.0,0.7653606369886218,0.15,1.0,1.0,0.8778995257840894,1.0,1.0,1.0,1.0,0.0,0.0,0.0,1.0
label_core_rerank,eval_0296,elocon | clobetasol | stelara | enbrel | ustekinumab | desonide | doxycycline | etanercept | prednisone | flurandrenolide | cordran tape | clocortolone | clobex | cloderm | thiothixene | desowen | methylprednisolone | adalimumab | mometasone | betamethasone,prednisone | enbrel,164,164,164,164,0,0,0,0.2,0.5,1.0,0.3031610197508214,0.2,1.0,1.0,0.44442799261065036,0.1,1.0,1.0,0.44442799261065036,0.25,1.0,1.0,1.0,0.0,0.0,0.0,1.0
label_core_rerank,eval_0291,gabapentin | amitriptyline | doxycycline | ceftriaxone | cefotaxime | lansoprazole | sulfamethoxazole / trimethoprim | minocycline | dexamethasone | pyridoxine | ciprofloxacin | erythromycin | lorazepam | ativan | sumatriptan | opium | ondansetron | zofran | dimenhydrinate | cholestyramine,doxycycline,956,145,145,956,0,0,0,0.2,1.0,1.0,0.5,0.1,1.0,1.0,0.5,0.05,1.0,1.0,0.5,0.3333333333333333,1.0,1.0,1.0,0.0,0.0,0.0,1.0
label_core_rerank,eval_0290,doxycycline | prednisone | azithromycin | rocephin | aclidinium | tudorza pressair | xopenex | methylprednisolone | omalizumab | ceftriaxone | mometasone | xolair | levalbuterol | primatene mist | accolate | intal inhaler | zafirlukast | guaifenesin | epinephrine | ipratropium inhalation solution,prednisone,505,221,221,505,0,0,0,0.2,1.0,1.0,0.6309297535714575,0.1,1.0,1.0,0.6309297535714575,0.05,1.0,1.0,0.6309297535714575,0.5,1.0,1.0,1.0,0.0,0.0,0.0,1.0
label_core_rerank,eval_0300,diclofenac | prednisone | methylprednisolone | adalimumab | humira | cellcept | infliximab | remicade | mycophenolate mofetil | hydrocortisone | triamcinolone | golimumab | simponi | dexamethasone | famotidine / ibuprofen | duexis | vimovo | azathioprine | esomeprazole / naproxen | imuran,adalimumab | humira,325,311,259,273,0,0,0,0.4,1.0,1.0,0.5012658353418872,0.2,1.0,1.0,0.5012658353418872,0.1,1.0,1.0,0.5012658353418872,0.25,1.0,1.0,1.0,0.0,0.0,0.0,1.0
label_core_rerank,eval_0294,doxycycline | prednisone | metronidazole | azithromycin | rocephin | dapsone | ceftriaxone | zyvox | linezolid | filgrastim | neupogen | fluconazole | clindamycin | tobramycin | pyrimethamine | xenleta | gentamicin | lefamulin | ferralet 90 | cefotaxime,doxycycline | azithromycin,1000,132,132,1000,0,0,0,0.4,1.0,1.0,0.7724397457735779,0.2,1.0,1.0,0.7724397457735779,0.1,1.0,1.0,0.7724397457735779,1.0,1.0,1.0,1.0,0.0,0.0,0.0,1.0
label_core_rerank,eval_0293,doxycycline | chlorpromazine | thorazine | haloperidol | haldol | lithium | allopurinol | clindamycin | coartem | artemether / lumefantrine | divalproex sodium | fansidar | daraprim | stavzor | halfan | halofantrine | pyrimethamine | pyrimethamine / sulfadoxine | depakote er | hydroxychloroquine,doxycycline | sulfamethoxazole / trimethoprim,991,174,174,991,0,0,0,0.2,0.5,1.0,0.7039180890341347,0.1,0.5,1.0,0.7039180890341347,0.05,0.5,1.0,0.7039180890341347,1.0,1.0,1.0,1.0,0.0,0.0,0.0,1.0
label_core_rerank,eval_0298,gabapentin | pregabalin | nortriptyline | topiramate | lyrica | neurontin | topamax | lisinopril | amitriptyline | prednisone | clonidine | catapres | onabotulinumtoxina | botox | metoclopramide | reglan | insulin regular | sodium bicarbonate | fosinopril | dexamethasone,topiramate | amitriptyline,1000,399,399,1000,0,0,0,0.2,0.5,1.0,0.3031610197508214,0.2,1.0,1.0,0.44442799261065036,0.1,1.0,1.0,0.44442799261065036,0.25,1.0,1.0,1.0,0.0,0.0,0.0,1.0
label_core_rerank,eval_0286,amitriptyline | elavil | doxycycline | ceftriaxone | ampicillin | sulfamethoxazole / trimethoprim | ciprofloxacin | cipro | azithromycin | allopurinol | risperdal | risperidone | venlafaxine | phosphorated carbohydrate solution | lactobacillus acidophilus | hydroxyzine | minocycline | atarax | memantine | ofloxacin,doxycycline | sulfamethoxazole / trimethoprim | sumatriptan | azithromycin,1000,471,471,907,0,0,0,0.2,0.25,1.0,0.14805728754340064,0.3,0.75,1.0,0.39541386657785715,0.15,0.75,1.0,0.39541386657785715,0.3333333333333333,1.0,1.0,1.0,0.0,0.0,0.0,1.0
label_core_rerank,eval_0289,lorazepam | ativan | baclofen | onabotulinumtoxina | botox | dysport | abobotulinumtoxina | lioresal | myobloc | botulinum toxin type b | xeomin | incobotulinumtoxina | acetaminophen | tadalafil | propranolol | sildenafil | dextroamphetamine | dexedrine | spironolactone | azor,baclofen,438,12,12,438,0,0,0,0.2,1.0,1.0,0.5,0.1,1.0,1.0,0.5,0.05,1.0,1.0,0.5,0.3333333333333333,1.0,1.0,1.0,0.0,0.0,0.0,1.0
candidate_union_no_prior_no_bm25,eval_0011,doxycycline | clindamycin | cephalexin | bactrim | sulfamethoxazole / trimethoprim | minocycline | keflex | doxy 100 | bactrim ds | vibramycin | septra | septra ds | smz-tmp ds | isotretinoin | accutane | benzoyl peroxide / clindamycin | tretinoin | adapalene / benzoyl peroxide | epiduo | magnesium hydroxide,doxycycline | clindamycin | sulfamethoxazole / trimethoprim,420,273,273,420,0,0,0,0.6,1.0,1.0,0.9615980861491925,0.3,1.0,1.0,0.9615980861491925,0.15,1.0,1.0,0.9615980861491925,1.0,1.0,1.0,1.0,0.0,0.0,0.0,1.0
candidate_union_no_prior_no_bm25,eval_0006,prednisone | hydrocortisone | triamcinolone | dexamethasone | ciprofloxacin | calcium carbonate | prednisolone | elocon | clobetasol | desonide | doxycycline | flurandrenolide | cordran tape | clocortolone | azithromycin | clobex | cloderm | ceftriaxone | mometasone | betamethasone,ciprofloxacin,1000,80,80,1000,0,0,0,0.2,1.0,1.0,0.38685280723454163,0.1,1.0,1.0,0.38685280723454163,0.05,1.0,1.0,0.38685280723454163,0.2,1.0,1.0,1.0,0.0,0.0,0.0,1.0
candidate_union_no_prior_no_bm25,eval_0009,doxycycline | prednisone | azithromycin | rocephin | aclidinium | tudorza pressair | xopenex | methylprednisolone | omalizumab | ceftriaxone | mometasone | xolair | levalbuterol | primatene mist | intal inhaler | accolate | zafirlukast | guaifenesin | epinephrine | ipratropium inhalation solution,prednisone,1000,221,221,1000,0,0,0,0.2,1.0,1.0,0.6309297535714574,0.1,1.0,1.0,0.6309297535714574,0.05,1.0,1.0,0.6309297535714574,0.5,1.0,1.0,1.0,0.0,0.0,0.0,1.0
candidate_union_no_prior_no_bm25,eval_0016,isotretinoin | accutane | benzoyl peroxide / clindamycin | tretinoin | adapalene / benzoyl peroxide | epiduo | magnesium hydroxide | claravis | benzaclin | spironolactone | doxycycline | phillips' milk of magnesia | duac | retin-a | dapsone | aczone | clindamycin / tretinoin | drospirenone / ethinyl estradiol | onexton | benzoyl peroxide / sulfur,isotretinoin | accutane | adapalene / benzoyl peroxide,726,273,273,726,0,0,0,0.6,1.0,1.0,0.9469024295259745,0.3,1.0,1.0,0.9469024295259745,0.15,1.0,1.0,0.9469024295259745,1.0,1.0,1.0,1.0,0.0,0.0,0.0,1.0
candidate_union_no_prior_no_bm25,eval_0019,doxycycline | ibuprofen | naproxen | triamcinolone | flanax pain reliever | aleve | naprosyn | cephalexin | bactrim | sulfamethoxazole / trimethoprim | oxybutynin | avelox | moxifloxacin | doxy 100 | sucralfate | ditropan xl | ciprofloxacin | levofloxacin | bactrim ds | levaquin,naproxen | triamcinolone,273,273,273,273,0,0,0,0.4,1.0,1.0,0.5706417189553201,0.2,1.0,1.0,0.5706417189553201,0.1,1.0,1.0,0.5706417189553201,0.3333333333333333,1.0,1.0,1.0,0.0,0.0,0.0,1.0
candidate_union_no_prior_no_bm25,eval_0010,elocon | clobetasol | stelara | enbrel | ustekinumab | desonide | doxycycline | etanercept | prednisone | flurandrenolide | cordran tape | clocortolone | clobex | cloderm | thiothixene | desowen | methylprednisolone | adalimumab | mometasone | betamethasone,prednisone | enbrel,882,164,164,882,0,0,0,0.2,0.5,1.0,0.3031610197508214,0.2,1.0,1.0,0.44442799261065036,0.1,1.0,1.0,0.44442799261065036,0.25,1.0,1.0,1.0,0.0,0.0,0.0,1.0
candidate_union_no_prior_no_bm25,eval_0002,doxycycline | prednisone | azithromycin | rocephin | ceftriaxone | sulfamethoxazole / trimethoprim | zithromax | ceftin | avelox | moxifloxacin | amoxicillin | amoxil | amoxicillin / clavulanate | biaxin xl | augmentin | dexamethasone | cefuroxime | clarithromycin | ciprofloxacin | erythromycin,prednisone,734,221,221,734,0,0,0,0.2,1.0,1.0,0.6309297535714574,0.1,1.0,1.0,0.6309297535714574,0.05,1.0,1.0,0.6309297535714574,0.5,1.0,1.0,1.0,0.0,0.0,0.0,1.0
candidate_union_no_prior_no_bm25,eval_0017,doxycycline | prednisone | azithromycin | methylprednisolone | mometasone | epinephrine | ampicillin | budesonide | kenalog-40 | augmentin xr | triamcinolone | bactrim | medrol dosepak | sulfamethoxazole / trimethoprim | flunisolide | zithromax | ceftin | cedax | ceftibuten | singulair,prednisone | methylprednisolone,1000,681,681,1000,0,0,0,0.4,1.0,1.0,0.6509209298071326,0.2,1.0,1.0,0.6509209298071326,0.1,1.0,1.0,0.6509209298071326,0.5,1.0,1.0,1.0,0.0,0.0,0.0,1.0
candidate_union_no_prior_no_bm25,eval_0020,clonazepam | klonopin | propranolol | rizatriptan | treximet | lamotrigine | gabapentin | naproxen / sumatriptan | amitriptyline | relpax | maxalt | eletriptan | acetaminophen / butalbital / caffeine | frovatriptan | sumatriptan | bupropion | aspirin / butalbital / caffeine | diclofenac | frova | maxalt-mlt,propranolol,1000,179,179,947,0,0,0,0.2,1.0,1.0,0.5,0.1,1.0,1.0,0.5,0.05,1.0,1.0,0.5,0.3333333333333333,1.0,1.0,0.0,0.0,0.0,0.0,1.0
candidate_union_no_prior_no_bm25,eval_0021,propranolol | verapamil | nitro-bid | aspirin | epinephrine | nitroglycerin | enoxaparin | lovenox | atenolol | nadolol | corgard | angiomax | bayer aspirin extra strength plus | streptokinase | dalteparin | fragmin | bivalirudin | warfarin | plavix | metoprolol,metoprolol,1000,90,90,1000,0,0,0,0.0,0.0,0.0,0.0,0.0,0.0,0.0,0.0,0.05,1.0,1.0,0.22767024869695296,0.05,1.0,1.0,1.0,0.0,0.0,0.0,1.0
candidate_union_no_prior_no_bm25,eval_0012,clonazepam | propranolol | gabapentin | amitriptyline | sumatriptan | diclofenac | prednisone | clonidine | lithium | nortriptyline | verapamil | elavil | zolmitriptan | atenolol | nadolol | corgard | divalproex sodium | nimodipine | depakote er | metoprolol,propranolol,1000,179,179,1000,0,0,0,0.2,1.0,1.0,0.6309297535714574,0.1,1.0,1.0,0.6309297535714574,0.05,1.0,1.0,0.6309297535714574,0.5,1.0,1.0,1.0,0.0,0.0,0.0,1.0
candidate_union_no_prior_no_bm25,eval_0008,clonazepam | klonopin | propranolol | rizatriptan | treximet | lamotrigine | gabapentin | naproxen / sumatriptan | amitriptyline | relpax | maxalt | eletriptan | acetaminophen / butalbital / caffeine | frovatriptan | sumatriptan | bupropion | aspirin / butalbital / caffeine | diclofenac | frova | maxalt-mlt,gabapentin | propranolol,1000,179,179,1000,0,0,0,0.2,0.5,1.0,0.35195904451706733,0.2,1.0,1.0,0.5083852865246528,0.1,1.0,1.0,0.5083852865246528,0.3333333333333333,1.0,1.0,1.0,0.0,0.0,0.0,1.0
candidate_union_no_prior_no_bm25,eval_0005,cyproheptadine | promethazine | prednisone | chlor-trimeton | phenergan | chlorpheniramine | epinephrine | ranitidine | carbinoxamine | azelastine | triamcinolone | tetracaine | olopatadine | diphenhydramine | benadryl | cetirizine | allegra | fexofenadine | zyrtec | levocetirizine,promethazine | cyproheptadine,1000,558,517,958,0,0,0,0.4,1.0,1.0,1.0,0.2,1.0,1.0,1.0,0.1,1.0,1.0,1.0,1.0,1.0,1.0,1.0,0.0,0.0,0.0,1.0
candidate_union_no_prior_no_bm25,eval_0027,doxycycline | ibuprofen | naproxen | triamcinolone | flanax pain reliever | aleve | naprosyn | diclofenac | tramadol | stelara | acetaminophen / hydrocodone | enbrel | ustekinumab | etanercept | prednisone | lortab | ketoprofen | norco | indomethacin | valdecoxib,diclofenac | naproxen | triamcinolone,273,273,273,273,0,0,0,0.4,0.6666666666666666,1.0,0.4007190842355906,0.3,1.0,1.0,0.5613212351841308,0.15,1.0,1.0,0.5613212351841308,0.3333333333333333,1.0,1.0,1.0,0.0,0.0,0.0,1.0
candidate_union_no_prior_no_bm25,eval_0007,amitriptyline | venlafaxine | elavil | memantine | propranolol | spironolactone | clonidine | verapamil | benicar | atenolol | catapres | nadolol | corgard | innopran xl | olmesartan | metoprolol | verelan pm | inderal | tenormin | calan sr,propranolol | clonidine | amitriptyline | elavil,1000,600,471,698,0,0,0,0.6,0.75,1.0,0.7803208329297955,0.4,1.0,1.0,0.8722223468555713,0.2,1.0,1.0,0.8722223468555713,1.0,1.0,1.0,1.0,0.0,0.0,0.0,1.0
candidate_union_no_prior_no_bm25,eval_0034,prednisone | methylprednisolone | cellcept | mycophenolate mofetil | hydrocortisone | triamcinolone | dexamethasone | azathioprine | imuran | betamethasone | medrol dosepak | pancreatin | diclofenac | adalimumab | humira | infliximab | remicade | golimumab | simponi | famotidine / ibuprofen,prednisone | methylprednisolone | triamcinolone | adalimumab | humira | infliximab | remicade,672,346,346,672,0,0,0,0.4,0.2857142857142857,1.0,0.5531464700081437,0.3,0.42857142857142855,1.0,0.546216915252498,0.35,1.0,1.0,0.8184602169811083,1.0,1.0,1.0,1.0,0.0,0.0,0.0,1.0
candidate_union_no_prior_no_bm25,eval_0036,doxycycline | prednisone | methotrexate | minocycline | dexamethasone | chloramphenicol | stelara | enbrel | ustekinumab | etanercept | methylprednisolone | adalimumab | betamethasone | humira | infliximab | remicade | hydrocortisone | kenalog-40 | triamcinolone | kenalog-10,doxycycline | prednisone,952,544,544,952,0,0,0,0.4,1.0,1.0,1.0,0.2,1.0,1.0,1.0,0.1,1.0,1.0,1.0,1.0,1.0,1.0,1.0,0.0,0.0,0.0,1.0
candidate_union_no_prior_no_bm25,eval_0037,baclofen | onabotulinumtoxina | botox | lioresal | lorazepam | ativan | abobotulinumtoxina | dysport | botulinum toxin type b | myobloc | incobotulinumtoxina | xeomin | diclofenac | tramadol | stelara | acetaminophen / hydrocodone | enbrel | ustekinumab | doxycycline | etanercept,diclofenac | onabotulinumtoxina | botox,570,267,267,570,0,0,0,0.4,0.6666666666666666,1.0,0.4298593499260986,0.2,0.6666666666666666,1.0,0.4298593499260986,0.15,1.0,1.0,0.579606526573812,0.5,1.0,1.0,1.0,0.0,0.0,0.0,1.0
candidate_union_no_prior_no_bm25,eval_0023,clonidine | catapres | hytrin | terazosin | aluminum chloride hexahydrate | drysol | gabapentin | amitriptyline | hypercare | propylthiouracil | sodium iodide-i-131 | xerac ac | pima | potassium iodide | tapazole | oxybutynin | onabotulinumtoxina | botox | benztropine | methimazole,thyroid desiccated | armour thyroid | levothyroxine,824,352,81,553,0,0,0,0.0,0.0,0.0,0.0,0.0,0.0,0.0,0.0,0.0,0.0,0.0,0.0,0.0,1.0,1.0,1.0,0.0,0.0,0.0,1.0
candidate_union_no_prior_no_bm25,eval_0039,doxycycline | prednisone | azithromycin | methylprednisolone | mometasone | epinephrine | ampicillin | budesonide | kenalog-40 | augmentin xr | triamcinolone | bactrim | medrol dosepak | sulfamethoxazole / trimethoprim | flunisolide | zithromax | ceftin | cedax | ceftibuten | singulair,prednisone | methylprednisolone,1000,681,681,1000,0,0,0,0.4,1.0,1.0,0.6509209298071326,0.2,1.0,1.0,0.6509209298071326,0.1,1.0,1.0,0.6509209298071326,0.5,1.0,1.0,1.0,0.0,0.0,0.0,1.0
candidate_union_no_prior_no_bm25,eval_0029,doxycycline | prednisone | azithromycin | rocephin | aclidinium | tudorza pressair | xopenex | methylprednisolone | omalizumab | ceftriaxone | mometasone | xolair | levalbuterol | primatene mist | accolate | zafirlukast | intal inhaler | guaifenesin | epinephrine | ampicillin,prednisone,1000,221,221,1000,0,0,0,0.2,1.0,1.0,0.6309297535714574,0.1,1.0,1.0,0.6309297535714574,0.05,1.0,1.0,0.6309297535714574,0.5,1.0,1.0,1.0,0.0,0.0,0.0,1.0
candidate_union_no_prior_no_bm25,eval_0033,cefadroxil | retapamulin | altabax | mupirocin | cefuroxime | ammoniated mercury | sulconazole | ozenoxacin | isotretinoin | accutane | valacyclovir | valtrex | benzoyl peroxide / clindamycin | tretinoin | elocon | adapalene / benzoyl peroxide | epiduo | clobetasol | stelara | magnesium hydroxide,cefuroxime | mupirocin | retapamulin,731,8,8,731,0,0,0,0.6,1.0,1.0,0.6797310500037657,0.3,1.0,1.0,0.6797310500037657,0.15,1.0,1.0,0.6797310500037657,0.5,1.0,1.0,1.0,0.0,0.0,0.0,1.0
candidate_union_no_prior_no_bm25,eval_0041,doxycycline | azithromycin | rocephin | acidophilus | methenamine | ceftriaxone | zyvox | linezolid | hiprex | lactobacillus acidophilus | fluconazole | cephalexin | doripenem | gentamicin | bactrim | sulfamethoxazole / trimethoprim | minocycline | ceftin | avelox | moxifloxacin,doxycycline | azithromycin | sulfamethoxazole / trimethoprim | bactrim | fluconazole,481,287,287,481,0,0,0,0.4,0.4,1.0,0.4063180457160617,0.2,0.4,1.0,0.4063180457160617,0.25,1.0,1.0,0.6954092773654924,1.0,1.0,1.0,1.0,0.0,0.0,0.0,1.0
candidate_union_no_prior_no_bm25,eval_0018,clonazepam | klonopin | propranolol | rizatriptan | treximet | lamotrigine | gabapentin | naproxen / sumatriptan | amitriptyline | relpax | maxalt | eletriptan | acetaminophen / butalbital / caffeine | frovatriptan | sumatriptan | bupropion | aspirin / butalbital / caffeine | diclofenac | frova | maxalt-mlt,gabapentin | propranolol,1000,179,179,1000,0,0,0,0.2,0.5,1.0,0.35195904451706733,0.2,1.0,1.0,0.5083852865246528,0.1,1.0,1.0,0.5083852865246528,0.3333333333333333,1.0,1.0,1.0,0.0,0.0,0.0,1.0
candidate_union_no_prior_no_bm25,eval_0045,rabeprazole | omeprazole / sodium bicarbonate | ranitidine | lansoprazole | zantac | esomeprazole | protonix | nexium | sucralfate | cimetidine | omeprazole | pantoprazole | carafate | pepcid | calcium carbonate | famotidine | diclofenac | prednisone | clonidine | chlordiazepoxide / clidinium,rabeprazole | esomeprazole | lansoprazole,660,109,109,660,0,0,0,0.4,0.6666666666666666,1.0,0.6713860725233042,0.3,1.0,1.0,0.8385465274895064,0.15,1.0,1.0,0.8385465274895064,1.0,1.0,1.0,1.0,0.0,0.0,0.0,1.0
candidate_union_no_prior_no_bm25,eval_0047,cefadroxil | retapamulin | altabax | mupirocin | cefuroxime | ozenoxacin | ammoniated mercury | sulconazole,mupirocin | retapamulin,8,8,8,8,0,0,0,0.4,1.0,1.0,0.6509209298071326,0.2,1.0,1.0,0.6509209298071326,0.1,1.0,1.0,0.6509209298071326,0.5,1.0,1.0,1.0,0.0,0.0,0.0,1.0
candidate_union_no_prior_no_bm25,eval_0049,aciphex | rabeprazole | calcium carbonate / simethicone | prevacid | axid ar | nexium 24hr | prilosec otc | aluminum hydroxide / magnesium hydroxide / simethicone | nizatidine | protonix iv | omeprazole / sodium bicarbonate | mylanta | zegerid | pepcid ac chewable tablets | dexlansoprazole | lansoprazole | esomeprazole | dexilant | protonix | nexium,aciphex | dexlansoprazole | rabeprazole,1000,45,45,1000,0,0,0,0.4,0.6666666666666666,1.0,0.7653606369886218,0.2,0.6666666666666666,1.0,0.7653606369886218,0.15,1.0,1.0,0.8826803184943108,1.0,1.0,1.0,1.0,0.0,0.0,0.0,1.0
candidate_union_no_prior_no_bm25,eval_0054,doxycycline | prednisone | azithromycin | methylprednisolone | mometasone | epinephrine | ampicillin | budesonide | kenalog-40 | augmentin xr | triamcinolone | bactrim | medrol dosepak | sulfamethoxazole / trimethoprim | flunisolide | zithromax | ceftin | ceftibuten | cedax | singulair,prednisone | methylprednisolone,1000,681,681,1000,0,0,0,0.4,1.0,1.0,0.6509209298071326,0.2,1.0,1.0,0.6509209298071326,0.1,1.0,1.0,0.6509209298071326,0.5,1.0,1.0,1.0,0.0,0.0,0.0,1.0
candidate_union_no_prior_no_bm25,eval_0053,doxycycline | prednisone | azithromycin | methylprednisolone | mometasone | epinephrine | ampicillin | budesonide | kenalog-40 | augmentin xr | triamcinolone | bactrim | medrol dosepak | sulfamethoxazole / trimethoprim | flunisolide | zithromax | ceftin | cedax | ceftibuten | singulair,prednisone | methylprednisolone,1000,681,681,1000,0,0,0,0.4,1.0,1.0,0.6509209298071326,0.2,1.0,1.0,0.6509209298071326,0.1,1.0,1.0,0.6509209298071326,0.5,1.0,1.0,1.0,0.0,0.0,0.0,1.0
candidate_union_no_prior_no_bm25,eval_0058,doxycycline | lithium | chlorpromazine | allopurinol | clindamycin | coartem | artemether / lumefantrine | divalproex sodium | halfan | halofantrine | daraprim | fansidar | pyrimethamine / sulfadoxine | pyrimethamine | stavzor | depakote er | thorazine | hydroxychloroquine | depakote | risperdal,doxycycline | clindamycin,1000,34,34,1000,0,0,0,0.4,1.0,1.0,0.8854598815714874,0.2,1.0,1.0,0.8854598815714874,0.1,1.0,1.0,0.8854598815714874,1.0,1.0,1.0,1.0,0.0,0.0,0.0,1.0
candidate_union_no_prior_no_bm25,eval_0030,prednisone | omalizumab | xolair | epinephrine | aristocort | triamcinolone | cromolyn | deltasone | prednisolone | cyproheptadine | promethazine | chlor-trimeton | phenergan | chlorpheniramine | ranitidine | carbinoxamine | azelastine | tetracaine | olopatadine | diphenhydramine,prednisone | promethazine | cyproheptadine | methylprednisolone,1000,288,288,951,0,0,0,0.2,0.25,1.0,0.2961145750868013,0.2,0.5,1.0,0.4245090374132933,0.15,0.75,1.0,0.5484076451507108,1.0,1.0,1.0,1.0,0.0,0.0,0.0,1.0
candidate_union_no_prior_no_bm25,eval_0051,doxycycline | prednisone | azithromycin | rocephin | methylprednisolone | ceftriaxone | mometasone | epinephrine | ampicillin | budesonide | kenalog-40 | augmentin xr | triamcinolone | bactrim | medrol dosepak | sulfamethoxazole / trimethoprim | flunisolide | zithromax | ceftin | cedax,prednisone,1000,221,221,1000,0,0,0,0.2,1.0,1.0,0.6309297535714575,0.1,1.0,1.0,0.6309297535714575,0.05,1.0,1.0,0.6309297535714575,0.5,1.0,1.0,1.0,0.0,0.0,0.0,1.0
candidate_union_no_prior_no_bm25,eval_0050,doxycycline | prednisone | azithromycin | rocephin | aclidinium | tudorza pressair | xopenex | methylprednisolone | omalizumab | ceftriaxone | mometasone | xolair | levalbuterol | primatene mist | accolate | zafirlukast | intal inhaler | guaifenesin | epinephrine | ipratropium inhalation solution,prednisone,536,221,221,536,0,0,0,0.2,1.0,1.0,0.6309297535714575,0.1,1.0,1.0,0.6309297535714575,0.05,1.0,1.0,0.6309297535714575,0.5,1.0,1.0,1.0,0.0,0.0,0.0,1.0
candidate_union_no_prior_no_bm25,eval_0055,spironolactone | gabapentin | urea | amitriptyline | icosapent | vascepa | cyproheptadine | insulin regular | magnesium amino acids chelate | rocaltrol | prednisone | clonidine | magnesium oxide | glucose | pregabalin | sodium bicarbonate | magnesium gluconate | calcifediol | acetaminophen / phenyltoloxamine | nortriptyline,gabapentin | amitriptyline,1000,236,236,1000,0,0,0,0.4,1.0,1.0,0.6509209298071326,0.2,1.0,1.0,0.6509209298071326,0.1,1.0,1.0,0.6509209298071326,0.5,1.0,1.0,1.0,0.0,0.0,0.0,1.0
candidate_union_no_prior_no_bm25,eval_0059,doxycycline | prednisone | azithromycin | rocephin | ceftriaxone | sulfamethoxazole / trimethoprim | zithromax | ceftin | avelox | moxifloxacin | amoxicillin | amoxil | amoxicillin / clavulanate | biaxin xl | augmentin | dexamethasone | cefuroxime | clarithromycin | ciprofloxacin | erythromycin,prednisone,1000,221,221,1000,0,0,0,0.2,1.0,1.0,0.6309297535714574,0.1,1.0,1.0,0.6309297535714574,0.05,1.0,1.0,0.6309297535714574,0.5,1.0,1.0,1.0,0.0,0.0,0.0,1.0
candidate_union_no_prior_no_bm25,eval_0057,doxycycline | prednisone | triamcinolone | moxifloxacin | dexamethasone | ciprofloxacin | levofloxacin | aciphex | rabeprazole | calcium carbonate / simethicone | prevacid | axid ar | nexium 24hr | prilosec otc | aluminum hydroxide / magnesium hydroxide / simethicone | nizatidine | protonix iv | omeprazole / sodium bicarbonate | tagamet hb | mylanta,prednisone,1000,323,323,1000,0,0,0,0.2,1.0,1.0,0.6309297535714575,0.1,1.0,1.0,0.6309297535714575,0.05,1.0,1.0,0.6309297535714575,0.5,1.0,1.0,1.0,0.0,0.0,0.0,1.0
candidate_union_no_prior_no_bm25,eval_0042,prednisone | aristocort | triamcinolone | corticotropin | deltasone | acthar | loteprednol | lotemax | prednisolone | doxycycline | methylprednisolone | aspirin | kenalog-40 | medrol dosepak | amoxicillin | dexamethasone | canakinumab | diclofenac | tramadol | stelara,prednisone | triamcinolone | methylprednisolone,796,322,322,796,0,0,0,0.4,0.6666666666666666,1.0,0.7039180890341348,0.2,0.6666666666666666,1.0,0.7039180890341348,0.15,1.0,1.0,0.834820079202332,1.0,1.0,1.0,1.0,0.0,0.0,0.0,1.0
candidate_union_no_prior_no_bm25,eval_0070,doxycycline | prednisone | azithromycin | rocephin | methylprednisolone | ceftriaxone | mometasone | epinephrine | ampicillin | budesonide | kenalog-40 | augmentin xr | triamcinolone | bactrim | medrol dosepak | sulfamethoxazole / trimethoprim | flunisolide | zithromax | ceftin | ceftibuten,prednisone,1000,221,221,977,0,0,0,0.2,1.0,1.0,0.6309297535714574,0.1,1.0,1.0,0.6309297535714574,0.05,1.0,1.0,0.6309297535714574,0.5,1.0,1.0,1.0,0.0,0.0,0.0,1.0
candidate_union_no_prior_no_bm25,eval_0068,ephedrine | caffeine | prednisone | deltasone | phenylephrine | diltiazem | cardizem | cartia xt | cardizem cd | esmolol | clonidine | catapres | cyproheptadine | lisinopril | acetaminophen / phenyltoloxamine | acetaminophen / caffeine | excedrin tension headache | doxycycline | excedrin quick tab | azithromycin,prednisone | diltiazem,1000,650,650,581,0,0,0,0.2,0.5,1.0,0.3065735963827292,0.2,1.0,1.0,0.5249810332008934,0.1,1.0,1.0,0.5249810332008934,0.3333333333333333,1.0,1.0,1.0,0.0,0.0,0.0,1.0
candidate_union_no_prior_no_bm25,eval_0072,proctofoam | pramoxine | dibucaine | nupercainal | hydrocortisone | proctofoam hc | proctosol-hc | pramoxine / zinc oxide | tronolane anesthetic for hemorrhoids | hydrocortisone / pramoxine | analpram-hc | hydrocortisone / lidocaine | phenylephrine | lmx 5 | pramosone | lidocaine | phenylephrine / pramoxine | recticare | anucort-hc | anusol-hc suppositories,hydrocortisone | pramoxine | proctofoam,22,20,20,22,0,0,0,0.6,1.0,1.0,0.9615980861491925,0.3,1.0,1.0,0.9615980861491925,0.15,1.0,1.0,0.9615980861491925,1.0,1.0,1.0,1.0,0.0,0.0,0.0,1.0
candidate_union_no_prior_no_bm25,eval_0069,doxycycline | triamcinolone | oxybutynin | prednisone | methylprednisolone | hydrocortisone | kenalog-40 | minocycline | dexamethasone | tetracycline | prednisolone | ibuprofen | naproxen | flanax pain reliever | aleve | naprosyn | stelara | enbrel | ustekinumab | etanercept,prednisone | methylprednisolone | triamcinolone | naproxen,1000,294,294,1000,0,0,0,0.6,0.75,1.0,0.5654495432396527,0.3,0.75,1.0,0.5654495432396527,0.2,1.0,1.0,0.6679826818578746,0.5,1.0,1.0,1.0,0.0,0.0,0.0,1.0
candidate_union_no_prior_no_bm25,eval_0048,doxycycline | prednisone | triamcinolone | minocycline | dexamethasone | tetracycline | cortisone | moxifloxacin | sucralfate | ciprofloxacin | levofloxacin | aciphex | rabeprazole | calcium carbonate / simethicone | prevacid | axid ar | nexium 24hr | prilosec otc | aluminum hydroxide / magnesium hydroxide / simethicone | nizatidine,prednisone | triamcinolone | moxifloxacin | ciprofloxacin,1000,357,357,773,0,0,0,0.4,0.5,1.0,0.44149241373678083,0.4,1.0,1.0,0.6774887494560811,0.2,1.0,1.0,0.6774887494560811,0.5,1.0,1.0,1.0,0.0,0.0,0.0,1.0
candidate_union_no_prior_no_bm25,eval_0066,diclofenac | tramadol | stelara | acetaminophen / hydrocodone | enbrel | ustekinumab | doxycycline | etanercept | prednisone | lortab | ketoprofen | norco | indomethacin | valdecoxib | voltaren | duloxetine | cataflam | cymbalta | naprelan | probenecid,diclofenac | tramadol,273,255,255,273,0,0,0,0.4,1.0,1.0,1.0,0.2,1.0,1.0,1.0,0.1,1.0,1.0,1.0,1.0,1.0,1.0,1.0,0.0,0.0,0.0,1.0
candidate_union_no_prior_no_bm25,eval_0074,cyproheptadine | promethazine | prednisone | chlor-trimeton | phenergan | chlorpheniramine | epinephrine | ranitidine | carbinoxamine | azelastine | triamcinolone | tetracaine | olopatadine | diphenhydramine | benadryl | cetirizine | allegra | fexofenadine | zyrtec | levocetirizine,promethazine | cyproheptadine,1000,558,517,958,0,0,0,0.4,1.0,1.0,1.0,0.2,1.0,1.0,1.0,0.1,1.0,1.0,1.0,1.0,1.0,1.0,1.0,0.0,0.0,0.0,1.0
candidate_union_no_prior_no_bm25,eval_0076,diclofenac | tramadol | stelara | acetaminophen / hydrocodone | enbrel | ustekinumab | doxycycline | etanercept | prednisone | lortab | ketoprofen | norco | indomethacin | valdecoxib | voltaren | duloxetine | cataflam | cymbalta | naprelan | probenecid,diclofenac | tramadol | acetaminophen / hydrocodone,273,255,255,273,0,0,0,0.6,1.0,1.0,0.9736505918364026,0.3,1.0,1.0,0.9736505918364026,0.15,1.0,1.0,0.9736505918364026,1.0,1.0,1.0,1.0,0.0,0.0,0.0,1.0
candidate_union_no_prior_no_bm25,eval_0061,tretinoin | doxycycline | minocycline | tetracycline | isotretinoin | accutane | benzoyl peroxide / clindamycin | adapalene / benzoyl peroxide | epiduo | magnesium hydroxide | claravis | benzaclin | spironolactone | phillips' milk of magnesia | duac | retin-a | dapsone | aczone | clindamycin / tretinoin | drospirenone / ethinyl estradiol,tretinoin | doxycycline | minocycline,670,500,500,670,0,0,0,0.6,1.0,1.0,1.0,0.3,1.0,1.0,1.0,0.15,1.0,1.0,1.0,1.0,1.0,1.0,1.0,0.0,0.0,0.0,1.0
candidate_union_no_prior_no_bm25,eval_0082,propylthiouracil | sodium iodide-i-131 | thyroid desiccated | westhroid | cenestin | estropipate | conjugated estrogens | armour thyroid | premarin | calcifediol | thyquidity | rayaldee | estradiol | esterified estrogens | tirosint | doxorubicin | levothyroxine | synthroid | cytomel | nature-throid,thyroid desiccated | armour thyroid | levothyroxine,634,81,81,634,0,0,0,0.2,0.3333333333333333,1.0,0.19004688335796713,0.2,0.6666666666666666,1.0,0.30995311664203284,0.15,1.0,1.0,0.44667995222701307,0.3333333333333333,1.0,1.0,1.0,0.0,0.0,0.0,1.0
candidate_union_no_prior_no_bm25,eval_0060,doxycycline | ibuprofen | naproxen | triamcinolone | flanax pain reliever | aleve | naprosyn | cephalexin | bactrim | sulfamethoxazole / trimethoprim | oxybutynin | avelox | moxifloxacin | doxy 100 | sucralfate | ditropan xl | ciprofloxacin | levofloxacin | bactrim ds | levaquin,naproxen,273,273,273,273,0,0,0,0.2,1.0,1.0,0.5,0.1,1.0,1.0,0.5,0.05,1.0,1.0,0.5,0.3333333333333333,1.0,1.0,1.0,0.0,0.0,0.0,1.0
candidate_union_no_prior_no_bm25,eval_0083,doxycycline | clindamycin | cephalexin | bactrim | sulfamethoxazole / trimethoprim | minocycline | keflex | doxy 100 | bactrim ds | vibramycin | septra | septra ds | smz-tmp ds | tretinoin | dexamethasone | spironolactone | dapsone | doryx | doxorubicin | tetracycline,tretinoin | doxycycline | spironolactone | liraglutide,1000,646,646,794,0,0,0,0.2,0.25,1.0,0.4135568126659915,0.1,0.25,1.0,0.4135568126659915,0.15,0.75,1.0,0.5868612631929018,1.0,1.0,1.0,1.0,0.0,0.0,0.0,1.0
candidate_union_no_prior_no_bm25,eval_0065,propylthiouracil | sodium iodide-i-131 | clonidine | thyroid desiccated | westhroid | cenestin | estropipate | conjugated estrogens | catapres | armour thyroid | premarin | calcifediol | thyquidity | rayaldee | estradiol | esterified estrogens | tirosint | doxorubicin | levothyroxine | onabotulinumtoxina,thyroid desiccated | armour thyroid | levothyroxine,748,81,81,748,0,0,0,0.2,0.3333333333333333,1.0,0.20210734650054762,0.2,0.6666666666666666,1.0,0.3377593199329954,0.15,1.0,1.0,0.446340193034029,0.25,1.0,1.0,1.0,0.0,0.0,0.0,1.0
candidate_union_no_prior_no_bm25,eval_0084,doxycycline | prednisone | azithromycin | rocephin | ceftriaxone | sulfamethoxazole / trimethoprim | zithromax | ceftin | avelox | moxifloxacin | amoxicillin | amoxil | amoxicillin / clavulanate | biaxin xl | augmentin | dexamethasone | cefuroxime | clarithromycin | ciprofloxacin | erythromycin,doxycycline | azithromycin | prednisone | clindamycin,1000,319,319,1000,0,0,0,0.6,0.75,1.0,0.8530852898337354,0.3,0.75,1.0,0.8530852898337354,0.15,0.75,1.0,0.8530852898337354,1.0,1.0,1.0,1.0,0.0,0.0,0.0,1.0
candidate_union_no_prior_no_bm25,eval_0078,cyproheptadine | promethazine | prednisone | omalizumab | epipen | ketotifen | xolair | chlor-trimeton | phenergan | ketorolac | chlorpheniramine | epinephrine | ranitidine | carbinoxamine | alavert | zaditor | aristocort | azelastine | triamcinolone | tetracaine,prednisone | promethazine,558,76,76,558,0,0,0,0.4,1.0,1.0,0.6934264036172708,0.2,1.0,1.0,0.6934264036172708,0.1,1.0,1.0,0.6934264036172708,0.5,1.0,1.0,1.0,0.0,0.0,0.0,1.0
candidate_union_no_prior_no_bm25,eval_0063,propranolol | verapamil | nitroglycerin | atenolol | nadolol | corgard | metoprolol | verelan pm | caduet | coreg | tenormin | lopressor | calan sr | toprol-xl | bisoprolol | lisinopril | ramipril | diltiazem | altace | carvedilol,propranolol | verapamil | metoprolol | spironolactone,1000,335,335,975,0,0,0,0.4,0.5,1.0,0.6744821105691429,0.3,0.75,1.0,0.8123343814578067,0.15,0.75,1.0,0.8123343814578067,1.0,1.0,1.0,1.0,0.0,0.0,0.0,1.0
candidate_union_no_prior_no_bm25,eval_0089,isotretinoin | accutane | benzoyl peroxide / clindamycin | tretinoin | adapalene / benzoyl peroxide | epiduo | magnesium hydroxide | claravis | benzaclin | spironolactone | doxycycline | phillips' milk of magnesia | duac | retin-a | dapsone | aczone | clindamycin / tretinoin | drospirenone / ethinyl estradiol | onexton | benzoyl peroxide / sulfur,adapalene / benzoyl peroxide,273,273,273,273,0,0,0,0.2,1.0,1.0,0.38685280723454163,0.1,1.0,1.0,0.38685280723454163,0.05,1.0,1.0,0.38685280723454163,0.2,1.0,1.0,1.0,0.0,0.0,0.0,1.0
candidate_union_no_prior_no_bm25,eval_0075,doxycycline | prednisone | azithromycin | rocephin | methylprednisolone | ceftriaxone | mometasone | epinephrine | ampicillin | budesonide | kenalog-40 | augmentin xr | triamcinolone | bactrim | medrol dosepak | sulfamethoxazole / trimethoprim | flunisolide | zithromax | ceftin | ceftibuten,prednisone,1000,221,221,1000,0,0,0,0.2,1.0,1.0,0.6309297535714574,0.1,1.0,1.0,0.6309297535714574,0.05,1.0,1.0,0.6309297535714574,0.5,1.0,1.0,1.0,0.0,0.0,0.0,1.0
candidate_union_no_prior_no_bm25,eval_0087,amitriptyline | venlafaxine | elavil | memantine | spironolactone | doxycycline | azithromycin | ceftriaxone | ampicillin | allopurinol | magnesium oxide | doryx | augmentin xr | cephalexin | sodium bicarbonate | bactrim | sulfamethoxazole / trimethoprim | ceftin | avelox | moxifloxacin,amitriptyline | venlafaxine | elavil,1000,347,347,927,0,0,0,0.6,1.0,1.0,1.0,0.3,1.0,1.0,1.0,0.15,1.0,1.0,1.0,1.0,1.0,1.0,1.0,0.0,0.0,0.0,1.0
candidate_union_no_prior_no_bm25,eval_0093,diclofenac | doxycycline | prednisone | methylprednisolone | ceftriaxone | adalimumab | betamethasone | humira | cellcept | infliximab | remicade | mycophenolate mofetil | hydrocortisone | kenalog-40 | triamcinolone | medrol dosepak | amoxicillin | golimumab | simponi | sodium hyaluronate,doxycycline | prednisone,1000,255,255,1000,0,0,0,0.4,1.0,1.0,0.6480409554829326,0.2,1.0,1.0,0.6480409554829326,0.1,1.0,1.0,0.6480409554829326,0.5,1.0,1.0,1.0,0.0,0.0,0.0,1.0
candidate_union_no_prior_no_bm25,eval_0073,doxycycline | prednisone | azithromycin | clindamycin | sulfamethoxazole / trimethoprim | zithromax | ceftin | avelox | moxifloxacin | amoxicillin | amoxil | amoxicillin / clavulanate | augmentin | dexamethasone | cefuroxime | ciprofloxacin | levofloxacin | levaquin | azithromycin dose pack | cleocin,doxycycline | azithromycin | prednisone | clindamycin | minocycline,1000,710,710,1000,0,0,0,0.8,0.8,1.0,0.8153225004907431,0.4,0.8,1.0,0.8153225004907431,0.2,0.8,1.0,0.8153225004907431,1.0,1.0,1.0,1.0,0.0,0.0,0.0,1.0
candidate_union_no_prior_no_bm25,eval_0095,aciphex | doxycycline | prednisone | rabeprazole | calcium carbonate / simethicone | prevacid | axid ar | nexium 24hr | prilosec otc | aluminum hydroxide / magnesium hydroxide / simethicone | nizatidine | protonix iv | omeprazole / sodium bicarbonate | tagamet hb | mylanta | zegerid | pepcid ac chewable tablets | triamcinolone | gentamicin | mylanta maximum strength,prednisone,1000,109,109,1000,0,0,0,0.2,1.0,1.0,0.5,0.1,1.0,1.0,0.5,0.05,1.0,1.0,0.5,0.3333333333333333,1.0,1.0,1.0,0.0,0.0,0.0,1.0
candidate_union_no_prior_no_bm25,eval_0092,isotretinoin | accutane | benzoyl peroxide / clindamycin | tretinoin | adapalene / benzoyl peroxide | epiduo | magnesium hydroxide | claravis | benzaclin | spironolactone | doxycycline | phillips' milk of magnesia | duac | retin-a | dapsone | aczone | clindamycin / tretinoin | drospirenone / ethinyl estradiol | onexton | benzoyl peroxide / sulfur,adapalene / benzoyl peroxide,726,273,273,726,0,0,0,0.2,1.0,1.0,0.38685280723454163,0.1,1.0,1.0,0.38685280723454163,0.05,1.0,1.0,0.38685280723454163,0.2,1.0,1.0,1.0,0.0,0.0,0.0,1.0
candidate_union_no_prior_no_bm25,eval_0094,amitriptyline | spironolactone | doxycycline | venlafaxine | azithromycin | rocephin | phosphorated carbohydrate solution | acidophilus | elavil | methenamine | ceftriaxone | zyvox | vaniqa | linezolid | uta | ampicillin | sulfatrim | hiprex | allopurinol | eflornithine,doxycycline,172,172,172,172,0,0,0,0.2,1.0,1.0,0.5,0.1,1.0,1.0,0.5,0.05,1.0,1.0,0.5,0.3333333333333333,1.0,1.0,1.0,0.0,0.0,0.0,1.0
candidate_union_no_prior_no_bm25,eval_0079,aluminum hydroxide / magnesium hydroxide / simethicone | ranitidine | lansoprazole | cimetidine | omeprazole | pantoprazole | famotidine | cyproheptadine | prednisone | acetaminophen / phenyltoloxamine | acetaminophen / caffeine | excedrin tension headache | excedrin quick tab | deltasone | dexbrompheniramine / pseudoephedrine | drixoral cold and allergy | valacyclovir | valtrex | chlorpheniramine / hydrocodone | tussionex pennkinetic,lansoprazole | ranitidine | omeprazole | pantoprazole,719,549,549,719,0,0,0,0.6,0.75,1.0,0.5407142188659049,0.4,1.0,1.0,0.688026127815017,0.2,1.0,1.0,0.688026127815017,0.5,1.0,1.0,1.0,0.0,0.0,0.0,1.0
candidate_union_no_prior_no_bm25,eval_0097,promethazine | meclizine | phenylephrine | diltiazem | cardizem | cartia xt | cyproheptadine | prednisone | acetaminophen / phenyltoloxamine | acetaminophen / caffeine | excedrin tension headache | cardizem cd | excedrin quick tab | deltasone | dexbrompheniramine / pseudoephedrine | drixoral cold and allergy | valacyclovir | valtrex | chlorpheniramine / hydrocodone | tussionex pennkinetic,promethazine | meclizine | phenylephrine | propranolol,1000,684,684,881,0,0,0,0.6,0.75,1.0,0.7990559142278677,0.3,0.75,1.0,0.7990559142278677,0.15,0.75,1.0,0.7990559142278677,1.0,1.0,1.0,1.0,0.0,0.0,0.0,1.0
candidate_union_no_prior_no_bm25,eval_0102,elocon | clobetasol | desonide | prednisone | flurandrenolide | cordran tape | clocortolone | clobex | cloderm | methylprednisolone | mometasone | betamethasone | cellcept | fluocinonide | fluocinolone | mycophenolate mofetil | budesonide | hydrocortisone | desoximetasone | zenpep,prednisone | methylprednisolone,54,49,49,54,0,0,0,0.2,0.5,1.0,0.26406812257259094,0.2,1.0,1.0,0.44130740935663865,0.1,1.0,1.0,0.44130740935663865,0.25,1.0,1.0,1.0,0.0,0.0,0.0,1.0
candidate_union_no_prior_no_bm25,eval_0096,triamcinolone | sucralfate | ciprofloxacin | levofloxacin | ofloxacin | doxycycline | ibuprofen | naproxen | flanax pain reliever | aleve | naprosyn | cipro | diclofenac | prednisone | methylprednisolone | adalimumab | humira | cellcept | infliximab | remicade,triamcinolone | sucralfate,672,311,311,672,0,0,0,0.4,1.0,1.0,0.9134015924715543,0.2,1.0,1.0,0.9134015924715543,0.1,1.0,1.0,0.9134015924715543,1.0,1.0,1.0,1.0,0.0,0.0,0.0,1.0
candidate_union_no_prior_no_bm25,eval_0100,lidocaine | hydrocortisone | hydrocortisone / pramoxine | pramosone | proctofoam | pramoxine | dibucaine | nupercainal | proctofoam hc | proctosol-hc | tronolane anesthetic for hemorrhoids | pramoxine / zinc oxide | analpram-hc | hydrocortisone / lidocaine | phenylephrine | lmx 5 | phenylephrine / pramoxine | recticare | anucort-hc | anusol-hc suppositories,hydrocortisone | hydrocortisone / pramoxine | lidocaine,275,164,164,275,0,0,0,0.6,1.0,1.0,0.9049765583210164,0.3,1.0,1.0,0.9049765583210164,0.15,1.0,1.0,0.9049765583210164,1.0,1.0,1.0,1.0,0.0,0.0,0.0,1.0
candidate_union_no_prior_no_bm25,eval_0103,doxycycline | ibuprofen | naproxen | triamcinolone | flanax pain reliever | aleve | naprosyn | cephalexin | bactrim | sulfamethoxazole / trimethoprim | oxybutynin | avelox | moxifloxacin | doxy 100 | sucralfate | ditropan xl | ciprofloxacin | levofloxacin | bactrim ds | levaquin,naproxen | triamcinolone,273,273,273,273,0,0,0,0.4,1.0,1.0,0.5540663910176149,0.2,1.0,1.0,0.5540663910176149,0.1,1.0,1.0,0.5540663910176149,0.3333333333333333,1.0,1.0,1.0,0.0,0.0,0.0,1.0
candidate_union_no_prior_no_bm25,eval_0111,cyproheptadine | promethazine | prednisone | omalizumab | epipen | ketotifen | xolair | chlor-trimeton | phenergan | ketorolac | chlorpheniramine | epinephrine | ranitidine | carbinoxamine | alavert | zaditor | aristocort | azelastine | triamcinolone | tetracaine,prednisone | promethazine,558,76,76,558,0,0,0,0.4,1.0,1.0,0.6787622294601761,0.2,1.0,1.0,0.6787622294601761,0.1,1.0,1.0,0.6787622294601761,0.5,1.0,1.0,1.0,0.0,0.0,0.0,1.0
candidate_union_no_prior_no_bm25,eval_0107,doxycycline | chlorpromazine | thorazine | minocycline | dexamethasone | haloperidol | haldol | prochlorperazine | compazine | elocon | clobetasol | desonide | prednisone | flurandrenolide | cordran tape | clocortolone | clobex | cloderm | mometasone | betamethasone,prednisone | mometasone | clobetasol,389,300,300,389,0,0,0,0.0,0.0,0.0,0.0,0.0,0.0,0.0,0.0,0.15,1.0,1.0,0.3627387024619543,0.09090909090909091,1.0,1.0,1.0,0.0,0.0,0.0,1.0
candidate_union_no_prior_no_bm25,eval_0086,tretinoin | doxycycline | dapsone | clindamycin | sulfamethoxazole / trimethoprim | minocycline | dexamethasone | erythromycin | liraglutide | gabapentin | victoza | clobetasol | desmopressin | pregabalin | pramlintide | humulin r u-500 (concentrated) | spironolactone | duloxetine | nortriptyline | cymbalta,tretinoin | doxycycline | spironolactone | liraglutide | victoza | clindamycin,1000,625,625,923,0,0,0,0.6,0.5,1.0,0.6992148198508501,0.4,0.6666666666666666,1.0,0.7415843660879832,0.3,1.0,1.0,0.8793205510939726,1.0,1.0,1.0,1.0,0.0,0.0,0.0,1.0
candidate_union_no_prior_no_bm25,eval_0067,baclofen | onabotulinumtoxina | botox | lioresal | ibuprofen | naproxen | lorazepam | ativan | aleve | dysport | abobotulinumtoxina | myobloc | botulinum toxin type b | xeomin | incobotulinumtoxina | doxycycline | cephalexin | triamcinolone | bactrim | sulfamethoxazole / trimethoprim,onabotulinumtoxina | botox | naproxen | ibuprofen | aleve,1000,187,187,945,0,0,0,0.6,0.6,1.0,0.553477551616607,0.5,1.0,1.0,0.7280924438219062,0.25,1.0,1.0,0.7280924438219062,0.5,1.0,1.0,1.0,0.0,0.0,0.0,1.0
candidate_union_no_prior_no_bm25,eval_0106,stelara | enbrel | ustekinumab | doxycycline | etanercept | prednisone | methylprednisolone | adalimumab | betamethasone | humira | ibuprofen | naproxen | infliximab | methotrexate | remicade | hydrocortisone | kenalog-40 | triamcinolone | flanax pain reliever | kenalog-10,prednisone | enbrel,573,255,255,573,0,0,0,0.2,0.5,1.0,0.3868528072345416,0.2,1.0,1.0,0.6052602440527058,0.1,1.0,1.0,0.6052602440527058,0.5,1.0,1.0,1.0,0.0,0.0,0.0,1.0
candidate_union_no_prior_no_bm25,eval_0090,doxycycline | azithromycin | rocephin | ceftriaxone | zyvox | linezolid | fluconazole | cephalexin | gentamicin | bactrim | sulfamethoxazole / trimethoprim | minocycline | ceftin | avelox | moxifloxacin | amoxicillin | keflex | amoxil | amoxicillin / clavulanate | augmentin,sulfamethoxazole / trimethoprim | bactrim | fluconazole,1000,287,287,1000,0,0,0,0.0,0.0,0.0,0.0,0.2,0.6666666666666666,1.0,0.29207821544003326,0.15,1.0,1.0,0.42298020560823046,0.14285714285714285,1.0,1.0,1.0,0.0,0.0,0.0,1.0
candidate_union_no_prior_no_bm25,eval_0115,prednisone | aristocort | triamcinolone | corticotropin | deltasone | acthar | loteprednol | lotemax | prednisolone | cyproheptadine | promethazine | omalizumab | epipen | ketotifen | xolair | chlor-trimeton | phenergan | ketorolac | chlorpheniramine | epinephrine,prednisone | triamcinolone | corticotropin | prednisolone | loteprednol | lotemax,322,322,322,322,0,0,0,0.6,0.5,1.0,0.6061192078055617,0.6,1.0,1.0,0.8590726775296743,0.3,1.0,1.0,0.8590726775296743,1.0,1.0,1.0,1.0,0.0,0.0,0.0,1.0
candidate_union_no_prior_no_bm25,eval_0110,doxycycline | prednisone | azithromycin | methylprednisolone | mometasone | epinephrine | ampicillin | budesonide | kenalog-40 | augmentin xr | triamcinolone | bactrim | medrol dosepak | sulfamethoxazole / trimethoprim | flunisolide | zithromax | ceftin | ceftibuten | cedax | singulair,prednisone,1000,681,681,986,0,0,0,0.2,1.0,1.0,0.6309297535714574,0.1,1.0,1.0,0.6309297535714574,0.05,1.0,1.0,0.6309297535714574,0.5,1.0,1.0,1.0,0.0,0.0,0.0,1.0
candidate_union_no_prior_no_bm25,eval_0099,doxycycline | prednisone | methylprednisolone | aspirin | kenalog-40 | triamcinolone | medrol dosepak | amoxicillin | dexamethasone | deltasone | canakinumab | ceftriaxone | aristocort | cefotaxime | minocycline | hydroxychloroquine | cephalexin | bactrim | sulfamethoxazole / trimethoprim | tetracycline,prednisone | methylprednisolone | triamcinolone,1000,755,755,1000,0,0,0,0.4,0.6666666666666666,1.0,0.5307212739772436,0.3,1.0,1.0,0.6978817289434458,0.15,1.0,1.0,0.6978817289434458,0.5,1.0,1.0,1.0,0.0,0.0,0.0,1.0
candidate_union_no_prior_no_bm25,eval_0119,doxycycline | gentamicin | minocycline | moxifloxacin | ciprofloxacin | levofloxacin | amikacin | bethanechol | bcg | prednisone | lansoprazole | azithromycin | rocephin | ceftriaxone | dexamethasone | zyvox | linezolid | fluconazole | sulfamethoxazole / trimethoprim | ceftin,doxycycline | ciprofloxacin,1000,363,363,973,0,0,0,0.4,1.0,1.0,0.8503449055347546,0.2,1.0,1.0,0.8503449055347546,0.1,1.0,1.0,0.8503449055347546,1.0,1.0,1.0,1.0,0.0,0.0,0.0,1.0
candidate_union_no_prior_no_bm25,eval_0112,valacyclovir | valtrex | acyclovir | doxycycline | prednisone | mometasone | aluminum hydroxide / magnesium hydroxide / simethicone | kenalog-40 | triamcinolone | lansoprazole | moxifloxacin | cimetidine | omeprazole | dexamethasone | ciprofloxacin | levofloxacin | fluticasone | pantoprazole | rifampin | famotidine,valacyclovir | valtrex | acyclovir,1000,516,516,964,0,0,0,0.6,1.0,1.0,1.0,0.3,1.0,1.0,1.0,0.15,1.0,1.0,1.0,1.0,1.0,1.0,1.0,0.0,0.0,0.0,1.0
candidate_union_no_prior_no_bm25,eval_0109,doxycycline | prednisone | methotrexate | minocycline | dexamethasone | ceftriaxone | cefotaxime | amoxicillin | stelara | enbrel | ustekinumab | etanercept | methylprednisolone | adalimumab | betamethasone | humira | infliximab | remicade | hydrocortisone | kenalog-40,minocycline | methotrexate,898,544,544,898,0,0,0,0.4,1.0,1.0,0.5540663910176149,0.2,1.0,1.0,0.5540663910176149,0.1,1.0,1.0,0.5540663910176149,0.3333333333333333,1.0,1.0,1.0,0.0,0.0,0.0,1.0
candidate_union_no_prior_no_bm25,eval_0124,prednisone | omalizumab | xolair | epinephrine | aristocort | triamcinolone | cromolyn | deltasone | prednisolone | pepcid | famotidine | cyproheptadine | promethazine | epipen | ketotifen | chlor-trimeton | phenergan | ketorolac | chlorpheniramine | ranitidine,prednisone | triamcinolone | omalizumab | xolair | cromolyn,995,288,288,995,0,0,0,0.6,0.6,1.0,0.6989858872287212,0.5,1.0,1.0,0.9295017305333748,0.25,1.0,1.0,0.9295017305333748,1.0,1.0,1.0,1.0,0.0,0.0,0.0,1.0
candidate_union_no_prior_no_bm25,eval_0131,doxycycline | ceftriaxone | sulfamethoxazole / trimethoprim | dexamethasone | ciprofloxacin | erythromycin | cefotaxime | lansoprazole | minocycline | pyridoxine | prednisone | azithromycin | ampicillin | floxin | cipro | ofloxacin | dexamethasone intensol | clindamycin | pyrimethamine | esomeprazole,azithromycin | prednisone | ceftriaxone,1000,449,449,1000,0,0,0,0.2,0.3333333333333333,1.0,0.3212043018970804,0.1,0.3333333333333333,1.0,0.3212043018970804,0.15,1.0,1.0,0.5549315038844566,0.5,1.0,1.0,1.0,0.0,0.0,0.0,1.0
candidate_union_no_prior_no_bm25,eval_0121,doxycycline | hydroxychloroquine | doxy 100 | prednisone | methylprednisolone | aspirin | kenalog-40 | triamcinolone | medrol dosepak | amoxicillin | dexamethasone | corticotropin | deltasone | loteprednol | lotemax | prednisolone | canakinumab | lithium | chlorpromazine | allopurinol,doxycycline | hydroxychloroquine,1000,287,287,1000,0,0,0,0.4,1.0,1.0,1.0,0.2,1.0,1.0,1.0,0.1,1.0,1.0,1.0,1.0,1.0,1.0,1.0,0.0,0.0,0.0,1.0
candidate_union_no_prior_no_bm25,eval_0135,propranolol | verapamil | nitroglycerin | atenolol | nadolol | corgard | metoprolol | caduet | verelan pm | coreg | tenormin | lopressor | calan sr | toprol-xl | bisoprolol | lisinopril | ramipril | diltiazem | altace | carvedilol,propranolol | metoprolol,1000,335,335,970,0,0,0,0.2,0.5,1.0,0.6131471927654584,0.2,1.0,1.0,0.8175295903539446,0.1,1.0,1.0,0.8175295903539446,1.0,1.0,1.0,1.0,0.0,0.0,0.0,1.0
candidate_union_no_prior_no_bm25,eval_0117,isotretinoin | accutane | benzoyl peroxide / clindamycin | tretinoin | adapalene / benzoyl peroxide | epiduo | magnesium hydroxide | claravis | benzaclin | spironolactone | doxycycline | phillips' milk of magnesia | duac | retin-a | dapsone | aczone | clindamycin / tretinoin | drospirenone / ethinyl estradiol | onexton | benzoyl peroxide / sulfur,adapalene / benzoyl peroxide,273,273,273,273,0,0,0,0.2,1.0,1.0,0.38685280723454163,0.1,1.0,1.0,0.38685280723454163,0.05,1.0,1.0,0.38685280723454163,0.2,1.0,1.0,1.0,0.0,0.0,0.0,1.0
candidate_union_no_prior_no_bm25,eval_0116,lisinopril | gabapentin | fosinopril | pregabalin | captopril | ramipril | nortriptyline | cozaar | topiramate | altace | moexipril | losartan | lyrica | hydrochlorothiazide | neurontin | topamax | benazepril | avapro | irbesartan | perindopril,gabapentin | pregabalin | topiramate | clonidine | onabotulinumtoxina,1000,637,637,817,0,0,0,0.4,0.4,1.0,0.28204775464847154,0.3,0.6,1.0,0.4020143092377811,0.15,0.6,1.0,0.4020143092377811,0.5,1.0,1.0,1.0,0.0,0.0,0.0,1.0
candidate_union_no_prior_no_bm25,eval_0104,rifabutin | aciphex | doxycycline | prednisone | rabeprazole | calcium carbonate / simethicone | prevacid | axid ar | nexium 24hr | prilosec otc | aluminum hydroxide / magnesium hydroxide / simethicone | nizatidine | protonix iv | omeprazole / sodium bicarbonate | mylanta | tagamet hb | zegerid | pepcid ac chewable tablets | triamcinolone | rifadin,rifabutin,1000,116,116,994,0,0,0,0.2,1.0,1.0,1.0,0.1,1.0,1.0,1.0,0.05,1.0,1.0,1.0,1.0,1.0,1.0,1.0,0.0,0.0,0.0,1.0
candidate_union_no_prior_no_bm25,eval_0122,doxycycline | prednisone | azithromycin | rocephin | aclidinium | tudorza pressair | xopenex | methylprednisolone | omalizumab | ceftriaxone | mometasone | xolair | levalbuterol | primatene mist | intal inhaler | zafirlukast | accolate | guaifenesin | epinephrine | ipratropium inhalation solution,prednisone,1000,221,221,996,0,0,0,0.2,1.0,1.0,0.6309297535714574,0.1,1.0,1.0,0.6309297535714574,0.05,1.0,1.0,0.6309297535714574,0.5,1.0,1.0,1.0,0.0,0.0,0.0,1.0
candidate_union_no_prior_no_bm25,eval_0125,amitriptyline | doxycycline | phosphorated carbohydrate solution | elavil | ceftriaxone | ampicillin | lactobacillus acidophilus | sulfamethoxazole / trimethoprim | hydroxyzine | minocycline | ciprofloxacin | atarax | cipro | ofloxacin | spironolactone | venlafaxine | azithromycin | rocephin | acidophilus | methenamine,doxycycline | sulfamethoxazole / trimethoprim | azithromycin,303,303,172,172,0,0,0,0.2,0.3333333333333333,1.0,0.23981246656813146,0.2,0.6666666666666666,1.0,0.41967181649423,0.15,1.0,1.0,0.5108230402175501,0.5,1.0,1.0,1.0,0.0,0.0,0.0,1.0
candidate_union_no_prior_no_bm25,eval_0138,"calcifediol | calcitriol | parathyroid hormone | ergocalciferol | propylthiouracil | sodium iodide-i-131 | calcium lactate | calcium phosphate, tribasic | aluminum chloride hexahydrate | drysol | gabapentin | amitriptyline | hypercare | clonidine | xerac ac | catapres | potassium iodide | pima | tapazole | oxybutynin",thyroid desiccated | armour thyroid,688,132,132,688,0,0,0,0.0,0.0,0.0,0.0,0.0,0.0,0.0,0.0,0.0,0.0,0.0,0.0,0.0,1.0,1.0,1.0,0.0,0.0,0.0,1.0
candidate_union_no_prior_no_bm25,eval_0130,doxycycline | ibuprofen | naproxen | triamcinolone | flanax pain reliever | aleve | naprosyn | cephalexin | bactrim | sulfamethoxazole / trimethoprim | oxybutynin | avelox | moxifloxacin | doxy 100 | sucralfate | ditropan xl | ciprofloxacin | levofloxacin | bactrim ds | levaquin,prednisone | enbrel | naproxen,573,273,273,573,0,0,0,0.2,0.3333333333333333,1.0,0.2850703250369507,0.1,0.3333333333333333,1.0,0.2850703250369507,0.05,0.3333333333333333,1.0,0.2850703250369507,0.3333333333333333,1.0,1.0,1.0,0.0,0.0,0.0,1.0
candidate_union_no_prior_no_bm25,eval_0129,clonazepam | propranolol | gabapentin | amitriptyline | sumatriptan | diclofenac | prednisone | clonidine | lithium | nortriptyline | verapamil | elavil | zolmitriptan | atenolol | nadolol | corgard | divalproex sodium | nimodipine | depakote er | metoprolol,propranolol,1000,179,179,1000,0,0,0,0.2,1.0,1.0,0.6309297535714574,0.1,1.0,1.0,0.6309297535714574,0.05,1.0,1.0,0.6309297535714574,0.5,1.0,1.0,1.0,0.0,0.0,0.0,1.0
candidate_union_no_prior_no_bm25,eval_0133,stelara | enbrel | ustekinumab | doxycycline | etanercept | prednisone | methylprednisolone | adalimumab | betamethasone | humira | infliximab | methotrexate | remicade | hydrocortisone | kenalog-40 | triamcinolone | kenalog-10 | minocycline | dexamethasone | tetracycline,prednisone | enbrel | stelara | ustekinumab | adalimumab,1000,393,393,901,0,0,0,0.6,0.6,1.0,0.7557806593071948,0.5,1.0,1.0,0.9518915761561842,0.25,1.0,1.0,0.9518915761561842,1.0,1.0,1.0,1.0,0.0,0.0,0.0,1.0
candidate_union_no_prior_no_bm25,eval_0146,liraglutide | gabapentin | victoza | tretinoin | clobetasol | desmopressin | pregabalin | pramlintide | humulin r u-500 (concentrated) | duloxetine | nortriptyline | cymbalta | chromium picolinate | byetta | symlin | topiramate | exubera | insulin isophane | ddavp | insulin aspart / insulin aspart protamine,liraglutide | victoza,1000,228,228,1000,0,0,0,0.4,1.0,1.0,0.9197207891481876,0.2,1.0,1.0,0.9197207891481876,0.1,1.0,1.0,0.9197207891481876,1.0,1.0,1.0,1.0,0.0,0.0,0.0,1.0
candidate_union_no_prior_no_bm25,eval_0151,cyproheptadine | promethazine | prednisone | chlor-trimeton | phenergan | chlorpheniramine | epinephrine | ranitidine | carbinoxamine | azelastine | triamcinolone | tetracaine | olopatadine | diphenhydramine | benadryl | cetirizine | allegra | fexofenadine | zyrtec | levocetirizine,prednisone | promethazine | cyproheptadine,1000,558,558,1000,0,0,0,0.6,1.0,1.0,1.0,0.3,1.0,1.0,1.0,0.15,1.0,1.0,1.0,1.0,1.0,1.0,1.0,0.0,0.0,0.0,1.0
candidate_union_no_prior_no_bm25,eval_0150,clonidine | sodium bicarbonate | rifabutin | stribild | cobicistat / elvitegravir / emtricitabine / tenofovir | efavirenz / emtricitabine / tenofovir | atripla | ondansetron | triumeq | abacavir / dolutegravir / lamivudine | epzicom | complera | emtricitabine / rilpivirine / tenofovir | abacavir / lamivudine | enfuvirtide | fuzeon | atazanavir | reyataz | isentress | cobicistat / elvitegravir / emtricitabine / tenofovir alafenamide,rifabutin,1000,119,119,986,0,0,0,0.2,1.0,1.0,0.5,0.1,1.0,1.0,0.5,0.05,1.0,1.0,0.5,0.3333333333333333,1.0,1.0,1.0,0.0,0.0,0.0,1.0
candidate_union_no_prior_no_bm25,eval_0136,prednisone | dexamethasone | methylprednisolone | adalimumab | humira | infliximab | remicade | hydrocortisone | triamcinolone | prednisolone | doxycycline | methotrexate | minocycline | stelara | enbrel | ustekinumab | etanercept | betamethasone | kenalog-40 | kenalog-10,prednisone | dexamethasone | adalimumab | humira | methylprednisolone,1000,393,393,998,0,0,0,1.0,1.0,1.0,0.8919478197221427,0.5,1.0,1.0,0.8919478197221427,0.25,1.0,1.0,0.8919478197221427,1.0,1.0,1.0,1.0,0.0,0.0,0.0,1.0
candidate_union_no_prior_no_bm25,eval_0134,insulin regular | sodium bicarbonate | bromocriptine | liraglutide | gabapentin | victoza | tretinoin | clobetasol | desmopressin | pregabalin | pramlintide | humulin r u-500 (concentrated) | duloxetine | nortriptyline | cymbalta | spironolactone | chromium picolinate | byetta | symlin | topiramate,liraglutide | victoza,1000,282,282,1000,0,0,0,0.2,0.5,1.0,0.26406812257259094,0.2,1.0,1.0,0.48247555939075515,0.1,1.0,1.0,0.48247555939075515,0.25,1.0,1.0,1.0,0.0,0.0,0.0,1.0
candidate_union_no_prior_no_bm25,eval_0156,"calcifediol | calcitriol | parathyroid hormone | ergocalciferol | calcium lactate | calcium phosphate, tribasic | thyroid desiccated | westhroid | cenestin | estropipate | conjugated estrogens | armour thyroid | premarin | thyquidity | rayaldee | estradiol | esterified estrogens | tirosint | doxorubicin | levothyroxine",thyroid desiccated | armour thyroid | levothyroxine,1000,132,132,958,0,0,0,0.0,0.0,0.0,0.0,0.1,0.3333333333333333,1.0,0.12669792223864473,0.15,1.0,1.0,0.35921782385985457,0.14285714285714285,1.0,1.0,1.0,0.0,0.0,0.0,1.0
candidate_union_no_prior_no_bm25,eval_0142,amitriptyline | spironolactone | doxycycline | venlafaxine | azithromycin | rocephin | phosphorated carbohydrate solution | acidophilus | elavil | methenamine | ceftriaxone | zyvox | vaniqa | linezolid | uta | ampicillin | sulfatrim | hiprex | allopurinol | eflornithine,doxycycline,172,172,172,172,0,0,0,0.2,1.0,1.0,0.5,0.1,1.0,1.0,0.5,0.05,1.0,1.0,0.5,0.3333333333333333,1.0,1.0,1.0,0.0,0.0,0.0,1.0
candidate_union_no_prior_no_bm25,eval_0145,doxycycline | prednisone | azithromycin | rocephin | methylprednisolone | ceftriaxone | mometasone | epinephrine | ampicillin | budesonide | kenalog-40 | augmentin xr | triamcinolone | bactrim | medrol dosepak | sulfamethoxazole / trimethoprim | flunisolide | zithromax | ceftin | ceftibuten,azithromycin | prednisone,1000,221,221,1000,0,0,0,0.4,1.0,1.0,0.6787622294601761,0.2,1.0,1.0,0.6787622294601761,0.1,1.0,1.0,0.6787622294601761,0.5,1.0,1.0,1.0,0.0,0.0,0.0,1.0
candidate_union_no_prior_no_bm25,eval_0144,doxycycline | prednisone | metronidazole | azithromycin | rocephin | dapsone | ceftriaxone | zyvox | linezolid | filgrastim | neupogen | fluconazole | clindamycin | tobramycin | pyrimethamine | xenleta | gentamicin | cefotaxime | ferralet 90 | integra,doxycycline | azithromycin,1000,132,132,1000,0,0,0,0.4,1.0,1.0,0.8772153153380493,0.2,1.0,1.0,0.8772153153380493,0.1,1.0,1.0,0.8772153153380493,1.0,1.0,1.0,1.0,0.0,0.0,0.0,1.0
candidate_union_no_prior_no_bm25,eval_0155,diclofenac | prednisone | methylprednisolone | adalimumab | humira | cellcept | infliximab | remicade | mycophenolate mofetil | hydrocortisone | triamcinolone | golimumab | simponi | dexamethasone | famotidine / ibuprofen | duexis | vimovo | azathioprine | esomeprazole / naproxen | imuran,adalimumab | humira,525,311,311,525,0,0,0,0.4,1.0,1.0,0.5012658353418871,0.2,1.0,1.0,0.5012658353418871,0.1,1.0,1.0,0.5012658353418871,0.25,1.0,1.0,1.0,0.0,0.0,0.0,1.0
candidate_union_no_prior_no_bm25,eval_0163,clonidine | filgrastim | sodium bicarbonate | epivir-hbv | tenofovir | viread | lamivudine | rifabutin | cobicistat / elvitegravir / emtricitabine / tenofovir | stribild | efavirenz / emtricitabine / tenofovir | atripla | ondansetron | triumeq | abacavir / dolutegravir / lamivudine | epzicom | emtricitabine / rilpivirine / tenofovir | complera | abacavir / lamivudine | fuzeon,tenofovir | viread,1000,119,119,1000,0,0,0,0.2,0.5,1.0,0.23719771276929622,0.2,1.0,1.0,0.4556051495874604,0.1,1.0,1.0,0.4556051495874604,0.2,1.0,1.0,1.0,0.0,0.0,0.0,1.0
candidate_union_no_prior_no_bm25,eval_0148,elocon | clobetasol | stelara | enbrel | ustekinumab | desonide | doxycycline | etanercept | prednisone | flurandrenolide | cordran tape | clocortolone | clobex | cloderm | thiothixene | desowen | methylprednisolone | adalimumab | mometasone | betamethasone,enbrel,726,164,164,726,0,0,0,0.2,1.0,1.0,0.4306765580733931,0.1,1.0,1.0,0.4306765580733931,0.05,1.0,1.0,0.4306765580733931,0.25,1.0,1.0,1.0,0.0,0.0,0.0,1.0
candidate_union_no_prior_no_bm25,eval_0171,doxycycline | prednisone | azithromycin | rocephin | methylprednisolone | ceftriaxone | mometasone | epinephrine | ampicillin | budesonide | kenalog-40 | augmentin xr | triamcinolone | bactrim | medrol dosepak | sulfamethoxazole / trimethoprim | flunisolide | zithromax | ceftin | cedax,prednisone,1000,221,221,1000,0,0,0,0.2,1.0,1.0,0.6309297535714574,0.1,1.0,1.0,0.6309297535714574,0.05,1.0,1.0,0.6309297535714574,0.5,1.0,1.0,1.0,0.0,0.0,0.0,1.0
candidate_union_no_prior_no_bm25,eval_0177,diclofenac | tramadol | stelara | acetaminophen / hydrocodone | enbrel | ustekinumab | doxycycline | etanercept | prednisone | lortab | ketoprofen | norco | indomethacin | valdecoxib | voltaren | duloxetine | cataflam | cymbalta | naprelan | probenecid,diclofenac | tramadol | acetaminophen / hydrocodone,420,255,255,420,0,0,0,0.6,1.0,1.0,0.9736505918364026,0.3,1.0,1.0,0.9736505918364026,0.15,1.0,1.0,0.9736505918364026,1.0,1.0,1.0,1.0,0.0,0.0,0.0,1.0
candidate_union_no_prior_no_bm25,eval_0180,isotretinoin | accutane | benzoyl peroxide / clindamycin | tretinoin | adapalene / benzoyl peroxide | epiduo | magnesium hydroxide | claravis | benzaclin | spironolactone | doxycycline | phillips' milk of magnesia | duac | retin-a | dapsone | aczone | clindamycin / tretinoin | drospirenone / ethinyl estradiol | onexton | benzoyl peroxide / sulfur,adapalene / benzoyl peroxide,273,273,273,273,0,0,0,0.2,1.0,1.0,0.38685280723454163,0.1,1.0,1.0,0.38685280723454163,0.05,1.0,1.0,0.38685280723454163,0.2,1.0,1.0,1.0,0.0,0.0,0.0,1.0
candidate_union_no_prior_no_bm25,eval_0175,"calcifediol | calcitriol | parathyroid hormone | ergocalciferol | calcium lactate | calcium phosphate, tribasic | thyroid desiccated | westhroid | cenestin | estropipate | conjugated estrogens | armour thyroid | premarin | thyquidity | rayaldee | estradiol | esterified estrogens | tirosint | doxorubicin | levothyroxine",thyroid desiccated | armour thyroid | levothyroxine,634,132,132,634,0,0,0,0.0,0.0,0.0,0.0,0.1,0.3333333333333333,1.0,0.1564262420075855,0.15,1.0,1.0,0.3900840631017693,0.14285714285714285,1.0,1.0,1.0,0.0,0.0,0.0,1.0
candidate_union_no_prior_no_bm25,eval_0183,rabeprazole | omeprazole / sodium bicarbonate | ranitidine | lansoprazole | zantac | esomeprazole | protonix | nexium | sucralfate | cimetidine | omeprazole | pantoprazole | carafate | pepcid | calcium carbonate | famotidine | aciphex | calcium carbonate / simethicone | prevacid | axid ar,aciphex | dexlansoprazole | rabeprazole | esomeprazole | lansoprazole | nexium,721,109,109,721,0,0,0,0.4,0.3333333333333333,1.0,0.48522855511632257,0.4,0.6666666666666666,1.0,0.6361757670231624,0.25,0.8333333333333334,1.0,0.7087435981937824,1.0,1.0,1.0,1.0,0.0,0.0,0.0,1.0
candidate_union_no_prior_no_bm25,eval_0187,elocon | clobetasol | stelara | enbrel | ustekinumab | desonide | doxycycline | etanercept | prednisone | flurandrenolide | cordran tape | clocortolone | clobex | cloderm | thiothixene | desowen | methylprednisolone | adalimumab | mometasone | betamethasone,enbrel,726,164,164,726,0,0,0,0.2,1.0,1.0,0.4306765580733931,0.1,1.0,1.0,0.4306765580733931,0.05,1.0,1.0,0.4306765580733931,0.25,1.0,1.0,1.0,0.0,0.0,0.0,1.0
candidate_union_no_prior_no_bm25,eval_0185,cyproheptadine | promethazine | prednisone | chlor-trimeton | phenergan | chlorpheniramine | epinephrine | ranitidine | carbinoxamine | azelastine | triamcinolone | tetracaine | olopatadine | diphenhydramine | benadryl | cetirizine | allegra | fexofenadine | zyrtec | levocetirizine,promethazine | cyproheptadine,672,558,511,625,0,0,0,0.4,1.0,1.0,1.0,0.2,1.0,1.0,1.0,0.1,1.0,1.0,1.0,1.0,1.0,1.0,1.0,0.0,0.0,0.0,1.0
candidate_union_no_prior_no_bm25,eval_0190,prednisone | methylprednisolone | cellcept | mycophenolate mofetil | hydrocortisone | triamcinolone | dexamethasone | azathioprine | imuran | betamethasone | medrol dosepak | pancreatin | diclofenac | adalimumab | humira | infliximab | remicade | golimumab | simponi | famotidine / ibuprofen,adalimumab | humira | infliximab | remicade,672,346,346,672,0,0,0,0.0,0.0,0.0,0.0,0.0,0.0,0.0,0.0,0.2,1.0,1.0,0.3866406125694651,0.07142857142857142,1.0,1.0,1.0,0.0,0.0,0.0,1.0
candidate_union_no_prior_no_bm25,eval_0184,amitriptyline | venlafaxine | elavil | memantine | spironolactone | doxycycline | azithromycin | ceftriaxone | ampicillin | allopurinol | magnesium oxide | doryx | augmentin xr | cephalexin | sodium bicarbonate | bactrim | sulfamethoxazole / trimethoprim | ceftin | avelox | moxifloxacin,amitriptyline | venlafaxine | elavil | azithromycin,1000,347,347,927,0,0,0,0.6,0.75,1.0,0.8530852898337354,0.4,1.0,1.0,0.9517901481960025,0.2,1.0,1.0,0.9517901481960025,1.0,1.0,1.0,1.0,0.0,0.0,0.0,1.0
candidate_union_no_prior_no_bm25,eval_0178,doxycycline | prednisone | metronidazole | azithromycin | rocephin | dapsone | ceftriaxone | zyvox | linezolid | filgrastim | neupogen | fluconazole | clindamycin | tobramycin | xenleta | lefamulin | cefotaxime | gentamicin | ferralet 90 | oxymetholone,doxycycline | azithromycin,1000,132,132,1000,0,0,0,0.4,1.0,1.0,0.8772153153380493,0.2,1.0,1.0,0.8772153153380493,0.1,1.0,1.0,0.8772153153380493,1.0,1.0,1.0,1.0,0.0,0.0,0.0,1.0
candidate_union_no_prior_no_bm25,eval_0188,"epivir-hbv | tenofovir | viread | lamivudine | peginterferon alfa-2a | interferon alfa-2b | hepatitis b adult vaccine | adefovir | hepatitis a adult vaccine / hepatitis b adult vaccine | entecavir | peginterferon alfa-2b | diphtheria and tetanus toxoids / pertussis, acellular / poliovirus vaccine, inactivated / haemophilus b conjugate / hepatitis b vaccine | diphtheria toxoid / hepatitis b pediatric vaccine / pertussis, acellular / poliovirus vaccine, inactivated / tetanus toxoid | tenofovir alafenamide | hepatitis b pediatric vaccine | hepatitis b immune globulin | elocon | clobetasol | desonide | doxycycline",tenofovir | peginterferon alfa-2a | viread,467,16,16,467,0,0,0,0.6,1.0,1.0,0.7122630665145961,0.3,1.0,1.0,0.7122630665145961,0.15,1.0,1.0,0.7122630665145961,0.5,1.0,1.0,1.0,0.0,0.0,0.0,1.0
candidate_union_no_prior_no_bm25,eval_0201,clonidine | catapres | hytrin | terazosin | aluminum chloride hexahydrate | drysol | gabapentin | amitriptyline | hypercare | xerac ac | potassium iodide | pima | tapazole | oxybutynin | onabotulinumtoxina | botox | benztropine | methimazole | propylthiouracil | iodine / potassium iodide,clonidine | catapres,825,22,22,825,0,0,0,0.4,1.0,1.0,1.0,0.2,1.0,1.0,1.0,0.1,1.0,1.0,1.0,1.0,1.0,1.0,1.0,0.0,0.0,0.0,1.0
candidate_union_no_prior_no_bm25,eval_0199,doxycycline | triamcinolone | ibuprofen | naproxen | flanax pain reliever | aleve | naprosyn | cephalexin | bactrim | sulfamethoxazole / trimethoprim | oxybutynin | avelox | moxifloxacin | doxy 100 | sucralfate | ciprofloxacin | levofloxacin | bactrim ds | levaquin | cipro,triamcinolone | naproxen,1000,25,25,1000,0,0,0,0.4,1.0,1.0,0.5992429307166866,0.2,1.0,1.0,0.5992429307166866,0.1,1.0,1.0,0.5992429307166866,0.5,1.0,1.0,1.0,0.0,0.0,0.0,1.0
candidate_union_no_prior_no_bm25,eval_0195,ranitidine | lansoprazole | cimetidine | omeprazole | pantoprazole | famotidine | prednisone | methylprednisolone | budesonide | triamcinolone | dexamethasone | ciprofloxacin | levofloxacin | benzocaine | doxycycline | azithromycin | mometasone | ampicillin | doryx | kenalog-40,lansoprazole | ranitidine | omeprazole,1000,605,605,949,0,0,0,0.6,1.0,1.0,0.8798581971190338,0.3,1.0,1.0,0.8798581971190338,0.15,1.0,1.0,0.8798581971190338,1.0,1.0,1.0,1.0,0.0,0.0,0.0,1.0
candidate_union_no_prior_no_bm25,eval_0192,isotretinoin | accutane | benzoyl peroxide / clindamycin | tretinoin | adapalene / benzoyl peroxide | epiduo | magnesium hydroxide | claravis | benzaclin | spironolactone | doxycycline | phillips' milk of magnesia | duac | retin-a | dapsone | aczone | clindamycin / tretinoin | drospirenone / ethinyl estradiol | onexton | benzoyl peroxide / sulfur,isotretinoin | accutane | adapalene / benzoyl peroxide,726,273,273,726,0,0,0,0.6,1.0,1.0,0.840466744283681,0.3,1.0,1.0,0.840466744283681,0.15,1.0,1.0,0.840466744283681,1.0,1.0,1.0,1.0,0.0,0.0,0.0,1.0
candidate_union_no_prior_no_bm25,eval_0186,tadalafil | propranolol | sildenafil | dextroamphetamine | dexedrine | spironolactone | azor | amlodipine / olmesartan | clonidine | modafinil | amlodipine / hydrochlorothiazide / valsartan | exforge hct | avalide | verapamil | armodafinil | travoprost | hydrochlorothiazide / irbesartan | provigil | nuvigil | benicar,propranolol,1000,275,275,1000,0,0,0,0.2,1.0,1.0,0.6309297535714574,0.1,1.0,1.0,0.6309297535714574,0.05,1.0,1.0,0.6309297535714574,0.5,1.0,1.0,1.0,0.0,0.0,0.0,1.0
candidate_union_no_prior_no_bm25,eval_0205,thyroid desiccated | westhroid | cenestin | estropipate | conjugated estrogens | armour thyroid | premarin | calcifediol | thyquidity | rayaldee | estradiol | esterified estrogens | tirosint | doxorubicin | levothyroxine | synthroid | cytomel | nature-throid | liothyronine | calcitriol,thyroid desiccated | armour thyroid | levothyroxine,87,61,61,87,0,0,0,0.2,0.3333333333333333,1.0,0.4692787260227565,0.2,0.6666666666666666,1.0,0.6364391809889588,0.15,1.0,1.0,0.753758862494648,1.0,1.0,1.0,1.0,0.0,0.0,0.0,1.0
candidate_union_no_prior_no_bm25,eval_0206,doxycycline | prednisone | metronidazole | azithromycin | rocephin | ceftriaxone | zyvox | linezolid | fluconazole | clindamycin | tobramycin | gentamicin | cefotaxime | vancocin hcl | sulfamethoxazole / trimethoprim | zithromax | minocycline | ceftin | flagyl | avelox,doxycycline | azithromycin | clindamycin,1000,239,239,940,0,0,0,0.4,0.6666666666666666,1.0,0.625639979507489,0.3,1.0,1.0,0.7355117181677423,0.15,1.0,1.0,0.7355117181677423,1.0,1.0,1.0,1.0,0.0,0.0,0.0,1.0
candidate_union_no_prior_no_bm25,eval_0179,gabapentin | amitriptyline | sumatriptan | nortriptyline | elavil | zolmitriptan | pamelor | metoclopramide | reglan | doxycycline | promethazine | ceftriaxone | phenergan | meclizine | chlorpromazine | ampicillin | lansoprazole | sulfamethoxazole / trimethoprim | prednisone | thorazine,sumatriptan | clonidine,1000,315,315,927,0,0,0,0.2,0.5,1.0,0.35195904451706733,0.1,0.5,1.0,0.35195904451706733,0.05,0.5,1.0,0.35195904451706733,0.3333333333333333,1.0,1.0,1.0,0.0,0.0,0.0,1.0
candidate_union_no_prior_no_bm25,eval_0209,clonidine | catapres | hytrin | terazosin | gabapentin | amitriptyline | onabotulinumtoxina | botox | aluminum chloride hexahydrate | drysol | hypercare | xerac ac | pima | potassium iodide | tapazole | oxybutynin | benztropine | prednisone | methimazole | glycopyrronium,clonidine | catapres,1000,447,447,738,0,0,0,0.4,1.0,1.0,1.0,0.2,1.0,1.0,1.0,0.1,1.0,1.0,1.0,1.0,1.0,1.0,1.0,0.0,0.0,0.0,1.0
candidate_union_no_prior_no_bm25,eval_0204,rabeprazole | omeprazole / sodium bicarbonate | ranitidine | lansoprazole | zantac | esomeprazole | protonix | nexium | sucralfate | cimetidine | omeprazole | pantoprazole | carafate | pepcid | calcium carbonate | famotidine | diclofenac | prednisone | chlordiazepoxide / clidinium | clonidine,rabeprazole | esomeprazole | lansoprazole,955,80,80,955,0,0,0,0.4,0.6666666666666666,1.0,0.6713860725233042,0.3,1.0,1.0,0.8385465274895064,0.15,1.0,1.0,0.8385465274895064,1.0,1.0,1.0,1.0,0.0,0.0,0.0,1.0
candidate_union_no_prior_no_bm25,eval_0212,promethazine | phenergan | hydroxyzine | diphenhydramine | benadryl | atarax | vistaril | prednisone | triamcinolone | doxepin | corticotropin | doxycycline | loteprednol | lotemax | ampicillin | prednisolone | lansoprazole | sulfamethoxazole / trimethoprim | omeprazole | dexamethasone,prednisone | promethazine | hydroxyzine | doxycycline | sulfamethoxazole / trimethoprim,991,214,214,991,0,0,0,0.4,0.4,1.0,0.5977804022055987,0.3,0.6,1.0,0.6815931670619154,0.25,1.0,1.0,0.815933570421895,1.0,1.0,1.0,1.0,0.0,0.0,0.0,1.0
candidate_union_no_prior_no_bm25,eval_0200,doxycycline | minocycline | prednisone | methotrexate | dexamethasone | chloramphenicol | tazorac | tazarotene | tetracycline | elocon | clobetasol | stelara | enbrel | ustekinumab | desonide | etanercept | flurandrenolide | cordran tape | clocortolone | clobex,prednisone | methotrexate | dexamethasone | enbrel | stelara,888,575,575,888,0,0,0,0.6,0.6,1.0,0.3818875609005223,0.3,0.6,1.0,0.3818875609005223,0.25,1.0,1.0,0.5810272394445147,0.3333333333333333,1.0,1.0,1.0,0.0,0.0,0.0,1.0
candidate_union_no_prior_no_bm25,eval_0196,metoclopramide | reglan | clonazepam | klonopin | propranolol | rizatriptan | treximet | lamotrigine | gabapentin | naproxen / sumatriptan | amitriptyline | relpax | maxalt | eletriptan | acetaminophen / butalbital / caffeine | frovatriptan | sumatriptan | bupropion | aspirin / butalbital / caffeine | diclofenac,lansoprazole | omeprazole | propranolol,1000,222,222,1000,0,0,0,0.2,0.3333333333333333,1.0,0.13129701067492244,0.1,0.3333333333333333,1.0,0.13129701067492244,0.05,0.3333333333333333,1.0,0.13129701067492244,0.2,1.0,1.0,1.0,0.0,0.0,0.0,1.0
candidate_union_no_prior_no_bm25,eval_0216,doxycycline | ibuprofen | naproxen | cephalexin | triamcinolone | flanax pain reliever | bactrim | sulfamethoxazole / trimethoprim | oxybutynin | avelox | moxifloxacin | doxy 100 | sucralfate | ditropan xl | aleve | ciprofloxacin | naprosyn | levofloxacin | bactrim ds | levaquin,naproxen,372,25,25,372,0,0,0,0.2,1.0,1.0,0.5,0.1,1.0,1.0,0.5,0.05,1.0,1.0,0.5,0.3333333333333333,1.0,1.0,1.0,0.0,0.0,0.0,1.0
candidate_union_no_prior_no_bm25,eval_0210,cefadroxil | retapamulin | altabax | mupirocin | cefuroxime | sulconazole | ammoniated mercury | ozenoxacin | cobicistat / elvitegravir / emtricitabine / tenofovir | stribild | dexbrompheniramine / pseudoephedrine | drixoral cold and allergy | valacyclovir | efavirenz / emtricitabine / tenofovir | valtrex | atripla | aciphex | chlorpheniramine / hydrocodone | tussionex pennkinetic | ondansetron,cefuroxime | mupirocin | retapamulin,1000,8,8,1000,0,0,0,0.6,1.0,1.0,0.6717573587424964,0.3,1.0,1.0,0.6717573587424964,0.15,1.0,1.0,0.6717573587424964,0.5,1.0,1.0,1.0,0.0,0.0,0.0,1.0
candidate_union_no_prior_no_bm25,eval_0217,prednisone | mometasone | triamcinolone | dexamethasone | fluticasone | methylprednisolone | budesonide | medrol dosepak | dupilumab | elocon | clobetasol | desonide | flurandrenolide | cordran tape | clocortolone | clobex | cloderm | betamethasone | fluocinonide | fluocinolone,prednisone,734,49,49,734,0,0,0,0.2,1.0,1.0,1.0,0.1,1.0,1.0,1.0,0.05,1.0,1.0,1.0,1.0,1.0,1.0,1.0,0.0,0.0,0.0,1.0
candidate_union_no_prior_no_bm25,eval_0198,cyproheptadine | promethazine | prednisone | chlor-trimeton | phenergan | chlorpheniramine | epinephrine | ranitidine | carbinoxamine | azelastine | triamcinolone | tetracaine | olopatadine | diphenhydramine | benadryl | cetirizine | allegra | fexofenadine | zyrtec | levocetirizine,promethazine | cyproheptadine,558,76,76,558,0,0,0,0.4,1.0,1.0,1.0,0.2,1.0,1.0,1.0,0.1,1.0,1.0,1.0,1.0,1.0,1.0,1.0,0.0,0.0,0.0,1.0
candidate_union_no_prior_no_bm25,eval_0215,liraglutide | gabapentin | victoza | tretinoin | clobetasol | desmopressin | pregabalin | pramlintide | humulin r u-500 (concentrated) | duloxetine | nortriptyline | cymbalta | chromium picolinate | byetta | symlin | topiramate | exubera | insulin isophane | ddavp | insulin aspart / insulin aspart protamine,liraglutide | victoza,1000,228,228,1000,0,0,0,0.4,1.0,1.0,0.9197207891481876,0.2,1.0,1.0,0.9197207891481876,0.1,1.0,1.0,0.9197207891481876,1.0,1.0,1.0,1.0,0.0,0.0,0.0,1.0
candidate_union_no_prior_no_bm25,eval_0221,isotretinoin | accutane | benzoyl peroxide / clindamycin | tretinoin | adapalene / benzoyl peroxide | epiduo | magnesium hydroxide | claravis | benzaclin | spironolactone | doxycycline | phillips' milk of magnesia | duac | retin-a | dapsone | aczone | clindamycin / tretinoin | drospirenone / ethinyl estradiol | onexton | benzoyl peroxide / sulfur,isotretinoin | accutane | adapalene / benzoyl peroxide,273,273,273,273,0,0,0,0.6,1.0,1.0,0.9615980861491925,0.3,1.0,1.0,0.9615980861491925,0.15,1.0,1.0,0.9615980861491925,1.0,1.0,1.0,1.0,0.0,0.0,0.0,1.0
candidate_union_no_prior_no_bm25,eval_0220,elocon | clobetasol | stelara | enbrel | ustekinumab | desonide | doxycycline | etanercept | prednisone | flurandrenolide | cordran tape | clocortolone | clobex | cloderm | thiothixene | desowen | methylprednisolone | adalimumab | mometasone | betamethasone,enbrel,353,164,164,353,0,0,0,0.2,1.0,1.0,0.4306765580733931,0.1,1.0,1.0,0.4306765580733931,0.05,1.0,1.0,0.4306765580733931,0.25,1.0,1.0,1.0,0.0,0.0,0.0,1.0
candidate_union_no_prior_no_bm25,eval_0222,diclofenac | tramadol | stelara | acetaminophen / hydrocodone | enbrel | ustekinumab | doxycycline | etanercept | prednisone | lortab | ketoprofen | norco | indomethacin | valdecoxib | voltaren | duloxetine | cataflam | cymbalta | naprelan | probenecid,diclofenac,403,255,255,403,0,0,0,0.2,1.0,1.0,1.0,0.1,1.0,1.0,1.0,0.05,1.0,1.0,1.0,1.0,1.0,1.0,1.0,0.0,0.0,0.0,1.0
candidate_union_no_prior_no_bm25,eval_0225,liraglutide | gabapentin | victoza | tretinoin | clobetasol | desmopressin | pregabalin | pramlintide | humulin r u-500 (concentrated) | duloxetine | nortriptyline | cymbalta | chromium picolinate | byetta | symlin | topiramate | exubera | insulin isophane | ddavp | novolog mix 70 / 30,liraglutide | victoza,616,228,228,616,0,0,0,0.4,1.0,1.0,0.9197207891481876,0.2,1.0,1.0,0.9197207891481876,0.1,1.0,1.0,0.9197207891481876,1.0,1.0,1.0,1.0,0.0,0.0,0.0,1.0
candidate_union_no_prior_no_bm25,eval_0219,clonidine | propranolol | catapres | verapamil | benicar | atenolol | nadolol | corgard | innopran xl | olmesartan | metoprolol | verelan pm | inderal | tenormin | calan sr | lisinopril | amlodipine | inderal la | norvasc | prinivil,propranolol | spironolactone | clonidine | catapres | terazosin | hytrin | benicar | olmesartan | verapamil,1000,447,447,1000,0,0,0,1.0,0.5555555555555556,1.0,1.0,0.6,0.6666666666666666,1.0,0.8221478928130895,0.3,0.6666666666666666,1.0,0.8221478928130895,1.0,1.0,1.0,1.0,0.0,0.0,0.0,1.0
candidate_union_no_prior_no_bm25,eval_0230,doxycycline | prednisone | azithromycin | rocephin | aclidinium | tudorza pressair | xopenex | methylprednisolone | omalizumab | ceftriaxone | mometasone | xolair | levalbuterol | primatene mist | accolate | zafirlukast | intal inhaler | guaifenesin | epinephrine | ipratropium inhalation solution,prednisone,1000,221,221,1000,0,0,0,0.2,1.0,1.0,0.6309297535714574,0.1,1.0,1.0,0.6309297535714574,0.05,1.0,1.0,0.6309297535714574,0.5,1.0,1.0,1.0,0.0,0.0,0.0,1.0
candidate_union_no_prior_no_bm25,eval_0229,doxycycline | minocycline | tazorac | tazarotene | tetracycline | dapsone | clindamycin | sulfamethoxazole / trimethoprim | erythromycin | prednisone | dexamethasone | isotretinoin | accutane | benzoyl peroxide / clindamycin | tretinoin | adapalene / benzoyl peroxide | epiduo | magnesium hydroxide | claravis | benzaclin,tazarotene | dapsone | clindamycin,802,555,479,726,0,0,0,0.2,0.3333333333333333,1.0,0.2192560461704936,0.3,1.0,1.0,0.5098509238173572,0.15,1.0,1.0,0.5098509238173572,0.25,1.0,1.0,1.0,0.0,0.0,0.0,1.0
candidate_union_no_prior_no_bm25,eval_0235,stribild | cobicistat / elvitegravir / emtricitabine / tenofovir | efavirenz / emtricitabine / tenofovir | atripla | ondansetron | triumeq | abacavir / dolutegravir / lamivudine | clonidine | epzicom | emtricitabine / rilpivirine / tenofovir | complera | abacavir / lamivudine | fuzeon | enfuvirtide | reyataz | atazanavir | isentress | cobicistat / elvitegravir / emtricitabine / tenofovir alafenamide | genvoya | filgrastim,stribild | efavirenz / emtricitabine / tenofovir,154,119,119,154,0,0,0,0.4,1.0,1.0,0.9197207891481876,0.2,1.0,1.0,0.9197207891481876,0.1,1.0,1.0,0.9197207891481876,1.0,1.0,1.0,1.0,0.0,0.0,0.0,1.0
candidate_union_no_prior_no_bm25,eval_0231,"calcifediol | calcitriol | parathyroid hormone | ergocalciferol | calcium phosphate, tribasic | calcium lactate | thyroid desiccated | westhroid | cenestin | estropipate | conjugated estrogens | armour thyroid | premarin | rayaldee | thyquidity | estradiol | esterified estrogens | tirosint | doxorubicin | levothyroxine",thyroid desiccated | armour thyroid | levothyroxine,1000,112,112,958,0,0,0,0.0,0.0,0.0,0.0,0.1,0.3333333333333333,1.0,0.12669792223864473,0.15,1.0,1.0,0.35921782385985457,0.14285714285714285,1.0,1.0,1.0,0.0,0.0,0.0,1.0
candidate_union_no_prior_no_bm25,eval_0207,dexamethasone | clobetasol | fluocinolone | duloxetine | cymbalta | zostrix | capsaicin | prednisone | ibuprofen | naproxen | capzasin-hp | aleve | zostrix diabetic foot pain | liraglutide | gabapentin | victoza | tretinoin | desmopressin | pregabalin | pramlintide,duloxetine | cymbalta,1000,476,273,797,0,0,0,0.4,1.0,1.0,0.5012658353418872,0.2,1.0,1.0,0.5012658353418872,0.1,1.0,1.0,0.5012658353418872,0.25,1.0,1.0,1.0,0.0,0.0,0.0,1.0
candidate_union_no_prior_no_bm25,eval_0233,prednisone | methylprednisolone | adalimumab | humira | infliximab | remicade | hydrocortisone | triamcinolone | dexamethasone | cyclosporine | prednisolone | elocon | clobetasol | stelara | enbrel | ustekinumab | desonide | doxycycline | etanercept | flurandrenolide,prednisone | adalimumab | humira,238,164,164,238,0,0,0,0.6,1.0,1.0,0.8132022820105483,0.3,1.0,1.0,0.8132022820105483,0.15,1.0,1.0,0.8132022820105483,1.0,1.0,1.0,1.0,0.0,0.0,0.0,1.0
candidate_union_no_prior_no_bm25,eval_0223,triamcinolone | sucralfate | ciprofloxacin | levofloxacin | ofloxacin | doxycycline | cipro | ibuprofen | naproxen | flanax pain reliever | aleve | naprosyn | cephalexin | bactrim | sulfamethoxazole / trimethoprim | oxybutynin | avelox | moxifloxacin | doxy 100 | ditropan xl,triamcinolone | sucralfate | prednisone | adalimumab,672,325,325,672,0,0,0,0.4,0.5,1.0,0.6357429506707164,0.2,0.5,1.0,0.6357429506707164,0.1,0.5,1.0,0.6357429506707164,1.0,1.0,1.0,1.0,0.0,0.0,0.0,1.0
candidate_union_no_prior_no_bm25,eval_0213,clonidine | catapres | hytrin | terazosin | aluminum chloride hexahydrate | drysol | gabapentin | amitriptyline | hypercare | onabotulinumtoxina | botox | xerac ac | tapazole | pima | potassium iodide | oxybutynin | benztropine | methimazole | sodium iodide-i-131 | propylthiouracil,clonidine | catapres | terazosin | hytrin,1000,293,293,1000,0,0,0,0.8,1.0,1.0,1.0,0.4,1.0,1.0,1.0,0.2,1.0,1.0,1.0,1.0,1.0,1.0,1.0,0.0,0.0,0.0,1.0
candidate_union_no_prior_no_bm25,eval_0218,doxycycline | prednisone | metronidazole | azithromycin | rocephin | dapsone | ceftriaxone | zyvox | linezolid | filgrastim | neupogen | fluconazole | clindamycin | tobramycin | pyrimethamine | xenleta | lefamulin | gentamicin | ferralet 90 | cefotaxime,doxycycline | azithromycin,1000,132,132,1000,0,0,0,0.4,1.0,1.0,0.8772153153380493,0.2,1.0,1.0,0.8772153153380493,0.1,1.0,1.0,0.8772153153380493,1.0,1.0,1.0,1.0,0.0,0.0,0.0,1.0
candidate_union_no_prior_no_bm25,eval_0242,"calcifediol | calcitriol | parathyroid hormone | ergocalciferol | calcium phosphate, tribasic | calcium lactate | thyroid desiccated | westhroid | cenestin | estropipate | conjugated estrogens | armour thyroid | premarin | rayaldee | thyquidity | estradiol | esterified estrogens | tirosint | doxorubicin | levothyroxine",thyroid desiccated | armour thyroid | levothyroxine,1000,385,385,952,0,0,0,0.0,0.0,0.0,0.0,0.1,0.3333333333333333,1.0,0.1564262420075855,0.15,1.0,1.0,0.3900840631017693,0.14285714285714285,1.0,1.0,1.0,0.0,0.0,0.0,1.0
candidate_union_no_prior_no_bm25,eval_0241,baclofen | onabotulinumtoxina | botox | lioresal | lorazepam | ativan | abobotulinumtoxina | dysport | botulinum toxin type b | myobloc | incobotulinumtoxina | xeomin | ibuprofen | naproxen | aleve | propranolol | clonidine | verapamil | benicar | atenolol,baclofen | onabotulinumtoxina | botox | lioresal | propranolol,1000,187,187,892,0,0,0,0.8,0.8,1.0,0.7790559043488847,0.4,0.8,1.0,0.7790559043488847,0.25,1.0,1.0,0.8704816048787549,1.0,1.0,1.0,1.0,0.0,0.0,0.0,1.0
candidate_union_no_prior_no_bm25,eval_0237,doxycycline | azithromycin | rocephin | acidophilus | methenamine | ceftriaxone | zyvox | linezolid | hiprex | lactobacillus acidophilus | fluconazole | cephalexin | doripenem | gentamicin | bactrim | sulfamethoxazole / trimethoprim | minocycline | ceftin | avelox | moxifloxacin,sulfamethoxazole / trimethoprim | bactrim | fluconazole,481,287,287,481,0,0,0,0.0,0.0,0.0,0.0,0.0,0.0,0.0,0.0,0.15,1.0,1.0,0.3630309663999042,0.09090909090909091,1.0,1.0,1.0,0.0,0.0,0.0,1.0
candidate_union_no_prior_no_bm25,eval_0244,doxycycline | hydroxychloroquine | doxy 100 | lithium | divalproex sodium | depakote er | depakote | valproic acid | prednisone | deltasone | chlorpromazine | allopurinol | clindamycin | artemether / lumefantrine | coartem | halofantrine | halfan | stavzor | pyrimethamine / sulfadoxine | pyrimethamine,doxycycline | prednisone | methylprednisolone | hydroxychloroquine | doxy 100 | deltasone | diclofenac | naproxen,1000,446,446,809,0,0,0,0.6,0.375,1.0,0.7227265726449517,0.5,0.625,1.0,0.7280920761425088,0.25,0.625,1.0,0.7280920761425088,1.0,1.0,1.0,1.0,0.0,0.0,0.0,1.0
candidate_union_no_prior_no_bm25,eval_0252,clonazepam | klonopin | propranolol | rizatriptan | treximet | lamotrigine | gabapentin | naproxen / sumatriptan | amitriptyline | relpax | maxalt | eletriptan | acetaminophen / butalbital / caffeine | frovatriptan | sumatriptan | bupropion | aspirin / butalbital / caffeine | diclofenac | frova | maxalt-mlt,gabapentin | propranolol,1000,179,179,1000,0,0,0,0.2,0.5,1.0,0.35195904451706733,0.2,1.0,1.0,0.5083852865246528,0.1,1.0,1.0,0.5083852865246528,0.3333333333333333,1.0,1.0,1.0,0.0,0.0,0.0,1.0
candidate_union_no_prior_no_bm25,eval_0227,"azithromycin | ceftriaxone | ampicillin | ciprofloxacin | cipro | typhoid vaccine, inactivated | typhoid vaccine, live | clonazepam | klonopin | dexbrompheniramine / pseudoephedrine | drixoral cold and allergy | lamotrigine | gabapentin | naproxen / sumatriptan | amitriptyline | maxalt | dextroamphetamine | eletriptan | acetaminophen / butalbital / caffeine | frovatriptan",ceftriaxone | ciprofloxacin,1000,7,7,1000,0,0,0,0.4,1.0,1.0,0.5992429307166866,0.2,1.0,1.0,0.5992429307166866,0.1,1.0,1.0,0.5992429307166866,0.5,1.0,1.0,1.0,0.0,0.0,0.0,1.0
candidate_union_no_prior_no_bm25,eval_0232,cyproheptadine | promethazine | prednisone | omalizumab | epipen | ketotifen | xolair | chlor-trimeton | phenergan | ketorolac | chlorpheniramine | epinephrine | ranitidine | carbinoxamine | alavert | zaditor | aristocort | azelastine | triamcinolone | tetracaine,prednisone | promethazine,558,76,76,558,0,0,0,0.4,1.0,1.0,0.6787622294601761,0.2,1.0,1.0,0.6787622294601761,0.1,1.0,1.0,0.6787622294601761,0.5,1.0,1.0,1.0,0.0,0.0,0.0,1.0
candidate_union_no_prior_no_bm25,eval_0257,rabeprazole | omeprazole / sodium bicarbonate | ranitidine | lansoprazole | zantac | esomeprazole | protonix | nexium | sucralfate | cimetidine | omeprazole | pantoprazole | carafate | pepcid | calcium carbonate | famotidine | diclofenac | prednisone | chlordiazepoxide / clidinium | clonidine,rabeprazole | esomeprazole | lansoprazole,468,80,80,468,0,0,0,0.4,0.6666666666666666,1.0,0.6713860725233042,0.3,1.0,1.0,0.8385465274895064,0.15,1.0,1.0,0.8385465274895064,1.0,1.0,1.0,1.0,0.0,0.0,0.0,1.0
candidate_union_no_prior_no_bm25,eval_0251,oxybutynin | doxycycline | ibuprofen | naproxen | triamcinolone | flanax pain reliever | aleve | naprosyn | aluminum chloride hexahydrate | drysol | gabapentin | amitriptyline | hypercare | clonidine | xerac ac | catapres | pima | potassium iodide | tapazole | onabotulinumtoxina,prednisone | enbrel | naproxen | triamcinolone | ibuprofen,690,294,294,690,0,0,0,0.6,0.6,1.0,0.4441707531757099,0.3,0.6,1.0,0.4441707531757099,0.15,0.6,1.0,0.4441707531757099,0.3333333333333333,1.0,1.0,1.0,0.0,0.0,0.0,1.0
candidate_union_no_prior_no_bm25,eval_0249,doxycycline | prednisone | gentamicin | lansoprazole | minocycline | moxifloxacin | dexamethasone | ciprofloxacin | levofloxacin | rifampin | amikacin | aciphex | rabeprazole | calcium carbonate / simethicone | prevacid | axid ar | nexium 24hr | prilosec otc | aluminum hydroxide / magnesium hydroxide / simethicone | nizatidine,doxycycline,1000,230,230,1000,0,0,0,0.2,1.0,1.0,1.0,0.1,1.0,1.0,1.0,0.05,1.0,1.0,1.0,1.0,1.0,1.0,1.0,0.0,0.0,0.0,1.0
candidate_union_no_prior_no_bm25,eval_0246,clonidine | catapres | hytrin | terazosin | sodium iodide-i-131 | propylthiouracil | aluminum chloride hexahydrate | drysol | gabapentin | amitriptyline | hypercare | xerac ac | pima | potassium iodide | tapazole | oxybutynin | onabotulinumtoxina | botox | benztropine | methimazole,thyroid desiccated | armour thyroid | levothyroxine,1000,352,126,742,0,0,0,0.0,0.0,0.0,0.0,0.0,0.0,0.0,0.0,0.0,0.0,0.0,0.0,0.0,1.0,1.0,1.0,0.0,0.0,0.0,1.0
candidate_union_no_prior_no_bm25,eval_0260,doxycycline | ibuprofen | naproxen | cephalexin | triamcinolone | flanax pain reliever | bactrim | sulfamethoxazole / trimethoprim | oxybutynin | avelox | moxifloxacin | doxy 100 | sucralfate | ditropan xl | aleve | ciprofloxacin | naprosyn | levofloxacin | bactrim ds | levaquin,naproxen,273,25,25,273,0,0,0,0.2,1.0,1.0,0.5,0.1,1.0,1.0,0.5,0.05,1.0,1.0,0.5,0.3333333333333333,1.0,1.0,1.0,0.0,0.0,0.0,1.0
candidate_union_no_prior_no_bm25,eval_0250,foscarnet | immune globulin intramuscular | doxycycline | ceftriaxone | sulfamethoxazole / trimethoprim | dexamethasone | ciprofloxacin | erythromycin | gabapentin | cipro | amitriptyline | prednisone | nortriptyline | metoclopramide | reglan | valacyclovir | valtrex | acyclovir | chlorpromazine | thorazine,valacyclovir | valtrex | acyclovir,1000,322,322,749,0,0,0,0.0,0.0,0.0,0.0,0.0,0.0,0.0,0.0,0.15,1.0,1.0,0.33782057848058294,0.0625,1.0,1.0,1.0,0.0,0.0,0.0,1.0
candidate_union_no_prior_no_bm25,eval_0261,elocon | clobetasol | stelara | enbrel | ustekinumab | desonide | doxycycline | etanercept | prednisone | flurandrenolide | cordran tape | clocortolone | clobex | cloderm | thiothixene | desowen | methylprednisolone | adalimumab | mometasone | betamethasone,enbrel,164,164,164,164,0,0,0,0.2,1.0,1.0,0.4306765580733931,0.1,1.0,1.0,0.4306765580733931,0.05,1.0,1.0,0.4306765580733931,0.25,1.0,1.0,1.0,0.0,0.0,0.0,1.0
candidate_union_no_prior_no_bm25,eval_0264,prednisone | methylprednisolone | cellcept | mycophenolate mofetil | hydrocortisone | triamcinolone | dexamethasone | azathioprine | imuran | diclofenac | adalimumab | humira | infliximab | remicade | golimumab | simponi | famotidine / ibuprofen | duexis | vimovo | esomeprazole / naproxen,adalimumab | humira | infliximab | remicade,672,346,346,672,0,0,0,0.0,0.0,0.0,0.0,0.0,0.0,0.0,0.0,0.2,1.0,1.0,0.4168433904426998,0.09090909090909091,1.0,1.0,1.0,0.0,0.0,0.0,1.0
candidate_union_no_prior_no_bm25,eval_0268,prednisone | aristocort | triamcinolone | corticotropin | deltasone | acthar | loteprednol | lotemax | prednisolone | cyproheptadine | promethazine | omalizumab | epipen | ketotifen | xolair | chlor-trimeton | phenergan | ketorolac | chlorpheniramine | epinephrine,prednisone | triamcinolone | prednisolone | loteprednol | lotemax,340,322,322,340,0,0,0,0.4,0.4,1.0,0.3985202681370658,0.5,1.0,1.0,0.7370572078601025,0.25,1.0,1.0,0.7370572078601025,1.0,1.0,1.0,1.0,0.0,0.0,0.0,1.0
candidate_union_no_prior_no_bm25,eval_0267,cefuroxime | retapamulin | altabax | doxycycline | clindamycin | cephalexin | bactrim | sulfamethoxazole / trimethoprim | minocycline | keflex | doxy 100 | bactrim ds | vibramycin | septra | septra ds | smz-tmp ds | cefadroxil | mupirocin | ozenoxacin | sulconazole,isotretinoin | accutane | adapalene / benzoyl peroxide | doxycycline | cefuroxime | mupirocin | retapamulin,726,425,425,726,0,0,0,0.6,0.42857142857142855,1.0,0.5148326631814688,0.3,0.42857142857142855,1.0,0.44539172680943867,0.2,0.5714285714285714,1.0,0.5144640153006464,1.0,1.0,1.0,1.0,0.0,0.0,0.0,1.0
candidate_union_no_prior_no_bm25,eval_0253,elocon | clobetasol | stelara | enbrel | ustekinumab | desonide | doxycycline | etanercept | prednisone | flurandrenolide | cordran tape | clocortolone | clobex | cloderm | thiothixene | desowen | methylprednisolone | adalimumab | mometasone | betamethasone,prednisone | enbrel,164,164,164,164,0,0,0,0.2,0.5,1.0,0.3031610197508214,0.2,1.0,1.0,0.44442799261065036,0.1,1.0,1.0,0.44442799261065036,0.25,1.0,1.0,1.0,0.0,0.0,0.0,1.0
candidate_union_no_prior_no_bm25,eval_0276,doxycycline | prednisone | azithromycin | rocephin | methylprednisolone | ceftriaxone | mometasone | epinephrine | ampicillin | budesonide | kenalog-40 | augmentin xr | triamcinolone | bactrim | medrol dosepak | sulfamethoxazole / trimethoprim | flunisolide | zithromax | ceftin | cedax,prednisone,1000,221,221,1000,0,0,0,0.2,1.0,1.0,0.6309297535714574,0.1,1.0,1.0,0.6309297535714574,0.05,1.0,1.0,0.6309297535714574,0.5,1.0,1.0,1.0,0.0,0.0,0.0,1.0
candidate_union_no_prior_no_bm25,eval_0277,liraglutide | gabapentin | victoza | tretinoin | clobetasol | desmopressin | pregabalin | pramlintide | humulin r u-500 (concentrated) | duloxetine | nortriptyline | cymbalta | chromium picolinate | byetta | symlin | topiramate | exubera | insulin isophane | ddavp | insulin aspart / insulin aspart protamine,liraglutide | victoza,453,228,228,453,0,0,0,0.4,1.0,1.0,0.9197207891481876,0.2,1.0,1.0,0.9197207891481876,0.1,1.0,1.0,0.9197207891481876,1.0,1.0,1.0,1.0,0.0,0.0,0.0,1.0
candidate_union_no_prior_no_bm25,eval_0272,prednisone | methylprednisolone | cellcept | mycophenolate mofetil | hydrocortisone | triamcinolone | dexamethasone | azathioprine | imuran | budesonide | mercaptopurine | betamethasone | medrol dosepak | pancreatin | elocon | clobetasol | desonide | flurandrenolide | cordran tape | clocortolone,budesonide,659,346,126,439,0,0,0,0.0,0.0,0.0,0.0,0.1,1.0,1.0,0.2890648263178879,0.05,1.0,1.0,0.2890648263178879,0.1,1.0,1.0,1.0,0.0,0.0,0.0,1.0
candidate_union_no_prior_no_bm25,eval_0262,diclofenac | tramadol | stelara | acetaminophen / hydrocodone | enbrel | ustekinumab | doxycycline | etanercept | prednisone | lortab | ketoprofen | norco | indomethacin | valdecoxib | voltaren | duloxetine | cataflam | cymbalta | naprelan | probenecid,diclofenac | tramadol | acetaminophen / hydrocodone,273,255,255,273,0,0,0,0.6,1.0,1.0,0.9736505918364026,0.3,1.0,1.0,0.9736505918364026,0.15,1.0,1.0,0.9736505918364026,1.0,1.0,1.0,1.0,0.0,0.0,0.0,1.0
candidate_union_no_prior_no_bm25,eval_0275,amitriptyline | spironolactone | doxycycline | venlafaxine | azithromycin | rocephin | phosphorated carbohydrate solution | acidophilus | elavil | methenamine | ceftriaxone | zyvox | vaniqa | linezolid | uta | ampicillin | sulfatrim | hiprex | allopurinol | eflornithine,doxycycline,172,172,172,172,0,0,0,0.2,1.0,1.0,0.5,0.1,1.0,1.0,0.5,0.05,1.0,1.0,0.5,0.3333333333333333,1.0,1.0,1.0,0.0,0.0,0.0,1.0
candidate_union_no_prior_no_bm25,eval_0271,tretinoin | liraglutide | gabapentin | victoza | clobetasol | desmopressin | pregabalin | pramlintide | humulin r u-500 (concentrated) | duloxetine | nortriptyline | cymbalta | chromium picolinate | byetta | symlin | topiramate | exubera | insulin isophane | ddavp | insulin aspart / insulin aspart protamine,tretinoin | doxycycline | spironolactone | liraglutide | victoza,949,560,508,897,0,0,0,0.6,0.6,1.0,0.7428263532604289,0.3,0.6,1.0,0.7428263532604289,0.15,0.6,1.0,0.7428263532604289,1.0,1.0,1.0,1.0,0.0,0.0,0.0,1.0
candidate_union_no_prior_no_bm25,eval_0279,cyproheptadine | promethazine | prednisone | chlor-trimeton | phenergan | chlorpheniramine | epinephrine | ranitidine | carbinoxamine | azelastine | triamcinolone | tetracaine | olopatadine | diphenhydramine | benadryl | cetirizine | allegra | fexofenadine | zyrtec | levocetirizine,prednisone | promethazine | cyproheptadine | triamcinolone | azelastine | phenergan,1000,558,558,1000,0,0,0,0.8,0.6666666666666666,1.0,0.8539316501572934,0.5,0.8333333333333334,1.0,0.8493587936665264,0.3,1.0,1.0,0.9337676022490267,1.0,1.0,1.0,1.0,0.0,0.0,0.0,1.0
candidate_union_no_prior_no_bm25,eval_0284,doxycycline | prednisone | azithromycin | rocephin | ceftriaxone | sulfamethoxazole / trimethoprim | zithromax | ceftin | avelox | moxifloxacin | amoxicillin | amoxil | amoxicillin / clavulanate | biaxin xl | augmentin | dexamethasone | cefuroxime | clarithromycin | ciprofloxacin | erythromycin,doxycycline | azithromycin | prednisone | sulfamethoxazole / trimethoprim | ceftriaxone,1000,319,319,1000,0,0,0,0.8,0.8,1.0,0.8191577303746509,0.5,1.0,1.0,0.9137949195204103,0.25,1.0,1.0,0.9137949195204103,1.0,1.0,1.0,1.0,0.0,0.0,0.0,1.0
candidate_union_no_prior_no_bm25,eval_0281,doxycycline | prednisone | metronidazole | azithromycin | rocephin | dapsone | ceftriaxone | zyvox | linezolid | filgrastim | neupogen | fluconazole | clindamycin | tobramycin | vancocin hcl | cefotaxime | gentamicin | lefamulin | pyrimethamine | ferralet 90,doxycycline | azithromycin,1000,132,132,1000,0,0,0,0.4,1.0,1.0,0.7724397457735779,0.2,1.0,1.0,0.7724397457735779,0.1,1.0,1.0,0.7724397457735779,1.0,1.0,1.0,1.0,0.0,0.0,0.0,1.0
candidate_union_no_prior_no_bm25,eval_0269,liraglutide | gabapentin | victoza | tretinoin | clobetasol | desmopressin | pregabalin | pramlintide | humulin r u-500 (concentrated) | duloxetine | nortriptyline | cymbalta | chromium picolinate | byetta | symlin | topiramate | exubera | insulin isophane | ddavp | novolog mix 70 / 30,liraglutide | victoza,1000,228,228,1000,0,0,0,0.4,1.0,1.0,0.9197207891481876,0.2,1.0,1.0,0.9197207891481876,0.1,1.0,1.0,0.9197207891481876,1.0,1.0,1.0,1.0,0.0,0.0,0.0,1.0
candidate_union_no_prior_no_bm25,eval_0270,cefadroxil | retapamulin | altabax | mupirocin | cefuroxime | sulconazole | ammoniated mercury | ozenoxacin | cobicistat / elvitegravir / emtricitabine / tenofovir | stribild | dexbrompheniramine / pseudoephedrine | drixoral cold and allergy | valacyclovir | efavirenz / emtricitabine / tenofovir | valtrex | atripla | aciphex | chlorpheniramine / hydrocodone | tussionex pennkinetic | ondansetron,cefuroxime | mupirocin | retapamulin,1000,8,8,1000,0,0,0,0.6,1.0,1.0,0.6717573587424964,0.3,1.0,1.0,0.6717573587424964,0.15,1.0,1.0,0.6717573587424964,0.5,1.0,1.0,1.0,0.0,0.0,0.0,1.0
candidate_union_no_prior_no_bm25,eval_0280,doxycycline | clindamycin | cephalexin | bactrim | sulfamethoxazole / trimethoprim | minocycline | keflex | doxy 100 | bactrim ds | vibramycin | septra | septra ds | smz-tmp ds | doryx | isotretinoin | accutane | benzoyl peroxide / clindamycin | tretinoin | adapalene / benzoyl peroxide | epiduo,doxycycline | clindamycin | minocycline,888,420,420,888,0,0,0,0.4,0.6666666666666666,1.0,0.7653606369886218,0.3,1.0,1.0,0.932521091954824,0.15,1.0,1.0,0.932521091954824,1.0,1.0,1.0,1.0,0.0,0.0,0.0,1.0
candidate_union_no_prior_no_bm25,eval_0287,lorazepam | ativan | onabotulinumtoxina | botox | gabapentin | amitriptyline | sumatriptan | opium | ondansetron | zofran | dimenhydrinate | cholestyramine | doxycycline | alosetron | dramamine | promethazine | emend | aprepitant | lotronex | loperamide,onabotulinumtoxina | gabapentin | amitriptyline,265,155,147,257,0,0,0,0.4,0.6666666666666666,1.0,0.41618115554873086,0.3,1.0,1.0,0.5833416105149332,0.15,1.0,1.0,0.5833416105149332,0.3333333333333333,1.0,1.0,1.0,0.0,0.0,0.0,1.0
candidate_union_no_prior_no_bm25,eval_0273,propranolol | clonidine | verapamil | benicar | atenolol | catapres | nadolol | corgard | innopran xl | olmesartan | metoprolol | verelan pm | inderal | tenormin | calan sr | lisinopril | amlodipine | inderal la | norvasc | prinivil,propranolol | clonidine,1000,433,433,1000,0,0,0,0.4,1.0,1.0,1.0,0.2,1.0,1.0,1.0,0.1,1.0,1.0,1.0,1.0,1.0,1.0,1.0,0.0,0.0,0.0,1.0
candidate_union_no_prior_no_bm25,eval_0292,diclofenac | tramadol | stelara | acetaminophen / hydrocodone | enbrel | ustekinumab | doxycycline | etanercept | prednisone | lortab | ketoprofen | norco | indomethacin | valdecoxib | voltaren | duloxetine | cataflam | cymbalta | naprelan | probenecid,diclofenac,255,255,255,255,0,0,0,0.2,1.0,1.0,1.0,0.1,1.0,1.0,1.0,0.05,1.0,1.0,1.0,1.0,1.0,1.0,1.0,0.0,0.0,0.0,1.0
candidate_union_no_prior_no_bm25,eval_0278,doxycycline | azithromycin | rocephin | acidophilus | methenamine | ceftriaxone | zyvox | linezolid | hiprex | lactobacillus acidophilus | fluconazole | cephalexin | doripenem | gentamicin | bactrim | sulfamethoxazole / trimethoprim | minocycline | ceftin | avelox | moxifloxacin,doxycycline | azithromycin | bactrim | fluconazole,481,287,287,481,0,0,0,0.4,0.5,1.0,0.4829420709752337,0.2,0.5,1.0,0.4829420709752337,0.2,1.0,1.0,0.7178836443702017,1.0,1.0,1.0,1.0,0.0,0.0,0.0,1.0
candidate_union_no_prior_no_bm25,eval_0297,aciphex | rabeprazole | calcium carbonate / simethicone | prevacid | axid ar | nexium 24hr | prilosec otc | aluminum hydroxide / magnesium hydroxide / simethicone | nizatidine | protonix iv | omeprazole / sodium bicarbonate | axid | mylanta | ranitidine | zegerid | pepcid ac chewable tablets | dexlansoprazole | lansoprazole | zantac | kapidex,aciphex | dexlansoprazole | rabeprazole,222,45,45,222,0,0,0,0.4,0.6666666666666666,1.0,0.7653606369886218,0.2,0.6666666666666666,1.0,0.7653606369886218,0.15,1.0,1.0,0.8778995257840894,1.0,1.0,1.0,1.0,0.0,0.0,0.0,1.0
candidate_union_no_prior_no_bm25,eval_0296,elocon | clobetasol | stelara | enbrel | ustekinumab | desonide | doxycycline | etanercept | prednisone | flurandrenolide | cordran tape | clocortolone | clobex | cloderm | thiothixene | desowen | methylprednisolone | adalimumab | mometasone | betamethasone,prednisone | enbrel,164,164,164,164,0,0,0,0.2,0.5,1.0,0.3031610197508214,0.2,1.0,1.0,0.44442799261065036,0.1,1.0,1.0,0.44442799261065036,0.25,1.0,1.0,1.0,0.0,0.0,0.0,1.0
candidate_union_no_prior_no_bm25,eval_0291,gabapentin | amitriptyline | doxycycline | ceftriaxone | cefotaxime | lansoprazole | sulfamethoxazole / trimethoprim | minocycline | dexamethasone | pyridoxine | ciprofloxacin | erythromycin | lorazepam | ativan | sumatriptan | opium | ondansetron | zofran | dimenhydrinate | cholestyramine,doxycycline,956,145,145,956,0,0,0,0.2,1.0,1.0,0.5,0.1,1.0,1.0,0.5,0.05,1.0,1.0,0.5,0.3333333333333333,1.0,1.0,1.0,0.0,0.0,0.0,1.0
candidate_union_no_prior_no_bm25,eval_0290,doxycycline | prednisone | azithromycin | rocephin | aclidinium | tudorza pressair | xopenex | methylprednisolone | omalizumab | ceftriaxone | mometasone | xolair | levalbuterol | primatene mist | accolate | intal inhaler | zafirlukast | guaifenesin | epinephrine | ipratropium inhalation solution,prednisone,505,221,221,505,0,0,0,0.2,1.0,1.0,0.6309297535714575,0.1,1.0,1.0,0.6309297535714575,0.05,1.0,1.0,0.6309297535714575,0.5,1.0,1.0,1.0,0.0,0.0,0.0,1.0
candidate_union_no_prior_no_bm25,eval_0300,diclofenac | prednisone | methylprednisolone | adalimumab | humira | cellcept | infliximab | remicade | mycophenolate mofetil | hydrocortisone | triamcinolone | golimumab | simponi | dexamethasone | famotidine / ibuprofen | duexis | vimovo | azathioprine | esomeprazole / naproxen | imuran,adalimumab | humira,325,311,259,273,0,0,0,0.4,1.0,1.0,0.5012658353418872,0.2,1.0,1.0,0.5012658353418872,0.1,1.0,1.0,0.5012658353418872,0.25,1.0,1.0,1.0,0.0,0.0,0.0,1.0
candidate_union_no_prior_no_bm25,eval_0294,doxycycline | prednisone | metronidazole | azithromycin | rocephin | dapsone | ceftriaxone | zyvox | linezolid | filgrastim | neupogen | fluconazole | clindamycin | tobramycin | pyrimethamine | xenleta | gentamicin | lefamulin | ferralet 90 | cefotaxime,doxycycline | azithromycin,1000,132,132,1000,0,0,0,0.4,1.0,1.0,0.7724397457735779,0.2,1.0,1.0,0.7724397457735779,0.1,1.0,1.0,0.7724397457735779,1.0,1.0,1.0,1.0,0.0,0.0,0.0,1.0
candidate_union_no_prior_no_bm25,eval_0293,doxycycline | chlorpromazine | thorazine | haloperidol | haldol | lithium | allopurinol | clindamycin | coartem | artemether / lumefantrine | divalproex sodium | fansidar | daraprim | stavzor | halfan | halofantrine | pyrimethamine | pyrimethamine / sulfadoxine | depakote er | hydroxychloroquine,doxycycline | sulfamethoxazole / trimethoprim,991,174,174,991,0,0,0,0.2,0.5,1.0,0.7039180890341347,0.1,0.5,1.0,0.7039180890341347,0.05,0.5,1.0,0.7039180890341347,1.0,1.0,1.0,1.0,0.0,0.0,0.0,1.0
candidate_union_no_prior_no_bm25,eval_0298,gabapentin | pregabalin | nortriptyline | topiramate | lyrica | neurontin | topamax | lisinopril | amitriptyline | prednisone | clonidine | catapres | onabotulinumtoxina | botox | metoclopramide | reglan | insulin regular | sodium bicarbonate | fosinopril | dexamethasone,topiramate | amitriptyline,1000,399,399,1000,0,0,0,0.2,0.5,1.0,0.3031610197508214,0.2,1.0,1.0,0.44442799261065036,0.1,1.0,1.0,0.44442799261065036,0.25,1.0,1.0,1.0,0.0,0.0,0.0,1.0
candidate_union_no_prior_no_bm25,eval_0286,amitriptyline | elavil | doxycycline | ceftriaxone | ampicillin | sulfamethoxazole / trimethoprim | ciprofloxacin | cipro | azithromycin | allopurinol | risperdal | risperidone | venlafaxine | phosphorated carbohydrate solution | lactobacillus acidophilus | hydroxyzine | minocycline | atarax | memantine | ofloxacin,doxycycline | sulfamethoxazole / trimethoprim | sumatriptan | azithromycin,1000,471,471,907,0,0,0,0.2,0.25,1.0,0.14805728754340064,0.3,0.75,1.0,0.39541386657785715,0.15,0.75,1.0,0.39541386657785715,0.3333333333333333,1.0,1.0,1.0,0.0,0.0,0.0,1.0
candidate_union_no_prior_no_bm25,eval_0289,lorazepam | ativan | baclofen | onabotulinumtoxina | botox | dysport | abobotulinumtoxina | lioresal | myobloc | botulinum toxin type b | xeomin | incobotulinumtoxina | acetaminophen | tadalafil | propranolol | sildenafil | dextroamphetamine | dexedrine | spironolactone | azor,baclofen,438,12,12,438,0,0,0,0.2,1.0,1.0,0.5,0.1,1.0,1.0,0.5,0.05,1.0,1.0,0.5,0.3333333333333333,1.0,1.0,1.0,0.0,0.0,0.0,1.0
