query_id,symptom_text,predicted_diseases,predicted_symptoms,recommended,relevant,precision@5,recall@5,hit@5,ndcg@5,precision@10,recall@10,hit@10,ndcg@10,precision@20,recall@20,hit@20,ndcg@20,mrr
eval_0011,"I have big, painful bumps on my skin that leave scars. How can I treat this?","[{""name"": ""acne"", ""confidence"": 1.0}]","[{""name"": ""nodal_skin_eruptions"", ""confidence"": 0.997946216829127}, {""name"": ""scurring"", ""confidence"": 0.9658397681924659}]",granulex|vismodegib|chaparral|finacea|nuox|necon 1 / 35|junel fe 1 / 20|femhrt|salicylic acid/sulfur|salicylic acid / sulfur|trinessa|inova 4 / 1|loestrin 24 fe|benzefoam|necon 7 / 7 / 7|doxycycline|retin a micro|septra|clindamycin|junel fe 1.5 / 30,doxycycline|clindamycin|sulfamethoxazole / trimethoprim,0.0,0.0,0.0,0.0,0.0,0.0,0.0,0.0,0.1,0.666667,1.0,0.242345,0.0625
eval_0006,"Every time I eat, I feel sick and my stomach hurts. Sometimes I throw up.","[{""name"": ""others"", ""confidence"": 1.0}]","[{""name"": ""abdominal_pain"", ""confidence"": 1.0}, {""name"": ""nausea"", ""confidence"": 1.0}, {""name"": ""vomiting"", ""confidence"": 0.6683868143706897}]",gleevec|stivarga|regorafenib|xeloda|imatinib|avapritinib|my way|mucomyst-10|sincalide|ramucirumab|donnatal|take action|metozolv odt|pylera|midostaurin|erlotinib|rydapt|sunitinib|plan b one-step|next choice,ciprofloxacin,0.0,0.0,0.0,0.0,0.0,0.0,0.0,0.0,0.0,0.0,0.0,0.0,0.0
eval_0009,"I'm struggling to breathe, coughing with phlegm, and I'm exhausted. This has been going on for hours.","[{""name"": ""bronchial_asthma"", ""confidence"": 0.95}, {""name"": ""pneumonia"", ""confidence"": 0.93}]","[{""name"": ""breathlessness"", ""confidence"": 0.9923372404635427}, {""name"": ""cough"", ""confidence"": 0.9389295047009071}, {""name"": ""fatigue"", ""confidence"": 0.9658453451250363}, {""name"": ""mucoid_sputum"", ""confidence"": 0.9605658195260526}]",cedax|decadron|epogen|ceftibuten|neupogen|ferralet 90|integra|multivitamin with iron|procrit|integra f|oxymetholone|lenalidomide|biaxin|omnicef|epinephrine|leucovorin|filgrastim|epoetin alfa|biaxin xl|gemifloxacin,prednisone,0.0,0.0,0.0,0.0,0.0,0.0,0.0,0.0,0.0,0.0,0.0,0.0,0.0
eval_0016,My friend's skin has a rash with some scarring from old pimples.,"[{""name"": ""acne"", ""confidence"": 1.0}]","[{""name"": ""pus_filled_pimples"", ""confidence"": 1.0}, {""name"": ""scurring"", ""confidence"": 0.8842156943162136}, {""name"": ""skin_rash"", ""confidence"": 0.6489887754712904}]",finacea|junel fe 1 / 20|desquam-x wash|femhrt|inova 4 / 1|junel fe 1.5 / 30|retin a micro|gildess fe 1 / 20|chaparral|gildess fe 1.5 / 30|ortho-novum 1 / 35|cyclafem 1 / 35|salicylic acid / sulfur|salicylic acid/sulfur|loestrin 24 fe|vincasar pfs|microgestin fe 1 / 20|nuox|resorcinol / sulfur|norinyl 1+35,isotretinoin|accutane|adapalene / benzoyl peroxide,0.0,0.0,0.0,0.0,0.0,0.0,0.0,0.0,0.0,0.0,0.0,0.0,0.0
eval_0019,I can't walk because of the pain in my knees and they're red and swollen.,"[{""name"": ""arthritis"", ""confidence"": 0.36}]","[{""name"": ""painful_walking"", ""confidence"": 0.8842285784961168}, {""name"": ""swelling_joints"", ""confidence"": 0.7190522513938816}]",orudis kt|lorcet 10 / 650|bextra|ansaid|lortab|prednicot|limbrel 500|zylet|absorbine jr.|relafen|norco|ibu|vicodin|acetaminophen / propoxyphene|tolectin ds|lodine|apremilast|probenecid and colchicine|bioflavonoids / zinc glycinate|valdecoxib,naproxen|triamcinolone,0.0,0.0,0.0,0.0,0.0,0.0,0.0,0.0,0.0,0.0,0.0,0.0,0.0
eval_0010,"My joints are so swollen and painful I can't walk, and my skin is covered in red patches.","[{""name"": ""psoriasis"", ""confidence"": 1.0}]","[{""name"": ""joint_pain"", ""confidence"": 1.0}, {""name"": ""skin_rash"", ""confidence"": 0.8037354563267589}]",otezla|apremilast|etanercept|stelara|enbrel|amevive|methotrexate|topicort lp|cosentyx|navane|kenalog-10|otrexup|alefacept|scytera|prolixin|ustekinumab|fluphenazine|reditrex|trilafon|coal tar/salicylic acid/sulfur,prednisone|enbrel,0.2,0.5,1.0,0.272313,0.1,0.5,1.0,0.272313,0.05,0.5,1.0,0.272313,0.2
eval_0002,"I'm gasping for air, my heart is pounding, and I'm sweating. This has never happened before.","[{""name"": ""others"", ""confidence"": 1.0}]","[{""name"": ""breathlessness"", ""confidence"": 0.8820380529026572}, {""name"": ""fast_heart_rate"", ""confidence"": 1.0}, {""name"": ""sweating"", ""confidence"": 1.0}]",epogen|ferralet 90|neupogen|procrit|integra|effient|integra f|multivitamin with iron|filgrastim|lenalidomide|streptokinase|atovaquone|imdur|oxymetholone|leucovorin|epoetin alfa|maxaron forte|brilinta|pyrimethamine|primaquine,prednisone,0.0,0.0,0.0,0.0,0.0,0.0,0.0,0.0,0.0,0.0,0.0,0.0,0.0
eval_0017,"I have asthma and now I caught a cold. I'm wheezing, coughing, and have a high fever. It's getting hard to breathe.","[{""name"": ""bronchial_asthma"", ""confidence"": 1.0}, {""name"": ""common_cold"", ""confidence"": 0.93}]","[{""name"": ""breathlessness"", ""confidence"": 1.0}, {""name"": ""cough"", ""confidence"": 1.0}, {""name"": ""high_fever"", ""confidence"": 1.0}]",ceftibuten|cedax|biaxin|decadron|omnicef|epinephrine|vantin|deltasone|asthmanefrin|aerobid|advair hfa|theo-24|duoneb|intal inhaler|flunisolide|alahist lq|pulmicort respules|xolair|intal|combivent,prednisone|methylprednisolone,0.0,0.0,0.0,0.0,0.0,0.0,0.0,0.0,0.0,0.0,0.0,0.0,0.0
eval_0020,"I can't handle this headache anymore, it's throbbing and my sight is blurry. I need advice quickly.","[{""name"": ""migraine"", ""confidence"": 0.71}]","[{""name"": ""visual_disturbances"", ""confidence"": 0.22786976622500868}]",excedrin sinus headache|wellbutrin|phrenilin|klonopin|sansert|axert|tizanidine|aspirin / butalbital / caffeine / codeine|zecuity|esgic-plus|esgic|zanaflex|riboflavin|imitrex nasal|amrix|excedrin pm|alsuma|fioricet|prodrin|acetaminophen / butalbital / caffeine,propranolol,0.0,0.0,0.0,0.0,0.0,0.0,0.0,0.0,0.0,0.0,0.0,0.0,0.0
eval_0021,Chest pain accompanied by sweating and breathlessness? Time to take action!,"[{""name"": ""heart_attack"", ""confidence"": 1.0}]","[{""name"": ""breathlessness"", ""confidence"": 0.956037187171419}, {""name"": ""chest_pain"", ""confidence"": 1.0}, {""name"": ""sweating"", ""confidence"": 1.0}]",effient|streptokinase|ranolazine|imdur|prasugrel|ticagrelor|tirofiban|ranexa|brilinta|enoxaparin|epinephrine|metoprolol tartrate|bayer aspirin|isosorbide mononitrate|nitro-bid|eptifibatide|bayer aspirin extra strength plus|warfarin|arthritis pain|nitromist,metoprolol,0.0,0.0,0.0,0.0,0.0,0.0,0.0,0.0,0.0,0.0,0.0,0.0,0.0
eval_0012,My headache is so bad I'm seeing zigzag lines and I've thrown up twice. I can't function.,"[{""name"": ""migraine"", ""confidence"": 1.0}]","[{""name"": ""headache"", ""confidence"": 0.9740410493112629}, {""name"": ""visual_disturbances"", ""confidence"": 1.0}, {""name"": ""vomiting"", ""confidence"": 0.03949036148641878}]",zomig-zmt|zomig|zomig nasal spray|rizatriptan|tizanidine|fioricet|axert|sansert|wellbutrin|klonopin|imitrex nasal|fiorinal with codeine|alsuma|bupap|phrenilin|acetaminophen / butalbital / caffeine|fioricet with codeine|maxalt|prodrin|excedrin sinus headache,propranolol,0.0,0.0,0.0,0.0,0.0,0.0,0.0,0.0,0.0,0.0,0.0,0.0,0.0
eval_0008,I get frequent headaches and often feel down and depressed.,"[{""name"": ""migraine"", ""confidence"": 1.0}]","[{""name"": ""depression"", ""confidence"": 1.0}, {""name"": ""headache"", ""confidence"": 0.8067821073040862}]",fioricet|calan|bupap|prodrin|axert|phrenilin|wellbutrin|aspirin / butalbital / caffeine / codeine|sansert|esgic|excedrin sinus headache|klonopin|zecuity|aspirin / caffeine / salicylamide|acetaminophen / butalbital / caffeine|amrix|alsuma|zanaflex|acetaminophen / butalbital / caffeine / codeine|acetaminophen / butalbital,gabapentin|propranolol,0.0,0.0,0.0,0.0,0.0,0.0,0.0,0.0,0.0,0.0,0.0,0.0,0.0
eval_0005,"I have a runny nose, cough, and I'm always tired. Allergies or just a cold?","[{""name"": ""allergy"", ""confidence"": 0.99}, {""name"": ""common_cold"", ""confidence"": 1.0}]","[{""name"": ""cough"", ""confidence"": 0.8090259020933156}, {""name"": ""fatigue"", ""confidence"": 0.9981736204346114}, {""name"": ""runny_nose"", ""confidence"": 1.0}]",cetirizine|tetracaine|fexofenadine|levocetirizine|allegra|zyrtec|chlorpheniramine|chlor-trimeton|dexchlorpheniramine|clarinex|loratadine|carbinoxamine|claritin|xyzal|desloratadine|olopatadine|allergy dn pe|epinephrine|azelastine|drixoral cold / flu,promethazine|cyproheptadine,0.0,0.0,0.0,0.0,0.0,0.0,0.0,0.0,0.0,0.0,0.0,0.0,0.0
eval_0027,Stiffness in my hips and knees makes it hard to walk after resting. Should I see a doctor?,"[{""name"": ""arthritis"", ""confidence"": 1.0}]","[{""name"": ""movement_stiffness"", ""confidence"": 0.8667624087608665}, {""name"": ""painful_walking"", ""confidence"": 0.008258667421495839}]",ansaid|bextra|lorcet 10 / 650|prednicot|limbrel 500|orudis kt|lortab|zylet|ibu|absorbine jr.|norco|relafen|vicodin|probenecid and colchicine|lodine|acetaminophen / propoxyphene|tolectin ds|valdecoxib|s-adenosylmethionine|voltaren gel,diclofenac|naproxen|triamcinolone,0.0,0.0,0.0,0.0,0.0,0.0,0.0,0.0,0.0,0.0,0.0,0.0,0.0
eval_0007,"Lately, I've been having headaches, pain when urinating, and I'm easily annoyed. Could these be connected?","[{""name"": ""migraine"", ""confidence"": 0.98}]","[{""name"": ""headache"", ""confidence"": 0.9527310741984026}, {""name"": ""visual_disturbances"", ""confidence"": 0.38011150117253745}]",urispas|elavil|venlafaxine|axert|amrix|klonopin|sansert|phrenilin|alsuma|esgic|fioricet|lyrica|ascomp with codeine|memantine|aspirin / butalbital / caffeine / codeine|prodrin|naprelan|naratriptan|calan|fiorinal with codeine,propranolol|clonidine|amitriptyline|elavil,0.2,0.25,1.0,0.260925,0.1,0.25,1.0,0.260925,0.05,0.25,1.0,0.260925,0.5
eval_0034,I have pain in my stomach and my knees are swollen. I'm not sure if these issues are related or separate.,"[{""name"": ""arthritis"", ""confidence"": 0.67}]","[{""name"": ""abdominal_pain"", ""confidence"": 0.43408448771429514}, {""name"": ""swelling_joints"", ""confidence"": 0.8612214518673681}]",pancreatin|cellcept|sulfazine|mekinist|lotemax|loteprednol|sodium hyaluronate|azathioprine|duexis|golimumab|simponi|lorcet 10 / 650|ansaid|triamterene|imuran|diclofenac|disalcid|esomeprazole / naproxen|orudis kt|famotidine / ibuprofen,prednisone|methylprednisolone|triamcinolone|adalimumab|humira|infliximab|remicade,0.0,0.0,0.0,0.0,0.0,0.0,0.0,0.0,0.0,0.0,0.0,0.0,0.0
eval_0036,My joints are stiff and I have a weird rash that itches. Could these be connected?,"[{""name"": ""arthritis"", ""confidence"": 1.0}, {""name"": ""psoriasis"", ""confidence"": 0.4}]","[{""name"": ""itching"", ""confidence"": 1.0}, {""name"": ""joint_pain"", ""confidence"": 0.03059652023261833}, {""name"": ""movement_stiffness"", ""confidence"": 0.7418497563564299}, {""name"": ""skin_rash"", ""confidence"": 0.9375158821966251}]",otezla|apremilast|stelara|etanercept|enbrel|methotrexate|cosentyx|adalimumab|remicade|kenalog-10|humira|otrexup|ustekinumab|amevive|secukinumab|topicort lp|alefacept|scytera|navane|prolixin,doxycycline|prednisone,0.0,0.0,0.0,0.0,0.0,0.0,0.0,0.0,0.0,0.0,0.0,0.0,0.0
eval_0037,I woke up with a stiff neck and now my back is also hurting. Could they be connected?,"[{""name"": ""arthritis"", ""confidence"": 0.46}, {""name"": ""cervical_spondylosis"", ""confidence"": 0.97}]","[{""name"": ""neck_pain"", ""confidence"": 1.0}, {""name"": ""stiff_neck"", ""confidence"": 0.8805633836363593}]",lioresal|baclofen|dysport|myobloc|abobotulinumtoxina|incobotulinumtoxina|xeomin|botulinum toxin type b|botox|onabotulinumtoxina|bextra|lorcet 10 / 650|naproxen|naprosyn|disalcid|norco|ansaid|lodine|limbrel 500|ibuprofen,diclofenac|onabotulinumtoxina|botox,0.0,0.0,0.0,0.0,0.2,0.666667,1.0,0.224291,0.1,0.666667,1.0,0.224291,0.111111
eval_0023,My moods are all over the place and my muscles feel weak. Could it be related to high blood pressure or thyroid issues?,"[{""name"": ""hypertension"", ""confidence"": 0.01}, {""name"": ""hyperthyroidism"", ""confidence"": 1.0}]","[{""name"": ""mood_swings"", ""confidence"": 1.0}, {""name"": ""muscle_weakness"", ""confidence"": 1.0}]",propylthiouracil|sodium iodide-i-131|pima|hypercare|drysol|xerac ac|tapazole|potassium iodide|benztropine|aluminum chloride hexahydrate|glycopyrronium|methimazole|iodine / potassium iodide|terazosin|oxybutynin|amitriptyline|hytrin|clonidine|catapres|gabapentin,thyroid desiccated|armour thyroid|levothyroxine,0.0,0.0,0.0,0.0,0.0,0.0,0.0,0.0,0.0,0.0,0.0,0.0,0.0
eval_0039,"I've had a cough and congestion for days, and now I'm finding it hard to catch my breath sometimes.","[{""name"": ""bronchial_asthma"", ""confidence"": 1.0}, {""name"": ""common_cold"", ""confidence"": 1.0}]","[{""name"": ""breathlessness"", ""confidence"": 1.0}, {""name"": ""congestion"", ""confidence"": 1.0}, {""name"": ""cough"", ""confidence"": 1.0}]",cedax|decadron|ceftibuten|biaxin|omnicef|epinephrine|vantin|ciclesonide|beclomethasone|flunisolide|montelukast|singulair|deltasone|sudafed congestion|zithromax|aerobid|clarithromycin|theo-24|pulmicort respules|azithromycin,prednisone|methylprednisolone,0.0,0.0,0.0,0.0,0.0,0.0,0.0,0.0,0.0,0.0,0.0,0.0,0.0
eval_0029,I've been coughing up phlegm and feel tired all the time. Could this be asthma?,"[{""name"": ""bronchial_asthma"", ""confidence"": 1.0}]","[{""name"": ""cough"", ""confidence"": 0.6611587076285541}, {""name"": ""fatigue"", ""confidence"": 1.0}, {""name"": ""mucoid_sputum"", ""confidence"": 1.0}, {""name"": ""phlegm"", ""confidence"": 0.9311820638133785}]",ceftibuten|cedax|decadron|epinephrine|biaxin|singulair|omnicef|montelukast|flunisolide|aerobid|theo-24|asthmanefrin|beclomethasone|pulmicort respules|ciclesonide|zafirlukast|duoneb|formoterol|alupent|tiotropium,prednisone,0.0,0.0,0.0,0.0,0.0,0.0,0.0,0.0,0.0,0.0,0.0,0.0,0.0
eval_0033,"My daughter has a couple of blisters and red sores on her hands. They don't itch, but I'm keeping an eye on them.","[{""name"": ""impetigo"", ""confidence"": 0.94}]","[{""name"": ""blister"", ""confidence"": 1.0}, {""name"": ""red_sore_around_nose"", ""confidence"": 0.5148600599946715}]","ammoniated mercury|sulconazole|ozenoxacin|mupirocin|lanolin|menthol / zinc oxide|retapamulin|vusion|grifulvin v|altabax|cefadroxil|crotamiton|vitamins a, d, and e|silver|duoplant|rea lo 40|triple paste|elimite|zinc oxide|luxiq",cefuroxime|mupirocin|retapamulin,0.2,0.333333,1.0,0.202107,0.2,0.666667,1.0,0.358534,0.1,0.666667,1.0,0.358534,0.25
eval_0041,"I always feel like I need to pee, my urine smells odd, and I have itching down there. What's going on?","[{""name"": ""urinary_tract_infection"", ""confidence"": 1.0}]","[{""name"": ""continuous_feel_of_urine"", ""confidence"": 0.9835338052359116}, {""name"": ""foul_smell_of urine"", ""confidence"": 1.0}, {""name"": ""itching"", ""confidence"": 1.0}]",eflornithine|acidophilus|uristat|doripenem|itraconazole|diflucan|vaniqa|mupirocin|cubicin|goldenseal|bactroban|risperdal m-tab|phenazopyridine|ascorbic acid|cytra-k|azo-standard|flomax|tamsulosin|doribax|cranberry,doxycycline|azithromycin|sulfamethoxazole / trimethoprim|bactrim|fluconazole,0.0,0.0,0.0,0.0,0.0,0.0,0.0,0.0,0.0,0.0,0.0,0.0,0.0
eval_0018,My friend gets these awful headaches where she sees flashing lights before the pain starts.,"[{""name"": ""migraine"", ""confidence"": 1.0}]","[{""name"": ""headache"", ""confidence"": 0.760199989389204}, {""name"": ""visual_disturbances"", ""confidence"": 1.0}]",zecuity|wellbutrin|fioricet|excedrin sinus headache|prodrin|sansert|axert|esgic|phrenilin|amrix|bupap|esgic-plus|flexeril|alsuma|calan|imitrex nasal|klonopin|excedrin pm|riboflavin|dong quai,gabapentin|propranolol,0.0,0.0,0.0,0.0,0.0,0.0,0.0,0.0,0.0,0.0,0.0,0.0,0.0
eval_0045,"I get pain in my upper belly, especially after eating, along with acid reflux and indigestion.","[{""name"": ""gerd"", ""confidence"": 1.0}, {""name"": ""peptic_ulcer_diseae"", ""confidence"": 1.0}]","[{""name"": ""abdominal_pain"", ""confidence"": 0.8131433131744776}, {""name"": ""acidity"", ""confidence"": 1.0}, {""name"": ""indigestion"", ""confidence"": 1.0}]",zantac|ranitidine|carafate|sucralfate|librax|axid|uceris|rabeprazole|collagenase|pepcid|salofalk|misoprostol|protonix|kapidex|nexium|entyvio|esomeprazole|sincalide|canasa|calcium carbonate,rabeprazole|esomeprazole|lansoprazole,0.0,0.0,0.0,0.0,0.1,0.333333,1.0,0.148041,0.1,0.666667,1.0,0.26058,0.125
eval_0047,I noticed some red sores around my son's nose that have turned into yellow crusts. What could this be?,"[{""name"": ""impetigo"", ""confidence"": 1.0}]","[{""name"": ""red_sore_around_nose"", ""confidence"": 1.0}, {""name"": ""yellow_crust_ooze"", ""confidence"": 1.0}]",mupirocin|ammoniated mercury|ozenoxacin|sulconazole|retapamulin|altabax|cefadroxil|cefuroxime|polytrim|moxeza|blephamide|rosula|finacea|oracea|valtrex|ornex|zymar|silver|soolantra|rosac,mupirocin|retapamulin,0.4,1.0,1.0,0.850345,0.2,1.0,1.0,0.850345,0.1,1.0,1.0,0.850345,1.0
eval_0049,"Sometimes after eating, I feel a tightness in my chest and find it hard to breathe. Is this normal?","[{""name"": ""others"", ""confidence"": 1.0}]","[{""name"": ""breathlessness"", ""confidence"": 1.0}, {""name"": ""chest_pain"", ""confidence"": 1.0}]",sterile talc|entresto|tarceva|pemetrexed|bidil|iressa|necitumumab|niravam|alimta|porfimer|gilotrif|gefitinib|zelboraf|mekinist|xalkori|crizotinib|corlanor|afatinib|maprotiline|ceritinib,aciphex|dexlansoprazole|rabeprazole,0.0,0.0,0.0,0.0,0.0,0.0,0.0,0.0,0.0,0.0,0.0,0.0,0.0
eval_0054,"I usually have asthma, but now with this cold, I'm coughing more and feel more breathless than usual.","[{""name"": ""bronchial_asthma"", ""confidence"": 1.0}, {""name"": ""common_cold"", ""confidence"": 0.86}]","[{""name"": ""breathlessness"", ""confidence"": 1.0}, {""name"": ""congestion"", ""confidence"": 0.11601767744180329}, {""name"": ""cough"", ""confidence"": 1.0}]",ceftibuten|cedax|biaxin|decadron|omnicef|montelukast|epinephrine|vantin|beclomethasone|ciclesonide|singulair|flunisolide|deltasone|clarithromycin|aerobid|zithromax|theo-24|pulmicort respules|airduo respiclick|duoneb,prednisone|methylprednisolone,0.0,0.0,0.0,0.0,0.0,0.0,0.0,0.0,0.0,0.0,0.0,0.0,0.0
eval_0053,"I have a cold with congestion and cough, but now I'm struggling to breathe and my chest hurts. It's getting worse.","[{""name"": ""bronchial_asthma"", ""confidence"": 0.95}, {""name"": ""common_cold"", ""confidence"": 1.0}]","[{""name"": ""breathlessness"", ""confidence"": 0.9563113395658812}, {""name"": ""chest_pain"", ""confidence"": 0.9947042950848263}, {""name"": ""congestion"", ""confidence"": 0.9866302484398521}, {""name"": ""cough"", ""confidence"": 1.0}]",ceftibuten|biaxin|cedax|decadron|omnicef|epinephrine|alahist lq|e.e.s.-400|nasacort aq|rhinocort|actifed|palgic|robitussin cold cough and flu|zicam extreme congestion relief|vantin|sudafed congestion|sitavig|vanatab dx|multaq|rezira,prednisone|methylprednisolone,0.0,0.0,0.0,0.0,0.0,0.0,0.0,0.0,0.0,0.0,0.0,0.0,0.0
eval_0058,"Lately, I've been getting chills and a persistent headache. Should I be worried?","[{""name"": ""malaria"", ""confidence"": 1.0}]","[{""name"": ""chills"", ""confidence"": 1.0}, {""name"": ""headache"", ""confidence"": 1.0}]",coartem|artemether / lumefantrine|stavzor|mefloquine|daraprim|chloroquine|halofantrine|fansidar|halfan|malarone|lariam|pyrimethamine / sulfadoxine|atovaquone / proguanil|tafenoquine|thorazine|hydroxychloroquine|pyrimethamine|haloperidol|haldol|atovaquone,doxycycline|clindamycin,0.0,0.0,0.0,0.0,0.0,0.0,0.0,0.0,0.0,0.0,0.0,0.0,0.0
eval_0030,"My friend has these sneezing fits and a persistent cough, and she's always tired. I wonder if it's allergies or something else.","[{""name"": ""allergy"", ""confidence"": 1.0}]","[{""name"": ""continuous_sneezing"", ""confidence"": 1.0}, {""name"": ""cough"", ""confidence"": 0.3692813577984285}, {""name"": ""fatigue"", ""confidence"": 1.0}]",xolair|omalizumab|aristocort|tetracaine|allegra|fexofenadine|afrin|epinephrine|allergy dn pe|ranitidine|cetirizine|chlorpheniramine|palgic|clarinex|afrin sinus|levocetirizine|afrin original|rezira|actifed|dexchlorpheniramine,prednisone|promethazine|cyproheptadine|methylprednisolone,0.0,0.0,0.0,0.0,0.0,0.0,0.0,0.0,0.0,0.0,0.0,0.0,0.0
eval_0051,"I'm breathless even when resting, and my chest feels tight. I don't know what to do.","[{""name"": ""bronchial_asthma"", ""confidence"": 0.47}]","[{""name"": ""breathlessness"", ""confidence"": 1.0}, {""name"": ""chest_pain"", ""confidence"": 0.9694901706213485}]",ceftibuten|biaxin|omnicef|cedax|decadron|ephedrine|epinephrine|vantin|rocephin|singulair|montelukast|beclomethasone|aerobid|flunisolide|ciclesonide|intal|biaxin xl|deltasone|airduo respiclick|accolate,prednisone,0.0,0.0,0.0,0.0,0.0,0.0,0.0,0.0,0.0,0.0,0.0,0.0,0.0
eval_0050,"My dad has asthma, and I've been feeling breathless after mild activity. Should I be concerned?","[{""name"": ""bronchial_asthma"", ""confidence"": 1.0}]","[{""name"": ""breathlessness"", ""confidence"": 1.0}, {""name"": ""family_history"", ""confidence"": 0.992904717488776}]",duoneb|asthmanefrin|perforomist|theophylline|combivent|accolate|maxair|flovent|theo-24|intal|isoproterenol|arnuity ellipta|aristocort|tiotropium|uniphyl|spiriva|proventil|brovana|proair hfa|zafirlukast,prednisone,0.0,0.0,0.0,0.0,0.0,0.0,0.0,0.0,0.0,0.0,0.0,0.0,0.0
eval_0055,"I'm so tired all the time, and my vision gets blurry sometimes. Also, I've been moody and irritable.","[{""name"": ""diabetes"", ""confidence"": 0.6}, {""name"": ""migraine"", ""confidence"": 0.15}]","[{""name"": ""blurred_and_distorted_vision"", ""confidence"": 0.854868491069307}, {""name"": ""fatigue"", ""confidence"": 1.0}, {""name"": ""irritability"", ""confidence"": 0.4623857091789864}]",lyrica|neurontin|glucose|urea|iluvien|aflibercept|lipofen|glucophage|fortamet|ranibizumab|zecuity|vasopressin|sansert|tricor|lovaza|desmopressin|humalog mix 75 / 25|fioricet|riboflavin|cabergoline,gabapentin|amitriptyline,0.0,0.0,0.0,0.0,0.0,0.0,0.0,0.0,0.0,0.0,0.0,0.0,0.0
eval_0059,"I can't catch my breath, my heart is racing, and I have sharp chest pain when I breathe in.","[{""name"": ""pneumonia"", ""confidence"": 1.0}]","[{""name"": ""breathlessness"", ""confidence"": 0.8605542355857062}, {""name"": ""chest_pain"", ""confidence"": 1.0}, {""name"": ""fast_heart_rate"", ""confidence"": 1.0}]",epogen|ferralet 90|neupogen|procrit|multivitamin with iron|integra f|integra|oxymetholone|lenalidomide|epoetin alfa|maxaron forte|leucovorin|filgrastim|pyrimethamine|pentamidine|atovaquone|primaquine|omnicef|biaxin|invanz,prednisone,0.0,0.0,0.0,0.0,0.0,0.0,0.0,0.0,0.0,0.0,0.0,0.0,0.0
eval_0057,"I can't catch my breath even when resting, and I'm always tired. My cough is getting worse.","[{""name"": ""bronchial_asthma"", ""confidence"": 0.46}, {""name"": ""tuberculosis"", ""confidence"": 0.37}]","[{""name"": ""breathlessness"", ""confidence"": 1.0}, {""name"": ""cough"", ""confidence"": 0.7263730659002785}, {""name"": ""fatigue"", ""confidence"": 0.9691673349700557}]",tiotropium|ceftibuten|perforomist|asthmanefrin|pulmicort respules|advair hfa|albuterol / ipratropium|airduo respiclick|intal inhaler|theophylline|terbutaline|theo-24|pulmicort turbuhaler|aerobid|combivent respimat|arnuity ellipta|combivent|duoneb|intal|proair hfa,prednisone,0.0,0.0,0.0,0.0,0.0,0.0,0.0,0.0,0.0,0.0,0.0,0.0,0.0
eval_0042,"I wake up stiff every day, and lately, I've been sneezing constantly. Could this be related to the weather?","[{""name"": ""allergy"", ""confidence"": 0.98}, {""name"": ""arthritis"", ""confidence"": 1.0}]","[{""name"": ""continuous_sneezing"", ""confidence"": 1.0}, {""name"": ""movement_stiffness"", ""confidence"": 1.0}]",aristocort|loteprednol|lotemax|acthar|deltasone|canakinumab|corticotropin|prednisolone|prednisone|triamcinolone|aspirin|naphazoline|allergy dn pe|alocril|nedocromil|pataday|xolair|epinastine|benadryl allergy sinus|neo-synephrine nasal,prednisone|triamcinolone|methylprednisolone,0.0,0.0,0.0,0.0,0.2,0.666667,1.0,0.276919,0.1,0.666667,1.0,0.276919,0.111111
eval_0070,"I have a cough that produces phlegm, and I get winded easily.","[{""name"": ""bronchial_asthma"", ""confidence"": 0.92}]","[{""name"": ""cough"", ""confidence"": 0.9303423044656093}, {""name"": ""phlegm"", ""confidence"": 0.17001069792687556}]",ceftibuten|cedax|decadron|epinephrine|beclomethasone|biaxin|singulair|omnicef|montelukast|biaxin xl|flunisolide|factive|gemifloxacin|ciclesonide|aerobid|theo-24|perforomist|combivent|arnuity ellipta|airduo respiclick,prednisone,0.0,0.0,0.0,0.0,0.0,0.0,0.0,0.0,0.0,0.0,0.0,0.0,0.0
eval_0068,"I have headaches, a nagging cough, and I'm always tired. Could these be connected?","[{""name"": ""others"", ""confidence"": 1.0}]","[{""name"": ""cough"", ""confidence"": 1.0}, {""name"": ""fatigue"", ""confidence"": 1.0}, {""name"": ""headache"", ""confidence"": 0.9611398888760273}]","carmustine|mekinist|advil cold and sinus|ornex|bamlanivimab and etesevimab|lapatinib|etomidate|bamlanivimab / etesevimab|sine-off maximum strength|aleve-d sinus & cold|gilotrif|advil cold and sinus liqui-gels|deferiprone|naproxen / pseudoephedrine|ibuprofen / pseudoephedrine|sars-cov-2 (covid-19) ad26 vaccine, recombinant|procarbazine|acetaminophen / pseudoephedrine|sudafed pe pressure + pain|sars-cov-2 (covid-19) mrna-1273 vaccine",prednisone|diltiazem,0.0,0.0,0.0,0.0,0.0,0.0,0.0,0.0,0.0,0.0,0.0,0.0,0.0
eval_0072,My neighbor is in so much pain from his hemorrhoids that he's bleeding heavily.,"[{""name"": ""dimorphic_hemmorhoids(piles)"", ""confidence"": 0.79}]","[{""name"": ""bloody_stool"", ""confidence"": 1.0}, {""name"": ""pain_during_bowel_movements"", ""confidence"": 1.0}]",tronolane anesthetic for hemorrhoids|nupercainal|dibucaine|proctofoam|pramoxine / zinc oxide|proctosol-hc|hydrocortisone / lidocaine|phenylephrine / pramoxine|anusol-hc suppositories|anucort-hc|phenylephrine|pramoxine|recticare|proctofoam hc|lidocaine|lmx 5|pramosone|analpram-hc|hydrocortisone / pramoxine|hydrocortisone,hydrocortisone|pramoxine|proctofoam,0.2,0.333333,1.0,0.219256,0.1,0.333333,1.0,0.219256,0.15,1.0,1.0,0.434104,0.25
eval_0069,"Fatigue, joint pain, and muscle weakness – could these symptoms be linked? Find out now.","[{""name"": ""arthritis"", ""confidence"": 0.61}]","[{""name"": ""fatigue"", ""confidence"": 1.0}, {""name"": ""joint_pain"", ""confidence"": 0.637484880336779}, {""name"": ""muscle_weakness"", ""confidence"": 1.0}]",lorcet 10 / 650|apremilast|otezla|myfortic|disalcid|prednicot|orudis kt|bextra|limbrel 500|ansaid|aristocort|mycophenolic acid|lortab|ibu|absorbine jr.|norco|zylet|canakinumab|burosumab|glucosamine,prednisone|methylprednisolone|triamcinolone|naproxen,0.0,0.0,0.0,0.0,0.0,0.0,0.0,0.0,0.0,0.0,0.0,0.0,0.0
eval_0048,"My aunt has been losing weight, coughing up blood, and her joints are swollen. It's a mess.","[{""name"": ""tuberculosis"", ""confidence"": 1.0}]","[{""name"": ""blood_in_sputum"", ""confidence"": 0.9203542840601026}, {""name"": ""joint_pain"", ""confidence"": 0.015206551766029483}, {""name"": ""weight_loss"", ""confidence"": 1.0}]",isoniazid|everolimus|rifadin|streptomycin|isoniazid / rifampin|bcg vaccine|isoniazid / pyrazinamide / rifampin|pretomanid|pyrazinamide|ethambutol|bedaquiline|rifapentine|aminosalicylic acid|cycloserine|crestor|titralac|aciphex sprinkle|chloramphenicol|tagamet hb|rifampin,prednisone|triamcinolone|moxifloxacin|ciprofloxacin,0.0,0.0,0.0,0.0,0.0,0.0,0.0,0.0,0.0,0.0,0.0,0.0,0.0
eval_0066,"I woke up with such severe pain in my hands that I couldn't make a fist, and they're swollen.","[{""name"": ""arthritis"", ""confidence"": 0.72}]","[{""name"": ""swelling_joints"", ""confidence"": 0.8861883435794772}]",otezla|apremilast|ansaid|bextra|lorcet 10 / 650|orudis kt|limbrel 500|lortab|aristocort|ibu|prednicot|zylet|absorbine jr.|relafen|tolectin ds|norco|vicodin|lodine|acetaminophen / propoxyphene|probenecid and colchicine,diclofenac|tramadol,0.0,0.0,0.0,0.0,0.0,0.0,0.0,0.0,0.0,0.0,0.0,0.0,0.0
eval_0074,"My nose won't stop running, I'm coughing, and I'm so tired. Is it a cold or allergies?","[{""name"": ""allergy"", ""confidence"": 1.0}, {""name"": ""common_cold"", ""confidence"": 1.0}]","[{""name"": ""congestion"", ""confidence"": 0.030395264608068722}, {""name"": ""cough"", ""confidence"": 0.926693267411687}, {""name"": ""fatigue"", ""confidence"": 0.646198509793497}, {""name"": ""runny_nose"", ""confidence"": 0.9966515535611723}]",tetracaine|drixoral decongestant non-drowsy|allegra|allergy dn pe|alahist lq|todays health nasal  relief extra moisturizing|cetirizine|neo-synephrine nasal|nasacort aq|palgic|rhinocort|e.e.s.-400|actifed|afrin 4 hour extra moisturizing|afrin|ayr saline nasal|nostrilla|afrin sinus|carbinoxamine|clarinex,promethazine|cyproheptadine,0.0,0.0,0.0,0.0,0.0,0.0,0.0,0.0,0.0,0.0,0.0,0.0,0.0
eval_0076,"Someone at the gym said their partner's knees give out sometimes, making it painful to stand up.","[{""name"": ""arthritis"", ""confidence"": 0.23}]","[{""name"": ""joint_pain"", ""confidence"": 0.601988268725934}]",oruvail|apremilast|otezla|flanax pain reliever|enbrel|etanercept|naprosyn|adalimumab|humira|ibuprofen|kenalog-40|naproxen|lotemax|minocycline|aleve|loteprednol|stelara|kenalog-10|bextra|methotrexate,diclofenac|tramadol|acetaminophen / hydrocodone,0.0,0.0,0.0,0.0,0.0,0.0,0.0,0.0,0.0,0.0,0.0,0.0,0.0
eval_0061,"I've been losing weight without trying, and on top of that, my skin is breaking out with painful pimples. What could this mean?","[{""name"": ""acne"", ""confidence"": 1.0}]","[{""name"": ""pus_filled_pimples"", ""confidence"": 1.0}, {""name"": ""weight_loss"", ""confidence"": 0.9910647851124634}]",wera|trinessa|desquam-x wash|finacea|junel fe 1 / 20|trinessa lo|femhrt|ortho-novum 1 / 35|benzefoam|nuox|chaparral|junel fe 1.5 / 30|necon 1 / 35|loestrin 24 fe|gildess fe 1 / 20|ortho tri-cyclen|inova 4 / 1|loestrin fe 1 / 20|cyclafem 1 / 35|necon 7 / 7 / 7,tretinoin|doxycycline|minocycline,0.0,0.0,0.0,0.0,0.0,0.0,0.0,0.0,0.0,0.0,0.0,0.0,0.0
eval_0082,My moods are all over the place and I get irritated easily. Could it be my thyroid?,"[{""name"": ""hyperthyroidism"", ""confidence"": 0.93}, {""name"": ""hypothyroidism"", ""confidence"": 0.85}]","[{""name"": ""mood_swings"", ""confidence"": 1.0}]",propylthiouracil|levothroid|parathyroid hormone|estring|sodium iodide-i-131|thyroid desiccated|rayaldee|estrace|sensipar|climara|estradiol|natpara|cinacalcet|nexavar|cometriq|trametinib|dabrafenib|sorafenib|thyrotropin alpha|liotrix,thyroid desiccated|armour thyroid|levothyroxine,0.0,0.0,0.0,0.0,0.1,0.333333,1.0,0.135392,0.05,0.333333,1.0,0.135392,0.166667
eval_0060,"I can't bend my fingers properly, and walking is becoming a chore because of the pain in my hips.","[{""name"": ""arthritis"", ""confidence"": 1.0}]","[{""name"": ""movement_stiffness"", ""confidence"": 0.596051323323925}, {""name"": ""painful_walking"", ""confidence"": 0.2908211080000664}]",apremilast|lorcet 10 / 650|orudis kt|otezla|bextra|limbrel 500|ansaid|lortab|prednicot|zylet|ibu|norco|absorbine jr.|osteo bi-flex|tolectin ds|vicodin|lodine|chondroitin / glucosamine|relafen|acetaminophen / propoxyphene,naproxen,0.0,0.0,0.0,0.0,0.0,0.0,0.0,0.0,0.0,0.0,0.0,0.0,0.0
eval_0083,I have this weird skin rash and I'm always exhausted. Do you think these are related?,"[{""name"": ""fungal_infection"", ""confidence"": 0.3}, {""name"": ""psoriasis"", ""confidence"": 0.11}]","[{""name"": ""fatigue"", ""confidence"": 1.0}, {""name"": ""skin_rash"", ""confidence"": 0.9902459251080655}]",chloramphenicol|voriconazole|fluconazole|metronidazole|mycolog ii|ertaczo|minocycline|pedi-dri|oxistat|meropenem|flagyl|sporanox|nyamyc|tioconazole|jublia|griseofulvin|cefotaxime|vancomycin|nafcillin|micon 7,tretinoin|doxycycline|spironolactone|liraglutide,0.0,0.0,0.0,0.0,0.0,0.0,0.0,0.0,0.0,0.0,0.0,0.0,0.0
eval_0065,"I feel dizzy and weak, with a fast heartbeat and cold hands. I'm really worried about what's happening.","[{""name"": ""hyperthyroidism"", ""confidence"": 1.0}]","[{""name"": ""dizziness"", ""confidence"": 0.6653286525767088}, {""name"": ""fast_heart_rate"", ""confidence"": 0.9764913277533745}, {""name"": ""muscle_weakness"", ""confidence"": 1.0}]",sodium iodide-i-131|propylthiouracil|darbepoetin alfa|parathyroid hormone|sensipar|sorafenib|ferrlecit|rayaldee|estring|trametinib|cinacalcet|estrace|levothroid|estradiol|dabrafenib|climara|cenestin|drysol|calcifediol|hypercare,thyroid desiccated|armour thyroid|levothyroxine,0.0,0.0,0.0,0.0,0.0,0.0,0.0,0.0,0.0,0.0,0.0,0.0,0.0
eval_0084,"I can't breathe properly, my heart is pounding, and I have a high fever. I'm really worried.","[{""name"": ""pneumonia"", ""confidence"": 1.0}]","[{""name"": ""breathlessness"", ""confidence"": 0.9104492209607016}, {""name"": ""fast_heart_rate"", ""confidence"": 1.0}, {""name"": ""high_fever"", ""confidence"": 1.0}]",epogen|neupogen|ferralet 90|procrit|multivitamin with iron|integra f|integra|oxymetholone|epoetin alfa|lenalidomide|filgrastim|maxaron forte|pyrimethamine|leucovorin|rifampin|atovaquone|omnicef|biaxin|primaquine|lefamulin,doxycycline|azithromycin|prednisone|clindamycin,0.0,0.0,0.0,0.0,0.0,0.0,0.0,0.0,0.0,0.0,0.0,0.0,0.0
eval_0078,"I sneeze a lot when I'm around pets, and my eyes get watery. How can I manage this?","[{""name"": ""allergy"", ""confidence"": 1.0}]","[{""name"": ""continuous_sneezing"", ""confidence"": 1.0}, {""name"": ""watering_from_eyes"", ""confidence"": 1.0}]",bepreve|alocril|epipen|epinastine|elestat|optivar|sterapred|pataday|lastacaft|zaditor|pemirolast|zymine|patanol|bepotastine|nedocromil|alamast|hyzine|q-dryl|ketotifen|pazeo,prednisone|promethazine,0.0,0.0,0.0,0.0,0.0,0.0,0.0,0.0,0.0,0.0,0.0,0.0,0.0
eval_0063,Chest pain and dizziness occurring occasionally? Stay informed about heart health risks!,"[{""name"": ""hypertension"", ""confidence"": 0.85}]","[{""name"": ""chest_pain"", ""confidence"": 1.0}, {""name"": ""dizziness"", ""confidence"": 0.48141217672738496}]",sectral|plendil|revatio|nuvigil|opsumit|provigil|letairis|levophed|reserpine|flolan|corzide 80 / 5|lumigan|remodulin|monopril|epoprostenol|macitentan|midodrine|combigan|norepinephrine|normodyne,propranolol|verapamil|metoprolol|spironolactone,0.0,0.0,0.0,0.0,0.0,0.0,0.0,0.0,0.0,0.0,0.0,0.0,0.0
eval_0089,These blackheads on my nose won't go away no matter what I try. Should I see a dermatologist?,"[{""name"": ""acne"", ""confidence"": 1.0}]","[{""name"": ""blackheads"", ""confidence"": 0.9999730580260975}]",retapamulin|nuox|benzefoam|trinessa|retin a micro|ortho-novum 1 / 35|gildess fe 1.5 / 30|hexachlorophene|gildess fe 1 / 20|necon 1 / 35|junel fe 1 / 20|necon 7 / 7 / 7|junel fe 1.5 / 30|trinessa lo|loestrin 24 fe|inova 4 / 1|loestrin fe 1 / 20|resorcinol / sulfur|salicylic acid / sulfur|salicylic acid/sulfur,adapalene / benzoyl peroxide,0.0,0.0,0.0,0.0,0.0,0.0,0.0,0.0,0.0,0.0,0.0,0.0,0.0
eval_0075,"Last night, I woke up unable to breathe properly, coughing non-stop with thick phlegm. It was terrifying.","[{""name"": ""bronchial_asthma"", ""confidence"": 0.9}]","[{""name"": ""breathlessness"", ""confidence"": 1.0}, {""name"": ""cough"", ""confidence"": 0.7497717147141255}, {""name"": ""mucoid_sputum"", ""confidence"": 0.7902317174988344}]",cedax|decadron|ceftibuten|aerobid|theo-24|perforomist|duoneb|azmacort|intal|alupent|accolate|epinephrine|theophylline|maxair|airduo respiclick|ephedrine|asthmanefrin|formoterol|flovent|qvar,prednisone,0.0,0.0,0.0,0.0,0.0,0.0,0.0,0.0,0.0,0.0,0.0,0.0,0.0
eval_0087,"I've been getting these awful headaches, and on top of that, it hurts when I pee. What a week!","[{""name"": ""migraine"", ""confidence"": 0.71}, {""name"": ""urinary_tract_infection"", ""confidence"": 0.94}]","[{""name"": ""burning_micturition"", ""confidence"": 0.9987768543878895}, {""name"": ""headache"", ""confidence"": 1.0}]",elavil|memantine|venlafaxine|vantin|amitriptyline|sodium bicarbonate|clarithromycin|cranberry|allopurinol|uristat|citric acid / potassium citrate|phenazopyridine|cubicin|cefixime|goldenseal|sansert|vaniqa|tamsulosin|risperdal m-tab|cytra-k,amitriptyline|venlafaxine|elavil,0.6,1.0,1.0,0.88546,0.3,1.0,1.0,0.88546,0.15,1.0,1.0,0.88546,1.0
eval_0093,"I'm vomiting, my joints are swollen, and I have intense abdominal pain. What's happening to me?","[{""name"": ""alcoholic_hepatitis"", ""confidence"": 0.31}, {""name"": ""arthritis"", ""confidence"": 0.11}]","[{""name"": ""abdominal_pain"", ""confidence"": 1.0}, {""name"": ""joint_pain"", ""confidence"": 0.93719793685923}, {""name"": ""swelling_joints"", ""confidence"": 0.6110708053693309}, {""name"": ""vomiting"", ""confidence"": 1.0}]",pancreatin|cellcept|azathioprine|hi-vegi-lip|zenpep|crisaborole|pancrelipase|imuran|mycophenolate mofetil|betamethasone|diprolene af|purinethol|eucrisa|pancreaze|creon|protopic|lidex|tacrolimus|topicort|alclometasone,doxycycline|prednisone,0.0,0.0,0.0,0.0,0.0,0.0,0.0,0.0,0.0,0.0,0.0,0.0,0.0
eval_0073,"My colleague has a cough and phlegm, but also itching on his scalp. He thinks it's from stress.","[{""name"": ""common_cold"", ""confidence"": 0.43}, {""name"": ""fungal_infection"", ""confidence"": 0.62}]","[{""name"": ""cough"", ""confidence"": 1.0}, {""name"": ""itching"", ""confidence"": 1.0}, {""name"": ""phlegm"", ""confidence"": 0.3050569323327572}]",xylometazoline|albendazole|alahist lq|afrin|actifed|lorabid|sitavig|e.e.s.-400|acyclovir / hydrocortisone|sildec-pe dm|maxifed dm|robitussin cold cough and flu|afrin sinus|zutripro|afrin original|afrin nodrip sinus|rhinocort|benzyl alcohol|rezira|naphazoline,doxycycline|azithromycin|prednisone|clindamycin|minocycline,0.0,0.0,0.0,0.0,0.0,0.0,0.0,0.0,0.0,0.0,0.0,0.0,0.0
eval_0095,"I feel extremely weak, and I'm coughing so much that I sometimes vomit. I have a mild fever.","[{""name"": ""pneumonia"", ""confidence"": 0.89}, {""name"": ""tuberculosis"", ""confidence"": 0.22}]","[{""name"": ""cough"", ""confidence"": 0.990514985087713}, {""name"": ""fatigue"", ""confidence"": 0.37953534063844774}, {""name"": ""mild_fever"", ""confidence"": 0.9903819709805097}, {""name"": ""vomiting"", ""confidence"": 1.0}]",rifampin|rifadin|isoniazid|pretomanid|everolimus|rifapentine|streptomycin|isoniazid / rifampin|bedaquiline|ethambutol|bcg vaccine|pyrazinamide|aminosalicylic acid|isoniazid / pyrazinamide / rifampin|cycloserine|bcg|ferralet 90|rifabutin|calci-chew|procrit,prednisone,0.0,0.0,0.0,0.0,0.0,0.0,0.0,0.0,0.0,0.0,0.0,0.0,0.0
eval_0092,"The acne on my back is so severe with pus-filled bumps that are swollen and painful, and I'm worried about scarring.","[{""name"": ""acne"", ""confidence"": 1.0}]","[{""name"": ""pus_filled_pimples"", ""confidence"": 1.0}]",ortho-novum 1 / 35|junel fe 1 / 20|necon 7 / 7 / 7|hexachlorophene|benzefoam|ortho tri-cyclen|junel fe 1.5 / 30|salicylic acid/sulfur|salicylic acid / sulfur|gildess fe 1 / 20|trinessa|gildess fe 1.5 / 30|necon 1 / 35|loestrin fe 1 / 20|nortrel 1 / 35|trinessa lo|resorcinol / sulfur|norinyl 1+35|vestura|nuox,adapalene / benzoyl peroxide,0.0,0.0,0.0,0.0,0.0,0.0,0.0,0.0,0.0,0.0,0.0,0.0,0.0
eval_0094,It hurts when I pee and I always feel like I need to go to the bathroom. What could this be?,"[{""name"": ""urinary_tract_infection"", ""confidence"": 1.0}]","[{""name"": ""burning_micturition"", ""confidence"": 0.9597005708852023}, {""name"": ""continuous_feel_of_urine"", ""confidence"": 1.0}]",vaniqa|uristat|sanctura|cubicin|flomax|eflornithine|cytra-k|cranberry|doribax|pyridium|tamsulosin|bumetanide|neostigmine|bactroban|goldenseal|elmiron|leuprolide|daptomycin|ascorbic acid|azo urinary pain relief,doxycycline,0.0,0.0,0.0,0.0,0.0,0.0,0.0,0.0,0.0,0.0,0.0,0.0,0.0
eval_0079,"My throat is scratchy, and I have acid reflux, plus my nose is stuffy. Is this related or just bad luck?","[{""name"": ""common_cold"", ""confidence"": 0.99}, {""name"": ""gerd"", ""confidence"": 1.0}]","[{""name"": ""acidity"", ""confidence"": 1.0}, {""name"": ""congestion"", ""confidence"": 0.9428026873699078}, {""name"": ""throat_irritation"", ""confidence"": 1.0}]",chloraseptic sore throat spray|ranitidine|cimetidine|lansoprazole|aluminum hydroxide / magnesium hydroxide / simethicone|famotidine|omeprazole|pantoprazole|alahist lq|rynatan|todays health nasal  relief extra moisturizing|naphazoline|mucinex d|veramyst|retre-gel|actifed|allergy dn pe|lorabid|e.e.s.-400|palgic,lansoprazole|ranitidine|omeprazole|pantoprazole,0.4,0.5,1.0,0.352059,0.4,1.0,1.0,0.620374,0.2,1.0,1.0,0.620374,0.5
eval_0097,My sister feels dizzy and has a headache with congestion. She's not sure what's going on.,"[{""name"": ""common_cold"", ""confidence"": 0.97}, {""name"": ""hypertension"", ""confidence"": 0.2}]","[{""name"": ""congestion"", ""confidence"": 1.0}, {""name"": ""dizziness"", ""confidence"": 0.8206860672814221}, {""name"": ""headache"", ""confidence"": 0.8223524858201181}]",cardizem|phenylephrine|sudafed congestion|palgic|acetaminophen / phenyltoloxamine|sitavig|veramyst|actifed|diltiazem|e.e.s.-400|alahist lq|privine|drixoral decongestant non-drowsy|nasarel|naphazoline|denavir|nostrilla|zicam extreme congestion relief|zutripro|afrin,promethazine|meclizine|phenylephrine|propranolol,0.2,0.25,1.0,0.206078,0.1,0.25,1.0,0.206078,0.05,0.25,1.0,0.206078,0.5
eval_0102,My belly is swollen and I feel like I'm retaining water. What should I do?,"[{""name"": ""alcoholic_hepatitis"", ""confidence"": 1.0}]","[{""name"": ""fluid_overload"", ""confidence"": 0.9735174053696071}, {""name"": ""swelling_of_stomach"", ""confidence"": 1.0}]",crisaborole|pancreatin|hi-vegi-lip|pancrelipase|eucrisa|pancreaze|purinethol|creon|zenpep|diprolene af|protopic|cellcept|dupixent|cutivate|capex|pimecrolimus|azathioprine|olux-e|elidel|imuran,prednisone|methylprednisolone,0.0,0.0,0.0,0.0,0.0,0.0,0.0,0.0,0.0,0.0,0.0,0.0,0.0
eval_0096,"Lately, my knees hurt when I walk, and I also have this dull ache in my belly.","[{""name"": ""osteoarthristis"", ""confidence"": 0.28}]","[{""name"": ""abdominal_pain"", ""confidence"": 1.0}, {""name"": ""joint_pain"", ""confidence"": 0.9054235354394342}, {""name"": ""knee_pain"", ""confidence"": 1.0}, {""name"": ""painful_walking"", ""confidence"": 0.5073794439436271}]",ditropan xl|naprosyn|aleve|sucralfate|ibuprofen|oxybutynin|flanax pain reliever|naproxen|lidocaine|ofloxacin|smz-tmp ds|cipro|absorbine jr.|ciprofloxacin|doxycycline|orudis kt|levofloxacin|triamcinolone|lorcet 10 / 650|limbrel 500,triamcinolone|sucralfate,0.2,0.5,1.0,0.303161,0.1,0.5,1.0,0.303161,0.1,1.0,1.0,0.413633,0.25
eval_0100,I have bloody diarrhea and severe pain in my anal area. It's been getting worse over the hours.,"[{""name"": ""dimorphic_hemmorhoids(piles)"", ""confidence"": 0.98}]","[{""name"": ""bloody_stool"", ""confidence"": 1.0}, {""name"": ""diarrhoea"", ""confidence"": 0.5858118575953657}]",proctofoam|dibucaine|proctosol-hc|nupercainal|pramoxine / zinc oxide|hydrocortisone / lidocaine|phenylephrine / pramoxine|tronolane anesthetic for hemorrhoids|anusol-hc suppositories|anucort-hc|pramoxine|hydrocortisone / pramoxine|pramosone|lidocaine|recticare|analpram-hc|lmx 5|proctofoam hc|phenylephrine|hydrocortisone,hydrocortisone|hydrocortisone / pramoxine|lidocaine,0.0,0.0,0.0,0.0,0.0,0.0,0.0,0.0,0.15,1.0,1.0,0.337898,0.083333
eval_0103,I can't put any weight on my right leg because the hip pain is excruciating.,"[{""name"": ""arthritis"", ""confidence"": 0.46}, {""name"": ""osteoarthristis"", ""confidence"": 0.4}]","[{""name"": ""hip_joint_pain"", ""confidence"": 0.9148679647023888}, {""name"": ""painful_walking"", ""confidence"": 0.911637097775684}]",naprosyn|flanax pain reliever|ibuprofen|naproxen|aleve|ditropan xl|sucralfate|oxybutynin|doxycycline|lorcet 10 / 650|relafen|triamcinolone|limbrel 500|orudis kt|norco|absorbine jr.|ansaid|bextra|prednicot|smz-tmp ds,naproxen|triamcinolone,0.2,0.5,1.0,0.303161,0.1,0.5,1.0,0.303161,0.1,1.0,1.0,0.429978,0.25
eval_0111,"My neighbor's dog makes me sneeze continuously, and my eyes start watering. I just avoid going over there.","[{""name"": ""allergy"", ""confidence"": 1.0}]","[{""name"": ""continuous_sneezing"", ""confidence"": 1.0}, {""name"": ""watering_from_eyes"", ""confidence"": 1.0}]",optivar|bepreve|alocril|lastacaft|zaditor|sterapred|elestat|pemirolast|zymine|epinastine|epipen|nedocromil|bepotastine|pataday|q-dryl|patanol|alamast|hyzine|triprolidine|ketotifen,prednisone|promethazine,0.0,0.0,0.0,0.0,0.0,0.0,0.0,0.0,0.0,0.0,0.0,0.0,0.0
eval_0107,"My friend has been having diarrhea, and on top of that, her skin is peeling badly. I wonder if it's connected.","[{""name"": ""gastroenteritis"", ""confidence"": 0.83}, {""name"": ""psoriasis"", ""confidence"": 0.87}]","[{""name"": ""diarrhoea"", ""confidence"": 1.0}, {""name"": ""skin_peeling"", ""confidence"": 1.0}]",compazine|thorazine|haldol|haloperidol|prochlorperazine|chlorpromazine|lidex|amevive|minocycline|alefacept|topicort lp|navane|doxycycline|elocon|desonide|pyrantel|psoriasin|flurandrenolide|scytera|desoximetasone,prednisone|mometasone|clobetasol,0.0,0.0,0.0,0.0,0.0,0.0,0.0,0.0,0.0,0.0,0.0,0.0,0.0
eval_0086,"My face is covered in pus-filled pimples, and I feel so tired and hungry all the time. Is this related?","[{""name"": ""acne"", ""confidence"": 1.0}, {""name"": ""diabetes"", ""confidence"": 0.9}]","[{""name"": ""fatigue"", ""confidence"": 0.9583796521397562}, {""name"": ""pus_filled_pimples"", ""confidence"": 1.0}]",tretinoin|trinessa|femhrt|finacea|junel fe 1 / 20|necon 1 / 35|trinessa lo|inova 4 / 1|loestrin 24 fe|benzefoam|desquam-x wash|cyclafem 1 / 35|vincasar pfs|ortho-novum 1 / 35|necon 7 / 7 / 7|nortrel 1 / 35|junel fe 1.5 / 30|retin a micro|nuox|loestrin fe 1 / 20,tretinoin|doxycycline|spironolactone|liraglutide|victoza|clindamycin,0.2,0.166667,1.0,0.33916,0.1,0.166667,1.0,0.31388,0.05,0.166667,1.0,0.31388,1.0
eval_0067,I have neck pain that comes with headaches and sometimes my vision gets spotty. Could this be linked?,"[{""name"": ""cervical_spondylosis"", ""confidence"": 0.8}, {""name"": ""migraine"", ""confidence"": 0.99}]","[{""name"": ""headache"", ""confidence"": 0.2861061272523826}, {""name"": ""neck_pain"", ""confidence"": 1.0}, {""name"": ""visual_disturbances"", ""confidence"": 0.3521209635309662}]",lioresal|baclofen|dysport|myobloc|abobotulinumtoxina|incobotulinumtoxina|botox|xeomin|botulinum toxin type b|onabotulinumtoxina|naproxen|axert|sansert|ibuprofen|excedrin sinus headache|aleve|klonopin|alsuma|esgic|imitrex nasal,onabotulinumtoxina|botox|naproxen|ibuprofen|aleve,0.0,0.0,0.0,0.0,0.2,0.4,1.0,0.248038,0.25,1.0,1.0,0.45515,0.142857
eval_0106,"My knees hurt every morning when I wake up, and it's hard to bend them. It feels stiff for a while.","[{""name"": ""arthritis"", ""confidence"": 1.0}]","[{""name"": ""joint_pain"", ""confidence"": 0.34000517633884947}, {""name"": ""movement_stiffness"", ""confidence"": 1.0}]",kneerelief|bextra|lortab|orudis kt|ansaid|lorcet 10 / 650|zylet|disalcid|limbrel 500|absorbine jr.|apremilast|naprosyn|naproxen|ibuprofen|aleve|prednicot|otezla|flanax pain reliever|lotemax|loteprednol,prednisone|enbrel,0.0,0.0,0.0,0.0,0.0,0.0,0.0,0.0,0.0,0.0,0.0,0.0,0.0
eval_0090,I have some itching on my skin and occasional discomfort when urinating. Are these related or separate issues?,"[{""name"": ""fungal_infection"", ""confidence"": 0.97}, {""name"": ""urinary_tract_infection"", ""confidence"": 0.77}]","[{""name"": ""itching"", ""confidence"": 1.0}]",acidophilus|itraconazole|diflucan|doripenem|lactobacillus acidophilus|fluconazole|amphotericin b|flucytosine|meropenem|methenamine|hiprex|rocephin|cefepime|unasyn|zyvox|linezolid|cefazolin|smz-tmp ds|ampicillin / sulbactam|nyamyc,sulfamethoxazole / trimethoprim|bactrim|fluconazole,0.0,0.0,0.0,0.0,0.1,0.333333,1.0,0.16716,0.05,0.333333,1.0,0.16716,0.166667
eval_0115,"My eyes are always teary, and I have stiffness in my joints. Do you think it's allergies or something else?","[{""name"": ""allergy"", ""confidence"": 0.99}, {""name"": ""arthritis"", ""confidence"": 1.0}]","[{""name"": ""movement_stiffness"", ""confidence"": 1.0}, {""name"": ""watering_from_eyes"", ""confidence"": 0.9434716112293203}]",acthar|aristocort|lotemax|loteprednol|bextra|zylet|ansaid|orudis kt|lortab|deltasone|lorcet 10 / 650|corticotropin|oasis tears|apremilast|absorbine jr.|disalcid|ibu|prednisolone|otezla|limbrel 500,prednisone|triamcinolone|corticotropin|prednisolone|loteprednol|lotemax,0.4,0.333333,1.0,0.315648,0.2,0.333333,1.0,0.292121,0.2,0.666667,1.0,0.422559,0.333333
eval_0110,My cough won't go away and I'm always congested. Could it be more than just a cold?,"[{""name"": ""common_cold"", ""confidence"": 1.0}]","[{""name"": ""congestion"", ""confidence"": 1.0}, {""name"": ""cough"", ""confidence"": 1.0}]",sudafed congestion|e.e.s.-400|palgic|sitavig|nostrilla|orajel|lorabid|denavir|coricidin hbp cough & cold|drixoral cold / flu|sotalol|echinacea|sudafed pe congestion|maxifed dm|loracarbef|tambocor|naphazoline|sildec-pe dm|drixoral decongestant non-drowsy|sudafed 12-hour,prednisone,0.0,0.0,0.0,0.0,0.0,0.0,0.0,0.0,0.0,0.0,0.0,0.0,0.0
eval_0099,"My father's joints are swollen, and he suddenly came down with a high fever and chills, shaking uncontrollably.","[{""name"": ""others"", ""confidence"": 1.0}]","[{""name"": ""chills"", ""confidence"": 0.5382363929470618}, {""name"": ""high_fever"", ""confidence"": 0.9951696774187156}, {""name"": ""joint_pain"", ""confidence"": 0.8795497641596637}, {""name"": ""swelling_joints"", ""confidence"": 0.7623323750870513}]",aristocort|colcrys|thorazine|haloperidol|haldol|kenalog-40|canakinumab|hydroxychloroquine|doxycycline|tetracycline|smz-tmp ds|doxy 100|lotemax|methylprednisolone|bextra|prednisolone|sucralfate|minocycline|cephalexin|prednisone,prednisone|methylprednisolone|triamcinolone,0.0,0.0,0.0,0.0,0.0,0.0,0.0,0.0,0.1,0.666667,1.0,0.226956,0.071429
eval_0119,"I've been feeling really run down with a mild fever, and I have a cough. Also, it stings when I urinate sometimes.","[{""name"": ""urinary_tract_infection"", ""confidence"": 0.95}]","[{""name"": ""burning_micturition"", ""confidence"": 0.6054895657395511}, {""name"": ""cough"", ""confidence"": 0.8129674800357569}, {""name"": ""mild_fever"", ""confidence"": 1.0}]",bcg|urispas|uricalm|rocephin|bethanechol|cefditoren|fluconazole|vantin|meropenem|gentamicin|moxifloxacin|uristat|clarithromycin|cefixime|suprax|tamsulosin|cefzil|cytra-k|amikacin|cubicin,doxycycline|ciprofloxacin,0.0,0.0,0.0,0.0,0.0,0.0,0.0,0.0,0.0,0.0,0.0,0.0,0.0
eval_0112,"I have a mild fever, I'm always fatigued, and headaches are frequent. Could this be something serious?","[{""name"": ""others"", ""confidence"": 1.0}]","[{""name"": ""fatigue"", ""confidence"": 1.0}, {""name"": ""headache"", ""confidence"": 0.9326601506733032}, {""name"": ""mild_fever"", ""confidence"": 0.9888565589101979}]",myleran|promacta|midostaurin|anagrelide|ulipristal|sargramostim|vitamin a & d|colcrys|amphotericin b liposomal|librium|kava|my way|multivitamin|diprivan|lessina|aviane|pentothal|ketalar|bamlanivimab / etesevimab|ferrous fumarate,valacyclovir|valtrex|acyclovir,0.0,0.0,0.0,0.0,0.0,0.0,0.0,0.0,0.0,0.0,0.0,0.0,0.0
eval_0109,"My joints are stiff in the morning, and I have itchy, discolored patches on my skin. Are these related?","[{""name"": ""arthritis"", ""confidence"": 1.0}, {""name"": ""fungal_infection"", ""confidence"": 0.93}, {""name"": ""psoriasis"", ""confidence"": 0.32}]","[{""name"": ""dischromic_patches"", ""confidence"": 0.2070603927277016}, {""name"": ""itching"", ""confidence"": 1.0}, {""name"": ""movement_stiffness"", ""confidence"": 0.3743444690158197}]",methotrexate|otezla|apremilast|chloramphenicol|mycolog ii|mechlorethamine|nyamyc|oxistat|jublia|lamisil|naftifine|clioquinol|lincomycin|sporanox|naftin|ciclodan|spectazole|terbinafine|econazole|tolnaftate,minocycline|methotrexate,0.2,0.5,1.0,0.703918,0.1,0.5,1.0,0.703918,0.05,0.5,1.0,0.703918,1.0
eval_0124,"Whenever I'm around pollen, I start sneezing, my eyes water, and I can't catch my breath. It's really scary.","[{""name"": ""allergy"", ""confidence"": 1.0}]","[{""name"": ""breathlessness"", ""confidence"": 0.9172551291949412}, {""name"": ""continuous_sneezing"", ""confidence"": 1.0}, {""name"": ""watering_from_eyes"", ""confidence"": 1.0}]",bepreve|optivar|alocril|epipen|sterapred|q-dryl|bepotastine|zaditor|zymine|epinastine|elestat|ragweed pollen allergen extract|lastacaft|xolair|pataday|pemirolast|alamast|nedocromil|triprolidine|patanol,prednisone|triamcinolone|omalizumab|xolair|cromolyn,0.0,0.0,0.0,0.0,0.0,0.0,0.0,0.0,0.05,0.2,1.0,0.068003,0.071429
eval_0131,"I have a cough and trouble breathing, but also diarrhea. Could these be related?","[{""name"": ""bronchial_asthma"", ""confidence"": 0.82}, {""name"": ""gastroenteritis"", ""confidence"": 0.16}]","[{""name"": ""breathlessness"", ""confidence"": 1.0}, {""name"": ""cough"", ""confidence"": 1.0}, {""name"": ""diarrhoea"", ""confidence"": 1.0}]",dexamethasone intensol|floxin|aerobid|theo-24|ceftibuten|intal inhaler|duoneb|airduo respiclick|intal|combivent|asthmanefrin|pulmicort respules|theophylline|advair diskus|flovent|perforomist|cedax|tiotropium|accolate|biaxin,azithromycin|prednisone|ceftriaxone,0.0,0.0,0.0,0.0,0.0,0.0,0.0,0.0,0.0,0.0,0.0,0.0,0.0
eval_0121,"I have muscle pain all over, chills, and my knees are swollen. I'm not sure what's going on.","[{""name"": ""arthritis"", ""confidence"": 0.18}]","[{""name"": ""chills"", ""confidence"": 1.0}, {""name"": ""muscle_pain"", ""confidence"": 1.0}, {""name"": ""swelling_joints"", ""confidence"": 0.5320627023999797}]",lotemax|loteprednol|canakinumab|colcrys|kneerelief|aristocort|acthar|hydroxychloroquine|corticotropin|aspirin|orudis kt|lorcet 10 / 650|bextra|ansaid|disalcid|limbrel 500|deltasone|norco|kenalog-40|absorbine jr.,doxycycline|hydroxychloroquine,0.0,0.0,0.0,0.0,0.1,0.5,1.0,0.193426,0.05,0.5,1.0,0.193426,0.125
eval_0135,"My grandfather has been getting headaches and chest pain, and he sweats a lot. We're concerned it might be serious.","[{""name"": ""hypertension"", ""confidence"": 0.27}]","[{""name"": ""chest_pain"", ""confidence"": 0.9698544728759532}, {""name"": ""headache"", ""confidence"": 0.8492668904580005}, {""name"": ""sweating"", ""confidence"": 0.9971091168690236}]",iobenguane i 131|hydrea|nitroglycerin|metoprolol tartrate|anagrelide|myleran|catapres|corgard|propranolol|warfarin|pyrimethamine|primaquine|metoprolol|nadolol|ephedrine|atenolol|atovaquone|verapamil|calan sr|lopressor,propranolol|metoprolol,0.0,0.0,0.0,0.0,0.1,0.5,1.0,0.184576,0.1,1.0,1.0,0.345619,0.111111
eval_0117,These pimples on my cheeks are filled with pus and leaving scars.,"[{""name"": ""acne"", ""confidence"": 1.0}]","[{""name"": ""pus_filled_pimples"", ""confidence"": 1.0}, {""name"": ""scurring"", ""confidence"": 0.6586314780973165}]",loestrin 24 fe|junel fe 1 / 20|necon 1 / 35|trinessa|inova 4 / 1|junel fe 1.5 / 30|necon 7 / 7 / 7|trinessa lo|benzefoam|loestrin fe 1 / 20|gildess fe 1 / 20|microgestin fe 1 / 20|retin a micro|nuox|ortho-novum 1 / 35|salicylic acid/sulfur|salicylic acid / sulfur|gildess fe 1.5 / 30|microgestin fe 1.5 / 30|resorcinol / sulfur,adapalene / benzoyl peroxide,0.0,0.0,0.0,0.0,0.0,0.0,0.0,0.0,0.0,0.0,0.0,0.0,0.0
eval_0116,"I'm overweight, always craving food, and get frequent headaches. Could these be connected to health issues?","[{""name"": ""diabetes"", ""confidence"": 0.93}, {""name"": ""migraine"", ""confidence"": 0.16}]","[{""name"": ""obesity"", ""confidence"": 1.0}]",neurontin|lyrica|pregabalin|topiramate|nortriptyline|topamax|gabapentin|lisinopril|fioricet|acetaminophen / butalbital / caffeine|calan|aspirin / butalbital / caffeine / codeine|prodrin|axert|amrix|bupap|sansert|phrenilin|acetaminophen / butalbital / caffeine / codeine|acetaminophen / phenyltoloxamine,gabapentin|pregabalin|topiramate|clonidine|onabotulinumtoxina,0.4,0.4,1.0,0.304473,0.3,0.6,1.0,0.393033,0.15,0.6,1.0,0.393033,0.333333
eval_0104,My friend has been coughing for weeks and looks really tired and thin.,"[{""name"": ""tuberculosis"", ""confidence"": 0.21}]","[{""name"": ""cough"", ""confidence"": 1.0}, {""name"": ""fatigue"", ""confidence"": 1.0}]",isoniazid|everolimus|streptomycin|bedaquiline|pretomanid|isoniazid / rifampin|isoniazid / pyrazinamide / rifampin|rifadin|rifapentine|ethambutol|cycloserine|pyrazinamide|aminosalicylic acid|bcg vaccine|rifampin|rifabutin|chloramphenicol|crestor|aciphex sprinkle|bcg,rifabutin,0.0,0.0,0.0,0.0,0.0,0.0,0.0,0.0,0.05,1.0,1.0,0.244651,0.0625
eval_0122,Feeling exhausted from constant coughing? Explore possible solutions.,"[{""name"": ""others"", ""confidence"": 1.0}]","[{""name"": ""cough"", ""confidence"": 0.9914143810668024}, {""name"": ""fatigue"", ""confidence"": 1.0}]",doxorubicin liposomal|xarelto|e.e.s.-400|robitussin cold cough and flu|pegfilgrastim|afrin 4 hour extra moisturizing|pegademase bovine|idelalisib|bendamustine|treanda|prograf|edoxaban|sine-off maximum strength|alahist lq|neulasta|fluoxymesterone|bamlanivimab / etesevimab|mucinex fast-max severe congestion & cough|bamlanivimab and etesevimab|sars-cov-2 (covid-19) mrna-1273 vaccine,prednisone,0.0,0.0,0.0,0.0,0.0,0.0,0.0,0.0,0.0,0.0,0.0,0.0,0.0
eval_0125,"My stomach hurts, I feel nauseous, and my urine smells funny. Is this something serious?","[{""name"": ""urinary_tract_infection"", ""confidence"": 1.0}]","[{""name"": ""abdominal_pain"", ""confidence"": 1.0}, {""name"": ""foul_smell_of urine"", ""confidence"": 0.9997862452323925}, {""name"": ""nausea"", ""confidence"": 1.0}]",phosphorated carbohydrate solution|sanctura|eflornithine|vaniqa|bactroban|ascorbic acid|flomax|tamsulosin|uristat|risperdal m-tab|cranberry|cubicin|doribax|elmiron|cytra-k|azo-standard|goldenseal|leuprolide|sanctura xr|fosfomycin,doxycycline|sulfamethoxazole / trimethoprim|azithromycin,0.0,0.0,0.0,0.0,0.0,0.0,0.0,0.0,0.0,0.0,0.0,0.0,0.0
eval_0138,"I feel so lethargic, my mood is all over the place, and I've been sweating more than usual even when it's not hot. Any clues?","[{""name"": ""hyperthyroidism"", ""confidence"": 1.0}, {""name"": ""hypoglycemia"", ""confidence"": 0.58}, {""name"": ""hypothyroidism"", ""confidence"": 0.71}]","[{""name"": ""mood_swings"", ""confidence"": 1.0}, {""name"": ""sweating"", ""confidence"": 0.9889362942093621}]",parathyroid hormone|calcifediol|estring|ergocalciferol|sorafenib|estrace|cinacalcet|rayaldee|sensipar|estradiol|etelcalcetide|natpara|climara|trametinib|propylthiouracil|levothroid|teprotumumab|estradiol / norethindrone|doxercalciferol|cenestin,thyroid desiccated|armour thyroid,0.0,0.0,0.0,0.0,0.0,0.0,0.0,0.0,0.0,0.0,0.0,0.0,0.0
eval_0130,My knees and hands have been aching and swollen for weeks. It's worse in the morning. What could this be?,"[{""name"": ""arthritis"", ""confidence"": 0.75}]","[{""name"": ""joint_pain"", ""confidence"": 0.7632383545580833}, {""name"": ""swelling_joints"", ""confidence"": 0.9933616140237312}]",kneerelief|flanax pain reliever|lotemax|apremilast|sodium hyaluronate|loteprednol|naproxen|kenalog-40|methylprednisolone|otezla|ibuprofen|naprosyn|etanercept|lorcet 10 / 650|adalimumab|stelara|absorbine jr.|hydrocortisone|betamethasone|doxycycline,prednisone|enbrel|naproxen,0.0,0.0,0.0,0.0,0.1,0.333333,1.0,0.190047,0.05,0.333333,1.0,0.190047,0.142857
eval_0129,My headaches come with nausea and I feel irritable. Could it be migraines?,"[{""name"": ""migraine"", ""confidence"": 1.0}]","[{""name"": ""headache"", ""confidence"": 0.9422970444110044}, {""name"": ""irritability"", ""confidence"": 0.30926274352296523}]",fioricet|axert|esgic|prodrin|amrix|excedrin sinus headache|sansert|phrenilin|wellbutrin|calan|alsuma|zecuity|klonopin|flexeril|esgic-plus|bupap|imitrex nasal|sterapred ds|excedrin pm|epidrin,propranolol,0.0,0.0,0.0,0.0,0.0,0.0,0.0,0.0,0.0,0.0,0.0,0.0,0.0
eval_0133,"I have scaly skin on my elbows, and recently my wrists have started hurting and feel stiff.","[{""name"": ""arthritis"", ""confidence"": 0.73}, {""name"": ""psoriasis"", ""confidence"": 1.0}]","[{""name"": ""joint_pain"", ""confidence"": 1.0}, {""name"": ""movement_stiffness"", ""confidence"": 0.5187776286632281}, {""name"": ""silver_like_dusting"", ""confidence"": 0.3060632605936357}, {""name"": ""skin_rash"", ""confidence"": 0.8202794540216839}]",apremilast|otezla|stelara|cosentyx|etanercept|enbrel|kenalog-10|otrexup|scytera|remicade|methotrexate|adalimumab|ustekinumab|humira|secukinumab|amevive|topicort lp|navane|prednisolone|alefacept,prednisone|enbrel|stelara|ustekinumab|adalimumab,0.2,0.2,1.0,0.177336,0.2,0.4,1.0,0.303673,0.2,0.8,1.0,0.492673,0.333333
eval_0146,"I've been feeling really tired lately and peeing a lot. Also, I'm always hungry even after eating.","[{""name"": ""diabetes"", ""confidence"": 1.0}]","[{""name"": ""excessive_hunger"", ""confidence"": 0.9663846549731365}, {""name"": ""fatigue"", ""confidence"": 0.548230341914878}, {""name"": ""polyuria"", ""confidence"": 1.0}]",exubera|glucophage|fortamet|avandamet|iluvien|desmopressin|eylea|relion / novolin 70 / 30|vasopressin|ddavp|humalog mix 75 / 25|gabarone|toujeo|sodium bicarbonate|glimepiride / rosiglitazone|novolin 70 / 30|insulin aspart / insulin aspart protamine|insulin lispro / insulin lispro protamine|glucophage xr|insulin aspart / insulin degludec,liraglutide|victoza,0.0,0.0,0.0,0.0,0.0,0.0,0.0,0.0,0.0,0.0,0.0,0.0,0.0
eval_0151,"I have a runny nose, sneezing, and a slight cough. Could it be allergies or just a cold?","[{""name"": ""allergy"", ""confidence"": 0.99}, {""name"": ""common_cold"", ""confidence"": 1.0}]","[{""name"": ""continuous_sneezing"", ""confidence"": 0.7470993847706751}, {""name"": ""cough"", ""confidence"": 0.520780073355388}, {""name"": ""runny_nose"", ""confidence"": 1.0}]",cetirizine|tetracaine|zyrtec|allegra|chlorpheniramine|fexofenadine|levocetirizine|clarinex|carbinoxamine|olopatadine|loratadine|dexchlorpheniramine|chlor-trimeton|desloratadine|claritin|xyzal|azelastine|allergy dn pe|epinephrine|ranitidine,prednisone|promethazine|cyproheptadine,0.0,0.0,0.0,0.0,0.0,0.0,0.0,0.0,0.0,0.0,0.0,0.0,0.0
eval_0150,"I've lost a lot of weight without trying, and I have a fever that won't go away. I'm so worried.","[{""name"": ""aids"", ""confidence"": 0.97}]","[{""name"": ""high_fever"", ""confidence"": 0.14660437103139023}, {""name"": ""weight_loss"", ""confidence"": 0.7131550053399769}]",t-diet|suprenza|polatuzumab vedotin|fludara|rifabutin|folotyn|dexasone|treanda|ofatumumab|filgrastim|axicabtagene ciloleucel|venetoclax|obinutuzumab|phentercot|somatropin|duvelisib|everolimus|ondansetron|isoniazid|serostim,rifabutin,0.2,1.0,1.0,0.386853,0.1,1.0,1.0,0.386853,0.05,1.0,1.0,0.386853,0.2
eval_0136,"My cousin has these itchy, scaly spots on her skin, and her fingers are so swollen she can barely bend them.","[{""name"": ""arthritis"", ""confidence"": 0.69}, {""name"": ""psoriasis"", ""confidence"": 0.99}]","[{""name"": ""internal_itching"", ""confidence"": 1.0}, {""name"": ""itching"", ""confidence"": 0.596421140368032}, {""name"": ""joint_pain"", ""confidence"": 0.5218384718180041}, {""name"": ""swelling_joints"", ""confidence"": 0.8055998918715138}]",otezla|apremilast|scytera|amevive|prolixin|navane|topicort lp|alefacept|cosentyx|methotrexate|trilafon|stelara|remicade|anthralin|adalimumab|fluphenazine|etanercept|humira|enbrel|prednisolone,prednisone|dexamethasone|adalimumab|humira|methylprednisolone,0.0,0.0,0.0,0.0,0.0,0.0,0.0,0.0,0.1,0.4,1.0,0.193445,0.066667
eval_0134,"I've been feeling really tired lately and always hungry, even after eating. What could this be?","[{""name"": ""diabetes"", ""confidence"": 0.59}]","[{""name"": ""excessive_hunger"", ""confidence"": 0.9810384253411358}, {""name"": ""fatigue"", ""confidence"": 0.9585054171648905}]",relion / novolin 70 / 30|glucophage|fortamet|humalog mix 75 / 25|avandamet|iluvien|insulin aspart / insulin degludec|toujeo|novolin 70 / 30|novolog mix 70 / 30|eylea|metformin|exubera|trulicity|ddavp rhinal tube|ddavp|tirzepatide|lyrica|desmopressin|rosiglitazone,liraglutide|victoza,0.0,0.0,0.0,0.0,0.0,0.0,0.0,0.0,0.0,0.0,0.0,0.0,0.0
eval_0156,"I'm always fatigued and my mood changes a lot, could it be blood sugar or thyroid issues?","[{""name"": ""hypoglycemia"", ""confidence"": 0.1}, {""name"": ""hypothyroidism"", ""confidence"": 0.28}]","[{""name"": ""fatigue"", ""confidence"": 1.0}, {""name"": ""mood_swings"", ""confidence"": 1.0}]",parathyroid hormone|ergocalciferol|calcifediol|estring|estrace|estradiol|climara|rayaldee|levothroid|sorafenib|nexavar|trametinib|cinacalcet|natpara|thyrotropin alpha|sensipar|cometriq|dabrafenib|cenestin|calcium lactate,thyroid desiccated|armour thyroid|levothyroxine,0.0,0.0,0.0,0.0,0.0,0.0,0.0,0.0,0.0,0.0,0.0,0.0,0.0
eval_0142,"There's a constant discomfort in my lower belly, and it hurts when I urinate.","[{""name"": ""urinary_tract_infection"", ""confidence"": 1.0}]","[{""name"": ""bladder_discomfort"", ""confidence"": 1.0}, {""name"": ""burning_micturition"", ""confidence"": 0.6472218122958802}, {""name"": ""foul_smell_of urine"", ""confidence"": 0.05498695356776735}]",vaniqa|uristat|doribax|acidophilus|flomax|sanctura|tamsulosin|goldenseal|cytra-k|bactroban|eflornithine|ascorbic acid|cubicin|azo-standard|pyridium|bumetanide|neostigmine|cranberry|sulfatrim|diflucan,doxycycline,0.0,0.0,0.0,0.0,0.0,0.0,0.0,0.0,0.0,0.0,0.0,0.0,0.0
eval_0145,I can't catch my breath and my chest hurts when I try to breathe. It's getting worse.,"[{""name"": ""bronchial_asthma"", ""confidence"": 0.93}]","[{""name"": ""breathlessness"", ""confidence"": 1.0}, {""name"": ""chest_pain"", ""confidence"": 1.0}]",ceftibuten|omnicef|biaxin|cedax|decadron|ephedrine|epinephrine|beclomethasone|vantin|montelukast|aerobid|rocephin|biaxin xl|ciclesonide|singulair|flunisolide|intal|intal inhaler|airduo respiclick|theo-24,azithromycin|prednisone,0.0,0.0,0.0,0.0,0.0,0.0,0.0,0.0,0.0,0.0,0.0,0.0,0.0
eval_0144,"My uncle spiked a high fever and has sharp chest pain. He's struggling to breathe, and we're really worried.","[{""name"": ""pneumonia"", ""confidence"": 1.0}]","[{""name"": ""breathlessness"", ""confidence"": 0.8799312567873667}, {""name"": ""chest_pain"", ""confidence"": 1.0}, {""name"": ""high_fever"", ""confidence"": 1.0}]",ferralet 90|epogen|integra f|procrit|neupogen|integra|lenalidomide|epoetin alfa|filgrastim|multivitamin with iron|oxymetholone|leucovorin|maxaron forte|omnicef|pyrimethamine|atovaquone|biaxin|primaquine|pentamidine|vantin,doxycycline|azithromycin,0.0,0.0,0.0,0.0,0.0,0.0,0.0,0.0,0.0,0.0,0.0,0.0,0.0
eval_0155,"My knees are swollen, and I've been having trouble with indigestion lately.","[{""name"": ""arthritis"", ""confidence"": 0.83}]","[{""name"": ""indigestion"", ""confidence"": 0.5946783171920399}, {""name"": ""knee_pain"", ""confidence"": 1.0}, {""name"": ""swelling_joints"", ""confidence"": 0.9458985422655706}]",sulfazine|ibuprofen|naproxen|aleve|cellcept|golimumab|simponi|duexis|indomethacin|deltasone|famotidine / ibuprofen|adalimumab|advil|esomeprazole / naproxen|celecoxib|azulfidine|humira|orudis kt|vimovo|lorcet 10 / 650,adalimumab|humira,0.0,0.0,0.0,0.0,0.0,0.0,0.0,0.0,0.1,1.0,1.0,0.312736,0.083333
eval_0163,I heard about a man who is always tired and his muscles seem to be shrinking away.,"[{""name"": ""aids"", ""confidence"": 1.0}]","[{""name"": ""fatigue"", ""confidence"": 0.8604425014542338}, {""name"": ""muscle_wasting"", ""confidence"": 0.9175135015981484}]",filgrastim|rifabutin|somatropin|serostim|megestrol|viread|ondansetron|tenofovir|epivir-hbv|lamivudine|marinol|dronabinol|elvitegravir|cobicistat / elvitegravir / emtricitabine / tenofovir alafenamide|emtricitabine / rilpivirine / tenofovir alafenamide|emtricitabine / tenofovir alafenamide|suprenza|etravirine|sodium bicarbonate|clonidine,tenofovir|viread,0.0,0.0,0.0,0.0,0.2,1.0,1.0,0.411834,0.1,1.0,1.0,0.411834,0.166667
eval_0148,There are these red patches on my skin with silvery scales. They don't hurt but look weird.,"[{""name"": ""psoriasis"", ""confidence"": 1.0}]","[{""name"": ""silver_like_dusting"", ""confidence"": 1.0}, {""name"": ""skin_rash"", ""confidence"": 0.9679748330364217}]",amevive|alefacept|navane|topicort lp|scytera|prolixin|pyrantel|trilafon|anthralin|haldol decanoate|fluphenazine|triclabendazole|coal tar/salicylic acid/sulfur|coal tar / salicylic acid / sulfur|mebendazole|benznidazole|apremilast|otezla|nitazoxanide|reditrex,enbrel,0.0,0.0,0.0,0.0,0.0,0.0,0.0,0.0,0.0,0.0,0.0,0.0,0.0
eval_0171,I'm finding it hard to breathe and my chest feels tight. I'm really scared.,"[{""name"": ""bronchial_asthma"", ""confidence"": 0.93}]","[{""name"": ""breathlessness"", ""confidence"": 1.0}, {""name"": ""chest_pain"", ""confidence"": 1.0}]",ceftibuten|cedax|biaxin|decadron|omnicef|epinephrine|ephedrine|vantin|singulair|rocephin|montelukast|beclomethasone|theo-24|aerobid|duoneb|flunisolide|intal inhaler|intal|alupent|perforomist,prednisone,0.0,0.0,0.0,0.0,0.0,0.0,0.0,0.0,0.0,0.0,0.0,0.0,0.0
eval_0177,"I woke up with a stiff neck today, but it's not too bad. Just annoying.","[{""name"": ""cervical_spondylosis"", ""confidence"": 0.69}]","[{""name"": ""neck_pain"", ""confidence"": 0.9859825452564314}, {""name"": ""stiff_neck"", ""confidence"": 0.9561542567688519}]",lioresal|baclofen|dysport|myobloc|abobotulinumtoxina|incobotulinumtoxina|xeomin|botulinum toxin type b|botox|onabotulinumtoxina|naproxen|naprosyn|bextra|lorcet 10 / 650|lorazepam|flanax pain reliever|norco|prednicot|ativan|ansaid,diclofenac|tramadol|acetaminophen / hydrocodone,0.0,0.0,0.0,0.0,0.0,0.0,0.0,0.0,0.0,0.0,0.0,0.0,0.0
eval_0180,"I've been getting a lot of blackheads and some pimples with pus on my face. It's really bothering me, especially before social events. Is this normal acne?","[{""name"": ""acne"", ""confidence"": 1.0}]","[{""name"": ""blackheads"", ""confidence"": 0.9985929375310995}, {""name"": ""pus_filled_pimples"", ""confidence"": 1.0}]",benzefoam|trinessa|necon 1 / 35|inova 4 / 1|junel fe 1 / 20|nuox|retin a micro|loestrin 24 fe|trinessa lo|necon 7 / 7 / 7|ortho-novum 1 / 35|junel fe 1.5 / 30|adriamycin|salicylic acid / sulfur|salicylic acid/sulfur|norinyl 1+35|vestura|resorcinol / sulfur|vincasar pfs|gildess fe 1 / 20,adapalene / benzoyl peroxide,0.0,0.0,0.0,0.0,0.0,0.0,0.0,0.0,0.0,0.0,0.0,0.0,0.0
eval_0175,"Lately, I've been so moody and irritable for no reason. My friend said it might be thyroid related.","[{""name"": ""hypothyroidism"", ""confidence"": 0.92}]","[{""name"": ""mood_swings"", ""confidence"": 1.0}]",estring|levothroid|rayaldee|estrace|sensipar|estradiol|natpara|thyroid desiccated|sorafenib|climara|cinacalcet|liotrix|thyrotropin alpha|cometriq|parathyroid hormone|nexavar|trametinib|westhroid|teprotumumab|dabrafenib,thyroid desiccated|armour thyroid|levothyroxine,0.0,0.0,0.0,0.0,0.1,0.333333,1.0,0.148041,0.05,0.333333,1.0,0.148041,0.125
eval_0183,"My aunt has stomach pains, acid issues, and she's barely eating anything these days.","[{""name"": ""gerd"", ""confidence"": 1.0}, {""name"": ""peptic_ulcer_diseae"", ""confidence"": 1.0}]","[{""name"": ""abdominal_pain"", ""confidence"": 0.2250330980836371}, {""name"": ""acidity"", ""confidence"": 1.0}, {""name"": ""stomach_pain"", ""confidence"": 1.0}]",zantac|ranitidine|carafate|sucralfate|rabeprazole|nexium|protonix|pepcid|calcium carbonate|omeprazole / sodium bicarbonate|axid|esomeprazole|kapidex|zantac 150|pantoprazole|cimetidine|famotidine|omeprazole|lansoprazole|propulsid,aciphex|dexlansoprazole|rabeprazole|esomeprazole|lansoprazole|nexium,0.2,0.166667,1.0,0.131205,0.2,0.333333,1.0,0.224852,0.2,0.666667,1.0,0.376642,0.2
eval_0187,I have these red patches on my skin with silvery scales and they itch a lot. Does this sound like psoriasis?,"[{""name"": ""psoriasis"", ""confidence"": 1.0}]","[{""name"": ""itching"", ""confidence"": 0.7040968905210468}, {""name"": ""silver_like_dusting"", ""confidence"": 1.0}, {""name"": ""skin_rash"", ""confidence"": 0.9807883380639428}]",amevive|pyrantel|alefacept|navane|scytera|trilafon|fluphenazine|topicort lp|haldol decanoate|prolixin|anthralin|mebendazole|triclabendazole|benznidazole|coal tar/salicylic acid/sulfur|coal tar / salicylic acid / sulfur|nitazoxanide|reditrex|otezla|soriatane,enbrel,0.0,0.0,0.0,0.0,0.0,0.0,0.0,0.0,0.0,0.0,0.0,0.0,0.0
eval_0185,"My nose is runny and I'm congested, plus my throat feels scratchy. Not sure if it's allergies or just a cold coming on.","[{""name"": ""allergy"", ""confidence"": 1.0}, {""name"": ""common_cold"", ""confidence"": 1.0}]","[{""name"": ""congestion"", ""confidence"": 1.0}, {""name"": ""runny_nose"", ""confidence"": 0.9993867191744591}, {""name"": ""throat_irritation"", ""confidence"": 0.9937228212342792}]",tetracaine|chloraseptic sore throat spray|cetirizine|alahist lq|zyrtec|chlor-trimeton|palgic|fexofenadine|allergy dn pe|chlorpheniramine|olopatadine|loratadine|neo-synephrine nasal|e.e.s.-400|todays health nasal  relief extra moisturizing|levocetirizine|rhinocort|dexchlorpheniramine|allegra|actifed,promethazine|cyproheptadine,0.0,0.0,0.0,0.0,0.0,0.0,0.0,0.0,0.0,0.0,0.0,0.0,0.0
eval_0190,I have this dull pain in my stomach and my knees are swollen. Does alcohol affect joints too?,"[{""name"": ""alcoholic_hepatitis"", ""confidence"": 0.6}, {""name"": ""arthritis"", ""confidence"": 0.14}]","[{""name"": ""abdominal_pain"", ""confidence"": 0.03322134486378674}]",pancreatin|cellcept|azathioprine|imuran|mycophenolate mofetil|betamethasone|lidex|purinethol|pancrelipase|hi-vegi-lip|zenpep|eucrisa|protopic|pancreaze|crisaborole|creon|topicort|diprolene af|alclometasone|tacrolimus,adalimumab|humira|infliximab|remicade,0.0,0.0,0.0,0.0,0.0,0.0,0.0,0.0,0.0,0.0,0.0,0.0,0.0
eval_0184,"I've been getting headaches and it hurts when I pee. Two different problems, I guess.","[{""name"": ""migraine"", ""confidence"": 0.86}, {""name"": ""urinary_tract_infection"", ""confidence"": 0.93}]","[{""name"": ""burning_micturition"", ""confidence"": 0.9414195610030537}, {""name"": ""headache"", ""confidence"": 1.0}]",elavil|memantine|venlafaxine|amitriptyline|vantin|leuprolide|uristat|cytra-k|tamsulosin|goldenseal|neostigmine|cranberry|vaniqa|cubicin|doribax|allopurinol|citric acid / potassium citrate|risperdal m-tab|flomax|bactroban,amitriptyline|venlafaxine|elavil|azithromycin,0.6,0.75,1.0,0.783524,0.3,0.75,1.0,0.783524,0.15,0.75,1.0,0.783524,1.0
eval_0178,I have a bad cough with green phlegm for a week now. What should I do?,"[{""name"": ""pneumonia"", ""confidence"": 1.0}]","[{""name"": ""cough"", ""confidence"": 0.9705265967106727}, {""name"": ""phlegm"", ""confidence"": 1.0}]",ferralet 90|integra f|procrit|neupogen|epogen|integra|multivitamin with iron|oxymetholone|lenalidomide|filgrastim|leucovorin|epoetin alfa|maxaron forte|pyrimethamine|atovaquone|pyridoxine|voriconazole|pentamidine|lefamulin|garamycin,doxycycline|azithromycin,0.0,0.0,0.0,0.0,0.0,0.0,0.0,0.0,0.0,0.0,0.0,0.0,0.0
eval_0188,I have sharp pain in my abdomen and my skin is turning yellow. I don't know what to do.,"[{""name"": ""hepatitis_b"", ""confidence"": 1.0}]","[{""name"": ""abdominal_pain"", ""confidence"": 1.0}, {""name"": ""yellowish_skin"", ""confidence"": 0.973383007681492}]",adefovir|hepatitis b adult vaccine|entecavir|peginterferon alfa-2a|hepatitis b immune globulin|hepatitis b pediatric vaccine|interferon alfa-2b|tenofovir alafenamide|peginterferon alfa-2b|orapred|radiaplexrx|hylira|bacitracin / neomycin / polymyxin b|dexamethasone / neomycin / polymyxin b|hydrocortisone / neomycin / polymyxin b|paromomycin|tenofovir|epivir-hbv|lamivudine|clioquinol / hydrocortisone,tenofovir|peginterferon alfa-2a|viread,0.2,0.333333,1.0,0.202107,0.1,0.333333,1.0,0.202107,0.1,0.666667,1.0,0.314646,0.25
eval_0201,"I've lost weight without trying, my mood keeps changing, and I can't focus on anything. What's going on?","[{""name"": ""hyperthyroidism"", ""confidence"": 1.0}]","[{""name"": ""mood_swings"", ""confidence"": 1.0}, {""name"": ""weight_loss"", ""confidence"": 0.1767672567796434}]",hypercare|drysol|pima|tapazole|benztropine|xerac ac|glycopyrronium|methimazole|potassium iodide|aluminum chloride hexahydrate|tryptophan|sarafem|iodine / potassium iodide|loseasonique|levothroid|follicle stimulating hormone|estring|trametinib|acetaminophen / pamabrom / pyrilamine|cinacalcet,clonidine|catapres,0.0,0.0,0.0,0.0,0.0,0.0,0.0,0.0,0.0,0.0,0.0,0.0,0.0
eval_0199,"My joints are stiff and painful, especially in my hands and knees. I also feel tired all the time.","[{""name"": ""arthritis"", ""confidence"": 1.0}, {""name"": ""osteoarthristis"", ""confidence"": 0.91}]","[{""name"": ""fatigue"", ""confidence"": 0.7637062977139238}, {""name"": ""joint_pain"", ""confidence"": 0.7328668466060647}, {""name"": ""movement_stiffness"", ""confidence"": 0.8184693962418611}]",naprosyn|ibuprofen|aleve|naproxen|flanax pain reliever|disalcid|limbrel 500|ansaid|bextra|lorcet 10 / 650|lortab|zylet|orudis kt|prednicot|apremilast|absorbine jr.|relafen|otezla|acetaminophen / propoxyphene|ibu,triamcinolone|naproxen,0.2,0.5,1.0,0.303161,0.1,0.5,1.0,0.303161,0.05,0.5,1.0,0.303161,0.25
eval_0195,"I have a cough and congestion, but also my stomach is upset with pain. Is this related?","[{""name"": ""common_cold"", ""confidence"": 0.97}, {""name"": ""gerd"", ""confidence"": 0.24}]","[{""name"": ""abdominal_pain"", ""confidence"": 1.0}, {""name"": ""congestion"", ""confidence"": 0.9630806551254948}, {""name"": ""cough"", ""confidence"": 0.9847780210685394}, {""name"": ""stomach_pain"", ""confidence"": 1.0}]",ranitidine|lansoprazole|omeprazole|cimetidine|pantoprazole|famotidine|e.e.s.-400|alahist lq|robitussin cold cough and flu|palgic|guaifenesin / phenylephrine|guaifenesin / pseudoephedrine|actifed|allergy dn pe|mucinex sinus-max full force|vanatab dx|sildec-pe dm|cardizem|cedax|veramyst,lansoprazole|ranitidine|omeprazole,0.6,1.0,1.0,0.915151,0.3,1.0,1.0,0.915151,0.15,1.0,1.0,0.915151,1.0
eval_0192,The blackheads and rash on my skin make me self-conscious. How can I clear this up quickly?,"[{""name"": ""acne"", ""confidence"": 0.98}]","[{""name"": ""blackheads"", ""confidence"": 0.9896728791361592}]",benzefoam|nuox|neutrogena rapid clear stubborn acne|trinessa|vestura|ortho-novum 1 / 35|junel fe 1 / 20|resorcinol / sulfur|necon 1 / 35|necon 7 / 7 / 7|junel fe 1.5 / 30|inova 4 / 1|gildess fe 1 / 20|acne-clear|salicylic acid/sulfur|salicylic acid / sulfur|hexachlorophene|gildess fe 1.5 / 30|retin a micro|neutrogena clear pore cleanser/mask,isotretinoin|accutane|adapalene / benzoyl peroxide,0.0,0.0,0.0,0.0,0.0,0.0,0.0,0.0,0.0,0.0,0.0,0.0,0.0
eval_0186,I often have headaches and feel dizzy. My doctor said my blood pressure is high.,"[{""name"": ""hypertension"", ""confidence"": 1.0}]","[{""name"": ""dizziness"", ""confidence"": 0.3137316168812232}, {""name"": ""headache"", ""confidence"": 0.8825495813558668}]",sectral|opsumit|plendil|revatio|letairis|tenex|levophed|flolan|nodoz|combigan|provigil|nuvigil|lumigan|norepinephrine|midodrine|monopril|inderal|normodyne|reserpine|macitentan,propranolol,0.0,0.0,0.0,0.0,0.0,0.0,0.0,0.0,0.0,0.0,0.0,0.0,0.0
eval_0205,"My hands and feet are always cold, and my nails keep breaking easily.","[{""name"": ""hypothyroidism"", ""confidence"": 1.0}]","[{""name"": ""brittle_nails"", ""confidence"": 0.9520412750769466}, {""name"": ""cold_hands_and_feets"", ""confidence"": 0.9983415004311693}]",rayaldee|cenestin|sensipar|climara|cinacalcet|levothroid|sorafenib|trametinib|thyroid desiccated|liothyronine|estring|synthroid|nexavar|estradiol|natpara|dabrafenib|armour thyroid|levothyroxine|westhroid|estrace,thyroid desiccated|armour thyroid|levothyroxine,0.0,0.0,0.0,0.0,0.1,0.333333,1.0,0.141267,0.15,1.0,1.0,0.364278,0.111111
eval_0206,"I've been feeling off, with a cough and a weird rash on my back. Not sure what's going on.","[{""name"": ""psoriasis"", ""confidence"": 0.93}]","[{""name"": ""cough"", ""confidence"": 1.0}, {""name"": ""skin_rash"", ""confidence"": 1.0}]",pentamidine|albendazole|amevive|topicort lp|chloramphenicol|alefacept|scytera|navane|prolixin|fluphenazine|apremilast|coal tar/salicylic acid/sulfur|coal tar / salicylic acid / sulfur|otezla|pyrantel|trilafon|tetracycline|prednisolone|anthralin|thorazine,doxycycline|azithromycin|clindamycin,0.0,0.0,0.0,0.0,0.0,0.0,0.0,0.0,0.0,0.0,0.0,0.0,0.0
eval_0179,"Lately, I've been experiencing headaches and diarrhea. Could these symptoms be connected?","[{""name"": ""gastroenteritis"", ""confidence"": 0.31}, {""name"": ""migraine"", ""confidence"": 0.36}]","[{""name"": ""diarrhoea"", ""confidence"": 1.0}, {""name"": ""headache"", ""confidence"": 0.8889225701277154}]",elavil|pamelor|sumatriptan|zolmitriptan|thorazine|nortriptyline|haloperidol|meclizine|haldol|amitriptyline|reglan|emend|foscarnet|gabapentin|metoclopramide|aprepitant|cesamet|diclegis|alosetron|rolapitant,sumatriptan|clonidine,0.2,0.5,1.0,0.351959,0.1,0.5,1.0,0.351959,0.05,0.5,1.0,0.351959,0.333333
eval_0209,"I've lost weight without trying, my heart races, and I get headaches. Could this be connected?","[{""name"": ""hyperthyroidism"", ""confidence"": 1.0}]","[{""name"": ""fast_heart_rate"", ""confidence"": 0.8096318635556818}, {""name"": ""headache"", ""confidence"": 0.07066621329629201}, {""name"": ""weight_loss"", ""confidence"": 0.9283223528194546}]",hypercare|drysol|pima|xerac ac|tapazole|potassium iodide|glycopyrronium|iodine / potassium iodide|aluminum chloride hexahydrate|benztropine|methimazole|catapres|botox|clonidine|onabotulinumtoxina|sodium iodide-i-131|oxybutynin|propylthiouracil|terazosin|gabapentin,clonidine|catapres,0.0,0.0,0.0,0.0,0.0,0.0,0.0,0.0,0.1,1.0,1.0,0.322636,0.083333
eval_0204,"The pain in my stomach is sharp and constant, and I threw up blood today. I don't know what to do.","[{""name"": ""peptic_ulcer_diseae"", ""confidence"": 0.59}]","[{""name"": ""abdominal_pain"", ""confidence"": 1.0}, {""name"": ""stomach_pain"", ""confidence"": 0.5036888642097922}, {""name"": ""vomiting"", ""confidence"": 0.9604220201065303}]",uceris|collagenase|librax|canasa|misoprostol|entyvio|salofalk|zantac|vedolizumab|colazal|glycopyrrolate|canasa pac|clidinium|sulfazine|balsalazide|methscopolamine|cellcept|cadexomer iodine|propantheline|becaplermin,rabeprazole|esomeprazole|lansoprazole,0.0,0.0,0.0,0.0,0.0,0.0,0.0,0.0,0.0,0.0,0.0,0.0,0.0
eval_0212,My coworker has been sneezing continuously and also complaining of chills and diarrhoea.,"[{""name"": ""allergy"", ""confidence"": 0.09}, {""name"": ""gastroenteritis"", ""confidence"": 0.58}]","[{""name"": ""chills"", ""confidence"": 1.0}, {""name"": ""continuous_sneezing"", ""confidence"": 1.0}, {""name"": ""diarrhoea"", ""confidence"": 1.0}]",vistaril|atarax|epinastine|sterapred|epipen|nedocromil|bepreve|lotemax|lastacaft|loteprednol|elestat|pataday|hydroxyzine|patanol|diphenhydramine|phenergan|zaditor|benadryl|alcaftadine|optivar,prednisone|promethazine|hydroxyzine|doxycycline|sulfamethoxazole / trimethoprim,0.0,0.0,0.0,0.0,0.0,0.0,0.0,0.0,0.05,0.2,1.0,0.104671,0.076923
eval_0200,"I have these rough, itchy patches on my skin that are sometimes red and sometimes have silvery bits. They don't seem to go away.","[{""name"": ""psoriasis"", ""confidence"": 1.0}]","[{""name"": ""itching"", ""confidence"": 0.9721152873013059}, {""name"": ""silver_like_dusting"", ""confidence"": 1.0}, {""name"": ""skin_rash"", ""confidence"": 0.8433401311253523}]",ingenol|picato|carac|topicort lp|amevive|methotrexate|navane|scytera|coal tar/salicylic acid/sulfur|coal tar / salicylic acid / sulfur|chloramphenicol|fluphenazine|soriatane|pyrantel|acitretin|alefacept|desowen|prolixin|otezla|trilafon,prednisone|methotrexate|dexamethasone|enbrel|stelara,0.0,0.0,0.0,0.0,0.1,0.2,1.0,0.133114,0.05,0.2,1.0,0.133114,0.166667
eval_0196,I get headaches along with acid reflux. Do they have anything to do with each other?,"[{""name"": ""gerd"", ""confidence"": 0.74}, {""name"": ""migraine"", ""confidence"": 0.38}]","[{""name"": ""acidity"", ""confidence"": 1.0}, {""name"": ""headache"", ""confidence"": 0.8288917505884169}]",reglan|fioricet|axert|wellbutrin|bupap|zecuity|prodrin|amrix|phrenilin|esgic|alsuma|excedrin sinus headache|sansert|calan|esgic-plus|dolgic plus|lioresal|butalbital compound|riboflavin|metoclopramide,lansoprazole|omeprazole|propranolol,0.0,0.0,0.0,0.0,0.0,0.0,0.0,0.0,0.0,0.0,0.0,0.0,0.0
eval_0216,"My neck hurts when I turn my head, and my fingers are stiff in the morning. Could it be arthritis?","[{""name"": ""arthritis"", ""confidence"": 0.98}]","[{""name"": ""neck_pain"", ""confidence"": 1.0}, {""name"": ""stiff_neck"", ""confidence"": 0.8005898465949781}]",disalcid|bextra|ansaid|prednicot|lorcet 10 / 650|ibu|orudis kt|lortab|limbrel 500|norco|lodine|zylet|absorbine jr.|glucosamine|relafen|vicodin|albumin human|acetaminophen / propoxyphene|tolectin ds|probenecid and colchicine,naproxen,0.0,0.0,0.0,0.0,0.0,0.0,0.0,0.0,0.0,0.0,0.0,0.0,0.0
eval_0210,"My baby has yellow crusts on his sores, and he's been crying non-stop with a high fever. I think it's getting worse quickly.","[{""name"": ""impetigo"", ""confidence"": 1.0}]","[{""name"": ""blister"", ""confidence"": 0.6179335837974745}, {""name"": ""high_fever"", ""confidence"": 0.9523848564439473}, {""name"": ""yellow_crust_ooze"", ""confidence"": 1.0}]",ammoniated mercury|sulconazole|ozenoxacin|mupirocin|retapamulin|cefadroxil|altabax|cefuroxime|valtrex|valacyclovir|acyclovir|zinc oxide|moxeza|children's dimetapp decongestant infant|miconazole / zinc oxide|blephamide|psorcon e|halog-e|albendazole|granulex,cefuroxime|mupirocin|retapamulin,0.4,0.666667,1.0,0.416202,0.3,1.0,1.0,0.52327,0.15,1.0,1.0,0.52327,0.25
eval_0217,"I'm really worried about my dad. His eyes are red, his skin looks yellowish, and his stomach is all swollen. He drinks a lot.","[{""name"": ""alcoholic_hepatitis"", ""confidence"": 1.0}]","[{""name"": ""history_of_alcohol_consumption"", ""confidence"": 0.5927780621189854}, {""name"": ""swelling_of_stomach"", ""confidence"": 1.0}, {""name"": ""yellowing_of_eyes"", ""confidence"": 0.4803300915909851}]",hi-vegi-lip|creon|pancrelipase|pancreaze|purinethol|zenpep|eucrisa|pancreatin|crisaborole|protopic|diprolene af|copegus|olysio|cutivate|ribasphere|zepatier|mavyret|dupixent|daklinza|elbasvir / grazoprevir,prednisone,0.0,0.0,0.0,0.0,0.0,0.0,0.0,0.0,0.0,0.0,0.0,0.0,0.0
eval_0198,My sister's eyes turn red and water whenever she's near cats. It's definitely her allergies.,"[{""name"": ""allergy"", ""confidence"": 1.0}]","[{""name"": ""redness_of_eyes"", ""confidence"": 0.8092096392454995}, {""name"": ""watering_from_eyes"", ""confidence"": 1.0}]",elestat|bepreve|alocril|zymine|bepotastine|lastacaft|sterapred|optivar|pemirolast|zaditor|pataday|alamast|epipen|nedocromil|epinastine|patanol|triprolidine|ketotifen|q-dryl|alcaftadine,promethazine|cyproheptadine,0.0,0.0,0.0,0.0,0.0,0.0,0.0,0.0,0.0,0.0,0.0,0.0,0.0
eval_0215,"I can't see clearly, always running to the bathroom, and so weak I can barely stand.","[{""name"": ""diabetes"", ""confidence"": 1.0}]","[{""name"": ""blurred_and_distorted_vision"", ""confidence"": 0.7616590305922671}, {""name"": ""fatigue"", ""confidence"": 0.972885036348879}, {""name"": ""polyuria"", ""confidence"": 1.0}]",sandostatin|iluvien|fortamet|glucophage|humalog mix 75 / 25|relion / novolin 70 / 30|avandamet|sodium bicarbonate|desmopressin|exubera|mexiletine|neurontin|ddavp|eylea|ranibizumab|novolog mix 70 / 30|lyrica|novolin 70 / 30|gabarone|insulin lispro / insulin lispro protamine,liraglutide|victoza,0.0,0.0,0.0,0.0,0.0,0.0,0.0,0.0,0.0,0.0,0.0,0.0,0.0
eval_0221,"The acne on my back has formed large, painful lumps that are hot to the touch and I feel dizzy.","[{""name"": ""acne"", ""confidence"": 1.0}]","[{""name"": ""pus_filled_pimples"", ""confidence"": 1.0}]",trinessa|ortho-novum 1 / 35|trinessa lo|tretinoin|benzefoam|junel fe 1 / 20|junel fe 1.5 / 30|aldactone|loestrin 24 fe|nuox|necon 1 / 35|vestura|loestrin fe 1 / 20|gildess fe 1 / 20|retin a micro|gildess fe 1.5 / 30|necon 7 / 7 / 7|inova 4 / 1|femhrt|ortho tri-cyclen,isotretinoin|accutane|adapalene / benzoyl peroxide,0.0,0.0,0.0,0.0,0.0,0.0,0.0,0.0,0.0,0.0,0.0,0.0,0.0
eval_0220,My sister has these dents in her nails and her knees hurt all the time. She says it's from her skin condition.,"[{""name"": ""psoriasis"", ""confidence"": 1.0}]","[{""name"": ""inflammatory_nails"", ""confidence"": 0.4444305482210611}, {""name"": ""joint_pain"", ""confidence"": 0.9022473497673289}, {""name"": ""small_dents_in_nails"", ""confidence"": 0.9916719376933476}]",amevive|trilafon|navane|prolixin|fluphenazine|pyrantel|alefacept|topicort lp|haldol decanoate|scytera|apremilast|otezla|coal tar / salicylic acid / sulfur|coal tar/salicylic acid/sulfur|anthralin|mebendazole|benznidazole|triclabendazole|nitazoxanide|compazine,enbrel,0.0,0.0,0.0,0.0,0.0,0.0,0.0,0.0,0.0,0.0,0.0,0.0,0.0
eval_0222,My wrists are swollen and I feel weakness in my hands.,"[{""name"": ""arthritis"", ""confidence"": 1.0}]","[{""name"": ""muscle_weakness"", ""confidence"": 1.0}, {""name"": ""swelling_joints"", ""confidence"": 1.0}]",lorcet 10 / 650|orudis kt|bextra|limbrel 500|ibu|norco|lortab|prednicot|tolectin ds|glucosamine|lodine|vicodin|relafen|probenecid and colchicine|otezla|colchicine / probenecid|bioflavonoids / zinc glycinate|voltaren gel|valdecoxib|sulfinpyrazone,diclofenac,0.0,0.0,0.0,0.0,0.0,0.0,0.0,0.0,0.0,0.0,0.0,0.0,0.0
eval_0225,Blurred vision and unexplained weight loss? Diabetes symptoms you shouldn't ignore.,"[{""name"": ""diabetes"", ""confidence"": 1.0}]","[{""name"": ""blurred_and_distorted_vision"", ""confidence"": 1.0}, {""name"": ""irregular_sugar_level"", ""confidence"": 0.6606477305563302}, {""name"": ""weight_loss"", ""confidence"": 0.8777202093831783}]",iluvien|ddavp|relion / novolin 70 / 30|glucophage|metformin|humalog mix 75 / 25|ranibizumab|ddavp nasal|desmopressin|novolog mix 70 / 30|eylea|ddavp rhinal tube|novolin 70 / 30|fortamet|liraglutide|glimepiride / rosiglitazone|glimepiride|glucophage xr|exubera|insulin detemir,liraglutide|victoza,0.0,0.0,0.0,0.0,0.0,0.0,0.0,0.0,0.05,0.5,1.0,0.153287,0.066667
eval_0219,"I snap at everyone and can't focus on anything, could this be from my headaches or stress?","[{""name"": ""hypertension"", ""confidence"": 0.72}, {""name"": ""migraine"", ""confidence"": 0.7}]","[{""name"": ""headache"", ""confidence"": 0.7058158014044835}, {""name"": ""irritability"", ""confidence"": 0.3859744801869978}, {""name"": ""lack_of_concentration"", ""confidence"": 0.9916767355520766}]",inderal|catapres|atenolol|benicar|candesartan|tenormin|olmesartan|clonidine|metoprolol|prinivil|propranolol|lisinopril|uniretic|amlodipine|nadolol|univasc|corgard|verapamil|norvasc|innopran xl,propranolol|spironolactone|clonidine|catapres|terazosin|hytrin|benicar|olmesartan|verapamil,0.4,0.222222,1.0,0.360055,0.4,0.444444,1.0,0.434346,0.3,0.666667,1.0,0.564962,0.5
eval_0230,I've been coughing a lot and feel short of breath when I walk fast. It's been going on for weeks.,"[{""name"": ""bronchial_asthma"", ""confidence"": 0.98}]","[{""name"": ""breathlessness"", ""confidence"": 1.0}, {""name"": ""cough"", ""confidence"": 1.0}]",omnicef|biaxin|perforomist|theo-24|duoneb|aerobid|airduo respiclick|alupent|asthmanefrin|cedax|intal|advair hfa|accolate|flovent|decadron|albuterol / ipratropium|azmacort|xolair|spiriva|theophylline,prednisone,0.0,0.0,0.0,0.0,0.0,0.0,0.0,0.0,0.0,0.0,0.0,0.0,0.0
eval_0229,"My face is a mess with pimples that scar, and I have these rough, scaly areas on my scalp that have a silvery sheen.","[{""name"": ""acne"", ""confidence"": 1.0}, {""name"": ""psoriasis"", ""confidence"": 0.93}]","[{""name"": ""pus_filled_pimples"", ""confidence"": 1.0}, {""name"": ""silver_like_dusting"", ""confidence"": 0.9972391700147534}]",ingenol|tazarotene|tazorac|amevive|topicort lp|minocycline|scytera|coal tar / salicylic acid / sulfur|coal tar/salicylic acid/sulfur|navane|silver|tetracycline|trinessa|doxycycline|alefacept|prolixin|pyrantel|fluphenazine|trinessa lo|chaparral,tazarotene|dapsone|clindamycin,0.2,0.333333,1.0,0.321204,0.1,0.333333,1.0,0.321204,0.05,0.333333,1.0,0.321204,0.5
eval_0235,I've been having diarrhea for weeks and losing muscle mass. What could cause this?,"[{""name"": ""aids"", ""confidence"": 1.0}, {""name"": ""hyperthyroidism"", ""confidence"": 0.68}]","[{""name"": ""muscle_wasting"", ""confidence"": 0.7406170911412464}]",hypercare|drysol|pima|xerac ac|tapazole|aluminum chloride hexahydrate|methimazole|benztropine|potassium iodide|glycopyrronium|iodine / potassium iodide|ondansetron|marinol|dronabinol|clonidine|somatropin|sodium bicarbonate|megestrol|serostim|t-diet,stribild|efavirenz / emtricitabine / tenofovir,0.0,0.0,0.0,0.0,0.0,0.0,0.0,0.0,0.0,0.0,0.0,0.0,0.0
eval_0231,Dizziness and fatigue? It might be more than just tiredness – check your thyroid health.,"[{""name"": ""hypothyroidism"", ""confidence"": 0.98}]","[{""name"": ""dizziness"", ""confidence"": 0.7800390255201328}, {""name"": ""fatigue"", ""confidence"": 1.0}]",rayaldee|trametinib|climara|sorafenib|dabrafenib|levothroid|cenestin|estradiol|thyroid desiccated|cinacalcet|tirosint|nexavar|estring|natpara|nature-throid|levothyroxine|cometriq|westhroid|liothyronine|thyrotropin alpha,thyroid desiccated|armour thyroid|levothyroxine,0.0,0.0,0.0,0.0,0.1,0.333333,1.0,0.11442,0.1,0.666667,1.0,0.253905,0.111111
eval_0207,I have joint pain and also been feeling very thirsty and hungry lately. Could these be related?,"[{""name"": ""diabetes"", ""confidence"": 0.95}]","[{""name"": ""joint_pain"", ""confidence"": 0.8730282374566217}]",thalidomide|fluocinolone|clobetasol|dexamethasone|revlimid|zostrix|duloxetine|loteprednol|zostrix diabetic foot pain|lotemax|capsaicin|bortezomib|daratumumab|ddavp rhinal tube|cymbalta|relion / novolin 70 / 30|humalog mix 75 / 25|ddavp|iluvien|oxybutynin,duloxetine|cymbalta,0.0,0.0,0.0,0.0,0.1,0.5,1.0,0.204382,0.1,1.0,1.0,0.357669,0.142857
eval_0233,"My skin itches so much from the inside, and it's starting to peel off. How can I relieve this?","[{""name"": ""psoriasis"", ""confidence"": 0.9}]","[{""name"": ""internal_itching"", ""confidence"": 1.0}, {""name"": ""itching"", ""confidence"": 0.5932737152653859}, {""name"": ""skin_peeling"", ""confidence"": 0.9802929053307494}]",amevive|scytera|mebendazole|navane|prolixin|alefacept|fluphenazine|pyrantel|triclabendazole|topicort lp|otezla|trilafon|haldol decanoate|benznidazole|anthralin|apremilast|soriatane|hydroxyurea|acitretin|ivermectin,prednisone|adalimumab|humira,0.0,0.0,0.0,0.0,0.0,0.0,0.0,0.0,0.0,0.0,0.0,0.0,0.0
eval_0223,"My aunt always has a burning feeling in her stomach after dinner, and my uncle can't walk far because his knees give him so much pain.","[{""name"": ""peptic_ulcer_diseae"", ""confidence"": 0.08}]","[{""name"": ""abdominal_pain"", ""confidence"": 1.0}, {""name"": ""knee_pain"", ""confidence"": 1.0}]",lysine|sucralfate|ofloxacin|sulfazine|xeloda|collagenase|librax|ciprofloxacin|misoprostol|uceris|salofalk|levofloxacin|canasa|colazal|cellcept|migalastat|entyvio|doxycycline|cipro|zantac,triamcinolone|sucralfate|prednisone|adalimumab,0.2,0.25,1.0,0.309117,0.1,0.25,1.0,0.309117,0.05,0.25,1.0,0.309117,0.5
eval_0213,Racing heart with chest pain and profuse sweating? Take quick steps to manage thyroid and blood pressure issues!,"[{""name"": ""hyperthyroidism"", ""confidence"": 0.8}]","[{""name"": ""chest_pain"", ""confidence"": 1.0}, {""name"": ""fast_heart_rate"", ""confidence"": 0.8229489766433319}, {""name"": ""sweating"", ""confidence"": 1.0}]",hypercare|pima|tapazole|drysol|xerac ac|aluminum chloride hexahydrate|metyrosine|potassium iodide|benztropine|iodine / potassium iodide|glycopyrronium|adenosine|terazosin|propylthiouracil|hytrin|methimazole|phenoxybenzamine|sodium iodide-i-131|catapres|clonidine,clonidine|catapres|terazosin|hytrin,0.0,0.0,0.0,0.0,0.0,0.0,0.0,0.0,0.2,1.0,1.0,0.379332,0.076923
eval_0218,"Sarah can barely catch her breath, and she's coughing up rusty colored stuff. She says her chest hurts too.","[{""name"": ""pneumonia"", ""confidence"": 1.0}]","[{""name"": ""breathlessness"", ""confidence"": 0.8365488916151266}, {""name"": ""chest_pain"", ""confidence"": 1.0}, {""name"": ""rusty_sputum"", ""confidence"": 0.9961969251577922}]",ferralet 90|neupogen|procrit|integra f|epogen|integra|lenalidomide|filgrastim|epoetin alfa|multivitamin with iron|oxymetholone|leucovorin|pyrimethamine|pentamidine|maxaron forte|primaquine|atovaquone|voriconazole|biaxin|omnicef,doxycycline|azithromycin,0.0,0.0,0.0,0.0,0.0,0.0,0.0,0.0,0.0,0.0,0.0,0.0,0.0
eval_0242,"I'm always tired, gaining weight, and sometimes I feel dizzy. What's going on with me?","[{""name"": ""hypothyroidism"", ""confidence"": 0.91}]","[{""name"": ""dizziness"", ""confidence"": 1.0}, {""name"": ""fatigue"", ""confidence"": 1.0}]",trametinib|sorafenib|estring|climara|rayaldee|dabrafenib|levothroid|estradiol|cinacalcet|estrace|sensipar|natpara|nexavar|cometriq|vandetanib|etelcalcetide|lenvatinib|liotrix|cabozantinib|thyrotropin alpha,thyroid desiccated|armour thyroid|levothyroxine,0.0,0.0,0.0,0.0,0.0,0.0,0.0,0.0,0.0,0.0,0.0,0.0,0.0
eval_0241,I often have headaches along with neck pain and dizziness. Could they be connected?,"[{""name"": ""cervical_spondylosis"", ""confidence"": 1.0}, {""name"": ""migraine"", ""confidence"": 0.55}]","[{""name"": ""dizziness"", ""confidence"": 1.0}, {""name"": ""neck_pain"", ""confidence"": 1.0}]",lioresal|baclofen|dysport|abobotulinumtoxina|myobloc|incobotulinumtoxina|botox|xeomin|botulinum toxin type b|onabotulinumtoxina|lorazepam|ativan|inderal|axert|sansert|alsuma|prodrin|esgic|naproxen|amrix,baclofen|onabotulinumtoxina|botox|lioresal|propranolol,0.4,0.4,1.0,0.406318,0.4,0.8,1.0,0.638908,0.2,0.8,1.0,0.638908,1.0
eval_0237,"My skin is so itchy, and I see some dark spots appearing. Also, I've been feeling like I need to urinate frequently.","[{""name"": ""fungal_infection"", ""confidence"": 0.87}]","[{""name"": ""dischromic_patches"", ""confidence"": 0.5264163060545844}, {""name"": ""itching"", ""confidence"": 1.0}]",urispas|mycolog ii|acidophilus|itraconazole|diflucan|doripenem|pedi-dri|terazol 3|micon 7|nystatin|terbinafine|lactobacillus acidophilus|sporanox|monistat 7|ertaczo|oxistat|nyamyc|xolegel|vagistat-1|nystop,sulfamethoxazole / trimethoprim|bactrim|fluconazole,0.0,0.0,0.0,0.0,0.0,0.0,0.0,0.0,0.0,0.0,0.0,0.0,0.0
eval_0244,"I've been getting headaches and chills, and my wrists are swollen. Is this related?","[{""name"": ""arthritis"", ""confidence"": 1.0}]","[{""name"": ""chills"", ""confidence"": 0.978138054224176}, {""name"": ""headache"", ""confidence"": 0.934519692672763}, {""name"": ""swelling_joints"", ""confidence"": 0.8732809298080053}]",canakinumab|aristocort|deltasone|hydroxychloroquine|acthar|loteprednol|lotemax|aspirin|kenalog-40|colcrys|corticotropin|naproxen|palgic|methylprednisolone|medrol dosepak|lorcet 10 / 650|prednisone|doxycycline|ansaid|orudis kt,doxycycline|prednisone|methylprednisolone|hydroxychloroquine|doxy 100|deltasone|diclofenac|naproxen,0.4,0.25,1.0,0.315648,0.2,0.25,1.0,0.249031,0.3,0.75,1.0,0.492887,0.333333
eval_0252,"I get these throbbing pains in my head that come and go, and they keep me up at night. I've been feeling more irritable lately.","[{""name"": ""others"", ""confidence"": 0.93}]","[{""name"": ""irritability"", ""confidence"": 0.43672823491762014}]",permethrin|prosom|melatonin|hetlioz|ovide|intermezzo|dalmane|robaxin|malathion|butabarbital|valerian|vanatrip|seconal sodium|ethchlorvynol|aspirin / diphenhydramine|somnote|sklice|ulesfia|spinosad|gabapentin enacarbil,gabapentin|propranolol,0.0,0.0,0.0,0.0,0.0,0.0,0.0,0.0,0.0,0.0,0.0,0.0,0.0
eval_0227,"Feeling extremely weak, headache, and my face looks sunken – concerned.","[{""name"": ""typhoid"", ""confidence"": 1.0}]","[{""name"": ""fatigue"", ""confidence"": 0.4569326879657047}, {""name"": ""headache"", ""confidence"": 0.9478802523440213}]","typhoid vaccine, live|typhoid vaccine, inactivated|thorazine|profe|azithromycin|ceftriaxone|haloperidol|ampicillin|ciprofloxacin|cipro|ticlopidine|tykerb|feraheme|tafinlar|sarafem|sansert|lanreotide|fioricet|myleran|harvoni",ceftriaxone|ciprofloxacin,0.0,0.0,0.0,0.0,0.2,1.0,1.0,0.379061,0.1,1.0,1.0,0.379061,0.166667
eval_0232,"Whenever I'm near cats, I start sneezing and my eyes get really watery. How can I manage this?","[{""name"": ""allergy"", ""confidence"": 1.0}]","[{""name"": ""continuous_sneezing"", ""confidence"": 1.0}, {""name"": ""watering_from_eyes"", ""confidence"": 1.0}]",bepreve|optivar|alocril|epinastine|elestat|epipen|lastacaft|zymine|alamast|pataday|sterapred|zaditor|bepotastine|patanol|nedocromil|triprolidine|ketotifen|pemirolast|q-dryl|hyzine,prednisone|promethazine,0.0,0.0,0.0,0.0,0.0,0.0,0.0,0.0,0.0,0.0,0.0,0.0,0.0
eval_0257,"My stomach aches constantly, and I'm passing gas more than usual. Is this normal?","[{""name"": ""peptic_ulcer_diseae"", ""confidence"": 1.0}]","[{""name"": ""abdominal_pain"", ""confidence"": 0.4481692652496049}, {""name"": ""passage_of_gases"", ""confidence"": 1.0}, {""name"": ""stomach_pain"", ""confidence"": 1.0}]",misoprostol|collagenase|atropine / hyoscyamine / phenobarbital / scopolamine|chlordiazepoxide / clidinium|salofalk|canasa|uceris|librax|vedolizumab|zantac|methscopolamine|colazal|entyvio|balsalazide|cadexomer iodine|canasa pac|glycopyrrolate|propantheline|olsalazine|becaplermin,rabeprazole|esomeprazole|lansoprazole,0.0,0.0,0.0,0.0,0.0,0.0,0.0,0.0,0.0,0.0,0.0,0.0,0.0
eval_0251,"I'm so weak I can't get out of bed, my muscles ache, and every joint screams with pain. I don't know what to do.","[{""name"": ""arthritis"", ""confidence"": 0.33}]","[{""name"": ""joint_pain"", ""confidence"": 1.0}, {""name"": ""muscle_pain"", ""confidence"": 0.3766798484509331}, {""name"": ""muscle_weakness"", ""confidence"": 1.0}]",myfortic|apremilast|otezla|mycophenolic acid|orudis kt|disalcid|lorcet 10 / 650|ansaid|bextra|prednicot|limbrel 500|absorbine jr.|lortab|zylet|glucosamine|norco|relafen|ibu|vicodin|lotemax,prednisone|enbrel|naproxen|triamcinolone|ibuprofen,0.0,0.0,0.0,0.0,0.0,0.0,0.0,0.0,0.0,0.0,0.0,0.0,0.0
eval_0249,I have a persistent cough with some chest pain and a low-grade fever. Should I be worried?,"[{""name"": ""tuberculosis"", ""confidence"": 0.08}]","[{""name"": ""chest_pain"", ""confidence"": 1.0}, {""name"": ""cough"", ""confidence"": 0.9167851933683109}, {""name"": ""mild_fever"", ""confidence"": 1.0}]",isoniazid|rifampin|rifadin|rifapentine|pretomanid|streptomycin|bcg vaccine|ethambutol|isoniazid / rifampin|isoniazid / pyrazinamide / rifampin|everolimus|pyrazinamide|cycloserine|bedaquiline|aminosalicylic acid|bcg|rifabutin|crestor|chloramphenicol|tagamet hb,doxycycline,0.0,0.0,0.0,0.0,0.0,0.0,0.0,0.0,0.0,0.0,0.0,0.0,0.0
eval_0246,"My neighbor is always tired and snaps at everyone, I wonder if it's her blood pressure or thyroid.","[{""name"": ""hypertension"", ""confidence"": 0.05}, {""name"": ""hyperthyroidism"", ""confidence"": 0.79}, {""name"": ""hypothyroidism"", ""confidence"": 0.54}]","[{""name"": ""fatigue"", ""confidence"": 1.0}, {""name"": ""irritability"", ""confidence"": 0.9733670295746227}]",propylthiouracil|sodium iodide-i-131|trametinib|climara|parathyroid hormone|estring|cinacalcet|levothroid|rayaldee|sorafenib|nexavar|thyrotropin alpha|estrace|sensipar|estradiol|natpara|estradiol / norethindrone|drysol|dabrafenib|etelcalcetide,thyroid desiccated|armour thyroid|levothyroxine,0.0,0.0,0.0,0.0,0.0,0.0,0.0,0.0,0.0,0.0,0.0,0.0,0.0
eval_0260,Knees are swollen and walking is painful. Is there a way to reduce the swelling?,"[{""name"": ""osteoarthristis"", ""confidence"": 1.0}]","[{""name"": ""knee_pain"", ""confidence"": 1.0}, {""name"": ""painful_walking"", ""confidence"": 0.7774199573548333}, {""name"": ""swelling_joints"", ""confidence"": 1.0}]",flanax pain reliever|naprosyn|ditropan xl|oxybutynin|ibuprofen|naproxen|aleve|disalcid|orudis kt|bextra|lorcet 10 / 650|limbrel 500|ansaid|prednicot|lortab|absorbine jr.|zylet|norco|glucosamine|vicodin,naproxen,0.0,0.0,0.0,0.0,0.1,1.0,1.0,0.356207,0.05,1.0,1.0,0.356207,0.166667
eval_0250,"I have a headache and feel tired all the time. Also, I noticed a rash on my arms and have had diarrhea.","[{""name"": ""chicken_pox"", ""confidence"": 0.48}, {""name"": ""gastroenteritis"", ""confidence"": 0.74}]","[{""name"": ""diarrhoea"", ""confidence"": 0.9314861482123423}, {""name"": ""fatigue"", ""confidence"": 1.0}, {""name"": ""headache"", ""confidence"": 0.9967995186557086}, {""name"": ""skin_rash"", ""confidence"": 0.8516502654044444}]",foscarnet|immune globulin intramuscular|varicella virus vaccine|varicella zoster immune globulin|thorazine|measles virus vaccine / mumps virus vaccine / rubella virus vaccine / varicella virus vaccine|valtrex|haloperidol|ceftriaxone|doxycycline|haldol|colcrys|sulfamethoxazole / trimethoprim|dexamethasone|acyclovir|erythromycin|ciprofloxacin|cipro|valacyclovir|diphenhydramine,valacyclovir|valtrex|acyclovir,0.0,0.0,0.0,0.0,0.1,0.333333,1.0,0.156426,0.15,1.0,1.0,0.382327,0.142857
eval_0261,My nails are all red and have little dents in them. Is this normal?,"[{""name"": ""psoriasis"", ""confidence"": 1.0}]","[{""name"": ""inflammatory_nails"", ""confidence"": 0.9844692418144602}, {""name"": ""small_dents_in_nails"", ""confidence"": 0.9952277826824835}]",amevive|topicort lp|navane|trilafon|scytera|prolixin|coal tar / salicylic acid / sulfur|coal tar/salicylic acid/sulfur|alefacept|fluphenazine|taltz|soriatane|otezla|thiothixene|brodalumab|haldol decanoate|desowen|apremilast|risankizumab|calcipotriene,enbrel,0.0,0.0,0.0,0.0,0.0,0.0,0.0,0.0,0.0,0.0,0.0,0.0,0.0
eval_0264,I have joint swelling and also stomach pains occasionally.,"[{""name"": ""arthritis"", ""confidence"": 0.51}]","[{""name"": ""abdominal_pain"", ""confidence"": 0.14249102558752919}, {""name"": ""joint_pain"", ""confidence"": 1.0}]",sodium hyaluronate|lotemax|loteprednol|pancreatin|cellcept|adalimumab|sulfazine|corticotropin|remicade|colcrys|humira|otezla|apremilast|kenalog-40|azathioprine|naprosyn|duexis|golimumab|imuran|azulfidine,adalimumab|humira|infliximab|remicade,0.0,0.0,0.0,0.0,0.2,0.5,1.0,0.256572,0.15,0.75,1.0,0.365466,0.166667
eval_0268,"My eyes water frequently, and I have stiffness and swelling in my joints. Should I see a specialist?","[{""name"": ""allergy"", ""confidence"": 0.96}, {""name"": ""arthritis"", ""confidence"": 1.0}]","[{""name"": ""movement_stiffness"", ""confidence"": 1.0}, {""name"": ""swelling_joints"", ""confidence"": 0.7895516607480867}, {""name"": ""watering_from_eyes"", ""confidence"": 0.9990929269913673}]",aristocort|acthar|lotemax|loteprednol|bextra|ansaid|orudis kt|lorcet 10 / 650|lortab|absorbine jr.|zylet|disalcid|limbrel 500|probenecid and colchicine|prednicot|lodine|deltasone|ibu|colchicine / probenecid|glucosamine,prednisone|triamcinolone|prednisolone|loteprednol|lotemax,0.4,0.4,1.0,0.370893,0.2,0.4,1.0,0.370893,0.1,0.4,1.0,0.370893,0.333333
eval_0267,"I have pimples on my back, and my kid has a similar rash with sores around the nose. Could it be the same thing?","[{""name"": ""acne"", ""confidence"": 1.0}, {""name"": ""impetigo"", ""confidence"": 0.1}]","[{""name"": ""itching"", ""confidence"": 0.11672283762117212}, {""name"": ""pus_filled_pimples"", ""confidence"": 1.0}, {""name"": ""red_sore_around_nose"", ""confidence"": 0.7670876781189232}, {""name"": ""skin_rash"", ""confidence"": 0.9588407313044073}]",ammoniated mercury|retapamulin|altabax|sulconazole|ozenoxacin|mupirocin|trinessa|femhrt|necon 1 / 35|nuox|junel fe 1 / 20|inova 4 / 1|finacea|retin a micro|trinessa lo|chaparral|loestrin 24 fe|ortho-novum 1 / 35|necon 7 / 7 / 7|norinyl 1+35,isotretinoin|accutane|adapalene / benzoyl peroxide|doxycycline|cefuroxime|mupirocin|retapamulin,0.2,0.142857,1.0,0.142658,0.2,0.285714,1.0,0.227932,0.1,0.285714,1.0,0.227932,0.5
eval_0253,"I saw that my friend's nails have these weird dents and look inflamed, and she says they're painful.","[{""name"": ""psoriasis"", ""confidence"": 1.0}]","[{""name"": ""inflammatory_nails"", ""confidence"": 1.0}, {""name"": ""small_dents_in_nails"", ""confidence"": 1.0}]",amevive|alefacept|navane|trilafon|fluphenazine|topicort lp|prolixin|scytera|pyrantel|haldol decanoate|apremilast|anthralin|otezla|benznidazole|mebendazole|coal tar / salicylic acid / sulfur|coal tar/salicylic acid/sulfur|triclabendazole|nitazoxanide|soriatane,prednisone|enbrel,0.0,0.0,0.0,0.0,0.0,0.0,0.0,0.0,0.0,0.0,0.0,0.0,0.0
eval_0276,"My chest is tight, I'm wheezing, and coughing up thick phlegm. Breathing is a struggle.","[{""name"": ""bronchial_asthma"", ""confidence"": 1.0}]","[{""name"": ""breathlessness"", ""confidence"": 1.0}, {""name"": ""chest_pain"", ""confidence"": 0.9745126488455688}, {""name"": ""cough"", ""confidence"": 0.8689027575840769}, {""name"": ""mucoid_sputum"", ""confidence"": 0.10483894618713051}]",ceftibuten|cedax|decadron|epinephrine|biaxin|omnicef|singulair|montelukast|pemetrexed|beclomethasone|ephedrine|flunisolide|ciclesonide|neupogen|biaxin xl|epogen|integra|procrit|ferralet 90|mucomyst,prednisone,0.0,0.0,0.0,0.0,0.0,0.0,0.0,0.0,0.0,0.0,0.0,0.0,0.0
eval_0277,"I'm urinating frequently, and my eyesight seems off, like things are blurry. Is this normal?","[{""name"": ""diabetes"", ""confidence"": 1.0}]","[{""name"": ""blurred_and_distorted_vision"", ""confidence"": 1.0}, {""name"": ""polyuria"", ""confidence"": 1.0}]",sodium bicarbonate|sandostatin|humalog mix 75 / 25|relion / novolin 70 / 30|iluvien|albiglutide|desmopressin|novolin 70 / 30|ranibizumab|ddavp rhinal tube|glucophage|aflibercept|ddavp|novolog mix 70 / 30|glucophage xr|vasopressin|mexiletine|ddavp nasal|glimepiride / rosiglitazone|insulin lispro / insulin lispro protamine,liraglutide|victoza,0.0,0.0,0.0,0.0,0.0,0.0,0.0,0.0,0.0,0.0,0.0,0.0,0.0
eval_0272,"I have pain in my joints and my stomach, and I drink a lot. Could these be connected?","[{""name"": ""alcoholic_hepatitis"", ""confidence"": 0.77}, {""name"": ""arthritis"", ""confidence"": 0.54}]","[{""name"": ""abdominal_pain"", ""confidence"": 1.0}, {""name"": ""history_of_alcohol_consumption"", ""confidence"": 0.4888550775830132}, {""name"": ""joint_pain"", ""confidence"": 0.7964889368962038}]",pancreatin|cellcept|betamethasone|azathioprine|imuran|lidex|pancrelipase|hi-vegi-lip|zenpep|purinethol|pancreaze|crisaborole|eucrisa|protopic|creon|mycophenolate mofetil|diprolene af|medrol dosepak|topicort|flurandrenolide,budesonide,0.0,0.0,0.0,0.0,0.0,0.0,0.0,0.0,0.0,0.0,0.0,0.0,0.0
eval_0262,"Walking downstairs is becoming painful, and my ankles feel swollen at times.","[{""name"": ""arthritis"", ""confidence"": 1.0}]","[{""name"": ""painful_walking"", ""confidence"": 1.0}, {""name"": ""swelling_joints"", ""confidence"": 0.924389943808341}]",lorcet 10 / 650|ansaid|orudis kt|lortab|bextra|limbrel 500|tolectin ds|absorbine jr.|prednicot|ibu|zylet|vicodin|norco|relafen|acetaminophen / propoxyphene|bioflavonoids / zinc glycinate|valdecoxib|lodine|probenecid and colchicine|voltaren gel,diclofenac|tramadol|acetaminophen / hydrocodone,0.0,0.0,0.0,0.0,0.0,0.0,0.0,0.0,0.0,0.0,0.0,0.0,0.0
eval_0275,Peeing burns and I always feel like I need to go to the bathroom.,"[{""name"": ""urinary_tract_infection"", ""confidence"": 1.0}]","[{""name"": ""burning_micturition"", ""confidence"": 0.49446551485822815}, {""name"": ""continuous_feel_of_urine"", ""confidence"": 0.9962626326952553}]",cytra-k|eflornithine|cubicin|risperdal m-tab|goldenseal|vaniqa|bactroban|citric acid / potassium citrate|uristat|tamsulosin|bumetanide|daptomycin|elmiron|ascorbic acid|doribax|azo-standard|cranberry|sanctura|phenazopyridine|neostigmine,doxycycline,0.0,0.0,0.0,0.0,0.0,0.0,0.0,0.0,0.0,0.0,0.0,0.0,0.0
eval_0271,I have blackheads on my nose and also feel very hungry all the time with weight loss. What could be wrong?,"[{""name"": ""acne"", ""confidence"": 1.0}, {""name"": ""diabetes"", ""confidence"": 0.79}]","[{""name"": ""blackheads"", ""confidence"": 0.9996950550033511}, {""name"": ""excessive_hunger"", ""confidence"": 0.8922644011170893}, {""name"": ""increased_appetite"", ""confidence"": 1.0}, {""name"": ""runny_nose"", ""confidence"": 0.04364825669910193}, {""name"": ""weight_loss"", ""confidence"": 0.98241663326663}]",tretinoin|ddavp nasal|trinessa|nuox|femhrt|ranibizumab|fortamet|relion / novolin 70 / 30|avandamet|glucophage|benzefoam|necon 1 / 35|humalog mix 75 / 25|iluvien|ibrance|ddavp rhinal tube|albiglutide|loestrin 24 fe|retin a micro|glucose,tretinoin|doxycycline|spironolactone|liraglutide|victoza,0.2,0.2,1.0,0.434977,0.1,0.2,1.0,0.434977,0.05,0.2,1.0,0.434977,1.0
eval_0279,"I've got a runny nose, my eyes are watering, and I'm coughing a lot. Could it be allergies or a cold?","[{""name"": ""allergy"", ""confidence"": 1.0}, {""name"": ""common_cold"", ""confidence"": 1.0}]","[{""name"": ""congestion"", ""confidence"": 0.37776629390544264}, {""name"": ""cough"", ""confidence"": 0.9850188655422474}, {""name"": ""runny_nose"", ""confidence"": 1.0}, {""name"": ""watering_from_eyes"", ""confidence"": 0.9796448184797442}]",tetracaine|cetirizine|chlorpheniramine|fexofenadine|olopatadine|allergy dn pe|zyrtec|allegra|levocetirizine|eyebright|dexchlorpheniramine|chlor-trimeton|clarinex|drixoral cold / flu|loratadine|veramyst|actifed|claritin|alahist lq|carbinoxamine,prednisone|promethazine|cyproheptadine|triamcinolone|azelastine|phenergan,0.0,0.0,0.0,0.0,0.0,0.0,0.0,0.0,0.0,0.0,0.0,0.0,0.0
eval_0284,"I have asthma, but now I'm having trouble breathing, running a fever, and coughing up thick mucus. I'm really scared.","[{""name"": ""bronchial_asthma"", ""confidence"": 1.0}, {""name"": ""pneumonia"", ""confidence"": 1.0}]","[{""name"": ""breathlessness"", ""confidence"": 1.0}, {""name"": ""cough"", ""confidence"": 0.678102967824273}, {""name"": ""high_fever"", ""confidence"": 0.8994043803445266}, {""name"": ""mucoid_sputum"", ""confidence"": 1.0}]",biaxin|duoneb|omnicef|alupent|flovent|asthmanefrin|combivent|intal inhaler|aerobid|intal|perforomist|azmacort|theo-24|spiriva|fluticasone / salmeterol|proventil|zafirlukast|uniphyl|advair hfa|albuterol / ipratropium,doxycycline|azithromycin|prednisone|sulfamethoxazole / trimethoprim|ceftriaxone,0.0,0.0,0.0,0.0,0.0,0.0,0.0,0.0,0.0,0.0,0.0,0.0,0.0
eval_0281,"My heart is racing, I'm coughing non-stop, and the phlegm has a rusty color.","[{""name"": ""pneumonia"", ""confidence"": 1.0}]","[{""name"": ""cough"", ""confidence"": 0.6396727045240932}, {""name"": ""fast_heart_rate"", ""confidence"": 1.0}, {""name"": ""rusty_sputum"", ""confidence"": 1.0}]",epogen|neupogen|ferralet 90|multivitamin with iron|procrit|integra|integra f|oxymetholone|epoetin alfa|lenalidomide|maxaron forte|filgrastim|leucovorin|pyrimethamine|pentamidine|primaquine|atovaquone|lefamulin|amikin|xenleta,doxycycline|azithromycin,0.0,0.0,0.0,0.0,0.0,0.0,0.0,0.0,0.0,0.0,0.0,0.0,0.0
eval_0269,"I'm overweight and always feel exhausted, could it be something serious?","[{""name"": ""diabetes"", ""confidence"": 1.0}]","[{""name"": ""fatigue"", ""confidence"": 1.0}, {""name"": ""obesity"", ""confidence"": 1.0}]",glucophage|exubera|fortamet|iluvien|relion / novolin 70 / 30|mexiletine|eylea|humalog mix 75 / 25|desmopressin|avandamet|novolin 70 / 30|novolog mix 70 / 30|glimepiride / rosiglitazone|ranibizumab|ddavp|glipizide xl|toujeo|insulin lispro / insulin lispro protamine|sandostatin|gabarone,liraglutide|victoza,0.0,0.0,0.0,0.0,0.0,0.0,0.0,0.0,0.0,0.0,0.0,0.0,0.0
eval_0270,"Sores around the nose, blisters with yellow ooze, and a high fever in my infant. I don't know what to do.","[{""name"": ""impetigo"", ""confidence"": 1.0}]","[{""name"": ""blister"", ""confidence"": 1.0}, {""name"": ""high_fever"", ""confidence"": 1.0}, {""name"": ""red_sore_around_nose"", ""confidence"": 0.9641178243742202}, {""name"": ""yellow_crust_ooze"", ""confidence"": 0.998608884115004}]","mupirocin|ozenoxacin|ammoniated mercury|sulconazole|retapamulin|altabax|cefadroxil|children's dimetapp decongestant infant|miconazole / zinc oxide|cefuroxime|menthol / zinc oxide|vitamin a & d|zinc oxide|vitamins a, d, and e|rhinocort|alahist lq|valtrex|zutripro|todays health nasal  relief extra moisturizing|neupogen",cefuroxime|mupirocin|retapamulin,0.4,0.666667,1.0,0.706042,0.3,1.0,1.0,0.80415,0.15,1.0,1.0,0.80415,1.0
eval_0280,I have blackheads on my nose and a rash on my chest that's itchy. Could they be connected?,"[{""name"": ""acne"", ""confidence"": 1.0}, {""name"": ""fungal_infection"", ""confidence"": 0.88}]","[{""name"": ""blackheads"", ""confidence"": 0.9953289054715811}, {""name"": ""itching"", ""confidence"": 0.9234180247760961}, {""name"": ""skin_rash"", ""confidence"": 0.4846979461951432}]",clindamycin|smz-tmp ds|doxy 100|keflex|cephalexin|chloramphenicol|minocycline|femhrt|bactrim|benzefoam|necon 1 / 35|trinessa|junel fe 1 / 20|inova 4 / 1|necon 7 / 7 / 7|mycolog ii|nuox|bactrim ds|vibramycin|ortho-novum 1 / 35,doxycycline|clindamycin|minocycline,0.2,0.333333,1.0,0.469279,0.2,0.666667,1.0,0.625705,0.1,0.666667,1.0,0.625705,1.0
eval_0287,"I've had neck issues for years, but now I'm dealing with diarrhea. Could stress be making everything worse?","[{""name"": ""cervical_spondylosis"", ""confidence"": 0.9}, {""name"": ""gastroenteritis"", ""confidence"": 0.34}, {""name"": ""hyperthyroidism"", ""confidence"": 0.89}]","[{""name"": ""diarrhoea"", ""confidence"": 1.0}, {""name"": ""enlarged_thyroid"", ""confidence"": 0.6318583987223312}, {""name"": ""neck_pain"", ""confidence"": 1.0}]",abobotulinumtoxina|baclofen|lioresal|lorazepam|incobotulinumtoxina|dysport|ativan|myobloc|botulinum toxin type b|onabotulinumtoxina|botox|xeomin|xerac ac|drysol|hypercare|tapazole|oxybutynin|alosetron|aluminum chloride hexahydrate|gabapentin,onabotulinumtoxina|gabapentin|amitriptyline,0.0,0.0,0.0,0.0,0.1,0.333333,1.0,0.135652,0.1,0.666667,1.0,0.242493,0.1
eval_0273,I keep getting headaches and feeling dizzy. It's making me really irritable. Any ideas?,"[{""name"": ""migraine"", ""confidence"": 0.48}]","[{""name"": ""dizziness"", ""confidence"": 0.6066693183268234}, {""name"": ""irritability"", ""confidence"": 0.6145952844689486}]",inderal|fioricet|zecuity|axert|prodrin|lioresal|esgic|wellbutrin|amrix|phrenilin|bupap|sansert|excedrin sinus headache|klonopin|flexeril|calan|epidrin|alsuma|riboflavin|baclofen,propranolol|clonidine,0.0,0.0,0.0,0.0,0.0,0.0,0.0,0.0,0.0,0.0,0.0,0.0,0.0
eval_0292,Is it common for joint stiffness to get worse in cold weather? My hands feel like blocks of ice in the morning.,"[{""name"": ""arthritis"", ""confidence"": 1.0}]","[{""name"": ""movement_stiffness"", ""confidence"": 1.0}]",canakinumab|orudis kt|lorcet 10 / 650|bextra|lodine|ansaid|limbrel 500|norco|prednicot|aspirin|absorbine jr.|probenecid and colchicine|ibu|valdecoxib|vicodin|aristocort|kenalog-40|relafen|lortab|acetaminophen / propoxyphene,diclofenac,0.0,0.0,0.0,0.0,0.0,0.0,0.0,0.0,0.0,0.0,0.0,0.0,0.0
eval_0278,"My cousin has been itching like crazy, and her urine smells awful. She's embarrassed to talk about it.","[{""name"": ""urinary_tract_infection"", ""confidence"": 0.87}]","[{""name"": ""foul_smell_of urine"", ""confidence"": 1.0}, {""name"": ""itching"", ""confidence"": 1.0}]",itraconazole|diflucan|lactobacillus acidophilus|acidophilus|flucytosine|rocephin|doripenem|cefditoren|amphotericin b|mupirocin|sulfatrim|neostigmine|uristat|fluconazole|cytra-k|goldenseal|flomax|eflornithine|vaniqa|bumetanide,doxycycline|azithromycin|bactrim|fluconazole,0.0,0.0,0.0,0.0,0.0,0.0,0.0,0.0,0.05,0.25,1.0,0.113689,0.071429
eval_0297,"I often feel acid reflux, especially at night. It disturbs my sleep.","[{""name"": ""gerd"", ""confidence"": 1.0}]","[{""name"": ""acidity"", ""confidence"": 1.0}]",zantac 150|axid|propulsid|kapidex|aluminum hydroxide / magnesium trisilicate|zantac|cisapride|ranitidine|aciphex|gelusil|zegerid|nizatidine|carafate|prevacid|axid ar|rabeprazole|mylanta|calcium carbonate / simethicone|prilosec|dexlansoprazole,aciphex|dexlansoprazole|rabeprazole,0.0,0.0,0.0,0.0,0.1,0.333333,1.0,0.141267,0.15,1.0,1.0,0.362917,0.111111
eval_0296,"My sister's nails are thick and inflamed, and she has silver dust on her skin.","[{""name"": ""psoriasis"", ""confidence"": 1.0}]","[{""name"": ""inflammatory_nails"", ""confidence"": 0.9188111725310627}, {""name"": ""silver_like_dusting"", ""confidence"": 0.772565659148159}]",topicort lp|amevive|navane|scytera|coal tar/salicylic acid/sulfur|coal tar / salicylic acid / sulfur|alefacept|fluphenazine|trilafon|pyrantel|haldol decanoate|prolixin|otezla|apremilast|anthralin|nitazoxanide|mebendazole|benznidazole|triclabendazole|thiothixene,prednisone|enbrel,0.0,0.0,0.0,0.0,0.0,0.0,0.0,0.0,0.0,0.0,0.0,0.0,0.0
eval_0291,"I feel so dehydrated, my eyes are sunk in, my heart is beating fast, and I keep vomiting.","[{""name"": ""gastroenteritis"", ""confidence"": 1.0}]","[{""name"": ""dehydration"", ""confidence"": 1.0}, {""name"": ""fast_heart_rate"", ""confidence"": 0.9908339828716148}, {""name"": ""sunken_eyes"", ""confidence"": 1.0}, {""name"": ""vomiting"", ""confidence"": 1.0}]",emend|emetrol|dramamine|diclegis|zofran|alosetron|cesamet|opium deodorized|lotronex|sancuso|atropine / difenoxin|granisetron|rolapitant|varubi|tigan|transderm-scop|ginger|attapulgite|aloxi|electrolyte replacement solutions,doxycycline,0.0,0.0,0.0,0.0,0.0,0.0,0.0,0.0,0.0,0.0,0.0,0.0,0.0
eval_0290,"Shortness of breath with mucus, tips for better breathing?","[{""name"": ""bronchial_asthma"", ""confidence"": 1.0}]","[{""name"": ""breathlessness"", ""confidence"": 1.0}]",theo-24|combivent|tiotropium|fluticasone / salmeterol|pulmicort respules|azmacort|accolate|asthmanefrin|qvar|zafirlukast|formoterol|pulmicort turbuhaler|alupent|arnuity ellipta|intal|spiriva|asmanex twisthaler|duoneb|terbutaline|perforomist,prednisone,0.0,0.0,0.0,0.0,0.0,0.0,0.0,0.0,0.0,0.0,0.0,0.0,0.0
eval_0300,"I've been having joint pain and swelling, along with occasional stomach cramps. Is this something serious?","[{""name"": ""arthritis"", ""confidence"": 1.0}]","[{""name"": ""abdominal_pain"", ""confidence"": 0.8769011429248842}, {""name"": ""joint_pain"", ""confidence"": 0.9893088795339182}, {""name"": ""swelling_joints"", ""confidence"": 0.905225503048993}]",pancreatin|cellcept|lotemax|loteprednol|gleevec|sulfazine|sodium hyaluronate|iclusig|colcrys|sprycel|lorcet 10 / 650|ansaid|orudis kt|apremilast|bextra|disalcid|dicyclomine|lortab|limbrel 500|corticotropin,adalimumab|humira,0.0,0.0,0.0,0.0,0.0,0.0,0.0,0.0,0.0,0.0,0.0,0.0,0.0
eval_0294,"I have a high fever, chest pain, and I'm struggling to breathe, what should I do?","[{""name"": ""pneumonia"", ""confidence"": 1.0}]","[{""name"": ""breathlessness"", ""confidence"": 0.9567862285447923}, {""name"": ""chest_pain"", ""confidence"": 1.0}, {""name"": ""high_fever"", ""confidence"": 1.0}]",epogen|neupogen|multivitamin with iron|ferralet 90|procrit|oxymetholone|integra f|integra|epoetin alfa|lenalidomide|rifampin|filgrastim|biaxin|omnicef|maxaron forte|pyrimethamine|lefamulin|leucovorin|atovaquone|xenleta,doxycycline|azithromycin,0.0,0.0,0.0,0.0,0.0,0.0,0.0,0.0,0.0,0.0,0.0,0.0,0.0
eval_0293,Diarrhoea and chills—wondering if it's serious? Get the facts now.,"[{""name"": ""gastroenteritis"", ""confidence"": 0.51}]","[{""name"": ""chills"", ""confidence"": 1.0}, {""name"": ""diarrhoea"", ""confidence"": 1.0}]",vistaril|thorazine|haloperidol|haldol|atarax|pyridoxine|emend|diclegis|phenergan|aprepitant|antivert|coartem|dramamine|diphenhydramine|cesamet|emetrol|attapulgite|sancuso|hydroxyzine|varubi,doxycycline|sulfamethoxazole / trimethoprim,0.0,0.0,0.0,0.0,0.0,0.0,0.0,0.0,0.0,0.0,0.0,0.0,0.0
eval_0298,"I've lost weight suddenly, my vision is distorted, and I have severe headaches. I'm really scared.","[{""name"": ""diabetes"", ""confidence"": 0.43}, {""name"": ""migraine"", ""confidence"": 0.93}]","[{""name"": ""blurred_and_distorted_vision"", ""confidence"": 1.0}, {""name"": ""visual_disturbances"", ""confidence"": 0.5740289081494037}, {""name"": ""weight_loss"", ""confidence"": 0.6650975095740057}]",neurontin|lyrica|pregabalin|vitamin b2|desmopressin|sansert|relion / novolin 70 / 30|ddavp nasal|ddavp|wellbutrin|calan|alsuma|humalog mix 75 / 25|gabapentin|iluvien|klonopin|axert|topiramate|ddavp rhinal tube|ranibizumab,topiramate|amitriptyline,0.0,0.0,0.0,0.0,0.0,0.0,0.0,0.0,0.05,0.5,1.0,0.165709,0.055556
eval_0286,"I've had headaches and diarrhea, and also some discomfort in my lower belly. What might be wrong?","[{""name"": ""migraine"", ""confidence"": 0.64}, {""name"": ""urinary_tract_infection"", ""confidence"": 0.72}]","[{""name"": ""bladder_discomfort"", ""confidence"": 0.9992358836105061}, {""name"": ""diarrhoea"", ""confidence"": 0.8637585946923446}, {""name"": ""headache"", ""confidence"": 0.9999843249604506}]","elavil|typhoid vaccine, live|typhoid vaccine, inactivated|amitriptyline|ampicillin|azithromycin|venlafaxine|memantine|cipro|ceftriaxone|risperdal|my way|allopurinol|risperidone|fioricet|phosphorated carbohydrate solution|axert|ciprofloxacin|doxycycline|lessina",doxycycline|sulfamethoxazole / trimethoprim|sumatriptan|azithromycin,0.0,0.0,0.0,0.0,0.1,0.25,1.0,0.105478,0.1,0.5,1.0,0.173993,0.166667
eval_0289,"A work friend has chronic back pain and occasionally feels unsteady, but he hasn't seen a doctor.","[{""name"": ""cervical_spondylosis"", ""confidence"": 0.82}]","[{""name"": ""back_pain"", ""confidence"": 0.5315281773330554}, {""name"": ""loss_of_balance"", ""confidence"": 1.0}]",lioresal|baclofen|dysport|abobotulinumtoxina|myobloc|incobotulinumtoxina|botulinum toxin type b|xeomin|botox|onabotulinumtoxina|lorazepam|ativan|bextra|didrex|simponi|golimumab|depo-medrol|solu-medrol|methylprednisolone|ceftibuten,baclofen,0.2,1.0,1.0,0.63093,0.1,1.0,1.0,0.63093,0.05,1.0,1.0,0.63093,0.5
