mode,query_id,recommended,relevant,candidate_union_size,disease,strict,symptom,bm25,dense,prior,precision@5,recall@5,hit@5,ndcg@5,precision@10,recall@10,hit@10,ndcg@10,precision@20,recall@20,hit@20,ndcg@20,mrr,stage_hit_disease,stage_hit_strict,stage_hit_symptom,stage_hit_bm25,stage_hit_dense,stage_hit_prior,stage_hit_union
label_core_rerank,eval_0304,amitriptyline | spironolactone | doxycycline | venlafaxine | azithromycin | rocephin | phosphorated carbohydrate solution | acidophilus | elavil | methenamine | ceftriaxone | zyvox | vaniqa | linezolid | uta | ampicillin | sulfatrim | hiprex | allopurinol | eflornithine,doxycycline,172,172,172,172,0,0,0,0.2,1.0,1.0,0.5,0.1,1.0,1.0,0.5,0.05,1.0,1.0,0.5,0.3333333333333333,1.0,1.0,1.0,0.0,0.0,0.0,1.0
label_core_rerank,eval_0307,doxycycline | prednisone | azithromycin | rocephin | aclidinium | tudorza pressair | xopenex | methylprednisolone | omalizumab | ceftriaxone | mometasone | xolair | levalbuterol | primatene mist | accolate | zafirlukast | intal inhaler | guaifenesin | epinephrine | ipratropium inhalation solution,prednisone,1000,221,221,1000,0,0,0,0.2,1.0,1.0,0.6309297535714574,0.1,1.0,1.0,0.6309297535714574,0.05,1.0,1.0,0.6309297535714574,0.5,1.0,1.0,1.0,0.0,0.0,0.0,1.0
label_core_rerank,eval_0303,cyproheptadine | promethazine | prednisone | omalizumab | epipen | ketotifen | xolair | chlor-trimeton | phenergan | ketorolac | chlorpheniramine | epinephrine | ranitidine | carbinoxamine | zaditor | aristocort | alavert | azelastine | triamcinolone | triprolidine,prednisone | promethazine,804,76,76,804,0,0,0,0.4,1.0,1.0,0.6934264036172708,0.2,1.0,1.0,0.6934264036172708,0.1,1.0,1.0,0.6934264036172708,0.5,1.0,1.0,1.0,0.0,0.0,0.0,1.0
label_core_rerank,eval_0302,doxycycline | clindamycin | cephalexin | bactrim | sulfamethoxazole / trimethoprim | minocycline | keflex | doxy 100 | bactrim ds | vibramycin | septra | septra ds | smz-tmp ds | isotretinoin | accutane | benzoyl peroxide / clindamycin | tretinoin | adapalene / benzoyl peroxide | epiduo | magnesium hydroxide,doxycycline | clindamycin | sulfamethoxazole / trimethoprim,420,273,273,420,0,0,0,0.6,1.0,1.0,0.956993457308443,0.3,1.0,1.0,0.956993457308443,0.15,1.0,1.0,0.956993457308443,1.0,1.0,1.0,1.0,0.0,0.0,0.0,1.0
label_core_rerank,eval_0308,doxycycline | prednisone | azithromycin | methylprednisolone | mometasone | epinephrine | ampicillin | budesonide | kenalog-40 | augmentin xr | triamcinolone | bactrim | medrol dosepak | sulfamethoxazole / trimethoprim | flunisolide | zithromax | ceftin | cedax | ceftibuten | singulair,prednisone | methylprednisolone,1000,681,681,1000,0,0,0,0.4,1.0,1.0,0.6509209298071326,0.2,1.0,1.0,0.6509209298071326,0.1,1.0,1.0,0.6509209298071326,0.5,1.0,1.0,1.0,0.0,0.0,0.0,1.0
label_core_rerank,eval_0305,diclofenac | rabeprazole | prednisone | chlordiazepoxide / clidinium | clonidine | librax | atropine / hyoscyamine / phenobarbital / scopolamine | omeprazole / sodium bicarbonate | ranitidine | methylprednisolone | mesalamine | adalimumab | humira | lansoprazole | zantac | cellcept | infliximab | remicade | mycophenolate mofetil | budesonide,rabeprazole | esomeprazole | lansoprazole,109,109,80,80,0,0,0,0.2,0.3333333333333333,1.0,0.2960819109658653,0.1,0.3333333333333333,1.0,0.2960819109658653,0.1,0.6666666666666666,1.0,0.41619756676391656,0.5,1.0,1.0,1.0,0.0,0.0,0.0,1.0
label_core_rerank,eval_0306,stelara | enbrel | ustekinumab | doxycycline | etanercept | prednisone | methylprednisolone | adalimumab | betamethasone | humira | infliximab | methotrexate | remicade | hydrocortisone | kenalog-40 | triamcinolone | kenalog-10 | minocycline | dexamethasone | tetracycline,prednisone | enbrel | stelara | ustekinumab | adalimumab,1000,294,176,882,0,0,0,0.6,0.6,1.0,0.7557806593071948,0.5,1.0,1.0,0.9518915761561842,0.25,1.0,1.0,0.9518915761561842,1.0,1.0,1.0,1.0,0.0,0.0,0.0,1.0
label_core_rerank,eval_0301,doxycycline | azithromycin | rocephin | acidophilus | methenamine | ceftriaxone | zyvox | linezolid | hiprex | lactobacillus acidophilus | fluconazole | cephalexin | doripenem | gentamicin | bactrim | sulfamethoxazole / trimethoprim | minocycline | ceftin | avelox | moxifloxacin,doxycycline | sulfamethoxazole / trimethoprim | bactrim | fluconazole,481,287,287,481,0,0,0,0.2,0.25,1.0,0.2757045417773276,0.1,0.25,1.0,0.2757045417773276,0.2,1.0,1.0,0.5956293988783901,1.0,1.0,1.0,1.0,0.0,0.0,0.0,1.0
label_core_rerank,eval_0312,cyproheptadine | promethazine | prednisone | omalizumab | epipen | ketotifen | xolair | chlor-trimeton | phenergan | ketorolac | chlorpheniramine | epinephrine | ranitidine | carbinoxamine | alavert | zaditor | aristocort | azelastine | triamcinolone | tetracaine,prednisone | promethazine,558,76,76,558,0,0,0,0.4,1.0,1.0,0.6934264036172708,0.2,1.0,1.0,0.6934264036172708,0.1,1.0,1.0,0.6934264036172708,0.5,1.0,1.0,1.0,0.0,0.0,0.0,1.0
label_core_rerank,eval_0309,sucralfate | triamcinolone | ciprofloxacin | levofloxacin | rabeprazole | omeprazole / sodium bicarbonate | ranitidine | lansoprazole | zantac | esomeprazole | protonix | nexium | cimetidine | omeprazole | pantoprazole | carafate | pepcid | metoclopramide | calcium carbonate | reglan,rabeprazole | esomeprazole | lansoprazole,1000,69,64,982,0,0,0,0.2,0.3333333333333333,1.0,0.18154179253735267,0.3,1.0,1.0,0.4652347214527331,0.15,1.0,1.0,0.4652347214527331,0.2,1.0,1.0,1.0,0.0,0.0,0.0,1.0
label_core_rerank,eval_0316,elocon | clobetasol | stelara | enbrel | ustekinumab | desonide | doxycycline | etanercept | prednisone | flurandrenolide | cordran tape | clocortolone | clobex | cloderm | thiothixene | desowen | methylprednisolone | adalimumab | mometasone | betamethasone,prednisone | enbrel,726,164,164,726,0,0,0,0.2,0.5,1.0,0.3031610197508214,0.2,1.0,1.0,0.44442799261065036,0.1,1.0,1.0,0.44442799261065036,0.25,1.0,1.0,1.0,0.0,0.0,0.0,1.0
label_core_rerank,eval_0313,aciphex | doxycycline | prednisone | rabeprazole | calcium carbonate / simethicone | prevacid | axid ar | nexium 24hr | prilosec otc | aluminum hydroxide / magnesium hydroxide / simethicone | nizatidine | protonix iv | omeprazole / sodium bicarbonate | mylanta | tagamet hb | zegerid | pepcid ac chewable tablets | triamcinolone | mylanta maximum strength | di-gel,doxycycline,1000,109,109,1000,0,0,0,0.2,1.0,1.0,0.6309297535714574,0.1,1.0,1.0,0.6309297535714574,0.05,1.0,1.0,0.6309297535714574,0.5,1.0,1.0,1.0,0.0,0.0,0.0,1.0
label_core_rerank,eval_0310,elocon | clobetasol | desonide | prednisone | flurandrenolide | cordran tape | clocortolone | clobex | cloderm | mometasone | betamethasone | ultravate | fluocinonide | halobetasol | olux | hydrocortisone | kenalog-40 | desoximetasone | triamcinolone | coal tar,prednisone | mometasone | clobetasol | methylprednisolone | elocon,831,197,197,831,0,0,0,0.6,0.6,1.0,0.6992148198508501,0.4,0.8,1.0,0.7972541056822071,0.2,0.8,1.0,0.7972541056822071,1.0,1.0,1.0,1.0,0.0,0.0,0.0,1.0
label_core_rerank,eval_0314,clonazepam | klonopin | propranolol | rizatriptan | treximet | lamotrigine | gabapentin | naproxen / sumatriptan | amitriptyline | relpax | maxalt | eletriptan | acetaminophen / butalbital / caffeine | frovatriptan | sumatriptan | bupropion | aspirin / butalbital / caffeine | diclofenac | frova | maxalt-mlt,propranolol,1000,179,179,1000,0,0,0,0.2,1.0,1.0,0.5,0.1,1.0,1.0,0.5,0.05,1.0,1.0,0.5,0.3333333333333333,1.0,1.0,1.0,0.0,0.0,0.0,1.0
label_core_rerank,eval_0315,gabapentin | amitriptyline | clonidine | catapres | onabotulinumtoxina | botox | hytrin | terazosin | prednisone | aluminum chloride hexahydrate | drysol | hypercare | xerac ac | tapazole | pima | potassium iodide | oxybutynin | benztropine | methimazole | glycopyrronium,amitriptyline | onabotulinumtoxina | botox,1000,195,195,889,0,0,0,0.4,0.6666666666666666,1.0,0.41108171727710396,0.3,1.0,1.0,0.5924256469588044,0.15,1.0,1.0,0.5924256469588044,0.5,1.0,1.0,1.0,0.0,0.0,0.0,1.0
label_core_rerank,eval_0320,doxycycline | prednisone | metronidazole | nystatin / triamcinolone | azithromycin | rocephin | acidophilus | methenamine | ceftriaxone | naftifine | zyvox | linezolid | methotrexate | nizoral topical | naftin | mycolog ii | hiprex | lactobacillus acidophilus | fluconazole | clindamycin,doxycycline,726,160,160,726,0,0,0,0.2,1.0,1.0,1.0,0.1,1.0,1.0,1.0,0.05,1.0,1.0,1.0,1.0,1.0,1.0,1.0,0.0,0.0,0.0,1.0
label_core_rerank,eval_0322,phenylephrine | diltiazem | cardizem | cartia xt | cardizem cd | esmolol | tadalafil | propranolol | sildenafil | dextroamphetamine | dexedrine | spironolactone | azor | amlodipine / olmesartan | clonidine | modafinil | amlodipine / hydrochlorothiazide / valsartan | exforge hct | avalide | verapamil,diltiazem | cartia xt,1000,275,275,1000,0,0,0,0.4,1.0,1.0,0.6509209298071326,0.2,1.0,1.0,0.6509209298071326,0.1,1.0,1.0,0.6509209298071326,0.5,1.0,1.0,1.0,0.0,0.0,0.0,1.0
label_core_rerank,eval_0323,doxycycline | prednisone | azithromycin | methylprednisolone | mometasone | epinephrine | ampicillin | budesonide | kenalog-40 | augmentin xr | triamcinolone | bactrim | medrol dosepak | sulfamethoxazole / trimethoprim | flunisolide | zithromax | ceftin | ceftibuten | cedax | singulair,prednisone | methylprednisolone,1000,681,681,1000,0,0,0,0.4,1.0,1.0,0.6509209298071326,0.2,1.0,1.0,0.6509209298071326,0.1,1.0,1.0,0.6509209298071326,0.5,1.0,1.0,1.0,0.0,0.0,0.0,1.0
label_core_rerank,eval_0321,propranolol | verapamil | nitroglycerin | atenolol | nadolol | corgard | metoprolol | verelan pm | caduet | coreg | tenormin | lopressor | calan sr | toprol-xl | bisoprolol | lisinopril | ramipril | diltiazem | altace | carvedilol,propranolol | verapamil | metoprolol,1000,335,335,970,0,0,0,0.4,0.6666666666666666,1.0,0.7653606369886217,0.3,1.0,1.0,0.9217868789962071,0.15,1.0,1.0,0.9217868789962071,1.0,1.0,1.0,1.0,0.0,0.0,0.0,1.0
label_core_rerank,eval_0326,proctofoam | pramoxine | dibucaine | nupercainal | hydrocortisone | proctofoam hc | proctosol-hc | tronolane anesthetic for hemorrhoids | pramoxine / zinc oxide | hydrocortisone / pramoxine | analpram-hc | hydrocortisone / lidocaine | phenylephrine | lmx 5 | pramosone | lidocaine | phenylephrine / pramoxine | recticare | anucort-hc | anusol-hc suppositories,hydrocortisone | pramoxine | proctofoam,164,20,20,164,0,0,0,0.6,1.0,1.0,0.9469024295259745,0.3,1.0,1.0,0.9469024295259745,0.15,1.0,1.0,0.9469024295259745,1.0,1.0,1.0,1.0,0.0,0.0,0.0,1.0
label_core_rerank,eval_0329,amitriptyline | spironolactone | doxycycline | venlafaxine | azithromycin | rocephin | phosphorated carbohydrate solution | acidophilus | elavil | methenamine | ceftriaxone | zyvox | vaniqa | linezolid | uta | ampicillin | sulfatrim | hiprex | allopurinol | eflornithine,doxycycline,172,172,172,172,0,0,0,0.2,1.0,1.0,0.5,0.1,1.0,1.0,0.5,0.05,1.0,1.0,0.5,0.3333333333333333,1.0,1.0,1.0,0.0,0.0,0.0,1.0
label_core_rerank,eval_0328,aciphex | doxycycline | prednisone | rabeprazole | calcium carbonate / simethicone | prevacid | axid ar | nexium 24hr | prilosec otc | aluminum hydroxide / magnesium hydroxide / simethicone | nizatidine | protonix iv | omeprazole / sodium bicarbonate | tagamet hb | mylanta | zegerid | pepcid ac chewable tablets | triamcinolone | alka-seltzer heartburn + gas | gentamicin,doxycycline,1000,109,109,1000,0,0,0,0.2,1.0,1.0,0.6309297535714574,0.1,1.0,1.0,0.6309297535714574,0.05,1.0,1.0,0.6309297535714574,0.5,1.0,1.0,1.0,0.0,0.0,0.0,1.0
label_core_rerank,eval_0325,rabeprazole | omeprazole / sodium bicarbonate | ranitidine | lansoprazole | zantac | esomeprazole | protonix | nexium | sucralfate | cimetidine | omeprazole | pantoprazole | carafate | pepcid | calcium carbonate | famotidine | diclofenac | prednisone | clonidine | aciphex,rabeprazole | esomeprazole | lansoprazole,642,109,109,642,0,0,0,0.4,0.6666666666666666,1.0,0.6713860725233042,0.3,1.0,1.0,0.8385465274895064,0.15,1.0,1.0,0.8385465274895064,1.0,1.0,1.0,1.0,0.0,0.0,0.0,1.0
label_core_rerank,eval_0327,prednisone | doxycycline | azithromycin | rocephin | ceftriaxone | guaifenesin | bactrim | sulfamethoxazole / trimethoprim | ipratropium | zithromax | ceftin | avelox | moxifloxacin | amoxicillin | amoxil | amoxicillin / clavulanate | augmentin | dexamethasone | cefuroxime | ciprofloxacin,prednisone | promethazine | cyproheptadine,1000,288,247,897,0,0,0,0.2,0.3333333333333333,1.0,0.5701406500739014,0.1,0.3333333333333333,1.0,0.5701406500739014,0.05,0.3333333333333333,1.0,0.5701406500739014,1.0,1.0,1.0,1.0,0.0,0.0,0.0,1.0
label_core_rerank,eval_0331,doxycycline | prednisone | azithromycin | rocephin | tudorza pressair | aclidinium | xopenex | methylprednisolone | omalizumab | ceftriaxone | mometasone | xolair | levalbuterol | primatene mist | zafirlukast | accolate | intal inhaler | guaifenesin | epinephrine | yupelri,prednisone,1000,221,221,1000,0,0,0,0.2,1.0,1.0,0.6309297535714574,0.1,1.0,1.0,0.6309297535714574,0.05,1.0,1.0,0.6309297535714574,0.5,1.0,1.0,1.0,0.0,0.0,0.0,1.0
label_core_rerank,eval_0333,doxycycline | prednisone | azithromycin | rocephin | methylprednisolone | ceftriaxone | mometasone | epinephrine | ampicillin | budesonide | kenalog-40 | augmentin xr | triamcinolone | bactrim | medrol dosepak | sulfamethoxazole / trimethoprim | flunisolide | zithromax | ceftin | ceftibuten,prednisone,1000,221,221,1000,0,0,0,0.2,1.0,1.0,0.6309297535714575,0.1,1.0,1.0,0.6309297535714575,0.05,1.0,1.0,0.6309297535714575,0.5,1.0,1.0,1.0,0.0,0.0,0.0,1.0
label_core_rerank,eval_0334,valacyclovir | valtrex | acyclovir | foscarnet | immune globulin intramuscular | measles virus vaccine / mumps virus vaccine / rubella virus vaccine / varicella virus vaccine | varicella virus vaccine | varicella zoster immune globulin | doxycycline | prednisone | azithromycin | doryx | clindamycin | cephalexin | gentamicin | bactrim | sulfamethoxazole / trimethoprim | zithromax | minocycline | ceftin,valacyclovir | valtrex | acyclovir,923,8,8,923,0,0,0,0.6,1.0,1.0,1.0,0.3,1.0,1.0,1.0,0.15,1.0,1.0,1.0,1.0,1.0,1.0,1.0,0.0,0.0,0.0,1.0
label_core_rerank,eval_0335,doxycycline | prednisone | azithromycin | rocephin | ceftriaxone | sulfamethoxazole / trimethoprim | zithromax | ceftin | avelox | moxifloxacin | amoxicillin | amoxil | amoxicillin / clavulanate | biaxin xl | augmentin | dexamethasone | cefuroxime | clarithromycin | ciprofloxacin | erythromycin,prednisone,1000,221,221,1000,0,0,0,0.2,1.0,1.0,0.6309297535714574,0.1,1.0,1.0,0.6309297535714574,0.05,1.0,1.0,0.6309297535714574,0.5,1.0,1.0,1.0,0.0,0.0,0.0,1.0
label_core_rerank,eval_0336,liraglutide | gabapentin | victoza | tretinoin | clobetasol | desmopressin | pregabalin | pramlintide | humulin r u-500 (concentrated) | duloxetine | nortriptyline | cymbalta | chromium picolinate | byetta | symlin | topiramate | exubera | insulin isophane | ddavp | insulin aspart / insulin aspart protamine,liraglutide | victoza,474,228,228,474,0,0,0,0.4,1.0,1.0,0.9197207891481876,0.2,1.0,1.0,0.9197207891481876,0.1,1.0,1.0,0.9197207891481876,1.0,1.0,1.0,1.0,0.0,0.0,0.0,1.0
label_core_rerank,eval_0337,elocon | clobetasol | stelara | enbrel | ustekinumab | desonide | doxycycline | etanercept | prednisone | flurandrenolide | cordran tape | clocortolone | clobex | cloderm | thiothixene | desowen | methylprednisolone | adalimumab | mometasone | betamethasone,prednisone | enbrel,164,164,164,164,0,0,0,0.2,0.5,1.0,0.3031610197508214,0.2,1.0,1.0,0.44442799261065036,0.1,1.0,1.0,0.44442799261065036,0.25,1.0,1.0,1.0,0.0,0.0,0.0,1.0
label_core_rerank,eval_0340,doxycycline | lithium | chlorpromazine | allopurinol | clindamycin | coartem | artemether / lumefantrine | divalproex sodium | daraprim | fansidar | stavzor | halofantrine | halfan | pyrimethamine | pyrimethamine / sulfadoxine | depakote er | thorazine | hydroxychloroquine | depakote | risperdal,doxycycline | clindamycin,1000,34,34,1000,0,0,0,0.4,1.0,1.0,0.8854598815714874,0.2,1.0,1.0,0.8854598815714874,0.1,1.0,1.0,0.8854598815714874,1.0,1.0,1.0,1.0,0.0,0.0,0.0,1.0
label_core_rerank,eval_0343,tadalafil | propranolol | sildenafil | dextroamphetamine | dexedrine | spironolactone | azor | amlodipine / olmesartan | clonidine | modafinil | amlodipine / hydrochlorothiazide / valsartan | exforge hct | avalide | verapamil | armodafinil | travoprost | hydrochlorothiazide / irbesartan | provigil | nuvigil | benicar,propranolol,1000,275,275,1000,0,0,0,0.2,1.0,1.0,0.6309297535714575,0.1,1.0,1.0,0.6309297535714575,0.05,1.0,1.0,0.6309297535714575,0.5,1.0,1.0,1.0,0.0,0.0,0.0,1.0
label_core_rerank,eval_0344,clonazepam | klonopin | propranolol | rizatriptan | treximet | lamotrigine | gabapentin | naproxen / sumatriptan | amitriptyline | relpax | maxalt | eletriptan | acetaminophen / butalbital / caffeine | frovatriptan | sumatriptan | bupropion | aspirin / butalbital / caffeine | diclofenac | frova | maxalt-mlt,propranolol,1000,179,179,1000,0,0,0,0.2,1.0,1.0,0.5,0.1,1.0,1.0,0.5,0.05,1.0,1.0,0.5,0.3333333333333333,1.0,1.0,1.0,0.0,0.0,0.0,1.0
label_core_rerank,eval_0341,doxycycline | tazorac | minocycline | tazarotene | tetracycline | elocon | clobetasol | stelara | enbrel | ustekinumab | desonide | etanercept | prednisone | flurandrenolide | cordran tape | clocortolone | clobex | cloderm | thiothixene | desowen,doxycycline | minocycline | tazarotene | tazorac | tetracycline | prednisone,726,432,432,726,0,0,0,1.0,0.8333333333333334,1.0,1.0,0.5,0.8333333333333334,1.0,0.892210845475489,0.3,1.0,1.0,0.9716892286820851,1.0,1.0,1.0,1.0,0.0,0.0,0.0,1.0
label_core_rerank,eval_0346,doxycycline | lithium | chlorpromazine | allopurinol | clindamycin | artemether / lumefantrine | coartem | divalproex sodium | daraprim | fansidar | stavzor | halofantrine | halfan | pyrimethamine | pyrimethamine / sulfadoxine | depakote er | thorazine | hydroxychloroquine | depakote | risperdal,doxycycline | clindamycin,1000,34,34,1000,0,0,0,0.4,1.0,1.0,0.8854598815714874,0.2,1.0,1.0,0.8854598815714874,0.1,1.0,1.0,0.8854598815714874,1.0,1.0,1.0,1.0,0.0,0.0,0.0,1.0
label_core_rerank,eval_0353,amitriptyline | spironolactone | doxycycline | venlafaxine | azithromycin | rocephin | phosphorated carbohydrate solution | acidophilus | elavil | methenamine | ceftriaxone | zyvox | vaniqa | linezolid | uta | ampicillin | sulfatrim | hiprex | allopurinol | eflornithine,doxycycline,172,172,172,172,0,0,0,0.2,1.0,1.0,0.5,0.1,1.0,1.0,0.5,0.05,1.0,1.0,0.5,0.3333333333333333,1.0,1.0,1.0,0.0,0.0,0.0,1.0
label_core_rerank,eval_0354,cefadroxil | retapamulin | altabax | mupirocin | cefuroxime | ozenoxacin | ammoniated mercury | sulconazole | zinc oxide | balsam peru / castor oil / trypsin | xenaderm | granulex | balsam peru / castor oil,cefuroxime | mupirocin | retapamulin,13,8,8,13,0,0,0,0.6,1.0,1.0,0.6717573587424964,0.3,1.0,1.0,0.6717573587424964,0.15,1.0,1.0,0.6717573587424964,0.5,1.0,1.0,1.0,0.0,0.0,0.0,1.0
label_core_rerank,eval_0348,doxycycline | prednisone | metronidazole | azithromycin | rocephin | dapsone | ceftriaxone | zyvox | linezolid | neupogen | filgrastim | fluconazole | clindamycin | tobramycin | oxymetholone | ferralet 90 | xenleta | integra | vancocin hcl | gentamicin,doxycycline | azithromycin,549,154,154,549,0,0,0,0.4,1.0,1.0,0.8772153153380493,0.2,1.0,1.0,0.8772153153380493,0.1,1.0,1.0,0.8772153153380493,1.0,1.0,1.0,1.0,0.0,0.0,0.0,1.0
label_core_rerank,eval_0350,doxycycline | prednisone | azithromycin | rocephin | ceftriaxone | sulfamethoxazole / trimethoprim | zithromax | ceftin | avelox | moxifloxacin | amoxicillin | amoxil | amoxicillin / clavulanate | biaxin xl | augmentin | dexamethasone | cefuroxime | clarithromycin | ciprofloxacin | erythromycin,doxycycline | azithromycin | clindamycin,1000,319,319,1000,0,0,0,0.4,0.6666666666666666,1.0,0.6651640917528849,0.2,0.6666666666666666,1.0,0.6651640917528849,0.1,0.6666666666666666,1.0,0.6651640917528849,1.0,1.0,1.0,1.0,0.0,0.0,0.0,1.0
label_core_rerank,eval_0349,doxycycline | clindamycin | cephalexin | bactrim | sulfamethoxazole / trimethoprim | minocycline | keflex | doxy 100 | bactrim ds | vibramycin | septra | septra ds | smz-tmp ds | prednisone | metronidazole | nystatin / triamcinolone | azithromycin | rocephin | acidophilus | methenamine,doxycycline | clindamycin | minocycline,614,420,420,614,0,0,0,0.4,0.6666666666666666,1.0,0.7232329748419101,0.3,1.0,1.0,0.9045769045236105,0.15,1.0,1.0,0.9045769045236105,1.0,1.0,1.0,1.0,0.0,0.0,0.0,1.0
label_core_rerank,eval_0352,doxycycline | prednisone | azithromycin | methylprednisolone | mometasone | epinephrine | ampicillin | budesonide | kenalog-40 | augmentin xr | triamcinolone | bactrim | medrol dosepak | sulfamethoxazole / trimethoprim | flunisolide | zithromax | ceftin | cedax | ceftibuten | singulair,prednisone,1000,681,681,986,0,0,0,0.2,1.0,1.0,0.6309297535714575,0.1,1.0,1.0,0.6309297535714575,0.05,1.0,1.0,0.6309297535714575,0.5,1.0,1.0,1.0,0.0,0.0,0.0,1.0
label_core_rerank,eval_0351,promethazine | phenergan | hydroxyzine | diphenhydramine | benadryl | atarax | vistaril | doxycycline | ampicillin | lansoprazole | sulfamethoxazole / trimethoprim | omeprazole | dexamethasone | ciprofloxacin | erythromycin | pantoprazole | cipro | prednisone | triamcinolone | doxepin,prednisone | promethazine | hydroxyzine,1000,214,214,1000,0,0,0,0.4,0.6666666666666666,1.0,0.7039180890341347,0.2,0.6666666666666666,1.0,0.7039180890341347,0.15,1.0,1.0,0.814390483993232,1.0,1.0,1.0,1.0,0.0,0.0,0.0,1.0
label_core_rerank,eval_0358,clonazepam | klonopin | propranolol | rizatriptan | treximet | lamotrigine | gabapentin | naproxen / sumatriptan | amitriptyline | relpax | maxalt | eletriptan | acetaminophen / butalbital / caffeine | frovatriptan | sumatriptan | bupropion | aspirin / butalbital / caffeine | diclofenac | frova | maxalt-mlt,propranolol,1000,179,179,1000,0,0,0,0.2,1.0,1.0,0.5,0.1,1.0,1.0,0.5,0.05,1.0,1.0,0.5,0.3333333333333333,1.0,1.0,1.0,0.0,0.0,0.0,1.0
label_core_rerank,eval_0360,doxycycline | azithromycin | rocephin | ceftriaxone | zyvox | linezolid | ampicillin | allopurinol | doryx | fluconazole | augmentin xr | cephalexin | gentamicin | bactrim | sulfamethoxazole / trimethoprim | minocycline | ceftin | avelox | moxifloxacin | amoxicillin,doxycycline | sulfamethoxazole / trimethoprim,1000,172,172,1000,0,0,0,0.2,0.5,1.0,0.46927872602275644,0.1,0.5,1.0,0.46927872602275644,0.1,1.0,1.0,0.6452582482812901,1.0,1.0,1.0,1.0,0.0,0.0,0.0,1.0
label_core_rerank,eval_0355,cefadroxil | retapamulin | altabax | mupirocin | cefuroxime | ammoniated mercury | sulconazole | ozenoxacin | valacyclovir | valtrex | acyclovir | foscarnet | immune globulin intramuscular | measles virus vaccine / mumps virus vaccine / rubella virus vaccine / varicella virus vaccine | varicella virus vaccine | varicella zoster immune globulin | doxycycline | prednisone | metronidazole | azithromycin,valacyclovir | valtrex | acyclovir | cefuroxime | mupirocin | retapamulin,1000,16,16,1000,0,0,0,0.6,0.5,1.0,0.4475246662521285,0.5,0.8333333333333334,1.0,0.599386257482013,0.3,1.0,1.0,0.6869408789383438,0.5,1.0,1.0,1.0,0.0,0.0,0.0,1.0
label_core_rerank,eval_0356,propranolol | verapamil | atenolol | nadolol | corgard | metoprolol | verelan pm | tenormin | calan sr | lisinopril | verelan | amlodipine | inderal la | norvasc | nitro-bid | aspirin | epinephrine | nitroglycerin | enoxaparin | lovenox,rabeprazole | esomeprazole | lansoprazole,1000,135,135,972,0,0,0,0.0,0.0,0.0,0.0,0.0,0.0,0.0,0.0,0.0,0.0,0.0,0.0,0.0,1.0,1.0,1.0,0.0,0.0,0.0,1.0
label_core_rerank,eval_0359,spironolactone | aldactone | tadalafil | propranolol | sildenafil | dextroamphetamine | dexedrine | doxycycline | azor | amlodipine / olmesartan | clonidine | modafinil | amlodipine / hydrochlorothiazide / valsartan | exforge hct | avalide | verapamil | armodafinil | travoprost | hydrochlorothiazide / irbesartan | provigil,propranolol,1000,546,287,664,0,0,0,0.2,1.0,1.0,0.43067655807339306,0.1,1.0,1.0,0.43067655807339306,0.05,1.0,1.0,0.43067655807339306,0.25,1.0,1.0,0.0,0.0,0.0,0.0,1.0
label_core_rerank,eval_0364,doxycycline | lithium | chlorpromazine | allopurinol | clindamycin | coartem | artemether / lumefantrine | divalproex sodium | fansidar | stavzor | halofantrine | halfan | pyrimethamine / sulfadoxine | pyrimethamine | daraprim | depakote er | thorazine | hydroxychloroquine | depakote | risperdal,doxycycline | clindamycin,1000,34,34,1000,0,0,0,0.4,1.0,1.0,0.8503449055347546,0.2,1.0,1.0,0.8503449055347546,0.1,1.0,1.0,0.8503449055347546,1.0,1.0,1.0,1.0,0.0,0.0,0.0,1.0
label_core_rerank,eval_0366,rabeprazole | omeprazole / sodium bicarbonate | ranitidine | lansoprazole | zantac | esomeprazole | protonix | nexium | sucralfate | cimetidine | omeprazole | pantoprazole | carafate | pepcid | calcium carbonate | famotidine | diclofenac | prednisone | chlordiazepoxide / clidinium | clonidine,rabeprazole | esomeprazole | lansoprazole,322,80,80,322,0,0,0,0.4,0.6666666666666666,1.0,0.6713860725233042,0.3,1.0,1.0,0.8385465274895064,0.15,1.0,1.0,0.8385465274895064,1.0,1.0,1.0,1.0,0.0,0.0,0.0,1.0
label_core_rerank,eval_0365,cyproheptadine | promethazine | prednisone | omalizumab | epipen | ketotifen | xolair | chlor-trimeton | phenergan | ketorolac | chlorpheniramine | epinephrine | ranitidine | carbinoxamine | zaditor | aristocort | alavert | azelastine | triamcinolone | triprolidine,prednisone | promethazine,825,76,76,825,0,0,0,0.4,1.0,1.0,0.6934264036172708,0.2,1.0,1.0,0.6934264036172708,0.1,1.0,1.0,0.6934264036172708,0.5,1.0,1.0,1.0,0.0,0.0,0.0,1.0
label_core_rerank,eval_0369,clonazepam | klonopin | propranolol | rizatriptan | treximet | lamotrigine | gabapentin | naproxen / sumatriptan | amitriptyline | relpax | maxalt | eletriptan | acetaminophen / butalbital / caffeine | frovatriptan | sumatriptan | bupropion | aspirin / butalbital / caffeine | diclofenac | frova | maxalt-mlt,gabapentin | propranolol,1000,179,179,1000,0,0,0,0.2,0.5,1.0,0.35195904451706733,0.2,1.0,1.0,0.5083852865246528,0.1,1.0,1.0,0.5083852865246528,0.3333333333333333,1.0,1.0,1.0,0.0,0.0,0.0,1.0
label_core_rerank,eval_0367,doxycycline | azithromycin | rocephin | acidophilus | methenamine | ceftriaxone | zyvox | linezolid | hiprex | lactobacillus acidophilus | fluconazole | cephalexin | doripenem | gentamicin | bactrim | sulfamethoxazole / trimethoprim | minocycline | ceftin | avelox | moxifloxacin,doxycycline | sulfamethoxazole / trimethoprim | bactrim | fluconazole,481,287,287,481,0,0,0,0.2,0.25,1.0,0.2757045417773276,0.1,0.25,1.0,0.2757045417773276,0.2,1.0,1.0,0.5956293988783901,1.0,1.0,1.0,1.0,0.0,0.0,0.0,1.0
label_core_rerank,eval_0370,amitriptyline | spironolactone | doxycycline | venlafaxine | azithromycin | rocephin | phosphorated carbohydrate solution | acidophilus | elavil | methenamine | ceftriaxone | zyvox | vaniqa | linezolid | uta | ampicillin | sulfatrim | hiprex | allopurinol | eflornithine,doxycycline,172,172,172,172,0,0,0,0.2,1.0,1.0,0.5,0.1,1.0,1.0,0.5,0.05,1.0,1.0,0.5,0.3333333333333333,1.0,1.0,1.0,0.0,0.0,0.0,1.0
label_core_rerank,eval_0371,lorazepam | ativan | baclofen | onabotulinumtoxina | botox | abobotulinumtoxina | dysport | lioresal | botulinum toxin type b | myobloc | incobotulinumtoxina | xeomin | tadalafil | propranolol | sildenafil | dextroamphetamine | dexedrine | spironolactone | azor | amlodipine / olmesartan,baclofen,633,12,12,633,0,0,0,0.2,1.0,1.0,0.5,0.1,1.0,1.0,0.5,0.05,1.0,1.0,0.5,0.3333333333333333,1.0,1.0,1.0,0.0,0.0,0.0,1.0
label_core_rerank,eval_0368,doxycycline | ibuprofen | naproxen | triamcinolone | flanax pain reliever | aleve | naprosyn | stelara | enbrel | ustekinumab | etanercept | prednisone | methylprednisolone | adalimumab | betamethasone | humira | infliximab | methotrexate | remicade | hydrocortisone,prednisone | enbrel | naproxen | ibuprofen,573,273,273,573,0,0,0,0.4,0.5,1.0,0.36939097926142717,0.3,0.75,1.0,0.5168772813958707,0.2,1.0,1.0,0.6051440691273522,0.5,1.0,1.0,1.0,0.0,0.0,0.0,1.0
label_core_rerank,eval_0373,cefadroxil | retapamulin | altabax | mupirocin | cefuroxime | sulconazole | ammoniated mercury | ozenoxacin | cobicistat / elvitegravir / emtricitabine / tenofovir | stribild | dexbrompheniramine / pseudoephedrine | drixoral cold and allergy | valacyclovir | efavirenz / emtricitabine / tenofovir | valtrex | atripla | aciphex | chlorpheniramine / hydrocodone | tussionex pennkinetic | ondansetron,cefuroxime | mupirocin | retapamulin,1000,8,8,1000,0,0,0,0.6,1.0,1.0,0.6717573587424964,0.3,1.0,1.0,0.6717573587424964,0.15,1.0,1.0,0.6717573587424964,0.5,1.0,1.0,1.0,0.0,0.0,0.0,1.0
label_core_rerank,eval_0372,doxycycline | prednisone | triamcinolone | moxifloxacin | dexamethasone | ciprofloxacin | levofloxacin | azithromycin | rocephin | aclidinium | tudorza pressair | xopenex | methylprednisolone | omalizumab | ceftriaxone | mometasone | xolair | levalbuterol | primatene mist | accolate,azithromycin | prednisone,1000,323,323,1000,0,0,0,0.2,0.5,1.0,0.44412286644879784,0.2,1.0,1.0,0.5921638219317304,0.1,1.0,1.0,0.5921638219317304,0.5,1.0,1.0,1.0,0.0,0.0,0.0,1.0
label_core_rerank,eval_0375,tadalafil | propranolol | sildenafil | dextroamphetamine | dexedrine | spironolactone | azor | amlodipine / olmesartan | clonidine | modafinil | amlodipine / hydrochlorothiazide / valsartan | exforge hct | avalide | verapamil | armodafinil | travoprost | hydrochlorothiazide / irbesartan | provigil | nuvigil | benicar,propranolol,1000,275,275,1000,0,0,0,0.2,1.0,1.0,0.6309297535714575,0.1,1.0,1.0,0.6309297535714575,0.05,1.0,1.0,0.6309297535714575,0.5,1.0,1.0,1.0,0.0,0.0,0.0,1.0
label_core_rerank,eval_0376,thyroid desiccated | westhroid | cenestin | estropipate | conjugated estrogens | armour thyroid | premarin | rayaldee | calcifediol | thyquidity | estradiol | esterified estrogens | tirosint | doxorubicin | levothyroxine | synthroid | cytomel | nature-throid | liothyronine | calcitriol,thyroid desiccated | armour thyroid | levothyroxine,808,61,61,808,0,0,0,0.2,0.3333333333333333,1.0,0.38009376671593426,0.2,0.6666666666666666,1.0,0.5154858981951099,0.15,1.0,1.0,0.6580210607135852,1.0,1.0,1.0,1.0,0.0,0.0,0.0,1.0
label_core_rerank,eval_0377,stribild | cobicistat / elvitegravir / emtricitabine / tenofovir | efavirenz / emtricitabine / tenofovir | atripla | ondansetron | triumeq | abacavir / dolutegravir / lamivudine | clonidine | epzicom | emtricitabine / rilpivirine / tenofovir | complera | abacavir / lamivudine | fuzeon | enfuvirtide | reyataz | atazanavir | isentress | cobicistat / elvitegravir / emtricitabine / tenofovir alafenamide | genvoya | filgrastim,cobicistat / elvitegravir / emtricitabine / tenofovir | stribild | efavirenz / emtricitabine / tenofovir,154,119,119,154,0,0,0,0.6,1.0,1.0,1.0,0.3,1.0,1.0,1.0,0.15,1.0,1.0,1.0,1.0,1.0,1.0,1.0,0.0,0.0,0.0,1.0
label_core_rerank,eval_0378,doxycycline | prednisone | metronidazole | azithromycin | rocephin | dapsone | ceftriaxone | zyvox | linezolid | filgrastim | neupogen | fluconazole | clindamycin | tobramycin | xenleta | lefamulin | cefotaxime | gentamicin | ferralet 90 | oxymetholone,doxycycline | azithromycin,1000,132,132,1000,0,0,0,0.4,1.0,1.0,0.8772153153380493,0.2,1.0,1.0,0.8772153153380493,0.1,1.0,1.0,0.8772153153380493,1.0,1.0,1.0,1.0,0.0,0.0,0.0,1.0
label_core_rerank,eval_0380,elocon | clobetasol | stelara | enbrel | ustekinumab | desonide | doxycycline | etanercept | prednisone | flurandrenolide | cordran tape | clocortolone | clobex | cloderm | thiothixene | desowen | methylprednisolone | adalimumab | mometasone | betamethasone,prednisone | enbrel,882,164,164,882,0,0,0,0.2,0.5,1.0,0.3031610197508214,0.2,1.0,1.0,0.44442799261065036,0.1,1.0,1.0,0.44442799261065036,0.25,1.0,1.0,1.0,0.0,0.0,0.0,1.0
label_core_rerank,eval_0383,liraglutide | gabapentin | victoza | tretinoin | clobetasol | desmopressin | pregabalin | pramlintide | humulin r u-500 (concentrated) | duloxetine | nortriptyline | cymbalta | chromium picolinate | byetta | symlin | topiramate | exubera | insulin isophane | ddavp | insulin aspart / insulin aspart protamine,liraglutide | victoza,1000,228,228,1000,0,0,0,0.4,1.0,1.0,0.9197207891481876,0.2,1.0,1.0,0.9197207891481876,0.1,1.0,1.0,0.9197207891481876,1.0,1.0,1.0,1.0,0.0,0.0,0.0,1.0
label_core_rerank,eval_0386,elocon | clobetasol | desonide | prednisone | flurandrenolide | cordran tape | clocortolone | clobex | cloderm | methylprednisolone | mometasone | betamethasone | cellcept | fluocinonide | fluocinolone | mycophenolate mofetil | budesonide | hydrocortisone | desoximetasone | zenpep,prednisone | methylprednisolone,983,49,49,983,0,0,0,0.2,0.5,1.0,0.26406812257259094,0.2,1.0,1.0,0.44130740935663865,0.1,1.0,1.0,0.44130740935663865,0.25,1.0,1.0,1.0,0.0,0.0,0.0,1.0
label_core_rerank,eval_0387,clobetasol | prednisone | fluocinolone | dexamethasone | elocon | desonide | flurandrenolide | cordran tape | clocortolone | clobex | cloderm | mometasone | betamethasone | ultravate | fluocinonide | verdeso | prednisolone / sulfacetamide sodium | synalar | halobetasol | olux,prednisone | dexamethasone,1000,62,62,1000,0,0,0,0.4,1.0,1.0,0.6509209298071326,0.2,1.0,1.0,0.6509209298071326,0.1,1.0,1.0,0.6509209298071326,0.5,1.0,1.0,1.0,0.0,0.0,0.0,1.0
label_core_rerank,eval_0388,doxycycline | prednisone | azithromycin | rocephin | aclidinium | tudorza pressair | xopenex | methylprednisolone | omalizumab | ceftriaxone | mometasone | xolair | levalbuterol | primatene mist | accolate | zafirlukast | intal inhaler | guaifenesin | epinephrine | ipratropium inhalation solution,prednisone,1000,221,221,1000,0,0,0,0.2,1.0,1.0,0.6309297535714574,0.1,1.0,1.0,0.6309297535714574,0.05,1.0,1.0,0.6309297535714574,0.5,1.0,1.0,1.0,0.0,0.0,0.0,1.0
label_core_rerank,eval_0382,phenylephrine | diltiazem | cardizem | cartia xt | cardizem cd | esmolol | dexbrompheniramine / pseudoephedrine | drixoral cold and allergy | valacyclovir | valtrex | chlorpheniramine / hydrocodone | tussionex pennkinetic | acyclovir | zutripro | chlorpheniramine / hydrocodone / pseudoephedrine | semprex-d | acrivastine / pseudoephedrine | doxycycline | cyproheptadine | privine,phenylephrine,1000,780,536,737,0,0,0,0.2,1.0,1.0,1.0,0.1,1.0,1.0,1.0,0.05,1.0,1.0,1.0,1.0,1.0,1.0,1.0,0.0,0.0,0.0,1.0
label_core_rerank,eval_0381,doxycycline | prednisone | azithromycin | methylprednisolone | mometasone | epinephrine | ampicillin | budesonide | kenalog-40 | augmentin xr | triamcinolone | bactrim | medrol dosepak | sulfamethoxazole / trimethoprim | flunisolide | zithromax | ceftin | ceftibuten | cedax | singulair,prednisone | methylprednisolone,1000,681,681,1000,0,0,0,0.4,1.0,1.0,0.6509209298071326,0.2,1.0,1.0,0.6509209298071326,0.1,1.0,1.0,0.6509209298071326,0.5,1.0,1.0,1.0,0.0,0.0,0.0,1.0
label_core_rerank,eval_0385,valacyclovir | valtrex | acyclovir | immune globulin intramuscular | measles virus vaccine / mumps virus vaccine / rubella virus vaccine / varicella virus vaccine | varicella virus vaccine | varicella zoster immune globulin | foscarnet | doxycycline | prednisone | metronidazole | azithromycin | rocephin | ceftriaxone | zyvox | linezolid | fluconazole | clindamycin | tobramycin | cephalexin,valacyclovir | valtrex | acyclovir,1000,168,168,1000,0,0,0,0.6,1.0,1.0,1.0,0.3,1.0,1.0,1.0,0.15,1.0,1.0,1.0,1.0,1.0,1.0,1.0,0.0,0.0,0.0,1.0
label_core_rerank,eval_0384,sodium bicarbonate | amitriptyline | spironolactone | venlafaxine | elavil | magnesium oxide | memantine | doxycycline | azithromycin | rocephin | phosphorated carbohydrate solution | acidophilus | methenamine | ceftriaxone | zyvox | vaniqa | linezolid | uta | ampicillin | sulfatrim,liraglutide,634,451,451,634,0,0,0,0.0,0.0,0.0,0.0,0.0,0.0,0.0,0.0,0.0,0.0,0.0,0.0,0.0,1.0,1.0,1.0,0.0,0.0,0.0,1.0
label_core_rerank,eval_0392,elocon | clobetasol | desonide | prednisone | flurandrenolide | cordran tape | clocortolone | clobex | cloderm | methylprednisolone | mometasone | betamethasone | cellcept | fluocinonide | fluocinolone | mycophenolate mofetil | budesonide | hydrocortisone | desoximetasone | zenpep,prednisone | methylprednisolone,54,49,49,54,0,0,0,0.2,0.5,1.0,0.26406812257259094,0.2,1.0,1.0,0.44130740935663865,0.1,1.0,1.0,0.44130740935663865,0.25,1.0,1.0,1.0,0.0,0.0,0.0,1.0
label_core_rerank,eval_0389,stelara | enbrel | ustekinumab | doxycycline | etanercept | prednisone | methylprednisolone | adalimumab | betamethasone | humira | infliximab | methotrexate | remicade | hydrocortisone | kenalog-40 | triamcinolone | kenalog-10 | minocycline | dexamethasone | tetracycline,prednisone | enbrel | stelara | ustekinumab | adalimumab,1000,393,393,1000,0,0,0,0.6,0.6,1.0,0.7557806593071948,0.5,1.0,1.0,0.9518915761561842,0.25,1.0,1.0,0.9518915761561842,1.0,1.0,1.0,1.0,0.0,0.0,0.0,1.0
label_core_rerank,eval_0391,cyproheptadine | promethazine | prednisone | chlor-trimeton | phenergan | chlorpheniramine | epinephrine | ranitidine | carbinoxamine | azelastine | triamcinolone | tetracaine | olopatadine | diphenhydramine | benadryl | cetirizine | allegra | fexofenadine | zyrtec | levocetirizine,prednisone,1000,558,517,957,0,0,0,0.2,1.0,1.0,0.5,0.1,1.0,1.0,0.5,0.05,1.0,1.0,0.5,0.3333333333333333,1.0,1.0,1.0,0.0,0.0,0.0,1.0
label_core_rerank,eval_0393,doxycycline | prednisone | methylprednisolone | ceftriaxone | hydrocortisone | kenalog-40 | aristocort | triamcinolone | medrol dosepak | amoxicillin | solu-medrol | dexamethasone | depo-medrol | deltasone | medrol | prednisolone | aspirin | cefotaxime | minocycline | tetracycline,prednisone | methylprednisolone | triamcinolone,1000,460,460,1000,0,0,0,0.4,0.6666666666666666,1.0,0.5307212739772434,0.3,1.0,1.0,0.6787622294601761,0.15,1.0,1.0,0.6787622294601761,0.5,1.0,1.0,1.0,0.0,0.0,0.0,1.0
label_core_rerank,eval_0394,doxycycline | prednisone | azithromycin | rocephin | ceftriaxone | sulfamethoxazole / trimethoprim | zithromax | ceftin | avelox | moxifloxacin | amoxicillin | amoxil | amoxicillin / clavulanate | biaxin xl | augmentin | dexamethasone | cefuroxime | clarithromycin | ciprofloxacin | erythromycin,doxycycline | azithromycin | prednisone | moxifloxacin | ceftriaxone,1000,319,319,1000,0,0,0,0.8,0.8,1.0,0.8215980935022413,0.5,1.0,1.0,0.9054224383336287,0.25,1.0,1.0,0.9054224383336287,1.0,1.0,1.0,1.0,0.0,0.0,0.0,1.0
label_core_rerank,eval_0396,elocon | clobetasol | stelara | enbrel | ustekinumab | desonide | doxycycline | etanercept | prednisone | flurandrenolide | cordran tape | clocortolone | clobex | cloderm | thiothixene | desowen | methylprednisolone | adalimumab | mometasone | betamethasone,prednisone | enbrel,726,164,164,726,0,0,0,0.2,0.5,1.0,0.3031610197508214,0.2,1.0,1.0,0.44442799261065036,0.1,1.0,1.0,0.44442799261065036,0.25,1.0,1.0,1.0,0.0,0.0,0.0,1.0
label_core_rerank,eval_0398,doxycycline | ibuprofen | naproxen | cephalexin | triamcinolone | flanax pain reliever | bactrim | sulfamethoxazole / trimethoprim | oxybutynin | avelox | moxifloxacin | doxy 100 | sucralfate | ditropan xl | aleve | ciprofloxacin | naprosyn | levofloxacin | bactrim ds | levaquin,naproxen,573,25,25,573,0,0,0,0.2,1.0,1.0,0.5,0.1,1.0,1.0,0.5,0.05,1.0,1.0,0.5,0.3333333333333333,1.0,1.0,1.0,0.0,0.0,0.0,1.0
label_core_rerank,eval_0401,doxycycline | prednisone | methotrexate | minocycline | dexamethasone | cephalexin | bactrim | sulfamethoxazole / trimethoprim | avelox | moxifloxacin | doxy 100 | ciprofloxacin | levofloxacin | bactrim ds | levaquin | cipro | septra ds | smz-tmp ds | chloramphenicol | ceftriaxone,doxycycline | minocycline,1000,160,160,1000,0,0,0,0.4,1.0,1.0,0.8772153153380493,0.2,1.0,1.0,0.8772153153380493,0.1,1.0,1.0,0.8772153153380493,1.0,1.0,1.0,1.0,0.0,0.0,0.0,1.0
label_core_rerank,eval_0402,doxycycline | ibuprofen | naproxen | cephalexin | triamcinolone | flanax pain reliever | bactrim | sulfamethoxazole / trimethoprim | oxybutynin | avelox | moxifloxacin | doxy 100 | sucralfate | ditropan xl | aleve | ciprofloxacin | naprosyn | levofloxacin | bactrim ds | levaquin,naproxen,273,25,25,273,0,0,0,0.2,1.0,1.0,0.5,0.1,1.0,1.0,0.5,0.05,1.0,1.0,0.5,0.3333333333333333,1.0,1.0,1.0,0.0,0.0,0.0,1.0
label_core_rerank,eval_0403,clonazepam | klonopin | propranolol | rizatriptan | treximet | lamotrigine | gabapentin | naproxen / sumatriptan | amitriptyline | relpax | maxalt | eletriptan | acetaminophen / butalbital / caffeine | frovatriptan | sumatriptan | bupropion | aspirin / butalbital / caffeine | diclofenac | frova | maxalt-mlt,propranolol,1000,179,179,947,0,0,0,0.2,1.0,1.0,0.5,0.1,1.0,1.0,0.5,0.05,1.0,1.0,0.5,0.3333333333333333,1.0,1.0,0.0,0.0,0.0,0.0,1.0
label_core_rerank,eval_0405,doxycycline | ibuprofen | naproxen | cephalexin | triamcinolone | flanax pain reliever | bactrim | sulfamethoxazole / trimethoprim | oxybutynin | avelox | moxifloxacin | doxy 100 | sucralfate | ditropan xl | aleve | ciprofloxacin | naprosyn | levofloxacin | bactrim ds | levaquin,naproxen,273,25,25,273,0,0,0,0.2,1.0,1.0,0.5,0.1,1.0,1.0,0.5,0.05,1.0,1.0,0.5,0.3333333333333333,1.0,1.0,1.0,0.0,0.0,0.0,1.0
label_core_rerank,eval_0399,cyproheptadine | prednisone | acetaminophen / phenyltoloxamine | acetaminophen / caffeine | excedrin tension headache | excedrin quick tab | deltasone | metoclopramide | reglan | valacyclovir | valtrex | acyclovir | clonazepam | klonopin | propranolol | rizatriptan | treximet | lamotrigine | gabapentin | naproxen / sumatriptan,cyproheptadine | acetaminophen / phenyltoloxamine,1000,187,187,882,0,0,0,0.4,1.0,1.0,0.9197207891481876,0.2,1.0,1.0,0.9197207891481876,0.1,1.0,1.0,0.9197207891481876,1.0,1.0,1.0,1.0,0.0,0.0,0.0,1.0
label_core_rerank,eval_0408,doxycycline | prednisone | metronidazole | azithromycin | rocephin | dapsone | ceftriaxone | zyvox | linezolid | filgrastim | neupogen | fluconazole | clindamycin | tobramycin | pyrimethamine | xenleta | lefamulin | gentamicin | integra | oxymetholone,doxycycline | azithromycin,1000,132,132,1000,0,0,0,0.4,1.0,1.0,0.8772153153380493,0.2,1.0,1.0,0.8772153153380493,0.1,1.0,1.0,0.8772153153380493,1.0,1.0,1.0,1.0,0.0,0.0,0.0,1.0
label_core_rerank,eval_0410,doxycycline | prednisone | metronidazole | azithromycin | rocephin | dapsone | ceftriaxone | zyvox | linezolid | neupogen | filgrastim | fluconazole | clindamycin | tobramycin | vancocin hcl | cefotaxime | xenleta | gentamicin | lefamulin | integra,doxycycline | azithromycin,1000,132,132,1000,0,0,0,0.4,1.0,1.0,0.8772153153380493,0.2,1.0,1.0,0.8772153153380493,0.1,1.0,1.0,0.8772153153380493,1.0,1.0,1.0,1.0,0.0,0.0,0.0,1.0
label_core_rerank,eval_0411,cefadroxil | retapamulin | altabax | mupirocin | cefuroxime | sulconazole | ozenoxacin | ammoniated mercury | stribild | cobicistat / elvitegravir / emtricitabine / tenofovir | dexbrompheniramine / pseudoephedrine | drixoral cold and allergy | valacyclovir | efavirenz / emtricitabine / tenofovir | valtrex | atripla | aciphex | chlorpheniramine / hydrocodone | tussionex pennkinetic | ondansetron,cefuroxime | mupirocin | retapamulin,1000,8,8,1000,0,0,0,0.6,1.0,1.0,0.6717573587424964,0.3,1.0,1.0,0.6717573587424964,0.15,1.0,1.0,0.6717573587424964,0.5,1.0,1.0,1.0,0.0,0.0,0.0,1.0
label_core_rerank,eval_0407,clonazepam | diclofenac | klonopin | propranolol | rizatriptan | prednisone | treximet | lamotrigine | gabapentin | naproxen / sumatriptan | amitriptyline | relpax | maxalt | eletriptan | acetaminophen / butalbital / caffeine | frovatriptan | indomethacin | sumatriptan | bupropion | aspirin / butalbital / caffeine,diclofenac | propranolol,1000,419,419,1000,0,0,0,0.4,1.0,1.0,0.5992429307166866,0.2,1.0,1.0,0.5992429307166866,0.1,1.0,1.0,0.5992429307166866,0.5,1.0,1.0,1.0,0.0,0.0,0.0,1.0
label_core_rerank,eval_0413,doxycycline | prednisone | azithromycin | rocephin | aclidinium | tudorza pressair | xopenex | methylprednisolone | omalizumab | ceftriaxone | mometasone | xolair | levalbuterol | primatene mist | accolate | intal inhaler | zafirlukast | guaifenesin | epinephrine | ipratropium inhalation solution,prednisone,505,221,221,505,0,0,0,0.2,1.0,1.0,0.6309297535714574,0.1,1.0,1.0,0.6309297535714574,0.05,1.0,1.0,0.6309297535714574,0.5,1.0,1.0,1.0,0.0,0.0,0.0,1.0
label_core_rerank,eval_0409,prednisone | methylprednisolone | betamethasone | cellcept | mycophenolate mofetil | hydrocortisone | triamcinolone | medrol dosepak | dexamethasone | pancreatin | azathioprine | imuran | elocon | clobetasol | desonide | flurandrenolide | cordran tape | clocortolone | clobex | cloderm,prednisone | methylprednisolone | triamcinolone | betamethasone,310,292,292,310,0,0,0,0.6,0.75,1.0,0.8318724637288826,0.4,1.0,1.0,0.9619991470595832,0.2,1.0,1.0,0.9619991470595832,1.0,1.0,1.0,1.0,0.0,0.0,0.0,1.0
label_core_rerank,eval_0414,clonazepam | klonopin | propranolol | rizatriptan | treximet | lamotrigine | gabapentin | naproxen / sumatriptan | amitriptyline | relpax | maxalt | eletriptan | acetaminophen / butalbital / caffeine | frovatriptan | sumatriptan | bupropion | aspirin / butalbital / caffeine | diclofenac | frova | maxalt-mlt,propranolol,1000,179,179,1000,0,0,0,0.2,1.0,1.0,0.5,0.1,1.0,1.0,0.5,0.05,1.0,1.0,0.5,0.3333333333333333,1.0,1.0,1.0,0.0,0.0,0.0,1.0
label_core_rerank,eval_0412,amitriptyline | doxycycline | phosphorated carbohydrate solution | elavil | ceftriaxone | ampicillin | lactobacillus acidophilus | sulfamethoxazole / trimethoprim | hydroxyzine | minocycline | ciprofloxacin | atarax | cipro | ofloxacin | azithromycin | allopurinol | risperdal | risperidone | spironolactone | venlafaxine,doxycycline | sulfamethoxazole / trimethoprim | azithromycin,411,303,303,411,0,0,0,0.2,0.3333333333333333,1.0,0.23981246656813146,0.2,0.6666666666666666,1.0,0.41967181649423,0.15,1.0,1.0,0.5146952581732136,0.5,1.0,1.0,1.0,0.0,0.0,0.0,1.0
label_core_rerank,eval_0417,doxycycline | ibuprofen | naproxen | cephalexin | triamcinolone | flanax pain reliever | bactrim | sulfamethoxazole / trimethoprim | oxybutynin | avelox | moxifloxacin | doxy 100 | sucralfate | ditropan xl | aleve | ciprofloxacin | naprosyn | levofloxacin | bactrim ds | levaquin,naproxen,573,25,25,573,0,0,0,0.2,1.0,1.0,0.5,0.1,1.0,1.0,0.5,0.05,1.0,1.0,0.5,0.3333333333333333,1.0,1.0,1.0,0.0,0.0,0.0,1.0
label_core_rerank,eval_0416,propranolol | clonidine | verapamil | benicar | atenolol | catapres | nadolol | corgard | innopran xl | olmesartan | metoprolol | verelan pm | inderal | tenormin | tadalafil | calan sr | lisinopril | sildenafil | dextroamphetamine | dexedrine,propranolol,1000,433,433,937,0,0,0,0.2,1.0,1.0,1.0,0.1,1.0,1.0,1.0,0.05,1.0,1.0,1.0,1.0,1.0,1.0,1.0,0.0,0.0,0.0,1.0
label_core_rerank,eval_0422,thyroid desiccated | westhroid | cenestin | estropipate | conjugated estrogens | armour thyroid | premarin | rayaldee | thyquidity | calcifediol | estradiol | esterified estrogens | tirosint | doxorubicin | levothyroxine | synthroid | cytomel | nature-throid | liothyronine | calcitriol,thyroid desiccated | armour thyroid | levothyroxine,1000,61,61,1000,0,0,0,0.2,0.3333333333333333,1.0,0.38009376671593426,0.2,0.6666666666666666,1.0,0.5154858981951099,0.15,1.0,1.0,0.6580210607135852,1.0,1.0,1.0,1.0,0.0,0.0,0.0,1.0
label_core_rerank,eval_0418,doxycycline | ibuprofen | naproxen | triamcinolone | flanax pain reliever | aleve | naprosyn | stelara | enbrel | ustekinumab | etanercept | prednisone | methylprednisolone | adalimumab | betamethasone | humira | infliximab | methotrexate | remicade | hydrocortisone,prednisone | enbrel | naproxen | triamcinolone | ibuprofen,573,273,273,573,0,0,0,0.6,0.6,1.0,0.5651206535733211,0.4,0.8,1.0,0.6450983566328607,0.25,1.0,1.0,0.7168952778083549,0.5,1.0,1.0,1.0,0.0,0.0,0.0,1.0
label_core_rerank,eval_0421,clonazepam | klonopin | propranolol | rizatriptan | treximet | lamotrigine | gabapentin | naproxen / sumatriptan | amitriptyline | relpax | maxalt | eletriptan | acetaminophen / butalbital / caffeine | frovatriptan | sumatriptan | bupropion | aspirin / butalbital / caffeine | diclofenac | frova | maxalt-mlt,propranolol,1000,179,179,1000,0,0,0,0.2,1.0,1.0,0.5,0.1,1.0,1.0,0.5,0.05,1.0,1.0,0.5,0.3333333333333333,1.0,1.0,1.0,0.0,0.0,0.0,1.0
label_core_rerank,eval_0420,propranolol | clonidine | verapamil | benicar | atenolol | catapres | nadolol | corgard | innopran xl | olmesartan | metoprolol | verelan pm | inderal | tenormin | calan sr | lisinopril | amlodipine | inderal la | norvasc | prinivil,propranolol | clonidine | verapamil,1000,433,433,1000,0,0,0,0.6,1.0,1.0,0.9777813616305049,0.3,1.0,1.0,0.9777813616305049,0.15,1.0,1.0,0.9777813616305049,1.0,1.0,1.0,1.0,0.0,0.0,0.0,1.0
label_core_rerank,eval_0425,clonazepam | klonopin | propranolol | rizatriptan | treximet | lamotrigine | gabapentin | naproxen / sumatriptan | amitriptyline | relpax | maxalt | eletriptan | acetaminophen / butalbital / caffeine | frovatriptan | sumatriptan | bupropion | aspirin / butalbital / caffeine | diclofenac | frova | maxalt-mlt,propranolol,1000,179,179,1000,0,0,0,0.2,1.0,1.0,0.5,0.1,1.0,1.0,0.5,0.05,1.0,1.0,0.5,0.3333333333333333,1.0,1.0,1.0,0.0,0.0,0.0,1.0
label_core_rerank,eval_0426,tadalafil | propranolol | sildenafil | dextroamphetamine | dexedrine | spironolactone | azor | amlodipine / olmesartan | clonidine | modafinil | amlodipine / hydrochlorothiazide / valsartan | exforge hct | avalide | verapamil | armodafinil | travoprost | hydrochlorothiazide / irbesartan | provigil | nuvigil | benicar,propranolol,1000,275,275,1000,0,0,0,0.2,1.0,1.0,0.6309297535714575,0.1,1.0,1.0,0.6309297535714575,0.05,1.0,1.0,0.6309297535714575,0.5,1.0,1.0,1.0,0.0,0.0,0.0,1.0
label_core_rerank,eval_0427,doxycycline | prednisone | duloxetine | cymbalta | methylprednisolone | ceftriaxone | aspirin | hydrocortisone | kenalog-40 | aristocort | triamcinolone | cefotaxime | medrol dosepak | minocycline | amoxicillin | solu-medrol | dexamethasone | tetracycline | depo-medrol | zostrix,duloxetine | cymbalta,1000,255,255,1000,0,0,0,0.4,1.0,1.0,0.5706417189553201,0.2,1.0,1.0,0.5706417189553201,0.1,1.0,1.0,0.5706417189553201,0.3333333333333333,1.0,1.0,1.0,0.0,0.0,0.0,1.0
label_core_rerank,eval_0429,doxycycline | prednisone | azithromycin | rocephin | aclidinium | tudorza pressair | xopenex | methylprednisolone | omalizumab | ceftriaxone | mometasone | xolair | levalbuterol | primatene mist | intal inhaler | accolate | zafirlukast | guaifenesin | epinephrine | revefenacin,prednisone,1000,221,221,1000,0,0,0,0.2,1.0,1.0,0.6309297535714574,0.1,1.0,1.0,0.6309297535714574,0.05,1.0,1.0,0.6309297535714574,0.5,1.0,1.0,1.0,0.0,0.0,0.0,1.0
label_core_rerank,eval_0430,"ceftriaxone | ampicillin | ciprofloxacin | cipro | azithromycin | typhoid vaccine, inactivated | typhoid vaccine, live | doxycycline | lansoprazole | esomeprazole | omeprazole | dexamethasone | pantoprazole | ofloxacin | neomycin | lorazepam | gabapentin | ativan | amitriptyline | sumatriptan",ceftriaxone | ciprofloxacin | cipro | azithromycin,620,148,148,620,0,0,0,0.8,1.0,1.0,0.8205777866879239,0.4,1.0,1.0,0.8205777866879239,0.2,1.0,1.0,0.8205777866879239,1.0,1.0,1.0,1.0,0.0,0.0,0.0,1.0
label_core_rerank,eval_0428,doxycycline | clindamycin | cephalexin | bactrim | sulfamethoxazole / trimethoprim | minocycline | keflex | doxy 100 | bactrim ds | vibramycin | septra | septra ds | smz-tmp ds | prednisone | metronidazole | nystatin / triamcinolone | azithromycin | rocephin | acidophilus | methenamine,doxycycline | clindamycin | sulfamethoxazole / trimethoprim,614,420,161,355,0,0,0,0.6,1.0,1.0,0.956993457308443,0.3,1.0,1.0,0.956993457308443,0.15,1.0,1.0,0.956993457308443,1.0,1.0,1.0,1.0,0.0,0.0,0.0,1.0
label_core_rerank,eval_0434,"azithromycin | ceftriaxone | ampicillin | ciprofloxacin | cipro | typhoid vaccine, inactivated | typhoid vaccine, live | aciphex | ondansetron | doxycycline | promethazine | prednisone | clonidine | lithium | rabeprazole | calcium carbonate / simethicone | prevacid | axid ar | methylprednisolone | nexium 24hr",ceftriaxone | ciprofloxacin,1000,7,7,1000,0,0,0,0.4,1.0,1.0,0.6462302129493455,0.2,1.0,1.0,0.6462302129493455,0.1,1.0,1.0,0.6462302129493455,0.5,1.0,1.0,1.0,0.0,0.0,0.0,1.0
label_core_rerank,eval_0435,doxycycline | prednisone | metronidazole | azithromycin | rocephin | dapsone | ceftriaxone | zyvox | linezolid | filgrastim | neupogen | fluconazole | clindamycin | tobramycin | pyrimethamine | xenleta | lefamulin | gentamicin | integra | oxymetholone,doxycycline | azithromycin,1000,132,132,1000,0,0,0,0.4,1.0,1.0,0.8772153153380493,0.2,1.0,1.0,0.8772153153380493,0.1,1.0,1.0,0.8772153153380493,1.0,1.0,1.0,1.0,0.0,0.0,0.0,1.0
label_core_rerank,eval_0432,doxycycline | prednisone | gentamicin | lansoprazole | minocycline | moxifloxacin | dexamethasone | ciprofloxacin | levofloxacin | rifampin | aciphex | rabeprazole | calcium carbonate / simethicone | prevacid | axid ar | nexium 24hr | amikacin | prilosec otc | aluminum hydroxide / magnesium hydroxide / simethicone | nizatidine,doxycycline | azithromycin | minocycline,1000,230,230,1000,0,0,0,0.4,0.6666666666666666,1.0,0.6508205185601091,0.2,0.6666666666666666,1.0,0.6508205185601091,0.1,0.6666666666666666,1.0,0.6508205185601091,1.0,1.0,1.0,1.0,0.0,0.0,0.0,1.0
label_core_rerank,eval_0436,thyroid desiccated | westhroid | cenestin | estropipate | conjugated estrogens | armour thyroid | premarin | calcifediol | thyquidity | rayaldee | estradiol | esterified estrogens | tirosint | doxorubicin | levothyroxine | synthroid | cytomel | nature-throid | liothyronine | calcitriol,thyroid desiccated | armour thyroid | levothyroxine,87,61,61,87,0,0,0,0.2,0.3333333333333333,1.0,0.38009376671593426,0.2,0.6666666666666666,1.0,0.5154858981951099,0.15,1.0,1.0,0.6580210607135852,1.0,1.0,1.0,1.0,0.0,0.0,0.0,1.0
label_core_rerank,eval_0433,stelara | enbrel | ustekinumab | doxycycline | etanercept | prednisone | methylprednisolone | adalimumab | betamethasone | humira | infliximab | methotrexate | remicade | hydrocortisone | kenalog-40 | triamcinolone | kenalog-10 | minocycline | dexamethasone | tetracycline,prednisone | enbrel | stelara | ustekinumab | adalimumab,1000,393,176,783,0,0,0,0.6,0.6,1.0,0.7557806593071948,0.5,1.0,1.0,0.9518915761561842,0.25,1.0,1.0,0.9518915761561842,1.0,1.0,1.0,1.0,0.0,0.0,0.0,1.0
label_core_rerank,eval_0437,thyroid desiccated | westhroid | cenestin | estropipate | conjugated estrogens | armour thyroid | premarin | rayaldee | calcifediol | thyquidity | estradiol | esterified estrogens | tirosint | doxorubicin | levothyroxine | synthroid | cytomel | nature-throid | liothyronine | calcitriol,thyroid desiccated | armour thyroid | levothyroxine,1000,61,61,1000,0,0,0,0.2,0.3333333333333333,1.0,0.38009376671593426,0.2,0.6666666666666666,1.0,0.5154858981951099,0.15,1.0,1.0,0.6580210607135852,1.0,1.0,1.0,1.0,0.0,0.0,0.0,1.0
label_core_rerank,eval_0440,diclofenac | tramadol | stelara | acetaminophen / hydrocodone | enbrel | ustekinumab | doxycycline | etanercept | prednisone | lortab | ketoprofen | norco | indomethacin | valdecoxib | voltaren | duloxetine | cataflam | cymbalta | naprelan | probenecid,diclofenac | tramadol | acetaminophen / hydrocodone,545,255,255,545,0,0,0,0.6,1.0,1.0,0.9736505918364026,0.3,1.0,1.0,0.9736505918364026,0.15,1.0,1.0,0.9736505918364026,1.0,1.0,1.0,1.0,0.0,0.0,0.0,1.0
label_core_rerank,eval_0441,doxycycline | prednisone | methylprednisolone | hydrocortisone | kenalog-40 | triamcinolone | minocycline | dexamethasone | tetracycline | prednisolone | clobetasol | mometasone | fluocinolone | cephalexin | bactrim | sulfamethoxazole / trimethoprim | oxybutynin | avelox | moxifloxacin | doxy 100,prednisone | methylprednisolone,1000,53,53,994,0,0,0,0.4,1.0,1.0,0.6934264036172708,0.2,1.0,1.0,0.6934264036172708,0.1,1.0,1.0,0.6934264036172708,0.5,1.0,1.0,1.0,0.0,0.0,0.0,1.0
label_core_rerank,eval_0442,amitriptyline | spironolactone | doxycycline | venlafaxine | azithromycin | rocephin | phosphorated carbohydrate solution | acidophilus | elavil | methenamine | ceftriaxone | zyvox | vaniqa | linezolid | uta | ampicillin | sulfatrim | hiprex | allopurinol | eflornithine,doxycycline,172,172,172,172,0,0,0,0.2,1.0,1.0,0.5,0.1,1.0,1.0,0.5,0.05,1.0,1.0,0.5,0.3333333333333333,1.0,1.0,1.0,0.0,0.0,0.0,1.0
label_core_rerank,eval_0438,"ceftriaxone | ampicillin | ciprofloxacin | cipro | azithromycin | typhoid vaccine, inactivated | typhoid vaccine, live | ondansetron | doxycycline | promethazine | phenergan | chlorpromazine | marinol | dronabinol | cefotaxime | floxin | lansoprazole | sulfamethoxazole / trimethoprim | thorazine | minocycline",ceftriaxone | ciprofloxacin | cipro | ampicillin | azithromycin,1000,148,148,1000,0,0,0,1.0,1.0,1.0,0.9750551834421469,0.5,1.0,1.0,0.9750551834421469,0.25,1.0,1.0,0.9750551834421469,1.0,1.0,1.0,1.0,0.0,0.0,0.0,1.0
label_core_rerank,eval_0444,cyproheptadine | promethazine | prednisone | chlor-trimeton | phenergan | chlorpheniramine | epinephrine | ranitidine | carbinoxamine | azelastine | triamcinolone | tetracaine | olopatadine | diphenhydramine | benadryl | cetirizine | allegra | fexofenadine | zyrtec | levocetirizine,prednisone | promethazine | cyproheptadine,672,76,76,672,0,0,0,0.6,1.0,1.0,1.0,0.3,1.0,1.0,1.0,0.15,1.0,1.0,1.0,1.0,1.0,1.0,1.0,0.0,0.0,0.0,1.0
label_core_rerank,eval_0439,cyproheptadine | promethazine | prednisone | chlor-trimeton | phenergan | chlorpheniramine | epinephrine | ranitidine | carbinoxamine | azelastine | triamcinolone | tetracaine | olopatadine | diphenhydramine | benadryl | cetirizine | allegra | fexofenadine | zyrtec | levocetirizine,prednisone,672,558,511,625,0,0,0,0.2,1.0,1.0,0.5,0.1,1.0,1.0,0.5,0.05,1.0,1.0,0.5,0.3333333333333333,1.0,1.0,1.0,0.0,0.0,0.0,1.0
label_core_rerank,eval_0443,doxycycline | ibuprofen | naproxen | triamcinolone | flanax pain reliever | aleve | naprosyn | stelara | enbrel | ustekinumab | etanercept | prednisone | cephalexin | bactrim | sulfamethoxazole / trimethoprim | methylprednisolone | oxybutynin | adalimumab | betamethasone | humira,prednisone | enbrel | naproxen,573,273,53,353,0,0,0,0.2,0.3333333333333333,1.0,0.23463936301137822,0.2,0.6666666666666666,1.0,0.37590633587120725,0.15,1.0,1.0,0.5027233527036008,0.3333333333333333,1.0,1.0,1.0,0.0,0.0,0.0,1.0
label_core_rerank,eval_0445,doxycycline | prednisone | azithromycin | methylprednisolone | mometasone | epinephrine | ampicillin | budesonide | kenalog-40 | augmentin xr | triamcinolone | bactrim | medrol dosepak | sulfamethoxazole / trimethoprim | flunisolide | zithromax | ceftin | cedax | ceftibuten | singulair,prednisone | methylprednisolone,1000,681,681,1000,0,0,0,0.4,1.0,1.0,0.6509209298071326,0.2,1.0,1.0,0.6509209298071326,0.1,1.0,1.0,0.6509209298071326,0.5,1.0,1.0,1.0,0.0,0.0,0.0,1.0
label_core_rerank,eval_0450,doxycycline | ibuprofen | naproxen | cephalexin | triamcinolone | flanax pain reliever | bactrim | sulfamethoxazole / trimethoprim | oxybutynin | avelox | moxifloxacin | doxy 100 | sucralfate | ditropan xl | aleve | ciprofloxacin | naprosyn | levofloxacin | bactrim ds | levaquin,naproxen,273,25,25,273,0,0,0,0.2,1.0,1.0,0.5,0.1,1.0,1.0,0.5,0.05,1.0,1.0,0.5,0.3333333333333333,1.0,1.0,1.0,0.0,0.0,0.0,1.0
label_core_rerank,eval_0446,doxycycline | prednisone | azithromycin | rocephin | ceftriaxone | bactrim | sulfamethoxazole / trimethoprim | zithromax | ceftin | avelox | moxifloxacin | amoxicillin | amoxil | amoxicillin / clavulanate | augmentin | dexamethasone | cefuroxime | ciprofloxacin | levofloxacin | bactrim ds,prednisone,1000,354,354,889,0,0,0,0.2,1.0,1.0,0.6309297535714575,0.1,1.0,1.0,0.6309297535714575,0.05,1.0,1.0,0.6309297535714575,0.5,1.0,1.0,1.0,0.0,0.0,0.0,1.0
label_core_rerank,eval_0448,doxycycline | chlorpromazine | thorazine | minocycline | dexamethasone | haloperidol | haldol | prochlorperazine | compazine | elocon | clobetasol | desonide | prednisone | flurandrenolide | cordran tape | clocortolone | clobex | cloderm | sulfamethoxazole / trimethoprim | mometasone,prednisone | mometasone | clobetasol,533,300,300,533,0,0,0,0.0,0.0,0.0,0.0,0.0,0.0,0.0,0.0,0.15,1.0,1.0,0.36099863362271095,0.09090909090909091,1.0,1.0,1.0,0.0,0.0,0.0,1.0
label_core_rerank,eval_0452,diclofenac | tramadol | stelara | acetaminophen / hydrocodone | enbrel | ustekinumab | doxycycline | etanercept | prednisone | lortab | ketoprofen | norco | indomethacin | valdecoxib | voltaren | duloxetine | cataflam | cymbalta | naprelan | probenecid,diclofenac | tramadol,438,255,255,438,0,0,0,0.4,1.0,1.0,1.0,0.2,1.0,1.0,1.0,0.1,1.0,1.0,1.0,1.0,1.0,1.0,1.0,0.0,0.0,0.0,1.0
label_core_rerank,eval_0454,thyroid desiccated | westhroid | cenestin | estropipate | conjugated estrogens | armour thyroid | premarin | calcifediol | thyquidity | rayaldee | estradiol | esterified estrogens | tirosint | doxorubicin | levothyroxine | synthroid | cytomel | nature-throid | liothyronine | calcitriol,thyroid desiccated | armour thyroid | levothyroxine,358,61,61,358,0,0,0,0.2,0.3333333333333333,1.0,0.38009376671593426,0.2,0.6666666666666666,1.0,0.5154858981951099,0.15,1.0,1.0,0.6580210607135852,1.0,1.0,1.0,1.0,0.0,0.0,0.0,1.0
label_core_rerank,eval_0456,stelara | enbrel | ustekinumab | doxycycline | etanercept | prednisone | methylprednisolone | adalimumab | betamethasone | humira | ibuprofen | naproxen | infliximab | methotrexate | remicade | hydrocortisone | kenalog-40 | triamcinolone | flanax pain reliever | kenalog-10,prednisone | enbrel,573,255,255,573,0,0,0,0.2,0.5,1.0,0.44412286644879784,0.2,1.0,1.0,0.6112833214150001,0.1,1.0,1.0,0.6112833214150001,0.5,1.0,1.0,1.0,0.0,0.0,0.0,1.0
label_core_rerank,eval_0460,diclofenac | tramadol | stelara | acetaminophen / hydrocodone | enbrel | ustekinumab | doxycycline | etanercept | prednisone | lortab | ketoprofen | norco | indomethacin | valdecoxib | voltaren | duloxetine | cataflam | cymbalta | naprelan | probenecid,diclofenac | tramadol,403,255,255,403,0,0,0,0.4,1.0,1.0,1.0,0.2,1.0,1.0,1.0,0.1,1.0,1.0,1.0,1.0,1.0,1.0,1.0,0.0,0.0,0.0,1.0
label_core_rerank,eval_0458,stribild | cobicistat / elvitegravir / emtricitabine / tenofovir | efavirenz / emtricitabine / tenofovir | atripla | ondansetron | triumeq | abacavir / dolutegravir / lamivudine | clonidine | epzicom | complera | emtricitabine / rilpivirine / tenofovir | abacavir / lamivudine | fuzeon | enfuvirtide | reyataz | atazanavir | isentress | cobicistat / elvitegravir / emtricitabine / tenofovir alafenamide | genvoya | filgrastim,cobicistat / elvitegravir / emtricitabine / tenofovir | stribild | efavirenz / emtricitabine / tenofovir,1000,119,119,1000,0,0,0,0.6,1.0,1.0,1.0,0.3,1.0,1.0,1.0,0.15,1.0,1.0,1.0,1.0,1.0,1.0,1.0,0.0,0.0,0.0,1.0
label_core_rerank,eval_0453,duloxetine | cymbalta | dexamethasone | zostrix | capsaicin | capzasin-hp | zostrix diabetic foot pain | gabapentin | pregabalin | nortriptyline | topiramate | lyrica | neurontin | topamax | lisinopril | amitriptyline | clonidine | catapres | onabotulinumtoxina | botox,gabapentin | pregabalin,936,476,476,936,0,0,0,0.0,0.0,0.0,0.0,0.2,1.0,1.0,0.37800210039683896,0.1,1.0,1.0,0.37800210039683896,0.125,1.0,1.0,1.0,0.0,0.0,0.0,1.0
label_core_rerank,eval_0459,doxycycline | prednisone | azithromycin | methylprednisolone | mometasone | epinephrine | ampicillin | budesonide | kenalog-40 | augmentin xr | triamcinolone | bactrim | medrol dosepak | sulfamethoxazole / trimethoprim | flunisolide | zithromax | ceftin | ceftibuten | cedax | singulair,azithromycin | prednisone | methylprednisolone,1000,681,681,1000,0,0,0,0.6,1.0,1.0,0.7101592725933039,0.3,1.0,1.0,0.7101592725933039,0.15,1.0,1.0,0.7101592725933039,0.5,1.0,1.0,1.0,0.0,0.0,0.0,1.0
label_core_rerank,eval_0463,doxycycline | prednisone | azithromycin | rocephin | aclidinium | tudorza pressair | xopenex | methylprednisolone | omalizumab | ceftriaxone | mometasone | xolair | levalbuterol | primatene mist | accolate | zafirlukast | intal inhaler | guaifenesin | epinephrine | ipratropium inhalation solution,prednisone,1000,221,221,1000,0,0,0,0.2,1.0,1.0,0.6309297535714574,0.1,1.0,1.0,0.6309297535714574,0.05,1.0,1.0,0.6309297535714574,0.5,1.0,1.0,1.0,0.0,0.0,0.0,1.0
label_core_rerank,eval_0465,doxycycline | prednisone | azithromycin | rocephin | aclidinium | tudorza pressair | xopenex | methylprednisolone | omalizumab | ceftriaxone | mometasone | xolair | levalbuterol | primatene mist | accolate | zafirlukast | intal inhaler | guaifenesin | epinephrine | ipratropium inhalation solution,prednisone,1000,221,221,1000,0,0,0,0.2,1.0,1.0,0.6309297535714575,0.1,1.0,1.0,0.6309297535714575,0.05,1.0,1.0,0.6309297535714575,0.5,1.0,1.0,1.0,0.0,0.0,0.0,1.0
label_core_rerank,eval_0461,spironolactone | urea | vascepa | icosapent | insulin regular | rocaltrol | magnesium amino acids chelate | magnesium oxide | glucose | calcifediol | sodium bicarbonate | magnesium gluconate | cabergoline | dostinex | calcitriol | omacor | furosemide | proglycem | insta-glucose | diazoxide,propranolol,1000,236,236,1000,0,0,0,0.0,0.0,0.0,0.0,0.0,0.0,0.0,0.0,0.0,0.0,0.0,0.0,0.0,1.0,1.0,1.0,0.0,0.0,0.0,1.0
label_core_rerank,eval_0462,aluminum hydroxide / magnesium hydroxide / simethicone | ranitidine | lansoprazole | cimetidine | omeprazole | pantoprazole | famotidine | aciphex | rabeprazole | calcium carbonate / simethicone | prevacid | axid ar | nexium 24hr | prilosec otc | nizatidine | protonix iv | omeprazole / sodium bicarbonate | axid | mylanta | zegerid,lansoprazole | ranitidine | omeprazole | pantoprazole,1000,549,549,1000,0,0,0,0.6,0.75,1.0,0.5407142188659049,0.4,1.0,1.0,0.688026127815017,0.2,1.0,1.0,0.688026127815017,0.5,1.0,1.0,1.0,0.0,0.0,0.0,1.0
label_core_rerank,eval_0464,amitriptyline | doxycycline | phosphorated carbohydrate solution | elavil | ceftriaxone | ampicillin | lactobacillus acidophilus | sulfamethoxazole / trimethoprim | hydroxyzine | minocycline | ciprofloxacin | atarax | cipro | ofloxacin | azithromycin | allopurinol | risperdal | risperidone | spironolactone | venlafaxine,doxycycline | sulfamethoxazole / trimethoprim | azithromycin,411,303,303,411,0,0,0,0.2,0.3333333333333333,1.0,0.23981246656813146,0.2,0.6666666666666666,1.0,0.41967181649423,0.15,1.0,1.0,0.5146952581732136,0.5,1.0,1.0,1.0,0.0,0.0,0.0,1.0
label_core_rerank,eval_0468,doxycycline | prednisone | metronidazole | azithromycin | rocephin | dapsone | ceftriaxone | zyvox | linezolid | filgrastim | neupogen | fluconazole | clindamycin | tobramycin | pyrimethamine | xenleta | lefamulin | gentamicin | integra | oxymetholone,doxycycline | azithromycin,1000,132,132,1000,0,0,0,0.4,1.0,1.0,0.8772153153380493,0.2,1.0,1.0,0.8772153153380493,0.1,1.0,1.0,0.8772153153380493,1.0,1.0,1.0,1.0,0.0,0.0,0.0,1.0
label_core_rerank,eval_0466,rabeprazole | omeprazole / sodium bicarbonate | ranitidine | lansoprazole | zantac | esomeprazole | protonix | nexium | sucralfate | cimetidine | omeprazole | pantoprazole | carafate | pepcid | calcium carbonate | famotidine | aciphex | calcium carbonate / simethicone | prevacid | axid ar,aciphex | dexlansoprazole | rabeprazole | esomeprazole | lansoprazole | nexium,791,109,109,791,0,0,0,0.4,0.3333333333333333,1.0,0.48522855511632257,0.4,0.6666666666666666,1.0,0.6361757670231624,0.25,0.8333333333333334,1.0,0.7087435981937824,1.0,1.0,1.0,1.0,0.0,0.0,0.0,1.0
label_core_rerank,eval_0467,cyproheptadine | promethazine | prednisone | chlor-trimeton | phenergan | chlorpheniramine | epinephrine | ranitidine | carbinoxamine | azelastine | triamcinolone | tetracaine | olopatadine | diphenhydramine | benadryl | cetirizine | allegra | fexofenadine | zyrtec | levocetirizine,prednisone | promethazine | cyproheptadine,1000,305,305,827,0,0,0,0.6,1.0,1.0,1.0,0.3,1.0,1.0,1.0,0.15,1.0,1.0,1.0,1.0,1.0,1.0,1.0,0.0,0.0,0.0,1.0
label_core_rerank,eval_0470,doxycycline | prednisone | azithromycin | rocephin | aclidinium | tudorza pressair | xopenex | methylprednisolone | omalizumab | ceftriaxone | mometasone | xolair | levalbuterol | primatene mist | accolate | intal inhaler | zafirlukast | guaifenesin | epinephrine | ipratropium inhalation solution,azithromycin | prednisone,505,221,221,505,0,0,0,0.4,1.0,1.0,0.6787622294601761,0.2,1.0,1.0,0.6787622294601761,0.1,1.0,1.0,0.6787622294601761,0.5,1.0,1.0,1.0,0.0,0.0,0.0,1.0
label_core_rerank,eval_0471,doxycycline | prednisone | azithromycin | rocephin | ceftriaxone | sulfamethoxazole / trimethoprim | zithromax | ceftin | avelox | moxifloxacin | amoxicillin | amoxil | amoxicillin / clavulanate | biaxin xl | augmentin | dexamethasone | cefuroxime | clarithromycin | ciprofloxacin | erythromycin,doxycycline | azithromycin | prednisone,1000,319,319,1000,0,0,0,0.6,1.0,1.0,1.0,0.3,1.0,1.0,1.0,0.15,1.0,1.0,1.0,1.0,1.0,1.0,1.0,0.0,0.0,0.0,1.0
label_core_rerank,eval_0476,doxycycline | prednisone | metronidazole | azithromycin | rocephin | dapsone | ceftriaxone | zyvox | linezolid | neupogen | filgrastim | fluconazole | clindamycin | tobramycin | vancocin hcl | cefotaxime | xenleta | gentamicin | lefamulin | integra,doxycycline | azithromycin,1000,132,132,1000,0,0,0,0.4,1.0,1.0,0.8772153153380493,0.2,1.0,1.0,0.8772153153380493,0.1,1.0,1.0,0.8772153153380493,1.0,1.0,1.0,1.0,0.0,0.0,0.0,1.0
label_core_rerank,eval_0472,oxybutynin | doxycycline | triamcinolone | moxifloxacin | sucralfate | ciprofloxacin | levofloxacin | ibuprofen | naproxen | cephalexin | flanax pain reliever | bactrim | sulfamethoxazole / trimethoprim | avelox | doxy 100 | ditropan xl | aleve | naprosyn | bactrim ds | levaquin,gabapentin | triamcinolone,719,46,46,719,0,0,0,0.2,0.5,1.0,0.3065735963827292,0.1,0.5,1.0,0.3065735963827292,0.05,0.5,1.0,0.3065735963827292,0.3333333333333333,1.0,1.0,1.0,0.0,0.0,0.0,1.0
label_core_rerank,eval_0474,propranolol | clonidine | verapamil | benicar | atenolol | catapres | nadolol | corgard | innopran xl | olmesartan | metoprolol | verelan pm | inderal | tenormin | calan sr | lisinopril | tadalafil | amlodipine | sildenafil | inderal la,propranolol | clonidine | benicar,1000,433,433,892,0,0,0,0.6,1.0,1.0,0.9424890210124037,0.3,1.0,1.0,0.9424890210124037,0.15,1.0,1.0,0.9424890210124037,1.0,1.0,1.0,1.0,0.0,0.0,0.0,1.0
label_core_rerank,eval_0475,valacyclovir | valtrex | acyclovir | foscarnet | immune globulin intramuscular | measles virus vaccine / mumps virus vaccine / rubella virus vaccine / varicella virus vaccine | varicella virus vaccine | varicella zoster immune globulin | aciphex | doxycycline | prednisone | rabeprazole | calcium carbonate / simethicone | prevacid | axid ar | nexium 24hr | prilosec otc | aluminum hydroxide / magnesium hydroxide / simethicone | nizatidine | protonix iv,valacyclovir | valtrex | acyclovir | doxycycline,1000,117,117,1000,0,0,0,0.6,0.75,1.0,0.8812605169021386,0.4,1.0,1.0,0.9609570023860547,0.2,1.0,1.0,0.9609570023860547,1.0,1.0,1.0,1.0,0.0,0.0,0.0,1.0
label_core_rerank,eval_0477,doxycycline | prednisone | azithromycin | rocephin | ceftriaxone | sulfamethoxazole / trimethoprim | zithromax | ceftin | avelox | moxifloxacin | amoxicillin | amoxil | amoxicillin / clavulanate | biaxin xl | augmentin | dexamethasone | cefuroxime | clarithromycin | ciprofloxacin | erythromycin,doxycycline | azithromycin | prednisone | moxifloxacin | ceftriaxone,1000,319,319,1000,0,0,0,0.8,0.8,1.0,0.7862088170279083,0.5,1.0,1.0,0.8700331618592955,0.25,1.0,1.0,0.8700331618592955,1.0,1.0,1.0,1.0,0.0,0.0,0.0,1.0
label_core_rerank,eval_0481,calcitriol | elocon | clobetasol | stelara | enbrel | ustekinumab | desonide | doxycycline | etanercept | prednisone | flurandrenolide | cordran tape | clocortolone | clobex | cloderm | thiothixene | desowen | methylprednisolone | adalimumab | mometasone,enbrel,418,224,164,358,0,0,0,0.2,1.0,1.0,0.38685280723454163,0.1,1.0,1.0,0.38685280723454163,0.05,1.0,1.0,0.38685280723454163,0.2,1.0,1.0,1.0,0.0,0.0,0.0,1.0
label_core_rerank,eval_0482,clonazepam | klonopin | propranolol | rizatriptan | treximet | lamotrigine | gabapentin | naproxen / sumatriptan | amitriptyline | relpax | maxalt | eletriptan | acetaminophen / butalbital / caffeine | frovatriptan | sumatriptan | bupropion | aspirin / butalbital / caffeine | diclofenac | frova | maxalt-mlt,propranolol,564,179,179,564,0,0,0,0.2,1.0,1.0,0.5,0.1,1.0,1.0,0.5,0.05,1.0,1.0,0.5,0.3333333333333333,1.0,1.0,1.0,0.0,0.0,0.0,1.0
label_core_rerank,eval_0483,aciphex | doxycycline | prednisone | rabeprazole | calcium carbonate / simethicone | prevacid | axid ar | nexium 24hr | prilosec otc | aluminum hydroxide / magnesium hydroxide / simethicone | nizatidine | protonix iv | omeprazole / sodium bicarbonate | tagamet hb | mylanta | zegerid | pepcid ac chewable tablets | triamcinolone | mylanta maximum strength | gentamicin,doxycycline,1000,109,109,1000,0,0,0,0.2,1.0,1.0,0.6309297535714574,0.1,1.0,1.0,0.6309297535714574,0.05,1.0,1.0,0.6309297535714574,0.5,1.0,1.0,1.0,0.0,0.0,0.0,1.0
label_core_rerank,eval_0479,ephedrine | caffeine | phenylephrine | diltiazem | cardizem | cartia xt | cardizem cd | esmolol | doxycycline | prednisone | azithromycin | methylprednisolone | ceftriaxone | mometasone | epinephrine | ampicillin | budesonide | kenalog-40 | augmentin xr | triamcinolone,prednisone,1000,494,494,723,0,0,0,0.0,0.0,0.0,0.0,0.1,1.0,1.0,0.2890648263178879,0.05,1.0,1.0,0.2890648263178879,0.1,1.0,1.0,1.0,0.0,0.0,0.0,1.0
label_core_rerank,eval_0484,amitriptyline | spironolactone | doxycycline | venlafaxine | azithromycin | rocephin | phosphorated carbohydrate solution | acidophilus | elavil | methenamine | ceftriaxone | zyvox | vaniqa | linezolid | uta | ampicillin | sulfatrim | hiprex | allopurinol | eflornithine,doxycycline,172,172,172,172,0,0,0,0.2,1.0,1.0,0.5,0.1,1.0,1.0,0.5,0.05,1.0,1.0,0.5,0.3333333333333333,1.0,1.0,1.0,0.0,0.0,0.0,1.0
label_core_rerank,eval_0480,doxycycline | ibuprofen | naproxen | triamcinolone | flanax pain reliever | aleve | naprosyn | cephalexin | bactrim | sulfamethoxazole / trimethoprim | oxybutynin | avelox | moxifloxacin | doxy 100 | sucralfate | ditropan xl | ciprofloxacin | levofloxacin | bactrim ds | levaquin,naproxen | triamcinolone,273,273,273,273,0,0,0,0.4,1.0,1.0,0.5706417189553201,0.2,1.0,1.0,0.5706417189553201,0.1,1.0,1.0,0.5706417189553201,0.3333333333333333,1.0,1.0,1.0,0.0,0.0,0.0,1.0
label_core_rerank,eval_0478,doxycycline | ibuprofen | naproxen | triamcinolone | flanax pain reliever | diclofenac | tramadol | stelara | acetaminophen / hydrocodone | enbrel | ustekinumab | etanercept | aleve | prednisone | lortab | ketoprofen | norco | naprosyn | indomethacin | valdecoxib,diclofenac | naproxen | triamcinolone,403,273,273,403,0,0,0,0.4,0.6666666666666666,1.0,0.4367467095119258,0.3,1.0,1.0,0.6039071644781281,0.15,1.0,1.0,0.6039071644781281,0.3333333333333333,1.0,1.0,1.0,0.0,0.0,0.0,1.0
label_core_rerank,eval_0486,stelara | enbrel | ustekinumab | doxycycline | etanercept | prednisone | methylprednisolone | adalimumab | betamethasone | humira | ibuprofen | naproxen | infliximab | methotrexate | remicade | hydrocortisone | kenalog-40 | triamcinolone | flanax pain reliever | kenalog-10,prednisone | enbrel,573,255,255,573,0,0,0,0.2,0.5,1.0,0.44412286644879784,0.2,1.0,1.0,0.6112833214150001,0.1,1.0,1.0,0.6112833214150001,0.5,1.0,1.0,1.0,0.0,0.0,0.0,1.0
label_core_rerank,eval_0487,propranolol | clonidine | verapamil | benicar | atenolol | catapres | nadolol | corgard | innopran xl | olmesartan | metoprolol | verelan pm | inderal | tenormin | calan sr | lisinopril | amlodipine | inderal la | norvasc | prinivil,propranolol,1000,433,433,939,0,0,0,0.2,1.0,1.0,1.0,0.1,1.0,1.0,1.0,0.05,1.0,1.0,1.0,1.0,1.0,1.0,1.0,0.0,0.0,0.0,1.0
label_core_rerank,eval_0494,clonazepam | klonopin | propranolol | rizatriptan | treximet | lamotrigine | gabapentin | naproxen / sumatriptan | amitriptyline | relpax | maxalt | eletriptan | acetaminophen / butalbital / caffeine | frovatriptan | sumatriptan | bupropion | aspirin / butalbital / caffeine | diclofenac | frova | maxalt-mlt,propranolol,1000,179,179,947,0,0,0,0.2,1.0,1.0,0.5,0.1,1.0,1.0,0.5,0.05,1.0,1.0,0.5,0.3333333333333333,1.0,1.0,0.0,0.0,0.0,0.0,1.0
label_core_rerank,eval_0498,proctofoam | pramoxine | dibucaine | nupercainal | hydrocortisone | proctofoam hc | proctosol-hc | tronolane anesthetic for hemorrhoids | pramoxine / zinc oxide | hydrocortisone / pramoxine | analpram-hc | hydrocortisone / lidocaine | phenylephrine | lmx 5 | pramosone | lidocaine | phenylephrine / pramoxine | recticare | anucort-hc | anusol-hc suppositories,hydrocortisone | pramoxine | proctofoam,164,20,20,164,0,0,0,0.6,1.0,1.0,0.9469024295259745,0.3,1.0,1.0,0.9469024295259745,0.15,1.0,1.0,0.9469024295259745,1.0,1.0,1.0,1.0,0.0,0.0,0.0,1.0
label_core_rerank,eval_0499,clonazepam | klonopin | propranolol | rizatriptan | treximet | lamotrigine | gabapentin | naproxen / sumatriptan | amitriptyline | relpax | maxalt | eletriptan | acetaminophen / butalbital / caffeine | frovatriptan | sumatriptan | bupropion | aspirin / butalbital / caffeine | diclofenac | frova | maxalt-mlt,propranolol,1000,179,179,1000,0,0,0,0.2,1.0,1.0,0.5,0.1,1.0,1.0,0.5,0.05,1.0,1.0,0.5,0.3333333333333333,1.0,1.0,1.0,0.0,0.0,0.0,1.0
label_core_rerank,eval_0495,elocon | clobetasol | desonide | prednisone | flurandrenolide | cordran tape | clocortolone | clobex | cloderm | methylprednisolone | mometasone | betamethasone | fluocinonide | hydrocortisone | desoximetasone | triamcinolone | tacrolimus | topicort | lidex | kenalog,prednisone | methylprednisolone | mometasone | clobetasol | elocon | triamcinolone,1000,191,191,980,0,0,0,0.6,0.5,1.0,0.6049390458744345,0.4,0.6666666666666666,1.0,0.6578775553291948,0.3,1.0,1.0,0.7849593069876311,1.0,1.0,1.0,1.0,0.0,0.0,0.0,1.0
label_core_rerank,eval_0500,elocon | clobetasol | desonide | prednisone | flurandrenolide | cordran tape | clocortolone | clobex | cloderm | methylprednisolone | mometasone | betamethasone | cellcept | fluocinonide | fluocinolone | mycophenolate mofetil | budesonide | hydrocortisone | desoximetasone | zenpep,prednisone | methylprednisolone,955,49,49,955,0,0,0,0.2,0.5,1.0,0.26406812257259094,0.2,1.0,1.0,0.44130740935663865,0.1,1.0,1.0,0.44130740935663865,0.25,1.0,1.0,1.0,0.0,0.0,0.0,1.0
label_core_rerank,eval_0496,gabapentin | amitriptyline | sumatriptan | nortriptyline | elavil | zolmitriptan | pamelor | metoclopramide | reglan | doxycycline | promethazine | ceftriaxone | phenergan | meclizine | chlorpromazine | ampicillin | lansoprazole | sulfamethoxazole / trimethoprim | thorazine | diphenhydramine,amitriptyline | sumatriptan,1000,315,315,927,0,0,0,0.4,1.0,1.0,0.6480409554829326,0.2,1.0,1.0,0.6480409554829326,0.1,1.0,1.0,0.6480409554829326,0.5,1.0,1.0,1.0,0.0,0.0,0.0,1.0
label_core_rerank,eval_0502,isotretinoin | accutane | benzoyl peroxide / clindamycin | tretinoin | adapalene / benzoyl peroxide | epiduo | magnesium hydroxide | claravis | benzaclin | spironolactone | doxycycline | phillips' milk of magnesia | duac | retin-a | dapsone | aczone | clindamycin / tretinoin | drospirenone / ethinyl estradiol | onexton | benzoyl peroxide / sulfur,isotretinoin | accutane | adapalene / benzoyl peroxide,273,273,273,273,0,0,0,0.6,1.0,1.0,0.9469024295259745,0.3,1.0,1.0,0.9469024295259745,0.15,1.0,1.0,0.9469024295259745,1.0,1.0,1.0,1.0,0.0,0.0,0.0,1.0
label_core_rerank,eval_0503,amitriptyline | spironolactone | doxycycline | venlafaxine | azithromycin | rocephin | phosphorated carbohydrate solution | acidophilus | elavil | methenamine | ceftriaxone | zyvox | vaniqa | linezolid | uta | ampicillin | sulfatrim | hiprex | allopurinol | eflornithine,doxycycline,172,172,172,172,0,0,0,0.2,1.0,1.0,0.5,0.1,1.0,1.0,0.5,0.05,1.0,1.0,0.5,0.3333333333333333,1.0,1.0,1.0,0.0,0.0,0.0,1.0
label_core_rerank,eval_0501,propranolol | clonazepam | klonopin | clonidine | rizatriptan | treximet | lamotrigine | gabapentin | naproxen / sumatriptan | amitriptyline | relpax | verapamil | maxalt | eletriptan | acetaminophen / butalbital / caffeine | frovatriptan | sumatriptan | bupropion | aspirin / butalbital / caffeine | diclofenac,propranolol | clonidine,1000,433,433,920,0,0,0,0.4,1.0,1.0,0.9060254355346823,0.2,1.0,1.0,0.9060254355346823,0.1,1.0,1.0,0.9060254355346823,1.0,1.0,1.0,1.0,0.0,0.0,0.0,1.0
label_core_rerank,eval_0505,aciphex | doxycycline | prednisone | rabeprazole | calcium carbonate / simethicone | prevacid | axid ar | nexium 24hr | prilosec otc | aluminum hydroxide / magnesium hydroxide / simethicone | nizatidine | protonix iv | omeprazole / sodium bicarbonate | mylanta | tagamet hb | zegerid | pepcid ac chewable tablets | triamcinolone | rifadin | gentamicin,doxycycline,1000,109,109,1000,0,0,0,0.2,1.0,1.0,0.6309297535714574,0.1,1.0,1.0,0.6309297535714574,0.05,1.0,1.0,0.6309297535714574,0.5,1.0,1.0,1.0,0.0,0.0,0.0,1.0
label_core_rerank,eval_0509,doxycycline | prednisone | metronidazole | azithromycin | rocephin | dapsone | ceftriaxone | zyvox | linezolid | neupogen | filgrastim | fluconazole | clindamycin | tobramycin | vancocin hcl | cefotaxime | xenleta | gentamicin | lefamulin | integra,doxycycline | azithromycin,1000,132,132,1000,0,0,0,0.4,1.0,1.0,0.8772153153380493,0.2,1.0,1.0,0.8772153153380493,0.1,1.0,1.0,0.8772153153380493,1.0,1.0,1.0,1.0,0.0,0.0,0.0,1.0
label_core_rerank,eval_0506,doxycycline | prednisone | azithromycin | rocephin | ceftriaxone | sulfamethoxazole / trimethoprim | zithromax | ceftin | avelox | moxifloxacin | amoxicillin | amoxil | amoxicillin / clavulanate | biaxin xl | augmentin | dexamethasone | cefuroxime | clarithromycin | ciprofloxacin | erythromycin,doxycycline | azithromycin | prednisone,1000,319,319,1000,0,0,0,0.6,1.0,1.0,0.9151505377371351,0.3,1.0,1.0,0.9151505377371351,0.15,1.0,1.0,0.9151505377371351,1.0,1.0,1.0,1.0,0.0,0.0,0.0,1.0
label_core_rerank,eval_0507,doxycycline | azithromycin | rocephin | acidophilus | methenamine | ceftriaxone | zyvox | linezolid | hiprex | lactobacillus acidophilus | fluconazole | cephalexin | gentamicin | doripenem | bactrim | sulfamethoxazole / trimethoprim | minocycline | ceftin | avelox | moxifloxacin,doxycycline | sulfamethoxazole / trimethoprim | minocycline | bactrim,849,287,287,849,0,0,0,0.2,0.25,1.0,0.2961145750868013,0.1,0.25,1.0,0.2961145750868013,0.2,1.0,1.0,0.5868363943688328,1.0,1.0,1.0,1.0,0.0,0.0,0.0,1.0
label_core_rerank,eval_0510,cyproheptadine | promethazine | prednisone | chlor-trimeton | phenergan | chlorpheniramine | epinephrine | ranitidine | carbinoxamine | azelastine | triamcinolone | tetracaine | olopatadine | diphenhydramine | benadryl | cetirizine | allegra | fexofenadine | zyrtec | levocetirizine,prednisone,1000,76,29,953,0,0,0,0.2,1.0,1.0,0.5,0.1,1.0,1.0,0.5,0.05,1.0,1.0,0.5,0.3333333333333333,1.0,1.0,1.0,0.0,0.0,0.0,1.0
label_core_rerank,eval_0512,clobetasol | prednisone | methylprednisolone | mometasone | fluocinolone | budesonide | hydrocortisone | triamcinolone | dexamethasone | fluticasone | elocon | desonide | flurandrenolide | cordran tape | clocortolone | clobex | cloderm | betamethasone | cellcept | fluocinonide,prednisone | methylprednisolone,1000,49,49,1000,0,0,0,0.4,1.0,1.0,0.6934264036172708,0.2,1.0,1.0,0.6934264036172708,0.1,1.0,1.0,0.6934264036172708,0.5,1.0,1.0,1.0,0.0,0.0,0.0,1.0
label_core_rerank,eval_0513,amitriptyline | spironolactone | doxycycline | venlafaxine | azithromycin | rocephin | phosphorated carbohydrate solution | acidophilus | elavil | methenamine | ceftriaxone | zyvox | vaniqa | linezolid | uta | ampicillin | sulfatrim | hiprex | allopurinol | eflornithine,doxycycline,172,172,172,172,0,0,0,0.2,1.0,1.0,0.5,0.1,1.0,1.0,0.5,0.05,1.0,1.0,0.5,0.3333333333333333,1.0,1.0,1.0,0.0,0.0,0.0,1.0
label_core_rerank,eval_0511,doxycycline | ibuprofen | naproxen | triamcinolone | flanax pain reliever | aleve | naprosyn | stelara | enbrel | ustekinumab | etanercept | prednisone | methylprednisolone | adalimumab | betamethasone | humira | infliximab | methotrexate | remicade | hydrocortisone,prednisone | enbrel | naproxen | triamcinolone | ibuprofen,573,273,273,573,0,0,0,0.6,0.6,1.0,0.5296347172140421,0.4,0.8,1.0,0.6317321123369537,0.25,1.0,1.0,0.7233861402652867,0.5,1.0,1.0,1.0,0.0,0.0,0.0,1.0
label_core_rerank,eval_0518,doxycycline | doryx | clindamycin | cephalexin | bactrim | sulfamethoxazole / trimethoprim | minocycline | keflex | doxy 100 | bactrim ds | vibramycin | septra | septra ds | smz-tmp ds | isotretinoin | accutane | benzoyl peroxide / clindamycin | tretinoin | adapalene / benzoyl peroxide | epiduo,doxycycline | clindamycin,614,273,273,614,0,0,0,0.4,1.0,1.0,0.9385574520455129,0.2,1.0,1.0,0.9385574520455129,0.1,1.0,1.0,0.9385574520455129,1.0,1.0,1.0,1.0,0.0,0.0,0.0,1.0
label_core_rerank,eval_0514,"calcifediol | calcitriol | parathyroid hormone | ergocalciferol | calcium phosphate, tribasic | calcium lactate | thyroid desiccated | westhroid | cenestin | estropipate | conjugated estrogens | armour thyroid | premarin | rayaldee | thyquidity | estradiol | esterified estrogens | tirosint | doxorubicin | levothyroxine",thyroid desiccated | armour thyroid | levothyroxine,517,112,64,469,0,0,0,0.0,0.0,0.0,0.0,0.1,0.3333333333333333,1.0,0.12669792223864473,0.15,1.0,1.0,0.35921782385985457,0.14285714285714285,1.0,1.0,1.0,0.0,0.0,0.0,1.0
label_core_rerank,eval_0519,acetaminophen | valacyclovir | valtrex | acyclovir | immune globulin intramuscular | foscarnet | measles virus vaccine / mumps virus vaccine / rubella virus vaccine / varicella virus vaccine | varicella virus vaccine | varicella zoster immune globulin | doxycycline | prednisone | clonidine | azithromycin | methylprednisolone | ceftriaxone | mometasone | ampicillin | ranitidine | budesonide | doryx,valacyclovir | valtrex | acyclovir,1000,9,9,1000,0,0,0,0.6,1.0,1.0,0.7328286204777912,0.3,1.0,1.0,0.7328286204777912,0.15,1.0,1.0,0.7328286204777912,0.5,1.0,1.0,1.0,0.0,0.0,0.0,1.0
label_core_rerank,eval_0515,diclofenac | prednisone | methylprednisolone | adalimumab | humira | cellcept | infliximab | remicade | mycophenolate mofetil | hydrocortisone | triamcinolone | golimumab | simponi | dexamethasone | famotidine / ibuprofen | duexis | vimovo | azathioprine | esomeprazole / naproxen | imuran,prednisone | adalimumab | humira | methylprednisolone,659,311,311,659,0,0,0,0.8,1.0,1.0,0.6980083243755452,0.4,1.0,1.0,0.6980083243755452,0.2,1.0,1.0,0.6980083243755452,0.5,1.0,1.0,1.0,0.0,0.0,0.0,1.0
label_core_rerank,eval_0516,doxycycline | clindamycin | sulfamethoxazole / trimethoprim | erythromycin | doryx | cephalexin | bactrim | keflex | doxy 100 | bactrim ds | septra ds | dapsone | minocycline | smz-tmp ds | prednisone | azithromycin | lansoprazole | zithromax | ceftin | avelox,doxycycline | clindamycin | sulfamethoxazole / trimethoprim | erythromycin | azithromycin,1000,399,399,926,0,0,0,0.8,0.8,1.0,0.8878186477210572,0.4,0.8,1.0,0.8878186477210572,0.25,1.0,1.0,0.9587635346065736,1.0,1.0,1.0,1.0,0.0,0.0,0.0,1.0
label_core_rerank,eval_0522,doxycycline | azithromycin | rocephin | acidophilus | methenamine | ceftriaxone | zyvox | linezolid | hiprex | lactobacillus acidophilus | fluconazole | cephalexin | gentamicin | doripenem | bactrim | sulfamethoxazole / trimethoprim | minocycline | ceftin | avelox | moxifloxacin,doxycycline | sulfamethoxazole / trimethoprim,287,287,172,172,0,0,0,0.2,0.5,1.0,0.46927872602275644,0.1,0.5,1.0,0.46927872602275644,0.1,1.0,1.0,0.6414926681117832,1.0,1.0,1.0,1.0,0.0,0.0,0.0,1.0
label_core_rerank,eval_0524,doxycycline | prednisone | azithromycin | methylprednisolone | mometasone | epinephrine | ampicillin | budesonide | kenalog-40 | augmentin xr | triamcinolone | bactrim | medrol dosepak | sulfamethoxazole / trimethoprim | flunisolide | zithromax | ceftin | cedax | ceftibuten | singulair,azithromycin | prednisone | methylprednisolone,1000,681,681,1000,0,0,0,0.6,1.0,1.0,0.7101592725933039,0.3,1.0,1.0,0.7101592725933039,0.15,1.0,1.0,0.7101592725933039,0.5,1.0,1.0,1.0,0.0,0.0,0.0,1.0
label_core_rerank,eval_0526,propranolol | verapamil | nitroglycerin | atenolol | nadolol | corgard | metoprolol | caduet | verelan pm | coreg | tenormin | lopressor | calan sr | toprol-xl | bisoprolol | lisinopril | ramipril | diltiazem | altace | carvedilol,propranolol | verapamil | metoprolol,1000,335,335,936,0,0,0,0.4,0.6666666666666666,1.0,0.6199062332840657,0.3,1.0,1.0,0.8099531166420328,0.15,1.0,1.0,0.8099531166420328,1.0,1.0,1.0,1.0,0.0,0.0,0.0,1.0
label_core_rerank,eval_0530,aciphex | doxycycline | prednisone | rabeprazole | calcium carbonate / simethicone | prevacid | axid ar | nexium 24hr | prilosec otc | aluminum hydroxide / magnesium hydroxide / simethicone | nizatidine | protonix iv | omeprazole / sodium bicarbonate | tagamet hb | mylanta | zegerid | pepcid ac chewable tablets | triamcinolone | mylanta maximum strength | gentamicin,doxycycline,1000,109,109,1000,0,0,0,0.2,1.0,1.0,0.6309297535714575,0.1,1.0,1.0,0.6309297535714575,0.05,1.0,1.0,0.6309297535714575,0.5,1.0,1.0,1.0,0.0,0.0,0.0,1.0
label_core_rerank,eval_0531,elocon | clobetasol | stelara | enbrel | ustekinumab | desonide | doxycycline | etanercept | prednisone | flurandrenolide | cordran tape | clocortolone | clobex | cloderm | thiothixene | desowen | methylprednisolone | adalimumab | mometasone | betamethasone,prednisone | enbrel,726,164,164,726,0,0,0,0.2,0.5,1.0,0.3031610197508214,0.2,1.0,1.0,0.44442799261065036,0.1,1.0,1.0,0.44442799261065036,0.25,1.0,1.0,1.0,0.0,0.0,0.0,1.0
label_core_rerank,eval_0532,prednisone | triamcinolone | dexamethasone | clobetasol | mometasone | fluocinolone | hydrocortisone | kenalog-40 | fluticasone | prednisolone | aciphex | doxycycline | rabeprazole | calcium carbonate / simethicone | prevacid | axid ar | nexium 24hr | prilosec otc | aluminum hydroxide / magnesium hydroxide / simethicone | nizatidine,prednisone | doxycycline,1000,168,168,1000,0,0,0,0.2,0.5,1.0,0.6131471927654584,0.1,0.5,1.0,0.6131471927654584,0.1,1.0,1.0,0.778842958530688,1.0,1.0,1.0,1.0,0.0,0.0,0.0,1.0
label_core_rerank,eval_0535,doxycycline | prednisone | azithromycin | rocephin | tudorza pressair | aclidinium | xopenex | methylprednisolone | omalizumab | ceftriaxone | mometasone | xolair | levalbuterol | primatene mist | accolate | zafirlukast | intal inhaler | guaifenesin | epinephrine | yupelri,prednisone,1000,221,221,1000,0,0,0,0.2,1.0,1.0,0.6309297535714574,0.1,1.0,1.0,0.6309297535714574,0.05,1.0,1.0,0.6309297535714574,0.5,1.0,1.0,1.0,0.0,0.0,0.0,1.0
label_core_rerank,eval_0537,doxycycline | prednisone | azithromycin | rocephin | methylprednisolone | ceftriaxone | mometasone | epinephrine | ampicillin | budesonide | kenalog-40 | augmentin xr | triamcinolone | bactrim | medrol dosepak | sulfamethoxazole / trimethoprim | flunisolide | zithromax | ceftin | ceftibuten,prednisone,1000,221,221,1000,0,0,0,0.2,1.0,1.0,0.6309297535714574,0.1,1.0,1.0,0.6309297535714574,0.05,1.0,1.0,0.6309297535714574,0.5,1.0,1.0,1.0,0.0,0.0,0.0,1.0
label_core_rerank,eval_0534,hydrocortisone | proctofoam hc | hydrocortisone / pramoxine | analpram-hc | pramosone | anucort-hc | lidocaine | proctofoam | pramoxine | dibucaine | nupercainal | proctosol-hc | tronolane anesthetic for hemorrhoids | pramoxine / zinc oxide | hydrocortisone / lidocaine | phenylephrine | lmx 5 | phenylephrine / pramoxine | recticare | anusol-hc suppositories,hydrocortisone | hydrocortisone / pramoxine | analpram-hc | pramosone | proctofoam hc,366,178,178,366,0,0,0,1.0,1.0,1.0,1.0,0.5,1.0,1.0,1.0,0.25,1.0,1.0,1.0,1.0,1.0,1.0,1.0,0.0,0.0,0.0,1.0
label_core_rerank,eval_0538,diclofenac | prednisone | methylprednisolone | adalimumab | humira | cellcept | infliximab | remicade | mycophenolate mofetil | hydrocortisone | triamcinolone | golimumab | simponi | dexamethasone | famotidine / ibuprofen | duexis | vimovo | azathioprine | esomeprazole / naproxen | imuran,adalimumab | humira,672,311,311,672,0,0,0,0.4,1.0,1.0,0.5012658353418872,0.2,1.0,1.0,0.5012658353418872,0.1,1.0,1.0,0.5012658353418872,0.25,1.0,1.0,1.0,0.0,0.0,0.0,1.0
label_core_rerank,eval_0542,aciphex | doxycycline | prednisone | rabeprazole | calcium carbonate / simethicone | prevacid | axid ar | nexium 24hr | prilosec otc | aluminum hydroxide / magnesium hydroxide / simethicone | nizatidine | protonix iv | omeprazole / sodium bicarbonate | mylanta | tagamet hb | zegerid | pepcid ac chewable tablets | triamcinolone | gentamicin | rifadin,doxycycline,1000,109,109,1000,0,0,0,0.2,1.0,1.0,0.6309297535714575,0.1,1.0,1.0,0.6309297535714575,0.05,1.0,1.0,0.6309297535714575,0.5,1.0,1.0,1.0,0.0,0.0,0.0,1.0
label_core_rerank,eval_0540,lidocaine | doxycycline | ibuprofen | naproxen | cephalexin | triamcinolone | flanax pain reliever | bactrim | sulfamethoxazole / trimethoprim | oxybutynin | avelox | moxifloxacin | doxy 100 | sucralfate | ditropan xl | aleve | ciprofloxacin | naprosyn | levofloxacin | bactrim ds,hydrocortisone | pramoxine | naproxen,45,44,44,45,0,0,0,0.2,0.3333333333333333,1.0,0.24554621279155467,0.1,0.3333333333333333,1.0,0.24554621279155467,0.05,0.3333333333333333,1.0,0.24554621279155467,0.25,1.0,1.0,1.0,0.0,0.0,0.0,1.0
label_core_rerank,eval_0541,prednisone | omalizumab | xolair | epinephrine | aristocort | triamcinolone | cromolyn | deltasone | prednisolone | pepcid | famotidine | cyproheptadine | promethazine | chlor-trimeton | phenergan | chlorpheniramine | ranitidine | carbinoxamine | azelastine | tetracaine,prednisone | triamcinolone | omalizumab | methylprednisolone,1000,288,288,1000,0,0,0,0.4,0.5,1.0,0.6366824387328317,0.3,0.75,1.0,0.7757386182436072,0.15,0.75,1.0,0.7757386182436072,1.0,1.0,1.0,1.0,0.0,0.0,0.0,1.0
label_core_rerank,eval_0546,aciphex | rabeprazole | calcium carbonate / simethicone | prevacid | axid ar | nexium 24hr | prilosec otc | aluminum hydroxide / magnesium hydroxide / simethicone | nizatidine | protonix iv | omeprazole / sodium bicarbonate | mylanta | axid | ranitidine | zegerid | pepcid ac chewable tablets | dexlansoprazole | lansoprazole | zantac | kapidex,aciphex | dexlansoprazole | rabeprazole,1000,45,45,1000,0,0,0,0.4,0.6666666666666666,1.0,0.7653606369886218,0.2,0.6666666666666666,1.0,0.7653606369886218,0.15,1.0,1.0,0.8778995257840894,1.0,1.0,1.0,1.0,0.0,0.0,0.0,1.0
label_core_rerank,eval_0544,doxycycline | ibuprofen | naproxen | triamcinolone | flanax pain reliever | aleve | naprosyn | cephalexin | bactrim | sulfamethoxazole / trimethoprim | oxybutynin | avelox | moxifloxacin | doxy 100 | sucralfate | ditropan xl | ciprofloxacin | levofloxacin | bactrim ds | levaquin,naproxen | triamcinolone,592,273,273,592,0,0,0,0.4,1.0,1.0,0.5706417189553201,0.2,1.0,1.0,0.5706417189553201,0.1,1.0,1.0,0.5706417189553201,0.3333333333333333,1.0,1.0,1.0,0.0,0.0,0.0,1.0
label_core_rerank,eval_0543,doxycycline | azithromycin | rocephin | acidophilus | methenamine | ceftriaxone | zyvox | linezolid | hiprex | lactobacillus acidophilus | fluconazole | cephalexin | doripenem | gentamicin | bactrim | sulfamethoxazole / trimethoprim | minocycline | ceftin | avelox | moxifloxacin,doxycycline | sulfamethoxazole / trimethoprim | bactrim | fluconazole,1000,287,287,1000,0,0,0,0.2,0.25,1.0,0.2757045417773276,0.1,0.25,1.0,0.2757045417773276,0.2,1.0,1.0,0.5956293988783901,1.0,1.0,1.0,1.0,0.0,0.0,0.0,1.0
label_core_rerank,eval_0547,aciphex | rabeprazole | calcium carbonate / simethicone | prevacid | axid ar | nexium 24hr | prilosec otc | aluminum hydroxide / magnesium hydroxide / simethicone | nizatidine | protonix iv | omeprazole / sodium bicarbonate | mylanta | axid | ranitidine | zegerid | pepcid ac chewable tablets | dexlansoprazole | lansoprazole | zantac | kapidex,aciphex | dexlansoprazole | rabeprazole,1000,45,45,1000,0,0,0,0.4,0.6666666666666666,1.0,0.7653606369886218,0.2,0.6666666666666666,1.0,0.7653606369886218,0.15,1.0,1.0,0.8778995257840894,1.0,1.0,1.0,1.0,0.0,0.0,0.0,1.0
label_core_rerank,eval_0548,doxycycline | prednisone | methotrexate | minocycline | dexamethasone | ceftriaxone | cefotaxime | amoxicillin | cephalexin | bactrim | sulfamethoxazole / trimethoprim | avelox | moxifloxacin | doxy 100 | ciprofloxacin | levofloxacin | bactrim ds | levaquin | cipro | septra ds,doxycycline | prednisone | minocycline | methotrexate,1000,407,407,1000,0,0,0,0.8,1.0,1.0,0.9183435182214243,0.4,1.0,1.0,0.9183435182214243,0.2,1.0,1.0,0.9183435182214243,1.0,1.0,1.0,1.0,0.0,0.0,0.0,1.0
label_core_rerank,eval_0550,fosinopril | captopril | lisinopril | ramipril | cozaar | altace | moexipril | losartan | hydrochlorothiazide | benazepril | avapro | irbesartan | perindopril | enalapril | quinapril | propranolol | spironolactone | clonidine | vasotec | verapamil,lisinopril | losartan | ramipril | propranolol | spironolactone | clonidine,1000,486,486,873,0,0,0,0.4,0.3333333333333333,1.0,0.34779304207496975,0.3,0.5,1.0,0.4277244947833676,0.3,1.0,1.0,0.5924499668448696,0.3333333333333333,1.0,1.0,1.0,0.0,0.0,0.0,1.0
label_core_rerank,eval_0557,elocon | clobetasol | stelara | enbrel | ustekinumab | desonide | doxycycline | etanercept | prednisone | flurandrenolide | cordran tape | clocortolone | clobex | cloderm | thiothixene | desowen | methylprednisolone | adalimumab | mometasone | betamethasone,prednisone | enbrel,882,164,164,882,0,0,0,0.2,0.5,1.0,0.3031610197508214,0.2,1.0,1.0,0.44442799261065036,0.1,1.0,1.0,0.44442799261065036,0.25,1.0,1.0,1.0,0.0,0.0,0.0,1.0
label_core_rerank,eval_0556,proctofoam | pramoxine | dibucaine | nupercainal | hydrocortisone | proctofoam hc | proctosol-hc | pramoxine / zinc oxide | tronolane anesthetic for hemorrhoids | hydrocortisone / pramoxine | analpram-hc | hydrocortisone / lidocaine | phenylephrine | lmx 5 | pramosone | lidocaine | phenylephrine / pramoxine | recticare | anucort-hc | anusol-hc suppositories,hydrocortisone | pramoxine | proctofoam,21,20,20,21,0,0,0,0.6,1.0,1.0,0.9469024295259745,0.3,1.0,1.0,0.9469024295259745,0.15,1.0,1.0,0.9469024295259745,1.0,1.0,1.0,1.0,0.0,0.0,0.0,1.0
label_core_rerank,eval_0554,doxycycline | ibuprofen | naproxen | triamcinolone | flanax pain reliever | aleve | naprosyn | cephalexin | bactrim | sulfamethoxazole / trimethoprim | oxybutynin | avelox | moxifloxacin | doxy 100 | sucralfate | ditropan xl | ciprofloxacin | levofloxacin | bactrim ds | levaquin,naproxen | triamcinolone,592,273,53,372,0,0,0,0.4,1.0,1.0,0.5706417189553201,0.2,1.0,1.0,0.5706417189553201,0.1,1.0,1.0,0.5706417189553201,0.3333333333333333,1.0,1.0,1.0,0.0,0.0,0.0,1.0
label_core_rerank,eval_0558,doxycycline | prednisone | azithromycin | rocephin | aclidinium | tudorza pressair | xopenex | methylprednisolone | omalizumab | ceftriaxone | mometasone | xolair | levalbuterol | primatene mist | accolate | zafirlukast | intal inhaler | guaifenesin | epinephrine | ipratropium inhalation solution,prednisone,1000,221,221,1000,0,0,0,0.2,1.0,1.0,0.6309297535714574,0.1,1.0,1.0,0.6309297535714574,0.05,1.0,1.0,0.6309297535714574,0.5,1.0,1.0,1.0,0.0,0.0,0.0,1.0
label_core_rerank,eval_0559,valacyclovir | valtrex | acyclovir | foscarnet | immune globulin intramuscular | measles virus vaccine / mumps virus vaccine / rubella virus vaccine / varicella virus vaccine | varicella virus vaccine | varicella zoster immune globulin | acetaminophen | doxycycline | prednisone | azithromycin | methylprednisolone | ceftriaxone | mometasone | chlorpromazine | doryx | clindamycin | kenalog-40 | cephalexin,valacyclovir | valtrex | acyclovir,1000,8,8,1000,0,0,0,0.6,1.0,1.0,1.0,0.3,1.0,1.0,1.0,0.15,1.0,1.0,1.0,1.0,1.0,1.0,1.0,0.0,0.0,0.0,1.0
label_core_rerank,eval_0560,thyroid desiccated | westhroid | cenestin | estropipate | conjugated estrogens | armour thyroid | premarin | thyquidity | calcifediol | rayaldee | estradiol | esterified estrogens | tirosint | doxorubicin | levothyroxine | synthroid | cytomel | nature-throid | liothyronine | calcitriol,thyroid desiccated | armour thyroid | levothyroxine,61,61,61,61,0,0,0,0.2,0.3333333333333333,1.0,0.38009376671593426,0.2,0.6666666666666666,1.0,0.5154858981951099,0.15,1.0,1.0,0.6580210607135852,1.0,1.0,1.0,1.0,0.0,0.0,0.0,1.0
label_core_rerank,eval_0561,elocon | clobetasol | stelara | enbrel | ustekinumab | desonide | doxycycline | etanercept | prednisone | flurandrenolide | cordran tape | clocortolone | clobex | cloderm | thiothixene | desowen | methylprednisolone | adalimumab | mometasone | betamethasone,prednisone | enbrel,164,164,164,164,0,0,0,0.2,0.5,1.0,0.3031610197508214,0.2,1.0,1.0,0.44442799261065036,0.1,1.0,1.0,0.44442799261065036,0.25,1.0,1.0,1.0,0.0,0.0,0.0,1.0
label_core_rerank,eval_0562,prednisone | omalizumab | xolair | epinephrine | aristocort | triamcinolone | cromolyn | deltasone | prednisolone | cyproheptadine | promethazine | chlor-trimeton | phenergan | chlorpheniramine | ranitidine | carbinoxamine | azelastine | tetracaine | olopatadine | diphenhydramine,prednisone | promethazine | cyproheptadine | methylprednisolone,1000,288,288,977,0,0,0,0.2,0.25,1.0,0.4441718626302019,0.2,0.5,1.0,0.5297681708478633,0.15,0.75,1.0,0.6123672426728084,1.0,1.0,1.0,1.0,0.0,0.0,0.0,1.0
label_core_rerank,eval_0563,cyproheptadine | prednisone | acetaminophen / phenyltoloxamine | acetaminophen / caffeine | excedrin tension headache | excedrin quick tab | deltasone | dexbrompheniramine / pseudoephedrine | drixoral cold and allergy | valacyclovir | valtrex | chlorpheniramine / hydrocodone | tussionex pennkinetic | acyclovir | chlorpheniramine / hydrocodone / pseudoephedrine | zutripro | acrivastine / pseudoephedrine | semprex-d | doxycycline | privine,acetaminophen / phenyltoloxamine,1000,683,683,907,0,0,0,0.2,1.0,1.0,0.5,0.1,1.0,1.0,0.5,0.05,1.0,1.0,0.5,0.3333333333333333,1.0,1.0,1.0,0.0,0.0,0.0,1.0
label_core_rerank,eval_0565,doxycycline | prednisone | duloxetine | cymbalta | methylprednisolone | ceftriaxone | aspirin | hydrocortisone | kenalog-40 | aristocort | triamcinolone | cefotaxime | medrol dosepak | minocycline | amoxicillin | solu-medrol | dexamethasone | tetracycline | depo-medrol | zostrix,duloxetine | cymbalta | thyroid desiccated | armour thyroid | levothyroxine,1000,316,316,950,0,0,0,0.4,0.4,1.0,0.2698818591115631,0.2,0.4,1.0,0.2698818591115631,0.1,0.4,1.0,0.2698818591115631,0.3333333333333333,1.0,1.0,1.0,0.0,0.0,0.0,1.0
label_core_rerank,eval_0566,doxycycline | ibuprofen | naproxen | triamcinolone | flanax pain reliever | aleve | naprosyn | baclofen | onabotulinumtoxina | botox | lioresal | lorazepam | ativan | dysport | abobotulinumtoxina | botulinum toxin type b | myobloc | incobotulinumtoxina | xeomin | cephalexin,naproxen,453,267,267,453,0,0,0,0.2,1.0,1.0,0.5,0.1,1.0,1.0,0.5,0.05,1.0,1.0,0.5,0.3333333333333333,1.0,1.0,1.0,0.0,0.0,0.0,1.0
label_core_rerank,eval_0569,doxycycline | prednisone | azithromycin | ceftriaxone | clindamycin | cephalexin | bactrim | sulfamethoxazole / trimethoprim | zithromax | ceftin | avelox | moxifloxacin | amoxicillin | keflex | doxy 100 | amoxil | amoxicillin / clavulanate | augmentin | dexamethasone | cefuroxime,valacyclovir | valtrex | acyclovir,1000,168,168,1000,0,0,0,0.0,0.0,0.0,0.0,0.0,0.0,0.0,0.0,0.0,0.0,0.0,0.0,0.0,1.0,1.0,1.0,0.0,0.0,0.0,1.0
label_core_rerank,eval_0571,valacyclovir | valtrex | acyclovir | immune globulin intramuscular | measles virus vaccine / mumps virus vaccine / rubella virus vaccine / varicella virus vaccine | varicella virus vaccine | varicella zoster immune globulin | foscarnet | doxycycline | prednisone | azithromycin | methylprednisolone | mometasone | doryx | clindamycin | kenalog-40 | cephalexin | triamcinolone | gentamicin | bactrim,valacyclovir | valtrex | acyclovir,1000,8,8,1000,0,0,0,0.6,1.0,1.0,1.0,0.3,1.0,1.0,1.0,0.15,1.0,1.0,1.0,1.0,1.0,1.0,1.0,0.0,0.0,0.0,1.0
label_core_rerank,eval_0574,aciphex | doxycycline | prednisone | rabeprazole | calcium carbonate / simethicone | prevacid | axid ar | nexium 24hr | prilosec otc | aluminum hydroxide / magnesium hydroxide / simethicone | nizatidine | protonix iv | omeprazole / sodium bicarbonate | tagamet hb | mylanta | zegerid | pepcid ac chewable tablets | triamcinolone | mylanta maximum strength | alka-seltzer heartburn + gas,doxycycline,1000,109,109,1000,0,0,0,0.2,1.0,1.0,0.6309297535714574,0.1,1.0,1.0,0.6309297535714574,0.05,1.0,1.0,0.6309297535714574,0.5,1.0,1.0,1.0,0.0,0.0,0.0,1.0
label_core_rerank,eval_0575,clonazepam | klonopin | propranolol | rizatriptan | treximet | lamotrigine | gabapentin | naproxen / sumatriptan | amitriptyline | relpax | maxalt | eletriptan | acetaminophen / butalbital / caffeine | frovatriptan | sumatriptan | bupropion | aspirin / butalbital / caffeine | diclofenac | frova | maxalt-mlt,propranolol,1000,179,179,1000,0,0,0,0.2,1.0,1.0,0.5,0.1,1.0,1.0,0.5,0.05,1.0,1.0,0.5,0.3333333333333333,1.0,1.0,1.0,0.0,0.0,0.0,1.0
label_core_rerank,eval_0570,aciphex | rabeprazole | calcium carbonate / simethicone | prevacid | axid ar | nexium 24hr | prilosec otc | aluminum hydroxide / magnesium hydroxide / simethicone | nizatidine | protonix iv | omeprazole / sodium bicarbonate | mylanta | zegerid | pepcid ac chewable tablets | dexlansoprazole | lansoprazole | esomeprazole | dexilant | protonix | nexium,aciphex | dexlansoprazole | rabeprazole | prevacid | esomeprazole,1000,117,117,1000,0,0,0,0.6,0.6,1.0,0.6992148198508501,0.3,0.6,1.0,0.6992148198508501,0.25,1.0,1.0,0.8653397165576737,1.0,1.0,1.0,1.0,0.0,0.0,0.0,1.0
label_core_rerank,eval_0577,clonazepam | klonopin | propranolol | rizatriptan | treximet | lamotrigine | gabapentin | naproxen / sumatriptan | amitriptyline | relpax | maxalt | eletriptan | acetaminophen / butalbital / caffeine | frovatriptan | sumatriptan | bupropion | aspirin / butalbital / caffeine | diclofenac | frova | maxalt-mlt,propranolol,1000,179,179,1000,0,0,0,0.2,1.0,1.0,0.5,0.1,1.0,1.0,0.5,0.05,1.0,1.0,0.5,0.3333333333333333,1.0,1.0,1.0,0.0,0.0,0.0,1.0
label_core_rerank,eval_0572,doxycycline | prednisone | azithromycin | rocephin | ceftriaxone | sulfamethoxazole / trimethoprim | zithromax | ceftin | avelox | moxifloxacin | amoxicillin | amoxil | amoxicillin / clavulanate | biaxin xl | augmentin | dexamethasone | cefuroxime | clarithromycin | ciprofloxacin | erythromycin,doxycycline | azithromycin | prednisone,1000,319,319,1000,0,0,0,0.6,1.0,1.0,0.9151505377371351,0.3,1.0,1.0,0.9151505377371351,0.15,1.0,1.0,0.9151505377371351,1.0,1.0,1.0,1.0,0.0,0.0,0.0,1.0
label_core_rerank,eval_0578,doxycycline | prednisone | metronidazole | azithromycin | rocephin | dapsone | ceftriaxone | zyvox | linezolid | neupogen | filgrastim | fluconazole | clindamycin | tobramycin | vancocin hcl | cefotaxime | xenleta | gentamicin | lefamulin | integra,doxycycline | azithromycin,1000,132,132,1000,0,0,0,0.4,1.0,1.0,0.8772153153380493,0.2,1.0,1.0,0.8772153153380493,0.1,1.0,1.0,0.8772153153380493,1.0,1.0,1.0,1.0,0.0,0.0,0.0,1.0
label_core_rerank,eval_0579,elocon | clobetasol | stelara | enbrel | ustekinumab | desonide | doxycycline | etanercept | prednisone | flurandrenolide | cordran tape | clocortolone | clobex | cloderm | thiothixene | desowen | methylprednisolone | adalimumab | mometasone | betamethasone,prednisone | enbrel,169,164,164,169,0,0,0,0.2,0.5,1.0,0.3031610197508214,0.2,1.0,1.0,0.44442799261065036,0.1,1.0,1.0,0.44442799261065036,0.25,1.0,1.0,1.0,0.0,0.0,0.0,1.0
label_core_rerank,eval_0584,aciphex | rabeprazole | calcium carbonate / simethicone | prevacid | axid ar | nexium 24hr | prilosec otc | aluminum hydroxide / magnesium hydroxide / simethicone | nizatidine | protonix iv | omeprazole / sodium bicarbonate | axid | mylanta | ranitidine | zegerid | pepcid ac chewable tablets | dexlansoprazole | lansoprazole | zantac | kapidex,aciphex | dexlansoprazole | rabeprazole,937,45,45,937,0,0,0,0.4,0.6666666666666666,1.0,0.7653606369886218,0.2,0.6666666666666666,1.0,0.7653606369886218,0.15,1.0,1.0,0.8778995257840894,1.0,1.0,1.0,1.0,0.0,0.0,0.0,1.0
label_core_rerank,eval_0586,doxycycline | lithium | chlorpromazine | allopurinol | clindamycin | coartem | artemether / lumefantrine | divalproex sodium | daraprim | fansidar | stavzor | halofantrine | halfan | pyrimethamine | pyrimethamine / sulfadoxine | depakote er | thorazine | hydroxychloroquine | depakote | risperdal,doxycycline | clindamycin,1000,34,34,1000,0,0,0,0.4,1.0,1.0,0.8854598815714874,0.2,1.0,1.0,0.8854598815714874,0.1,1.0,1.0,0.8854598815714874,1.0,1.0,1.0,1.0,0.0,0.0,0.0,1.0
label_core_rerank,eval_0580,diclofenac | prednisone | indomethacin | naprelan | ibuprofen | acetaminophen / aspirin / caffeine | naproxen | celecoxib | motrin | aleve | advil liqui-gels | advil | excedrin | deltasone | anaprox-ds | tramadol | stelara | acetaminophen / hydrocodone | enbrel | ustekinumab,diclofenac | propranolol,420,419,419,420,0,0,0,0.2,0.5,1.0,0.46927872602275644,0.1,0.5,1.0,0.46927872602275644,0.05,0.5,1.0,0.46927872602275644,1.0,1.0,1.0,1.0,0.0,0.0,0.0,1.0
label_core_rerank,eval_0587,cyproheptadine | promethazine | prednisone | chlor-trimeton | phenergan | chlorpheniramine | epinephrine | ranitidine | carbinoxamine | azelastine | triamcinolone | tetracaine | olopatadine | diphenhydramine | benadryl | cetirizine | allegra | fexofenadine | zyrtec | levocetirizine,prednisone | promethazine | cyproheptadine,558,76,76,558,0,0,0,0.6,1.0,1.0,1.0,0.3,1.0,1.0,1.0,0.15,1.0,1.0,1.0,1.0,1.0,1.0,1.0,0.0,0.0,0.0,1.0
label_core_rerank,eval_0585,prednisone | omalizumab | xolair | epinephrine | aristocort | triamcinolone | cromolyn | deltasone | prednisolone | cyproheptadine | promethazine | chlor-trimeton | phenergan | chlorpheniramine | ranitidine | carbinoxamine | azelastine | tetracaine | olopatadine | diphenhydramine,prednisone | methylprednisolone,1000,247,247,996,0,0,0,0.2,0.5,1.0,0.6131471927654584,0.1,0.5,1.0,0.6131471927654584,0.05,0.5,1.0,0.6131471927654584,1.0,1.0,1.0,1.0,0.0,0.0,0.0,1.0
label_core_rerank,eval_0590,stelara | enbrel | ustekinumab | doxycycline | etanercept | prednisone | methylprednisolone | adalimumab | betamethasone | humira | ibuprofen | naproxen | infliximab | methotrexate | remicade | hydrocortisone | kenalog-40 | triamcinolone | flanax pain reliever | kenalog-10,prednisone | enbrel,573,255,255,573,0,0,0,0.2,0.5,1.0,0.44412286644879784,0.2,1.0,1.0,0.6112833214150001,0.1,1.0,1.0,0.6112833214150001,0.5,1.0,1.0,1.0,0.0,0.0,0.0,1.0
label_core_rerank,eval_0591,propranolol | verapamil | nitroglycerin | atenolol | nadolol | corgard | metoprolol | caduet | verelan pm | coreg | tenormin | lopressor | calan sr | toprol-xl | bisoprolol | lisinopril | ramipril | diltiazem | altace | carvedilol,metoprolol,1000,90,90,975,0,0,0,0.0,0.0,0.0,0.0,0.1,1.0,1.0,0.3333333333333333,0.05,1.0,1.0,0.3333333333333333,0.14285714285714285,1.0,1.0,1.0,0.0,0.0,0.0,1.0
label_core_rerank,eval_0592,thyroid desiccated | westhroid | cenestin | estropipate | conjugated estrogens | armour thyroid | premarin | thyquidity | rayaldee | calcifediol | estradiol | esterified estrogens | tirosint | doxorubicin | levothyroxine | synthroid | cytomel | nature-throid | liothyronine | calcitriol,thyroid desiccated | armour thyroid | levothyroxine,857,61,61,857,0,0,0,0.2,0.3333333333333333,1.0,0.38009376671593426,0.2,0.6666666666666666,1.0,0.5154858981951099,0.15,1.0,1.0,0.6580210607135852,1.0,1.0,1.0,1.0,0.0,0.0,0.0,1.0
label_core_rerank,eval_0593,elocon | clobetasol | stelara | enbrel | ustekinumab | desonide | doxycycline | etanercept | prednisone | flurandrenolide | cordran tape | clocortolone | clobex | cloderm | thiothixene | desowen | methylprednisolone | adalimumab | mometasone | betamethasone,prednisone | enbrel,726,164,164,726,0,0,0,0.2,0.5,1.0,0.3031610197508214,0.2,1.0,1.0,0.44442799261065036,0.1,1.0,1.0,0.44442799261065036,0.25,1.0,1.0,1.0,0.0,0.0,0.0,1.0
label_core_rerank,eval_0588,rifabutin | aciphex | doxycycline | prednisone | rabeprazole | calcium carbonate / simethicone | prevacid | axid ar | nexium 24hr | prilosec otc | aluminum hydroxide / magnesium hydroxide / simethicone | nizatidine | protonix iv | omeprazole / sodium bicarbonate | tagamet hb | mylanta | zegerid | pepcid ac chewable tablets | triamcinolone | mylanta maximum strength,rifabutin | tenofovir | viread,1000,227,116,887,0,0,0,0.2,0.3333333333333333,1.0,0.4692787260227565,0.1,0.3333333333333333,1.0,0.4692787260227565,0.05,0.3333333333333333,1.0,0.4692787260227565,1.0,1.0,1.0,1.0,0.0,0.0,0.0,1.0
label_core_rerank,eval_0594,aciphex | rabeprazole | calcium carbonate / simethicone | prevacid | axid ar | nexium 24hr | prilosec otc | aluminum hydroxide / magnesium hydroxide / simethicone | nizatidine | protonix iv | omeprazole / sodium bicarbonate | mylanta | zegerid | pepcid ac chewable tablets | dexlansoprazole | lansoprazole | esomeprazole | dexilant | protonix | nexium,aciphex | dexlansoprazole | rabeprazole | prevacid | esomeprazole,1000,117,117,1000,0,0,0,0.6,0.6,1.0,0.6992148198508501,0.3,0.6,1.0,0.6992148198508501,0.25,1.0,1.0,0.8653397165576737,1.0,1.0,1.0,1.0,0.0,0.0,0.0,1.0
label_core_rerank,eval_0597,amitriptyline | spironolactone | doxycycline | venlafaxine | azithromycin | rocephin | phosphorated carbohydrate solution | acidophilus | elavil | methenamine | ceftriaxone | zyvox | vaniqa | linezolid | uta | ampicillin | sulfatrim | hiprex | allopurinol | eflornithine,doxycycline,172,172,172,172,0,0,0,0.2,1.0,1.0,0.5,0.1,1.0,1.0,0.5,0.05,1.0,1.0,0.5,0.3333333333333333,1.0,1.0,1.0,0.0,0.0,0.0,1.0
label_core_rerank,eval_0599,"valacyclovir | valtrex | acyclovir | varicella virus vaccine | varicella zoster immune globulin | foscarnet | measles virus vaccine / mumps virus vaccine / rubella virus vaccine / varicella virus vaccine | immune globulin intramuscular | acetaminophen | epivir-hbv | tenofovir | dexamethasone | viread | lamivudine | diphtheria and tetanus toxoids / pertussis, acellular / poliovirus vaccine, inactivated / haemophilus b conjugate / hepatitis b vaccine | diphtheria toxoid / hepatitis b pediatric vaccine / pertussis, acellular / poliovirus vaccine, inactivated / tetanus toxoid | clobetasol | fluocinolone | peginterferon alfa-2a | sodium bicarbonate",valacyclovir | valtrex | acyclovir,1000,8,8,1000,0,0,0,0.6,1.0,1.0,1.0,0.3,1.0,1.0,1.0,0.15,1.0,1.0,1.0,1.0,1.0,1.0,1.0,0.0,0.0,0.0,1.0
label_core_rerank,eval_0602,tadalafil | propranolol | sildenafil | dextroamphetamine | dexedrine | spironolactone | azor | amlodipine / olmesartan | clonidine | modafinil | amlodipine / hydrochlorothiazide / valsartan | exforge hct | avalide | verapamil | armodafinil | travoprost | hydrochlorothiazide / irbesartan | provigil | nuvigil | benicar,propranolol,1000,275,275,1000,0,0,0,0.2,1.0,1.0,0.6309297535714575,0.1,1.0,1.0,0.6309297535714575,0.05,1.0,1.0,0.6309297535714575,0.5,1.0,1.0,1.0,0.0,0.0,0.0,1.0
label_core_rerank,eval_0598,prednisone | omalizumab | xolair | epinephrine | aristocort | triamcinolone | cromolyn | deltasone | prednisolone | cyproheptadine | promethazine | chlor-trimeton | phenergan | chlorpheniramine | ranitidine | carbinoxamine | azelastine | tetracaine | olopatadine | diphenhydramine,prednisone | methylprednisolone,1000,288,247,955,0,0,0,0.2,0.5,1.0,0.6131471927654584,0.1,0.5,1.0,0.6131471927654584,0.05,0.5,1.0,0.6131471927654584,1.0,1.0,1.0,1.0,0.0,0.0,0.0,1.0
label_core_rerank,eval_0601,dexbrompheniramine / pseudoephedrine | drixoral cold and allergy | valacyclovir | valtrex | chlorpheniramine / hydrocodone | tussionex pennkinetic | acyclovir | chlorpheniramine / hydrocodone / pseudoephedrine | zutripro | acrivastine / pseudoephedrine | semprex-d | doxycycline | cyproheptadine | privine | promethazine | prednisone | ephedrine / guaifenesin | astelin | penciclovir | chlorpheniramine / phenylephrine,phenylephrine,1000,513,513,1000,0,0,0,0.0,0.0,0.0,0.0,0.0,0.0,0.0,0.0,0.0,0.0,0.0,0.0,0.0,1.0,1.0,1.0,0.0,0.0,0.0,1.0
label_core_rerank,eval_0603,doxycycline | ibuprofen | naproxen | cephalexin | triamcinolone | flanax pain reliever | bactrim | sulfamethoxazole / trimethoprim | oxybutynin | avelox | moxifloxacin | doxy 100 | sucralfate | ditropan xl | aleve | ciprofloxacin | naprosyn | levofloxacin | bactrim ds | levaquin,naproxen,273,25,25,273,0,0,0,0.2,1.0,1.0,0.5,0.1,1.0,1.0,0.5,0.05,1.0,1.0,0.5,0.3333333333333333,1.0,1.0,1.0,0.0,0.0,0.0,1.0
label_core_rerank,eval_0604,aciphex | doxycycline | prednisone | rabeprazole | calcium carbonate / simethicone | prevacid | axid ar | nexium 24hr | prilosec otc | aluminum hydroxide / magnesium hydroxide / simethicone | nizatidine | protonix iv | omeprazole / sodium bicarbonate | tagamet hb | mylanta | zegerid | pepcid ac chewable tablets | triamcinolone | mylanta maximum strength | alka-seltzer heartburn + gas,doxycycline,1000,109,109,1000,0,0,0,0.2,1.0,1.0,0.6309297535714574,0.1,1.0,1.0,0.6309297535714574,0.05,1.0,1.0,0.6309297535714574,0.5,1.0,1.0,1.0,0.0,0.0,0.0,1.0
label_core_rerank,eval_0605,doxycycline | ibuprofen | naproxen | triamcinolone | flanax pain reliever | aleve | naprosyn | diclofenac | tramadol | stelara | acetaminophen / hydrocodone | enbrel | ustekinumab | etanercept | prednisone | lortab | ketoprofen | norco | indomethacin | valdecoxib,diclofenac | tramadol | acetaminophen / hydrocodone | naproxen | triamcinolone,273,273,273,273,0,0,0,0.4,0.4,1.0,0.313682359004371,0.4,0.8,1.0,0.5193792093483858,0.25,1.0,1.0,0.5934888210122732,0.3333333333333333,1.0,1.0,1.0,0.0,0.0,0.0,1.0
label_core_rerank,eval_0609,doxycycline | prednisone | azithromycin | rocephin | methylprednisolone | ceftriaxone | mometasone | epinephrine | ampicillin | budesonide | kenalog-40 | augmentin xr | triamcinolone | bactrim | medrol dosepak | sulfamethoxazole / trimethoprim | flunisolide | zithromax | ceftin | cedax,prednisone,1000,221,221,1000,0,0,0,0.2,1.0,1.0,0.6309297535714574,0.1,1.0,1.0,0.6309297535714574,0.05,1.0,1.0,0.6309297535714574,0.5,1.0,1.0,1.0,0.0,0.0,0.0,1.0
label_core_rerank,eval_0607,prednisone | omalizumab | xolair | epinephrine | aristocort | triamcinolone | cromolyn | deltasone | prednisolone | pepcid | famotidine | cyproheptadine | promethazine | chlor-trimeton | phenergan | chlorpheniramine | ranitidine | carbinoxamine | azelastine | tetracaine,prednisone | triamcinolone | methylprednisolone,1000,288,247,958,0,0,0,0.2,0.3333333333333333,1.0,0.5090967735771897,0.2,0.6666666666666666,1.0,0.6299927266983233,0.1,0.6666666666666666,1.0,0.6299927266983233,1.0,1.0,1.0,1.0,0.0,0.0,0.0,1.0
label_core_rerank,eval_0611,doxycycline | prednisone | duloxetine | cymbalta | methylprednisolone | ceftriaxone | aspirin | hydrocortisone | kenalog-40 | aristocort | triamcinolone | cefotaxime | medrol dosepak | minocycline | amoxicillin | solu-medrol | dexamethasone | tetracycline | depo-medrol | zostrix,doxycycline | duloxetine | cymbalta,1000,255,255,1000,0,0,0,0.6,1.0,1.0,0.8132022820105483,0.3,1.0,1.0,0.8132022820105483,0.15,1.0,1.0,0.8132022820105483,1.0,1.0,1.0,1.0,0.0,0.0,0.0,1.0
label_core_rerank,eval_0612,stribild | cobicistat / elvitegravir / emtricitabine / tenofovir | efavirenz / emtricitabine / tenofovir | atripla | ondansetron | triumeq | abacavir / dolutegravir / lamivudine | clonidine | epzicom | complera | emtricitabine / rilpivirine / tenofovir | abacavir / lamivudine | fuzeon | enfuvirtide | atazanavir | reyataz | isentress | genvoya | cobicistat / elvitegravir / emtricitabine / tenofovir alafenamide | filgrastim,cobicistat / elvitegravir / emtricitabine / tenofovir | stribild | efavirenz / emtricitabine / tenofovir,1000,119,119,1000,0,0,0,0.6,1.0,1.0,1.0,0.3,1.0,1.0,1.0,0.15,1.0,1.0,1.0,1.0,1.0,1.0,1.0,0.0,0.0,0.0,1.0
label_core_rerank,eval_0613,diclofenac | tramadol | stelara | acetaminophen / hydrocodone | enbrel | ustekinumab | doxycycline | etanercept | prednisone | lortab | ketoprofen | norco | indomethacin | valdecoxib | voltaren | duloxetine | cataflam | cymbalta | naprelan | probenecid,diclofenac | tramadol,273,255,255,273,0,0,0,0.4,1.0,1.0,1.0,0.2,1.0,1.0,1.0,0.1,1.0,1.0,1.0,1.0,1.0,1.0,1.0,0.0,0.0,0.0,1.0
label_core_rerank,eval_0615,clonazepam | klonopin | propranolol | rizatriptan | treximet | lamotrigine | gabapentin | naproxen / sumatriptan | amitriptyline | relpax | maxalt | eletriptan | acetaminophen / butalbital / caffeine | frovatriptan | sumatriptan | bupropion | aspirin / butalbital / caffeine | diclofenac | frova | maxalt-mlt,propranolol,1000,179,179,1000,0,0,0,0.2,1.0,1.0,0.5,0.1,1.0,1.0,0.5,0.05,1.0,1.0,0.5,0.3333333333333333,1.0,1.0,1.0,0.0,0.0,0.0,1.0
label_core_rerank,eval_0614,stelara | enbrel | ustekinumab | doxycycline | etanercept | prednisone | methylprednisolone | adalimumab | betamethasone | humira | infliximab | methotrexate | remicade | hydrocortisone | kenalog-40 | triamcinolone | kenalog-10 | minocycline | dexamethasone | tetracycline,prednisone | enbrel | stelara | ustekinumab | adalimumab,1000,294,176,882,0,0,0,0.6,0.6,1.0,0.7557806593071948,0.5,1.0,1.0,0.9518915761561842,0.25,1.0,1.0,0.9518915761561842,1.0,1.0,1.0,1.0,0.0,0.0,0.0,1.0
label_core_rerank,eval_0618,doxycycline | azithromycin | rocephin | acidophilus | methenamine | ceftriaxone | zyvox | linezolid | hiprex | lactobacillus acidophilus | fluconazole | cephalexin | gentamicin | doripenem | bactrim | sulfamethoxazole / trimethoprim | minocycline | ceftin | avelox | moxifloxacin,sulfamethoxazole / trimethoprim | bactrim | fluconazole,1000,287,287,1000,0,0,0,0.0,0.0,0.0,0.0,0.0,0.0,0.0,0.0,0.15,1.0,1.0,0.34705030012885946,0.09090909090909091,1.0,1.0,1.0,0.0,0.0,0.0,1.0
label_core_rerank,eval_0623,cyproheptadine | promethazine | prednisone | omalizumab | epipen | ketotifen | xolair | chlor-trimeton | phenergan | ketorolac | chlorpheniramine | epinephrine | ranitidine | carbinoxamine | alavert | zaditor | aristocort | azelastine | triamcinolone | tetracaine,prednisone | promethazine,558,76,76,558,0,0,0,0.4,1.0,1.0,0.6934264036172708,0.2,1.0,1.0,0.6934264036172708,0.1,1.0,1.0,0.6934264036172708,0.5,1.0,1.0,1.0,0.0,0.0,0.0,1.0
label_core_rerank,eval_0620,promethazine | phenergan | hydroxyzine | diphenhydramine | benadryl | atarax | vistaril | doxycycline | ampicillin | lansoprazole | sulfamethoxazole / trimethoprim | omeprazole | dexamethasone | ciprofloxacin | erythromycin | pantoprazole | cipro | lorazepam | cyproheptadine | prednisone,promethazine | hydroxyzine | phenergan | diphenhydramine | vistaril | atarax,707,214,214,707,0,0,0,0.8,0.6666666666666666,1.0,0.8687949224876582,0.6,1.0,1.0,0.9838048780283076,0.3,1.0,1.0,0.9838048780283076,1.0,1.0,1.0,1.0,0.0,0.0,0.0,1.0
label_core_rerank,eval_0622,doxycycline | clindamycin | cephalexin | bactrim | sulfamethoxazole / trimethoprim | minocycline | keflex | doxy 100 | bactrim ds | vibramycin | septra | septra ds | smz-tmp ds | prednisone | metronidazole | nystatin / triamcinolone | azithromycin | rocephin | acidophilus | methenamine,doxycycline | clindamycin | sulfamethoxazole / trimethoprim | minocycline | bactrim,888,420,420,888,0,0,0,0.8,0.8,1.0,0.7833471457646615,0.5,1.0,1.0,0.9253029294833004,0.25,1.0,1.0,0.9253029294833004,1.0,1.0,1.0,1.0,0.0,0.0,0.0,1.0
label_core_rerank,eval_0624,"azithromycin | ceftriaxone | ampicillin | ciprofloxacin | cipro | phenylephrine | typhoid vaccine, inactivated | typhoid vaccine, live | proctofoam | pramoxine | dibucaine | nupercainal | hydrocortisone | proctofoam hc | proctosol-hc | tronolane anesthetic for hemorrhoids | pramoxine / zinc oxide | hydrocortisone / pramoxine | analpram-hc | hydrocortisone / lidocaine",azithromycin | ceftriaxone | ciprofloxacin,882,27,27,882,0,0,0,0.6,1.0,1.0,0.9674679834891694,0.3,1.0,1.0,0.9674679834891694,0.15,1.0,1.0,0.9674679834891694,1.0,1.0,1.0,1.0,0.0,0.0,0.0,1.0
label_core_rerank,eval_0626,cyproheptadine | promethazine | prednisone | chlor-trimeton | phenergan | chlorpheniramine | epinephrine | ranitidine | carbinoxamine | azelastine | triamcinolone | tetracaine | olopatadine | diphenhydramine | benadryl | cetirizine | allegra | fexofenadine | zyrtec | levocetirizine,prednisone | promethazine | cyproheptadine,1000,517,517,999,0,0,0,0.6,1.0,1.0,1.0,0.3,1.0,1.0,1.0,0.15,1.0,1.0,1.0,1.0,1.0,1.0,1.0,0.0,0.0,0.0,1.0
label_core_rerank,eval_0628,prednisone | rabeprazole | omeprazole / sodium bicarbonate | triamcinolone | lansoprazole | esomeprazole | protonix | nexium | sucralfate | cimetidine | omeprazole | dexamethasone | ciprofloxacin | levofloxacin | pantoprazole | carafate | pepcid | aluminum hydroxide / magnesium hydroxide | calcium carbonate | famotidine,rabeprazole | aciphex,1000,167,167,1000,0,0,0,0.2,0.5,1.0,0.3868528072345416,0.1,0.5,1.0,0.3868528072345416,0.05,0.5,1.0,0.3868528072345416,0.5,1.0,1.0,1.0,0.0,0.0,0.0,1.0
label_core_rerank,eval_0627,doxycycline | minocycline | clindamycin | cephalexin | bactrim | sulfamethoxazole / trimethoprim | keflex | doxy 100 | bactrim ds | vibramycin | septra | septra ds | smz-tmp ds | tazorac | tazarotene | tetracycline | prednisone | methotrexate | dexamethasone | doryx,doxycycline | minocycline | clindamycin | sulfamethoxazole / trimethoprim | bactrim,888,420,420,888,0,0,0,0.8,0.8,1.0,0.8855777750641619,0.5,1.0,1.0,0.9802149642099213,0.25,1.0,1.0,0.9802149642099213,1.0,1.0,1.0,1.0,0.0,0.0,0.0,1.0
label_core_rerank,eval_0631,diclofenac | prednisone | indomethacin | naprelan | ibuprofen | acetaminophen / aspirin / caffeine | naproxen | celecoxib | motrin | aleve | advil liqui-gels | advil | excedrin | deltasone | anaprox-ds | clonazepam | klonopin | propranolol | rizatriptan | treximet,diclofenac | prednisone | propranolol,1000,419,190,717,0,0,0,0.4,0.6666666666666666,1.0,0.6199062332840657,0.2,0.6666666666666666,1.0,0.6199062332840657,0.15,1.0,1.0,0.7541224241841116,1.0,1.0,1.0,1.0,0.0,0.0,0.0,1.0
label_core_rerank,eval_0632,propranolol | verapamil | nitroglycerin | atenolol | nadolol | corgard | metoprolol | caduet | verelan pm | coreg | tenormin | lopressor | calan sr | toprol-xl | bisoprolol | lisinopril | ramipril | diltiazem | altace | carvedilol,propranolol | metoprolol,1000,335,335,975,0,0,0,0.2,0.5,1.0,0.46927872602275644,0.2,1.0,1.0,0.7039180890341347,0.1,1.0,1.0,0.7039180890341347,1.0,1.0,1.0,1.0,0.0,0.0,0.0,1.0
label_core_rerank,eval_0633,clobetasol | fluocinolone | dexamethasone | prednisone | liraglutide | gabapentin | victoza | tretinoin | desmopressin | pregabalin | pramlintide | humulin r u-500 (concentrated) | duloxetine | nortriptyline | cymbalta | chromium picolinate | byetta | symlin | topiramate | exubera,liraglutide | victoza,1000,274,274,1000,0,0,0,0.2,0.5,1.0,0.23719771276929622,0.2,1.0,1.0,0.44158011035778233,0.1,1.0,1.0,0.44158011035778233,0.2,1.0,1.0,1.0,0.0,0.0,0.0,1.0
label_core_rerank,eval_0634,doxycycline | prednisone | azithromycin | methylprednisolone | mometasone | epinephrine | ampicillin | budesonide | kenalog-40 | augmentin xr | triamcinolone | bactrim | medrol dosepak | sulfamethoxazole / trimethoprim | flunisolide | zithromax | ceftin | cedax | ceftibuten | singulair,prednisone,1000,681,681,986,0,0,0,0.2,1.0,1.0,0.6309297535714575,0.1,1.0,1.0,0.6309297535714575,0.05,1.0,1.0,0.6309297535714575,0.5,1.0,1.0,1.0,0.0,0.0,0.0,1.0
label_core_rerank,eval_0637,aciphex | rabeprazole | calcium carbonate / simethicone | prevacid | axid ar | nexium 24hr | prilosec otc | aluminum hydroxide / magnesium hydroxide / simethicone | nizatidine | protonix iv | omeprazole / sodium bicarbonate | mylanta | axid | ranitidine | zegerid | pepcid ac chewable tablets | dexlansoprazole | lansoprazole | zantac | kapidex,aciphex | dexlansoprazole | rabeprazole,1000,45,45,1000,0,0,0,0.4,0.6666666666666666,1.0,0.7653606369886218,0.2,0.6666666666666666,1.0,0.7653606369886218,0.15,1.0,1.0,0.8778995257840894,1.0,1.0,1.0,1.0,0.0,0.0,0.0,1.0
label_core_rerank,eval_0639,elocon | clobetasol | stelara | enbrel | ustekinumab | desonide | doxycycline | etanercept | prednisone | flurandrenolide | cordran tape | clocortolone | clobex | cloderm | thiothixene | desowen | methylprednisolone | adalimumab | mometasone | betamethasone,prednisone | enbrel,164,164,164,164,0,0,0,0.2,0.5,1.0,0.3031610197508214,0.2,1.0,1.0,0.44442799261065036,0.1,1.0,1.0,0.44442799261065036,0.25,1.0,1.0,1.0,0.0,0.0,0.0,1.0
label_core_rerank,eval_0640,clonazepam | propranolol | gabapentin | amitriptyline | sumatriptan | diclofenac | prednisone | clonidine | lithium | nortriptyline | verapamil | elavil | zolmitriptan | atenolol | nadolol | corgard | divalproex sodium | nimodipine | depakote er | metoprolol,propranolol,1000,179,179,944,0,0,0,0.2,1.0,1.0,0.6309297535714574,0.1,1.0,1.0,0.6309297535714574,0.05,1.0,1.0,0.6309297535714574,0.5,1.0,1.0,1.0,0.0,0.0,0.0,1.0
label_core_rerank,eval_0638,rabeprazole | omeprazole / sodium bicarbonate | ranitidine | lansoprazole | zantac | esomeprazole | protonix | nexium | sucralfate | cimetidine | omeprazole | pantoprazole | carafate | pepcid | calcium carbonate | famotidine | prednisone | clonidine | methylprednisolone | budesonide,rabeprazole | esomeprazole | lansoprazole,1000,109,109,1000,0,0,0,0.4,0.6666666666666666,1.0,0.6713860725233042,0.3,1.0,1.0,0.8385465274895064,0.15,1.0,1.0,0.8385465274895064,1.0,1.0,1.0,1.0,0.0,0.0,0.0,1.0
label_core_rerank,eval_0645,liraglutide | gabapentin | victoza | tretinoin | clobetasol | desmopressin | pregabalin | pramlintide | humulin r u-500 (concentrated) | duloxetine | nortriptyline | cymbalta | chromium picolinate | byetta | symlin | topiramate | exubera | insulin isophane | ddavp | novolog mix 70 / 30,liraglutide | victoza,469,228,228,469,0,0,0,0.4,1.0,1.0,0.9197207891481876,0.2,1.0,1.0,0.9197207891481876,0.1,1.0,1.0,0.9197207891481876,1.0,1.0,1.0,1.0,0.0,0.0,0.0,1.0
label_core_rerank,eval_0641,propranolol | clonidine | verapamil | benicar | atenolol | catapres | nadolol | corgard | innopran xl | olmesartan | metoprolol | verelan pm | inderal | tenormin | calan sr | lisinopril | amlodipine | inderal la | norvasc | prinivil,propranolol | clonidine,1000,433,433,937,0,0,0,0.4,1.0,1.0,1.0,0.2,1.0,1.0,1.0,0.1,1.0,1.0,1.0,1.0,1.0,1.0,1.0,0.0,0.0,0.0,1.0
label_core_rerank,eval_0647,clonazepam | klonopin | propranolol | rizatriptan | treximet | lamotrigine | gabapentin | naproxen / sumatriptan | amitriptyline | relpax | maxalt | eletriptan | acetaminophen / butalbital / caffeine | frovatriptan | sumatriptan | bupropion | aspirin / butalbital / caffeine | diclofenac | frova | maxalt-mlt,gabapentin | propranolol,1000,179,179,1000,0,0,0,0.2,0.5,1.0,0.35195904451706733,0.2,1.0,1.0,0.5083852865246528,0.1,1.0,1.0,0.5083852865246528,0.3333333333333333,1.0,1.0,1.0,0.0,0.0,0.0,1.0
label_core_rerank,eval_0644,propranolol | clonidine | verapamil | benicar | atenolol | catapres | nadolol | corgard | innopran xl | olmesartan | metoprolol | verelan pm | inderal | tenormin | calan sr | lisinopril | amlodipine | inderal la | norvasc | prinivil,propranolol | clonidine,1000,433,433,987,0,0,0,0.4,1.0,1.0,1.0,0.2,1.0,1.0,1.0,0.1,1.0,1.0,1.0,1.0,1.0,1.0,1.0,0.0,0.0,0.0,1.0
label_core_rerank,eval_0648,aciphex | rabeprazole | calcium carbonate / simethicone | prevacid | axid ar | nexium 24hr | prilosec otc | aluminum hydroxide / magnesium hydroxide / simethicone | nizatidine | protonix iv | omeprazole / sodium bicarbonate | mylanta | axid | ranitidine | zegerid | pepcid ac chewable tablets | dexlansoprazole | lansoprazole | zantac | kapidex,aciphex | dexlansoprazole | rabeprazole,1000,45,45,1000,0,0,0,0.4,0.6666666666666666,1.0,0.7653606369886218,0.2,0.6666666666666666,1.0,0.7653606369886218,0.15,1.0,1.0,0.8778995257840894,1.0,1.0,1.0,1.0,0.0,0.0,0.0,1.0
label_core_rerank,eval_0652,doxycycline | ibuprofen | naproxen | triamcinolone | flanax pain reliever | aleve | naprosyn | cephalexin | bactrim | sulfamethoxazole / trimethoprim | oxybutynin | avelox | moxifloxacin | doxy 100 | sucralfate | ditropan xl | ciprofloxacin | levofloxacin | bactrim ds | levaquin,naproxen | triamcinolone,573,25,25,573,0,0,0,0.4,1.0,1.0,0.5540663910176149,0.2,1.0,1.0,0.5540663910176149,0.1,1.0,1.0,0.5540663910176149,0.3333333333333333,1.0,1.0,1.0,0.0,0.0,0.0,1.0
label_core_rerank,eval_0655,doxycycline | prednisone | metronidazole | nystatin / triamcinolone | azithromycin | rocephin | acidophilus | methenamine | ceftriaxone | naftifine | zyvox | linezolid | methotrexate | nizoral topical | naftin | mycolog ii | hiprex | lactobacillus acidophilus | fluconazole | clindamycin,doxycycline,888,160,160,888,0,0,0,0.2,1.0,1.0,1.0,0.1,1.0,1.0,1.0,0.05,1.0,1.0,1.0,1.0,1.0,1.0,1.0,0.0,0.0,0.0,1.0
label_core_rerank,eval_0654,propranolol | spironolactone | clonidine | verapamil | benicar | atenolol | catapres | nadolol | corgard | innopran xl | olmesartan | metoprolol | verelan pm | inderal | tenormin | calan sr | furosemide | lisinopril | amlodipine | inderal la,propranolol,1000,275,41,766,0,0,0,0.2,1.0,1.0,1.0,0.1,1.0,1.0,1.0,0.05,1.0,1.0,1.0,1.0,1.0,1.0,1.0,0.0,0.0,0.0,1.0
label_core_rerank,eval_0651,doxycycline | ibuprofen | naproxen | triamcinolone | flanax pain reliever | aleve | naprosyn | stelara | enbrel | ustekinumab | etanercept | prednisone | methylprednisolone | adalimumab | betamethasone | humira | infliximab | methotrexate | remicade | hydrocortisone,prednisone | enbrel | naproxen | triamcinolone | ibuprofen,573,273,273,573,0,0,0,0.6,0.6,1.0,0.5651206535733211,0.4,0.8,1.0,0.6450983566328607,0.25,1.0,1.0,0.7168952778083549,0.5,1.0,1.0,1.0,0.0,0.0,0.0,1.0
label_core_rerank,eval_0656,stelara | enbrel | ustekinumab | doxycycline | etanercept | prednisone | methylprednisolone | adalimumab | betamethasone | humira | ibuprofen | naproxen | infliximab | methotrexate | remicade | hydrocortisone | kenalog-40 | triamcinolone | flanax pain reliever | kenalog-10,prednisone | enbrel,573,255,35,353,0,0,0,0.2,0.5,1.0,0.44412286644879784,0.2,1.0,1.0,0.6112833214150001,0.1,1.0,1.0,0.6112833214150001,0.5,1.0,1.0,1.0,0.0,0.0,0.0,1.0
label_core_rerank,eval_0653,doxycycline | prednisone | methotrexate | minocycline | dexamethasone | chloramphenicol | elocon | clobetasol | stelara | enbrel | ustekinumab | desonide | etanercept | flurandrenolide | cordran tape | clocortolone | clobex | cloderm | thiothixene | desowen,prednisone | enbrel | stelara | ustekinumab,323,318,164,169,0,0,0,0.2,0.25,1.0,0.17395019860210095,0.3,0.75,1.0,0.41798793235162834,0.2,1.0,1.0,0.5333466878707724,0.5,1.0,1.0,1.0,0.0,0.0,0.0,1.0
label_core_rerank,eval_0657,doxycycline | ibuprofen | naproxen | triamcinolone | flanax pain reliever | aleve | naprosyn | diclofenac | tramadol | stelara | acetaminophen / hydrocodone | enbrel | ustekinumab | etanercept | prednisone | lortab | ketoprofen | norco | indomethacin | valdecoxib,diclofenac | naproxen | triamcinolone,273,273,273,273,0,0,0,0.4,0.6666666666666666,1.0,0.4367467095119258,0.3,1.0,1.0,0.5847876649948583,0.15,1.0,1.0,0.5847876649948583,0.3333333333333333,1.0,1.0,1.0,0.0,0.0,0.0,1.0
label_core_rerank,eval_0658,propranolol | verapamil | nitroglycerin | atenolol | nadolol | corgard | metoprolol | caduet | verelan pm | coreg | tenormin | lopressor | calan sr | toprol-xl | bisoprolol | lisinopril | ramipril | diltiazem | altace | carvedilol,propranolol | verapamil | metoprolol,1000,335,335,975,0,0,0,0.4,0.6666666666666666,1.0,0.6199062332840657,0.3,1.0,1.0,0.8099531166420328,0.15,1.0,1.0,0.8099531166420328,1.0,1.0,1.0,1.0,0.0,0.0,0.0,1.0
label_core_rerank,eval_0663,diclofenac | tramadol | stelara | acetaminophen / hydrocodone | enbrel | ustekinumab | doxycycline | etanercept | prednisone | lortab | ketoprofen | norco | indomethacin | valdecoxib | voltaren | duloxetine | cataflam | cymbalta | naprelan | probenecid,diclofenac | tramadol | acetaminophen / hydrocodone,403,255,255,403,0,0,0,0.6,1.0,1.0,0.9736505918364026,0.3,1.0,1.0,0.9736505918364026,0.15,1.0,1.0,0.9736505918364026,1.0,1.0,1.0,1.0,0.0,0.0,0.0,1.0
label_core_rerank,eval_0664,clonazepam | klonopin | propranolol | rizatriptan | treximet | lamotrigine | gabapentin | naproxen / sumatriptan | amitriptyline | relpax | maxalt | eletriptan | acetaminophen / butalbital / caffeine | frovatriptan | sumatriptan | bupropion | aspirin / butalbital / caffeine | diclofenac | frova | maxalt-mlt,propranolol,1000,179,179,1000,0,0,0,0.2,1.0,1.0,0.5,0.1,1.0,1.0,0.5,0.05,1.0,1.0,0.5,0.3333333333333333,1.0,1.0,1.0,0.0,0.0,0.0,1.0
label_core_rerank,eval_0660,stelara | enbrel | ustekinumab | doxycycline | etanercept | prednisone | methylprednisolone | adalimumab | betamethasone | humira | infliximab | methotrexate | remicade | hydrocortisone | kenalog-40 | triamcinolone | kenalog-10 | minocycline | dexamethasone | tetracycline,prednisone | enbrel | stelara | ustekinumab | adalimumab,573,393,393,573,0,0,0,0.6,0.6,1.0,0.6499585627060159,0.5,1.0,1.0,0.8703148991362504,0.25,1.0,1.0,0.8703148991362504,1.0,1.0,1.0,1.0,0.0,0.0,0.0,1.0
label_core_rerank,eval_0661,propranolol | clonidine | verapamil | benicar | atenolol | catapres | nadolol | corgard | innopran xl | olmesartan | metoprolol | verelan pm | inderal | tenormin | calan sr | lisinopril | amlodipine | inderal la | norvasc | prinivil,propranolol | clonidine | benicar,1000,433,433,892,0,0,0,0.6,1.0,1.0,0.9424890210124037,0.3,1.0,1.0,0.9424890210124037,0.15,1.0,1.0,0.9424890210124037,1.0,1.0,1.0,1.0,0.0,0.0,0.0,1.0
label_core_rerank,eval_0659,rabeprazole | omeprazole / sodium bicarbonate | ranitidine | lansoprazole | zantac | esomeprazole | protonix | nexium | sucralfate | cimetidine | omeprazole | pantoprazole | carafate | pepcid | calcium carbonate | famotidine | aciphex | calcium carbonate / simethicone | prevacid | axid ar,rabeprazole | esomeprazole | lansoprazole | nexium | ranitidine | omeprazole,955,109,109,955,0,0,0,0.6,0.5,1.0,0.5982819568741946,0.5,0.8333333333333334,1.0,0.7645119366132463,0.3,1.0,1.0,0.852066558069577,1.0,1.0,1.0,1.0,0.0,0.0,0.0,1.0
label_core_rerank,eval_0665,doxycycline | prednisone | azithromycin | rocephin | methylprednisolone | ceftriaxone | mometasone | epinephrine | ampicillin | budesonide | kenalog-40 | augmentin xr | triamcinolone | bactrim | medrol dosepak | sulfamethoxazole / trimethoprim | flunisolide | zithromax | ceftin | cedax,prednisone,1000,221,221,1000,0,0,0,0.2,1.0,1.0,0.6309297535714574,0.1,1.0,1.0,0.6309297535714574,0.05,1.0,1.0,0.6309297535714574,0.5,1.0,1.0,1.0,0.0,0.0,0.0,1.0
label_core_rerank,eval_0668,doxycycline | lithium | chlorpromazine | allopurinol | clindamycin | coartem | artemether / lumefantrine | divalproex sodium | stavzor | fansidar | halofantrine | halfan | daraprim | pyrimethamine / sulfadoxine | pyrimethamine | depakote er | thorazine | hydroxychloroquine | depakote | risperdal,doxycycline | clindamycin,1000,34,34,1000,0,0,0,0.4,1.0,1.0,0.8854598815714874,0.2,1.0,1.0,0.8854598815714874,0.1,1.0,1.0,0.8854598815714874,1.0,1.0,1.0,1.0,0.0,0.0,0.0,1.0
label_core_rerank,eval_0669,thyroid desiccated | westhroid | cenestin | estropipate | conjugated estrogens | armour thyroid | premarin | calcifediol | rayaldee | thyquidity | estradiol | esterified estrogens | tirosint | doxorubicin | levothyroxine | synthroid | cytomel | nature-throid | liothyronine | calcitriol,thyroid desiccated | armour thyroid | levothyroxine,389,61,61,389,0,0,0,0.2,0.3333333333333333,1.0,0.38009376671593426,0.2,0.6666666666666666,1.0,0.5154858981951099,0.15,1.0,1.0,0.6580210607135852,1.0,1.0,1.0,1.0,0.0,0.0,0.0,1.0
label_core_rerank,eval_0666,doxycycline | clindamycin | pyrimethamine | doxy 100 | atovaquone | primaquine | lithium | chlorpromazine | allopurinol | artemether / lumefantrine | coartem | divalproex sodium | pyrimethamine / sulfadoxine | daraprim | stavzor | fansidar | halfan | halofantrine | depakote er | thorazine,doxycycline | clindamycin | doxy 100,1000,142,142,1000,0,0,0,0.6,1.0,1.0,0.9424890210124037,0.3,1.0,1.0,0.9424890210124037,0.15,1.0,1.0,0.9424890210124037,1.0,1.0,1.0,1.0,0.0,0.0,0.0,1.0
label_core_rerank,eval_0667,rabeprazole | omeprazole / sodium bicarbonate | ranitidine | lansoprazole | zantac | esomeprazole | protonix | nexium | sucralfate | cimetidine | omeprazole | pantoprazole | carafate | pepcid | calcium carbonate | famotidine | aciphex | calcium carbonate / simethicone | prevacid | axid ar,aciphex | dexlansoprazole | rabeprazole | esomeprazole | lansoprazole | nexium,287,109,48,226,0,0,0,0.4,0.3333333333333333,1.0,0.48522855511632257,0.4,0.6666666666666666,1.0,0.6361757670231624,0.25,0.8333333333333334,1.0,0.7087435981937824,1.0,1.0,1.0,1.0,0.0,0.0,0.0,1.0
label_core_rerank,eval_0672,lansoprazole | esomeprazole | omeprazole | pantoprazole | metoclopramide | reglan | gabapentin | amitriptyline | sumatriptan | nortriptyline | elavil | zolmitriptan | pamelor | prednisone | clonidine | lithium | lorazepam | catapres | divalproex sodium | depakote er,esomeprazole | lansoprazole | omeprazole,456,184,184,456,0,0,0,0.6,1.0,1.0,1.0,0.3,1.0,1.0,1.0,0.15,1.0,1.0,1.0,1.0,1.0,1.0,1.0,0.0,0.0,0.0,1.0
label_core_rerank,eval_0673,doxycycline | tazorac | minocycline | tazarotene | tetracycline | isotretinoin | accutane | benzoyl peroxide / clindamycin | tretinoin | adapalene / benzoyl peroxide | epiduo | magnesium hydroxide | claravis | benzaclin | spironolactone | phillips' milk of magnesia | duac | retin-a | dapsone | aczone,isotretinoin | accutane | adapalene / benzoyl peroxide | doxycycline | minocycline | tazarotene,726,432,432,726,0,0,0,0.6,0.5,1.0,0.48099479715073024,0.6,1.0,1.0,0.7776847961931495,0.3,1.0,1.0,0.7776847961931495,1.0,1.0,1.0,1.0,0.0,0.0,0.0,1.0
label_core_rerank,eval_0674,prednisone | rabeprazole | omeprazole / sodium bicarbonate | triamcinolone | lansoprazole | esomeprazole | protonix | nexium | sucralfate | cimetidine | omeprazole | dexamethasone | ciprofloxacin | levofloxacin | pantoprazole | carafate | pepcid | aluminum hydroxide / magnesium hydroxide | calcium carbonate | famotidine,rabeprazole | doxycycline | esomeprazole | lansoprazole,1000,167,167,951,0,0,0,0.4,0.5,1.0,0.3973220069685352,0.3,0.75,1.0,0.5363781864793108,0.15,0.75,1.0,0.5363781864793108,0.5,1.0,1.0,1.0,0.0,0.0,0.0,1.0
label_core_rerank,eval_0675,doxycycline | prednisone | methylprednisolone | aspirin | kenalog-40 | triamcinolone | medrol dosepak | amoxicillin | dexamethasone | deltasone | canakinumab | dexbrompheniramine / pseudoephedrine | drixoral cold and allergy | valacyclovir | valtrex | chlorpheniramine / hydrocodone | tussionex pennkinetic | acyclovir | chlorpheniramine / hydrocodone / pseudoephedrine | zutripro,prednisone | methylprednisolone,1000,755,528,763,0,0,0,0.4,1.0,1.0,0.6934264036172708,0.2,1.0,1.0,0.6934264036172708,0.1,1.0,1.0,0.6934264036172708,0.5,1.0,1.0,1.0,0.0,0.0,0.0,1.0
label_core_rerank,eval_0679,rabeprazole | omeprazole / sodium bicarbonate | ranitidine | lansoprazole | zantac | esomeprazole | protonix | nexium | sucralfate | cimetidine | omeprazole | pantoprazole | carafate | pepcid | calcium carbonate | famotidine | aciphex | diclofenac | prednisone | chlordiazepoxide / clidinium,rabeprazole | esomeprazole | lansoprazole,711,80,80,711,0,0,0,0.4,0.6666666666666666,1.0,0.6713860725233042,0.3,1.0,1.0,0.8385465274895064,0.15,1.0,1.0,0.8385465274895064,1.0,1.0,1.0,1.0,0.0,0.0,0.0,1.0
label_core_rerank,eval_0677,doxorubicin | tretinoin | spironolactone | doxycycline | dapsone | doryx | clindamycin | cephalexin | bactrim | sulfamethoxazole / trimethoprim | minocycline | keflex | doxy 100 | tetracycline | erythromycin | bactrim ds | vibramycin | septra | septra ds | smz-tmp ds,tretinoin | doxycycline | spironolactone | thyroid desiccated | armour thyroid,1000,333,333,954,0,0,0,0.6,0.6,1.0,0.5443217169529765,0.3,0.6,1.0,0.5443217169529765,0.15,0.6,1.0,0.5443217169529765,0.5,1.0,1.0,1.0,0.0,0.0,0.0,1.0
label_core_rerank,eval_0678,rabeprazole | omeprazole / sodium bicarbonate | ranitidine | lansoprazole | zantac | esomeprazole | protonix | nexium | sucralfate | cimetidine | omeprazole | pantoprazole | carafate | pepcid | calcium carbonate | famotidine | diclofenac | prednisone | chlordiazepoxide / clidinium | clonidine,rabeprazole | esomeprazole | lansoprazole,955,109,109,955,0,0,0,0.4,0.6666666666666666,1.0,0.6713860725233042,0.3,1.0,1.0,0.8385465274895064,0.15,1.0,1.0,0.8385465274895064,1.0,1.0,1.0,1.0,0.0,0.0,0.0,1.0
label_core_rerank,eval_0681,elocon | clobetasol | stelara | enbrel | ustekinumab | desonide | doxycycline | etanercept | prednisone | flurandrenolide | cordran tape | clocortolone | clobex | cloderm | thiothixene | desowen | methylprednisolone | adalimumab | mometasone | betamethasone,prednisone | enbrel,726,164,164,726,0,0,0,0.2,0.5,1.0,0.3031610197508214,0.2,1.0,1.0,0.44442799261065036,0.1,1.0,1.0,0.44442799261065036,0.25,1.0,1.0,1.0,0.0,0.0,0.0,1.0
label_core_rerank,eval_0680,rabeprazole | omeprazole / sodium bicarbonate | ranitidine | lansoprazole | zantac | esomeprazole | protonix | nexium | sucralfate | cimetidine | omeprazole | pantoprazole | carafate | pepcid | calcium carbonate | famotidine | aciphex | calcium carbonate / simethicone | prevacid | axid ar,aciphex | dexlansoprazole | rabeprazole | esomeprazole | lansoprazole | nexium,287,109,48,226,0,0,0,0.4,0.3333333333333333,1.0,0.48522855511632257,0.4,0.6666666666666666,1.0,0.6361757670231624,0.25,0.8333333333333334,1.0,0.7087435981937824,1.0,1.0,1.0,1.0,0.0,0.0,0.0,1.0
label_core_rerank,eval_0683,cefadroxil | retapamulin | altabax | mupirocin | cefuroxime | ozenoxacin | ammoniated mercury | sulconazole,cefuroxime | mupirocin | retapamulin,8,8,8,8,0,0,0,0.6,1.0,1.0,0.6717573587424964,0.3,1.0,1.0,0.6717573587424964,0.15,1.0,1.0,0.6717573587424964,0.5,1.0,1.0,1.0,0.0,0.0,0.0,1.0
label_core_rerank,eval_0685,aciphex | doxycycline | prednisone | rabeprazole | calcium carbonate / simethicone | prevacid | axid ar | nexium 24hr | prilosec otc | aluminum hydroxide / magnesium hydroxide / simethicone | nizatidine | protonix iv | omeprazole / sodium bicarbonate | tagamet hb | mylanta | zegerid | pepcid ac chewable tablets | triamcinolone | mylanta maximum strength | rifadin,doxycycline,1000,109,109,1000,0,0,0,0.2,1.0,1.0,0.6309297535714574,0.1,1.0,1.0,0.6309297535714574,0.05,1.0,1.0,0.6309297535714574,0.5,1.0,1.0,1.0,0.0,0.0,0.0,1.0
label_core_rerank,eval_0687,isotretinoin | accutane | benzoyl peroxide / clindamycin | tretinoin | adapalene / benzoyl peroxide | epiduo | magnesium hydroxide | claravis | benzaclin | spironolactone | doxycycline | phillips' milk of magnesia | duac | retin-a | dapsone | aczone | clindamycin / tretinoin | drospirenone / ethinyl estradiol | onexton | benzoyl peroxide / sulfur,isotretinoin | accutane | adapalene / benzoyl peroxide,273,273,273,273,0,0,0,0.6,1.0,1.0,0.9469024295259745,0.3,1.0,1.0,0.9469024295259745,0.15,1.0,1.0,0.9469024295259745,1.0,1.0,1.0,1.0,0.0,0.0,0.0,1.0
label_core_rerank,eval_0684,valacyclovir | valtrex | acyclovir | immune globulin intramuscular | measles virus vaccine / mumps virus vaccine / rubella virus vaccine / varicella virus vaccine | varicella virus vaccine | varicella zoster immune globulin | foscarnet | doxycycline | prednisone | metronidazole | nystatin / triamcinolone | azithromycin | rocephin | acidophilus | methenamine | ceftriaxone | naftifine | zyvox | linezolid,valacyclovir | valtrex | acyclovir,888,168,168,888,0,0,0,0.6,1.0,1.0,1.0,0.3,1.0,1.0,1.0,0.15,1.0,1.0,1.0,1.0,1.0,1.0,1.0,0.0,0.0,0.0,1.0
label_core_rerank,eval_0686,stelara | enbrel | ustekinumab | doxycycline | etanercept | prednisone | methylprednisolone | adalimumab | betamethasone | humira | infliximab | methotrexate | remicade | hydrocortisone | kenalog-40 | triamcinolone | kenalog-10 | minocycline | dexamethasone | tetracycline,prednisone | enbrel | stelara | ustekinumab | adalimumab,573,393,393,573,0,0,0,0.6,0.6,1.0,0.7557806593071948,0.5,1.0,1.0,0.9518915761561842,0.25,1.0,1.0,0.9518915761561842,1.0,1.0,1.0,1.0,0.0,0.0,0.0,1.0
label_core_rerank,eval_0689,clonazepam | klonopin | propranolol | rizatriptan | treximet | lamotrigine | gabapentin | naproxen / sumatriptan | amitriptyline | relpax | maxalt | eletriptan | acetaminophen / butalbital / caffeine | frovatriptan | sumatriptan | bupropion | aspirin / butalbital / caffeine | diclofenac | frova | maxalt-mlt,propranolol,1000,179,179,1000,0,0,0,0.2,1.0,1.0,0.5,0.1,1.0,1.0,0.5,0.05,1.0,1.0,0.5,0.3333333333333333,1.0,1.0,1.0,0.0,0.0,0.0,1.0
label_core_rerank,eval_0688,doxycycline | prednisone | azithromycin | rocephin | aclidinium | tudorza pressair | xopenex | methylprednisolone | omalizumab | ceftriaxone | mometasone | xolair | levalbuterol | primatene mist | accolate | zafirlukast | intal inhaler | guaifenesin | epinephrine | ipratropium inhalation solution,azithromycin | prednisone,1000,221,221,1000,0,0,0,0.4,1.0,1.0,0.6787622294601761,0.2,1.0,1.0,0.6787622294601761,0.1,1.0,1.0,0.6787622294601761,0.5,1.0,1.0,1.0,0.0,0.0,0.0,1.0
label_core_rerank,eval_0693,cefadroxil | retapamulin | altabax | mupirocin | cefuroxime | ammoniated mercury | sulconazole | ozenoxacin | valacyclovir | valtrex | acyclovir | doxycycline | prednisone | metronidazole | azithromycin | rocephin | dapsone | methylprednisolone | ceftriaxone | mometasone,cefuroxime | mupirocin | retapamulin,1000,8,8,1000,0,0,0,0.6,1.0,1.0,0.6717573587424964,0.3,1.0,1.0,0.6717573587424964,0.15,1.0,1.0,0.6717573587424964,0.5,1.0,1.0,1.0,0.0,0.0,0.0,1.0
label_core_rerank,eval_0690,aluminum hydroxide / magnesium hydroxide / simethicone | ranitidine | lansoprazole | cimetidine | omeprazole | pantoprazole | famotidine | aciphex | rabeprazole | calcium carbonate / simethicone | prevacid | axid ar | nexium 24hr | prilosec otc | nizatidine | protonix iv | omeprazole / sodium bicarbonate | mylanta | zegerid | pepcid ac chewable tablets,aciphex | dexlansoprazole | rabeprazole,1000,549,549,1000,0,0,0,0.0,0.0,0.0,0.0,0.2,0.6666666666666666,1.0,0.28930792834276164,0.1,0.6666666666666666,1.0,0.28930792834276164,0.125,1.0,1.0,1.0,0.0,0.0,0.0,1.0
label_core_rerank,eval_0692,doxycycline | prednisone | gentamicin | lansoprazole | minocycline | moxifloxacin | dexamethasone | ciprofloxacin | levofloxacin | rifampin | amikacin | metronidazole | azithromycin | rocephin | dapsone | ceftriaxone | zyvox | linezolid | neupogen | filgrastim,doxycycline | azithromycin | minocycline,1000,230,230,1000,0,0,0,0.4,0.6666666666666666,1.0,0.6403937842521121,0.2,0.6666666666666666,1.0,0.6403937842521121,0.15,1.0,1.0,0.7741078151210964,1.0,1.0,1.0,1.0,0.0,0.0,0.0,1.0
label_core_rerank,eval_0698,liraglutide | gabapentin | victoza | tretinoin | clobetasol | desmopressin | pregabalin | pramlintide | humulin r u-500 (concentrated) | duloxetine | nortriptyline | cymbalta | chromium picolinate | byetta | symlin | topiramate | exubera | insulin isophane | ddavp | insulin aspart / insulin aspart protamine,liraglutide | victoza,339,228,228,339,0,0,0,0.4,1.0,1.0,0.9197207891481876,0.2,1.0,1.0,0.9197207891481876,0.1,1.0,1.0,0.9197207891481876,1.0,1.0,1.0,1.0,0.0,0.0,0.0,1.0
label_core_rerank,eval_0694,diclofenac | prednisone | methylprednisolone | adalimumab | humira | cellcept | infliximab | remicade | mycophenolate mofetil | hydrocortisone | triamcinolone | golimumab | simponi | dexamethasone | famotidine / ibuprofen | duexis | vimovo | azathioprine | esomeprazole / naproxen | imuran,adalimumab | humira,672,311,311,672,0,0,0,0.4,1.0,1.0,0.5012658353418871,0.2,1.0,1.0,0.5012658353418871,0.1,1.0,1.0,0.5012658353418871,0.25,1.0,1.0,1.0,0.0,0.0,0.0,1.0
label_core_rerank,eval_0699,elocon | clobetasol | desonide | prednisone | flurandrenolide | cordran tape | clocortolone | clobex | cloderm | mometasone | betamethasone | ultravate | fluocinonide | verdeso | fluocinolone | synalar | prednisolone / sulfacetamide sodium | halobetasol | olux | hydrocortisone,prednisone,1000,62,62,1000,0,0,0,0.2,1.0,1.0,0.43067655807339306,0.1,1.0,1.0,0.43067655807339306,0.05,1.0,1.0,0.43067655807339306,0.25,1.0,1.0,1.0,0.0,0.0,0.0,1.0
label_core_rerank,eval_0701,diclofenac | tramadol | stelara | acetaminophen / hydrocodone | enbrel | ustekinumab | doxycycline | etanercept | prednisone | lortab | ketoprofen | norco | indomethacin | valdecoxib | voltaren | duloxetine | cataflam | cymbalta | naprelan | probenecid,diclofenac | tramadol,273,255,255,273,0,0,0,0.4,1.0,1.0,1.0,0.2,1.0,1.0,1.0,0.1,1.0,1.0,1.0,1.0,1.0,1.0,1.0,0.0,0.0,0.0,1.0
label_core_rerank,eval_0707,doxycycline | azithromycin | rocephin | ceftriaxone | zyvox | linezolid | ampicillin | allopurinol | doryx | fluconazole | augmentin xr | cephalexin | gentamicin | bactrim | sulfamethoxazole / trimethoprim | minocycline | ceftin | avelox | moxifloxacin | amoxicillin,doxycycline | sulfamethoxazole / trimethoprim,1000,172,172,1000,0,0,0,0.2,0.5,1.0,0.46927872602275644,0.1,0.5,1.0,0.46927872602275644,0.1,1.0,1.0,0.6452582482812901,1.0,1.0,1.0,1.0,0.0,0.0,0.0,1.0
label_core_rerank,eval_0702,lorazepam | ativan | onabotulinumtoxina | botox | baclofen | abobotulinumtoxina | dysport | lioresal | botulinum toxin type b | myobloc | doxycycline | incobotulinumtoxina | xeomin | sulfamethoxazole / trimethoprim | ciprofloxacin | cipro | lidocaine | ofloxacin | gabapentin | amitriptyline,onabotulinumtoxina | ciprofloxacin,866,155,155,866,0,0,0,0.2,0.5,1.0,0.3065735963827292,0.1,0.5,1.0,0.3065735963827292,0.1,1.0,1.0,0.4598603945740938,0.3333333333333333,1.0,1.0,1.0,0.0,0.0,0.0,1.0
label_core_rerank,eval_0708,harvoni | ledipasvir / sofosbuvir | daklinza | daclatasvir | elbasvir / grazoprevir | zepatier | boceprevir | victrelis | sofosbuvir / velpatasvir | epclusa | simeprevir | olysio | mavyret | ribasphere | glecaprevir / pibrentasvir | sovaldi | sofosbuvir | telaprevir | incivek | peginterferon alfa-2a,ledipasvir / sofosbuvir | harvoni | sofosbuvir / velpatasvir,1000,31,31,1000,0,0,0,0.4,0.6666666666666666,1.0,0.7653606369886218,0.3,1.0,1.0,0.9066276098484508,0.15,1.0,1.0,0.9066276098484508,1.0,1.0,1.0,1.0,0.0,0.0,0.0,1.0
label_core_rerank,eval_0704,doxycycline | prednisone | gentamicin | lansoprazole | minocycline | moxifloxacin | dexamethasone | ciprofloxacin | levofloxacin | rifampin | amikacin | metronidazole | azithromycin | rocephin | dapsone | ceftriaxone | zyvox | linezolid | filgrastim | neupogen,doxycycline | azithromycin | minocycline,1000,230,230,1000,0,0,0,0.4,0.6666666666666666,1.0,0.6403937842521121,0.2,0.6666666666666666,1.0,0.6403937842521121,0.15,1.0,1.0,0.7741078151210964,1.0,1.0,1.0,1.0,0.0,0.0,0.0,1.0
label_core_rerank,eval_0706,prednisone | omalizumab | xolair | epinephrine | aristocort | triamcinolone | cromolyn | deltasone | prednisolone | cyproheptadine | promethazine | chlor-trimeton | phenergan | chlorpheniramine | ranitidine | carbinoxamine | azelastine | tetracaine | olopatadine | diphenhydramine,prednisone | triamcinolone | omalizumab | xolair | cromolyn,1000,288,288,1000,0,0,0,0.6,0.6,1.0,0.7227265726449519,0.5,1.0,1.0,0.9565912771023182,0.25,1.0,1.0,0.9565912771023182,1.0,1.0,1.0,1.0,0.0,0.0,0.0,1.0
label_core_rerank,eval_0711,aciphex | doxycycline | prednisone | rabeprazole | calcium carbonate / simethicone | prevacid | axid ar | nexium 24hr | prilosec otc | aluminum hydroxide / magnesium hydroxide / simethicone | nizatidine | protonix iv | omeprazole / sodium bicarbonate | mylanta | tagamet hb | zegerid | pepcid ac chewable tablets | triamcinolone | mylanta maximum strength | gentamicin,doxycycline,1000,109,109,1000,0,0,0,0.2,1.0,1.0,0.6309297535714574,0.1,1.0,1.0,0.6309297535714574,0.05,1.0,1.0,0.6309297535714574,0.5,1.0,1.0,1.0,0.0,0.0,0.0,1.0
label_core_rerank,eval_0713,clonazepam | propranolol | gabapentin | amitriptyline | sumatriptan | diclofenac | prednisone | clonidine | lithium | nortriptyline | verapamil | elavil | zolmitriptan | atenolol | nadolol | corgard | divalproex sodium | nimodipine | depakote er | metoprolol,propranolol,1000,179,179,885,0,0,0,0.2,1.0,1.0,0.6309297535714574,0.1,1.0,1.0,0.6309297535714574,0.05,1.0,1.0,0.6309297535714574,0.5,1.0,1.0,1.0,0.0,0.0,0.0,1.0
label_core_rerank,eval_0710,propranolol | verapamil | nitroglycerin | atenolol | nadolol | corgard | metoprolol | caduet | verelan pm | coreg | tenormin | lopressor | calan sr | toprol-xl | bisoprolol | lisinopril | ramipril | diltiazem | altace | carvedilol,metoprolol | atenolol,1000,335,335,1000,0,0,0,0.2,0.5,1.0,0.20210734650054757,0.2,1.0,1.0,0.4367467095119258,0.1,1.0,1.0,0.4367467095119258,0.25,1.0,1.0,1.0,0.0,0.0,0.0,1.0
label_core_rerank,eval_0705,clonidine | catapres | gabapentin | amitriptyline | onabotulinumtoxina | botox | hytrin | terazosin | aluminum chloride hexahydrate | drysol | hypercare | xerac ac | tapazole | potassium iodide | pima | oxybutynin | benztropine | methimazole | iodine / potassium iodide | propylthiouracil,clonidine | catapres | amitriptyline | onabotulinumtoxina | botox,1000,447,447,736,0,0,0,0.8,0.8,1.0,0.830419897363192,0.5,1.0,1.0,0.9512312000626861,0.25,1.0,1.0,0.9512312000626861,1.0,1.0,1.0,1.0,0.0,0.0,0.0,1.0
label_core_rerank,eval_0714,clonazepam | klonopin | propranolol | rizatriptan | treximet | lamotrigine | gabapentin | naproxen / sumatriptan | amitriptyline | relpax | maxalt | eletriptan | acetaminophen / butalbital / caffeine | frovatriptan | sumatriptan | bupropion | aspirin / butalbital / caffeine | diclofenac | frova | maxalt-mlt,gabapentin | propranolol,1000,179,179,1000,0,0,0,0.2,0.5,1.0,0.35195904451706733,0.2,1.0,1.0,0.5083852865246528,0.1,1.0,1.0,0.5083852865246528,0.3333333333333333,1.0,1.0,1.0,0.0,0.0,0.0,1.0
label_core_rerank,eval_0716,diclofenac | tramadol | stelara | acetaminophen / hydrocodone | enbrel | ustekinumab | doxycycline | etanercept | prednisone | lortab | ketoprofen | norco | indomethacin | valdecoxib | voltaren | duloxetine | cataflam | cymbalta | naprelan | probenecid,diclofenac,420,255,255,420,0,0,0,0.2,1.0,1.0,1.0,0.1,1.0,1.0,1.0,0.05,1.0,1.0,1.0,1.0,1.0,1.0,1.0,0.0,0.0,0.0,1.0
label_core_rerank,eval_0717,amitriptyline | spironolactone | doxycycline | venlafaxine | azithromycin | rocephin | phosphorated carbohydrate solution | acidophilus | elavil | methenamine | ceftriaxone | zyvox | vaniqa | linezolid | uta | ampicillin | sulfatrim | hiprex | allopurinol | eflornithine,doxycycline,172,172,172,172,0,0,0,0.2,1.0,1.0,0.5,0.1,1.0,1.0,0.5,0.05,1.0,1.0,0.5,0.3333333333333333,1.0,1.0,1.0,0.0,0.0,0.0,1.0
label_core_rerank,eval_0715,doxycycline | clindamycin | cephalexin | bactrim | sulfamethoxazole / trimethoprim | minocycline | keflex | doxy 100 | bactrim ds | vibramycin | septra | septra ds | smz-tmp ds | prednisone | metronidazole | nystatin / triamcinolone | azithromycin | rocephin | acidophilus | methenamine,doxycycline | clindamycin | sulfamethoxazole / trimethoprim | minocycline | bactrim,614,420,420,614,0,0,0,0.8,0.8,1.0,0.7833471457646615,0.5,1.0,1.0,0.9253029294833004,0.25,1.0,1.0,0.9253029294833004,1.0,1.0,1.0,1.0,0.0,0.0,0.0,1.0
label_core_rerank,eval_0722,lorazepam | ativan | baclofen | onabotulinumtoxina | botox | dysport | abobotulinumtoxina | lioresal | myobloc | botulinum toxin type b | xeomin | incobotulinumtoxina | diamox sequels | diamox | iohexol | doxycycline | ibuprofen | naproxen | cephalexin | triamcinolone,baclofen,628,12,12,628,0,0,0,0.2,1.0,1.0,0.5,0.1,1.0,1.0,0.5,0.05,1.0,1.0,0.5,0.3333333333333333,1.0,1.0,1.0,0.0,0.0,0.0,1.0
label_core_rerank,eval_0724,tadalafil | propranolol | sildenafil | dextroamphetamine | dexedrine | spironolactone | azor | amlodipine / olmesartan | clonidine | modafinil | amlodipine / hydrochlorothiazide / valsartan | exforge hct | avalide | verapamil | armodafinil | travoprost | hydrochlorothiazide / irbesartan | provigil | nuvigil | benicar,propranolol,1000,275,275,1000,0,0,0,0.2,1.0,1.0,0.6309297535714574,0.1,1.0,1.0,0.6309297535714574,0.05,1.0,1.0,0.6309297535714574,0.5,1.0,1.0,1.0,0.0,0.0,0.0,1.0
label_core_rerank,eval_0725,elocon | clobetasol | stelara | enbrel | ustekinumab | desonide | doxycycline | etanercept | prednisone | flurandrenolide | cordran tape | clocortolone | clobex | cloderm | thiothixene | desowen | methylprednisolone | adalimumab | mometasone | betamethasone,prednisone | enbrel,726,164,164,726,0,0,0,0.2,0.5,1.0,0.3031610197508214,0.2,1.0,1.0,0.44442799261065036,0.1,1.0,1.0,0.44442799261065036,0.25,1.0,1.0,1.0,0.0,0.0,0.0,1.0
label_core_rerank,eval_0723,prednisone | methylprednisolone | mometasone | budesonide | triamcinolone | medrol dosepak | dupilumab | dexamethasone | fluticasone | dexbrompheniramine / pseudoephedrine | drixoral cold and allergy | valacyclovir | valtrex | chlorpheniramine / hydrocodone | tussionex pennkinetic | acyclovir | zutripro | chlorpheniramine / hydrocodone / pseudoephedrine | acrivastine / pseudoephedrine | semprex-d,prednisone | methylprednisolone,1000,546,514,965,0,0,0,0.4,1.0,1.0,1.0,0.2,1.0,1.0,1.0,0.1,1.0,1.0,1.0,1.0,1.0,1.0,1.0,0.0,0.0,0.0,1.0
label_core_rerank,eval_0728,diclofenac | tramadol | stelara | acetaminophen / hydrocodone | enbrel | ustekinumab | doxycycline | etanercept | prednisone | lortab | ketoprofen | norco | indomethacin | valdecoxib | voltaren | duloxetine | cataflam | cymbalta | naprelan | probenecid,diclofenac | tramadol | acetaminophen / hydrocodone,403,255,255,403,0,0,0,0.6,1.0,1.0,0.9736505918364026,0.3,1.0,1.0,0.9736505918364026,0.15,1.0,1.0,0.9736505918364026,1.0,1.0,1.0,1.0,0.0,0.0,0.0,1.0
label_core_rerank,eval_0721,propylthiouracil | sodium iodide-i-131 | calcifediol | calcitriol | parathyroid hormone | ergocalciferol | aluminum chloride hexahydrate | drysol | gabapentin | amitriptyline | hypercare | clonidine | xerac ac | catapres | pima | tapazole | potassium iodide | oxybutynin | onabotulinumtoxina | botox,thyroid desiccated | armour thyroid | levothyroxine,1000,132,132,958,0,0,0,0.0,0.0,0.0,0.0,0.0,0.0,0.0,0.0,0.0,0.0,0.0,0.0,0.0,1.0,1.0,1.0,0.0,0.0,0.0,1.0
label_core_rerank,eval_0729,tadalafil | propranolol | sildenafil | dextroamphetamine | dexedrine | spironolactone | azor | amlodipine / olmesartan | clonidine | modafinil | amlodipine / hydrochlorothiazide / valsartan | exforge hct | avalide | verapamil | armodafinil | travoprost | hydrochlorothiazide / irbesartan | provigil | nuvigil | benicar,propranolol,1000,275,275,1000,0,0,0,0.2,1.0,1.0,0.6309297535714575,0.1,1.0,1.0,0.6309297535714575,0.05,1.0,1.0,0.6309297535714575,0.5,1.0,1.0,1.0,0.0,0.0,0.0,1.0
label_core_rerank,eval_0726,doxycycline | prednisone | azithromycin | methylprednisolone | mometasone | epinephrine | ampicillin | budesonide | kenalog-40 | augmentin xr | triamcinolone | bactrim | medrol dosepak | sulfamethoxazole / trimethoprim | flunisolide | zithromax | ceftin | ceftibuten | cedax | singulair,prednisone | methylprednisolone,1000,681,681,1000,0,0,0,0.4,1.0,1.0,0.6509209298071326,0.2,1.0,1.0,0.6509209298071326,0.1,1.0,1.0,0.6509209298071326,0.5,1.0,1.0,1.0,0.0,0.0,0.0,1.0
label_core_rerank,eval_0727,propranolol | verapamil | nitroglycerin | atenolol | nadolol | corgard | metoprolol | caduet | verelan pm | coreg | tenormin | lopressor | calan sr | toprol-xl | bisoprolol | lisinopril | ramipril | diltiazem | altace | carvedilol,propranolol | metoprolol,1000,335,335,975,0,0,0,0.2,0.5,1.0,0.46927872602275644,0.2,1.0,1.0,0.7039180890341347,0.1,1.0,1.0,0.7039180890341347,1.0,1.0,1.0,1.0,0.0,0.0,0.0,1.0
label_core_rerank,eval_0730,doxycycline | prednisone | metronidazole | azithromycin | rocephin | dapsone | ceftriaxone | zyvox | linezolid | filgrastim | neupogen | fluconazole | clindamycin | tobramycin | pyrimethamine | xenleta | lefamulin | gentamicin | ferralet 90 | cefotaxime,doxycycline | azithromycin,1000,132,132,1000,0,0,0,0.4,1.0,1.0,0.8772153153380493,0.2,1.0,1.0,0.8772153153380493,0.1,1.0,1.0,0.8772153153380493,1.0,1.0,1.0,1.0,0.0,0.0,0.0,1.0
label_core_rerank,eval_0732,elocon | clobetasol | stelara | enbrel | ustekinumab | desonide | doxycycline | etanercept | prednisone | flurandrenolide | cordran tape | clocortolone | clobex | cloderm | thiothixene | desowen | methylprednisolone | adalimumab | mometasone | betamethasone,enbrel,726,164,164,726,0,0,0,0.2,1.0,1.0,0.4306765580733931,0.1,1.0,1.0,0.4306765580733931,0.05,1.0,1.0,0.4306765580733931,0.25,1.0,1.0,1.0,0.0,0.0,0.0,1.0
label_core_rerank,eval_0731,baclofen | onabotulinumtoxina | botox | lioresal | clonazepam | klonopin | propranolol | rizatriptan | treximet | lamotrigine | gabapentin | naproxen / sumatriptan | amitriptyline | relpax | maxalt | eletriptan | acetaminophen / butalbital / caffeine | frovatriptan | sumatriptan | bupropion,baclofen | onabotulinumtoxina | botox | propranolol,1000,187,179,992,0,0,0,0.6,0.75,1.0,0.7434082460134748,0.4,1.0,1.0,0.8812605169021386,0.2,1.0,1.0,0.8812605169021386,1.0,1.0,1.0,1.0,0.0,0.0,0.0,1.0
label_core_rerank,eval_0733,phenylephrine | diltiazem | cardizem | cartia xt | cardizem cd | esmolol | dexbrompheniramine / pseudoephedrine | drixoral cold and allergy | valacyclovir | valtrex | chlorpheniramine / hydrocodone | tussionex pennkinetic | acyclovir | zutripro | chlorpheniramine / hydrocodone / pseudoephedrine | acrivastine / pseudoephedrine | semprex-d | doxycycline | cyproheptadine | privine,phenylephrine,1000,780,780,883,0,0,0,0.2,1.0,1.0,1.0,0.1,1.0,1.0,1.0,0.05,1.0,1.0,1.0,1.0,1.0,1.0,1.0,0.0,0.0,0.0,1.0
label_core_rerank,eval_0735,doxycycline | chlorpromazine | thorazine | minocycline | dexamethasone | haloperidol | haldol | prochlorperazine | compazine | elocon | clobetasol | ceftriaxone | desonide | prednisone | flurandrenolide | lactobacillus acidophilus | cordran tape | clocortolone | clobex | cloderm,prednisone | mometasone | clobetasol,934,300,300,934,0,0,0,0.0,0.0,0.0,0.0,0.0,0.0,0.0,0.0,0.1,0.6666666666666666,1.0,0.2510176459662485,0.09090909090909091,1.0,1.0,1.0,0.0,0.0,0.0,1.0
label_core_rerank,eval_0734,doxycycline | ibuprofen | naproxen | triamcinolone | flanax pain reliever | aleve | naprosyn | cephalexin | bactrim | sulfamethoxazole / trimethoprim | oxybutynin | avelox | moxifloxacin | doxy 100 | sucralfate | ditropan xl | ciprofloxacin | levofloxacin | bactrim ds | levaquin,diclofenac | tramadol | naproxen,273,273,0,0,0,0,0,0.2,0.3333333333333333,1.0,0.25454838678859487,0.1,0.3333333333333333,1.0,0.25454838678859487,0.05,0.3333333333333333,1.0,0.25454838678859487,0.3333333333333333,1.0,0.0,0.0,0.0,0.0,0.0,1.0
label_core_rerank,eval_0737,ephedrine | caffeine | doxycycline | prednisone | azithromycin | rocephin | methylprednisolone | ceftriaxone | mometasone | epinephrine | ampicillin | budesonide | kenalog-40 | augmentin xr | triamcinolone | bactrim | medrol dosepak | sulfamethoxazole / trimethoprim | flunisolide | zithromax,prednisone,1000,494,494,755,0,0,0,0.2,1.0,1.0,0.43067655807339306,0.1,1.0,1.0,0.43067655807339306,0.05,1.0,1.0,0.43067655807339306,0.25,1.0,1.0,1.0,0.0,0.0,0.0,1.0
label_core_rerank,eval_0738,doxycycline | prednisone | methylprednisolone | aspirin | kenalog-40 | triamcinolone | medrol dosepak | amoxicillin | dexamethasone | deltasone | canakinumab | dexbrompheniramine / pseudoephedrine | drixoral cold and allergy | valacyclovir | valtrex | chlorpheniramine / hydrocodone | tussionex pennkinetic | acyclovir | zutripro | chlorpheniramine / hydrocodone / pseudoephedrine,prednisone | methylprednisolone | triamcinolone | aspirin,1000,755,755,1000,0,0,0,0.6,0.75,1.0,0.6096199500078984,0.4,1.0,1.0,0.7486761295186739,0.2,1.0,1.0,0.7486761295186739,0.5,1.0,1.0,1.0,0.0,0.0,0.0,1.0
label_core_rerank,eval_0740,doxycycline | azithromycin | ceftriaxone | ampicillin | allopurinol | doryx | sodium bicarbonate | amoxicillin | risperdal | risperidone | amoxicillin / clavulanate | ciprofloxacin | cipro | spironolactone | magnesium oxide | rocephin | zyvox | linezolid | fluconazole | augmentin xr,doxycycline,1000,172,62,855,0,0,0,0.2,1.0,1.0,1.0,0.1,1.0,1.0,1.0,0.05,1.0,1.0,1.0,1.0,1.0,1.0,1.0,0.0,0.0,0.0,1.0
label_core_rerank,eval_0739,baclofen | onabotulinumtoxina | botox | lioresal | propranolol | clonidine | verapamil | benicar | atenolol | catapres | nadolol | corgard | innopran xl | olmesartan | metoprolol | verelan pm | inderal | tenormin | calan sr | lisinopril,onabotulinumtoxina | botox | propranolol,1000,187,187,937,0,0,0,0.6,1.0,1.0,0.6504198609257138,0.3,1.0,1.0,0.6504198609257138,0.15,1.0,1.0,0.6504198609257138,0.5,1.0,1.0,1.0,0.0,0.0,0.0,1.0
label_core_rerank,eval_0743,clonazepam | klonopin | propranolol | rizatriptan | treximet | lamotrigine | gabapentin | naproxen / sumatriptan | amitriptyline | relpax | maxalt | eletriptan | acetaminophen / butalbital / caffeine | frovatriptan | sumatriptan | bupropion | aspirin / butalbital / caffeine | diclofenac | frova | maxalt-mlt,gabapentin | propranolol,1000,179,179,1000,0,0,0,0.2,0.5,1.0,0.35195904451706733,0.2,1.0,1.0,0.5083852865246528,0.1,1.0,1.0,0.5083852865246528,0.3333333333333333,1.0,1.0,1.0,0.0,0.0,0.0,1.0
label_core_rerank,eval_0745,valacyclovir | valtrex | acyclovir | immune globulin intramuscular | measles virus vaccine / mumps virus vaccine / rubella virus vaccine / varicella virus vaccine | varicella virus vaccine | varicella zoster immune globulin | foscarnet | acetaminophen | aciphex | elocon | clobetasol | desonide | doxycycline | prednisone | rabeprazole | flurandrenolide | cordran tape | calcium carbonate / simethicone | clocortolone,valacyclovir | valtrex | acyclovir,176,8,8,176,0,0,0,0.6,1.0,1.0,1.0,0.3,1.0,1.0,1.0,0.15,1.0,1.0,1.0,1.0,1.0,1.0,1.0,0.0,0.0,0.0,1.0
label_core_rerank,eval_0742,amitriptyline | venlafaxine | elavil | memantine | spironolactone | doxycycline | azithromycin | ceftriaxone | ampicillin | allopurinol | magnesium oxide | doryx | augmentin xr | cephalexin | sodium bicarbonate | bactrim | sulfamethoxazole / trimethoprim | ceftin | avelox | moxifloxacin,amitriptyline | venlafaxine | elavil | doxycycline,1000,347,347,1000,0,0,0,0.6,0.75,1.0,0.8530852898337354,0.4,1.0,1.0,0.9585634296870922,0.2,1.0,1.0,0.9585634296870922,1.0,1.0,1.0,1.0,0.0,0.0,0.0,1.0
label_core_rerank,eval_0749,propranolol | verapamil | nitro-bid | aspirin | epinephrine | nitroglycerin | enoxaparin | lovenox | atenolol | nadolol | corgard | angiomax | fragmin | streptokinase | dalteparin | bivalirudin | bayer aspirin extra strength plus | warfarin | plavix | metoprolol,metoprolol,1000,90,90,1000,0,0,0,0.0,0.0,0.0,0.0,0.0,0.0,0.0,0.0,0.05,1.0,1.0,0.227670248696953,0.05,1.0,1.0,1.0,0.0,0.0,0.0,1.0
label_core_rerank,eval_0746,cyproheptadine | promethazine | prednisone | chlor-trimeton | phenergan | chlorpheniramine | epinephrine | ranitidine | carbinoxamine | azelastine | triamcinolone | tetracaine | olopatadine | diphenhydramine | benadryl | cetirizine | allegra | fexofenadine | zyrtec | levocetirizine,prednisone,672,558,511,625,0,0,0,0.2,1.0,1.0,0.5,0.1,1.0,1.0,0.5,0.05,1.0,1.0,0.5,0.3333333333333333,1.0,1.0,1.0,0.0,0.0,0.0,1.0
label_core_rerank,eval_0747,baclofen | onabotulinumtoxina | botox | lioresal | ibuprofen | naproxen | aleve | clonazepam | lorazepam | klonopin | propranolol | rizatriptan | ativan | treximet | lamotrigine | gabapentin | naproxen / sumatriptan | amitriptyline | relpax | maxalt,baclofen | onabotulinumtoxina | botox | naproxen | ibuprofen | aleve,1000,187,187,1000,0,0,0,0.8,0.6666666666666666,1.0,0.8191577303746509,0.6,1.0,1.0,0.915696076330688,0.3,1.0,1.0,0.915696076330688,1.0,1.0,1.0,1.0,0.0,0.0,0.0,1.0
label_core_rerank,eval_0752,elocon | clobetasol | stelara | enbrel | ustekinumab | desonide | doxycycline | etanercept | prednisone | flurandrenolide | cordran tape | clocortolone | clobex | cloderm | thiothixene | desowen | methylprednisolone | adalimumab | mometasone | betamethasone,prednisone | enbrel,358,164,164,358,0,0,0,0.2,0.5,1.0,0.3031610197508214,0.2,1.0,1.0,0.44442799261065036,0.1,1.0,1.0,0.44442799261065036,0.25,1.0,1.0,1.0,0.0,0.0,0.0,1.0
label_core_rerank,eval_0750,aluminum hydroxide / magnesium hydroxide / simethicone | ranitidine | lansoprazole | aciphex | rabeprazole | cimetidine | calcium carbonate / simethicone | omeprazole | prevacid | axid ar | nexium 24hr | prilosec otc | pantoprazole | nizatidine | protonix iv | omeprazole / sodium bicarbonate | axid | mylanta | zegerid | pepcid ac chewable tablets,lansoprazole | aciphex | dexlansoprazole | rabeprazole,1000,549,549,884,0,0,0,0.6,0.75,1.0,0.5143371794949736,0.3,0.75,1.0,0.5143371794949736,0.15,0.75,1.0,0.5143371794949736,0.3333333333333333,1.0,1.0,1.0,0.0,0.0,0.0,1.0
label_core_rerank,eval_0751,doxycycline | azithromycin | rocephin | ceftriaxone | zyvox | linezolid | fluconazole | gentamicin | sulfamethoxazole / trimethoprim | minocycline | ceftin | avelox | moxifloxacin | amoxicillin | amoxil | amoxicillin / clavulanate | augmentin | cefuroxime | clarithromycin | cefepime,doxycycline | azithromycin | sulfamethoxazole / trimethoprim | minocycline | bactrim,1000,267,267,975,0,0,0,0.4,0.4,1.0,0.5784447668310352,0.4,0.8,1.0,0.7535603713287667,0.2,0.8,1.0,0.7535603713287667,1.0,1.0,1.0,1.0,0.0,0.0,0.0,1.0
label_core_rerank,eval_0756,doxycycline | prednisone | methylprednisolone | betamethasone | aspirin | hydrocortisone | kenalog-40 | triamcinolone | medrol dosepak | hydroxychloroquine | amoxicillin | sodium hyaluronate | dexamethasone | corticotropin | deltasone | loteprednol | lotemax | prednisolone | canakinumab | diclofenac,doxycycline | prednisone | methylprednisolone,850,255,255,850,0,0,0,0.6,1.0,1.0,0.9151505377371351,0.3,1.0,1.0,0.9151505377371351,0.15,1.0,1.0,0.9151505377371351,1.0,1.0,1.0,1.0,0.0,0.0,0.0,1.0
label_core_rerank,eval_0753,propranolol | clonidine | verapamil | benicar | atenolol | catapres | nadolol | corgard | innopran xl | olmesartan | metoprolol | verelan pm | inderal | tenormin | calan sr | lisinopril | amlodipine | inderal la | norvasc | prinivil,propranolol | verapamil,1000,433,433,1000,0,0,0,0.4,1.0,1.0,0.9385574520455129,0.2,1.0,1.0,0.9385574520455129,0.1,1.0,1.0,0.9385574520455129,1.0,1.0,1.0,1.0,0.0,0.0,0.0,1.0
label_core_rerank,eval_0754,prednisone | ibuprofen | naproxen | aleve | diclofenac | indomethacin | naprelan | acetaminophen / aspirin / caffeine | celecoxib | motrin | advil liqui-gels | advil | excedrin | deltasone | anaprox-ds | clonazepam | klonopin | propranolol | rizatriptan | treximet,prednisone | naproxen | ibuprofen | aleve,889,419,419,889,0,0,0,0.8,1.0,1.0,1.0,0.4,1.0,1.0,1.0,0.2,1.0,1.0,1.0,1.0,1.0,1.0,1.0,0.0,0.0,0.0,1.0
label_core_rerank,eval_0755,doxycycline | ibuprofen | naproxen | triamcinolone | flanax pain reliever | aleve | naprosyn | diclofenac | tramadol | stelara | acetaminophen / hydrocodone | enbrel | ustekinumab | etanercept | prednisone | lortab | ketoprofen | norco | indomethacin | valdecoxib,diclofenac | tramadol | acetaminophen / hydrocodone | naproxen | triamcinolone,273,273,273,273,0,0,0,0.4,0.4,1.0,0.313682359004371,0.4,0.8,1.0,0.5193792093483858,0.25,1.0,1.0,0.5934888210122732,0.3333333333333333,1.0,1.0,1.0,0.0,0.0,0.0,1.0
label_core_rerank,eval_0759,doxycycline | lithium | chlorpromazine | allopurinol | clindamycin | artemether / lumefantrine | coartem | divalproex sodium | daraprim | fansidar | stavzor | halofantrine | halfan | pyrimethamine | pyrimethamine / sulfadoxine | depakote er | thorazine | hydroxychloroquine | depakote | risperdal,doxycycline | clindamycin,1000,34,34,1000,0,0,0,0.4,1.0,1.0,0.8854598815714874,0.2,1.0,1.0,0.8854598815714874,0.1,1.0,1.0,0.8854598815714874,1.0,1.0,1.0,1.0,0.0,0.0,0.0,1.0
label_core_rerank,eval_0757,doxycycline | prednisone | gentamicin | lansoprazole | minocycline | moxifloxacin | dexamethasone | ciprofloxacin | levofloxacin | rifampin | amikacin | aciphex | rabeprazole | calcium carbonate / simethicone | prevacid | axid ar | nexium 24hr | prilosec otc | aluminum hydroxide / magnesium hydroxide / simethicone | nizatidine,doxycycline | azithromycin,1000,230,230,1000,0,0,0,0.2,0.5,1.0,0.6131471927654584,0.1,0.5,1.0,0.6131471927654584,0.05,0.5,1.0,0.6131471927654584,1.0,1.0,1.0,1.0,0.0,0.0,0.0,1.0
label_core_rerank,eval_0760,tadalafil | propranolol | sildenafil | dextroamphetamine | dexedrine | spironolactone | azor | amlodipine / olmesartan | clonidine | modafinil | amlodipine / hydrochlorothiazide / valsartan | exforge hct | avalide | verapamil | armodafinil | travoprost | hydrochlorothiazide / irbesartan | provigil | nuvigil | benicar,propranolol,1000,275,275,1000,0,0,0,0.2,1.0,1.0,0.6309297535714575,0.1,1.0,1.0,0.6309297535714575,0.05,1.0,1.0,0.6309297535714575,0.5,1.0,1.0,1.0,0.0,0.0,0.0,1.0
label_core_rerank,eval_0761,doxycycline | ibuprofen | naproxen | triamcinolone | flanax pain reliever | aleve | naprosyn | cephalexin | bactrim | sulfamethoxazole / trimethoprim | oxybutynin | avelox | moxifloxacin | doxy 100 | sucralfate | ditropan xl | ciprofloxacin | levofloxacin | bactrim ds | levaquin,naproxen | triamcinolone | ibuprofen | aleve | naprosyn,273,273,273,273,0,0,0,0.6,0.6,1.0,0.5296347172140421,0.5,1.0,1.0,0.7634994216714083,0.25,1.0,1.0,0.7634994216714083,0.5,1.0,1.0,1.0,0.0,0.0,0.0,1.0
label_core_rerank,eval_0766,rabeprazole | omeprazole / sodium bicarbonate | ranitidine | lansoprazole | zantac | esomeprazole | protonix | nexium | sucralfate | cimetidine | omeprazole | pantoprazole | carafate | pepcid | calcium carbonate | famotidine | aciphex | calcium carbonate / simethicone | prevacid | axid ar,rabeprazole | esomeprazole | lansoprazole,1000,80,80,1000,0,0,0,0.4,0.6666666666666666,1.0,0.6713860725233042,0.3,1.0,1.0,0.8385465274895064,0.15,1.0,1.0,0.8385465274895064,1.0,1.0,1.0,1.0,0.0,0.0,0.0,1.0
label_core_rerank,eval_0767,doxycycline | prednisone | azithromycin | rocephin | aclidinium | tudorza pressair | xopenex | methylprednisolone | omalizumab | ceftriaxone | mometasone | xolair | levalbuterol | primatene mist | intal inhaler | zafirlukast | accolate | guaifenesin | epinephrine | ipratropium inhalation solution,prednisone,1000,221,221,996,0,0,0,0.2,1.0,1.0,0.6309297535714575,0.1,1.0,1.0,0.6309297535714575,0.05,1.0,1.0,0.6309297535714575,0.5,1.0,1.0,1.0,0.0,0.0,0.0,1.0
label_core_rerank,eval_0763,gabapentin | pregabalin | nortriptyline | topiramate | lyrica | neurontin | topamax | lisinopril | insulin regular | sodium bicarbonate | fosinopril | dexamethasone | captopril | ramipril | cozaar | altace | moexipril | losartan | hydrochlorothiazide | benazepril,topiramate | nortriptyline | topamax,1000,399,399,843,0,0,0,0.4,0.6666666666666666,1.0,0.4367467095119258,0.3,1.0,1.0,0.5931729515195112,0.15,1.0,1.0,0.5931729515195112,0.3333333333333333,1.0,1.0,1.0,0.0,0.0,0.0,1.0
label_core_rerank,eval_0764,doxycycline | clindamycin | cephalexin | bactrim | sulfamethoxazole / trimethoprim | minocycline | keflex | doxy 100 | bactrim ds | vibramycin | septra | septra ds | smz-tmp ds | doryx | prednisone | metronidazole | nystatin / triamcinolone | azithromycin | rocephin | acidophilus,doxycycline | clindamycin | sulfamethoxazole / trimethoprim,888,420,420,888,0,0,0,0.6,1.0,1.0,0.956993457308443,0.3,1.0,1.0,0.956993457308443,0.15,1.0,1.0,0.956993457308443,1.0,1.0,1.0,1.0,0.0,0.0,0.0,1.0
label_core_rerank,eval_0765,spironolactone | furosemide | urea | vascepa | icosapent | insulin regular | magnesium amino acids chelate | rocaltrol | magnesium oxide | glucose | sodium bicarbonate | calcifediol | magnesium gluconate | cabergoline | dostinex | calcitriol | omacor | diazoxide | proglycem | insta-glucose,propranolol,1000,330,330,795,0,0,0,0.0,0.0,0.0,0.0,0.0,0.0,0.0,0.0,0.0,0.0,0.0,0.0,0.0,1.0,1.0,1.0,0.0,0.0,0.0,1.0
label_core_rerank,eval_0768,fosinopril | captopril | lisinopril | ramipril | cozaar | altace | moexipril | losartan | hydrochlorothiazide | benazepril | avapro | irbesartan | perindopril | enalapril | quinapril | vasotec | trandolapril | liraglutide | gabapentin | victoza,liraglutide | victoza,1000,486,242,750,0,0,0,0.0,0.0,0.0,0.0,0.0,0.0,0.0,0.0,0.1,1.0,1.0,0.2839356882474717,0.05555555555555555,1.0,1.0,1.0,0.0,0.0,0.0,1.0
label_core_rerank,eval_0762,prednisone | methylprednisolone | adalimumab | humira | infliximab | remicade | hydrocortisone | triamcinolone | dexamethasone | prednisolone | doxycycline | betamethasone | kenalog-40 | minocycline | cyclosporine | tetracycline | sucralfate | ciprofloxacin | levofloxacin | sodium hyaluronate,prednisone | adalimumab | humira | methylprednisolone,987,448,244,783,0,0,0,0.8,1.0,1.0,0.8963224112809581,0.4,1.0,1.0,0.8963224112809581,0.2,1.0,1.0,0.8963224112809581,1.0,1.0,1.0,1.0,0.0,0.0,0.0,1.0
label_core_rerank,eval_0771,"valacyclovir | valtrex | acyclovir | immune globulin intramuscular | foscarnet | measles virus vaccine / mumps virus vaccine / rubella virus vaccine / varicella virus vaccine | varicella virus vaccine | varicella zoster immune globulin | dexamethasone | diphtheria and tetanus toxoids / pertussis, acellular / poliovirus vaccine, inactivated / haemophilus b conjugate / hepatitis b vaccine | diphtheria toxoid / hepatitis b pediatric vaccine / pertussis, acellular / poliovirus vaccine, inactivated / tetanus toxoid | clobetasol | fluocinolone | gabapentin | pregabalin | nortriptyline | topiramate | lyrica | insulin regular | neurontin",valacyclovir | valtrex | acyclovir,1000,8,8,1000,0,0,0,0.6,1.0,1.0,1.0,0.3,1.0,1.0,1.0,0.15,1.0,1.0,1.0,1.0,1.0,1.0,1.0,0.0,0.0,0.0,1.0
label_core_rerank,eval_0773,elocon | clobetasol | desonide | prednisone | flurandrenolide | cordran tape | clocortolone | clobex | cloderm | methylprednisolone | mometasone | betamethasone | cellcept | fluocinonide | fluocinolone | mycophenolate mofetil | budesonide | hydrocortisone | desoximetasone | zenpep,prednisone | methylprednisolone,144,49,49,144,0,0,0,0.2,0.5,1.0,0.26406812257259094,0.2,1.0,1.0,0.44130740935663865,0.1,1.0,1.0,0.44130740935663865,0.25,1.0,1.0,1.0,0.0,0.0,0.0,1.0
label_core_rerank,eval_0775,doxycycline | prednisone | metronidazole | azithromycin | rocephin | dapsone | ceftriaxone | zyvox | linezolid | filgrastim | neupogen | fluconazole | clindamycin | tobramycin | cefotaxime | lefamulin | gentamicin | integra | oxymetholone | vancocin hcl,doxycycline | azithromycin,1000,132,132,1000,0,0,0,0.4,1.0,1.0,0.8772153153380493,0.2,1.0,1.0,0.8772153153380493,0.1,1.0,1.0,0.8772153153380493,1.0,1.0,1.0,1.0,0.0,0.0,0.0,1.0
label_core_rerank,eval_0770,doxycycline | prednisone | methylprednisolone | mometasone | kenalog-40 | triamcinolone | albendazole | dexamethasone | valacyclovir | valtrex | acyclovir | azithromycin | doryx | clindamycin | cephalexin | bactrim | sulfamethoxazole / trimethoprim | zithromax | ceftin | avelox,prednisone | methylprednisolone | mometasone,1000,667,667,956,0,0,0,0.6,1.0,1.0,0.7328286204777911,0.3,1.0,1.0,0.7328286204777911,0.15,1.0,1.0,0.7328286204777911,0.5,1.0,1.0,1.0,0.0,0.0,0.0,1.0
label_core_rerank,eval_0769,doxycycline | azithromycin | rocephin | acidophilus | methenamine | ceftriaxone | zyvox | linezolid | hiprex | lactobacillus acidophilus | fluconazole | cephalexin | gentamicin | doripenem | bactrim | sulfamethoxazole / trimethoprim | minocycline | ceftin | avelox | moxifloxacin,doxycycline | sulfamethoxazole / trimethoprim | minocycline | bactrim,849,287,287,849,0,0,0,0.2,0.25,1.0,0.2961145750868013,0.1,0.25,1.0,0.2961145750868013,0.2,1.0,1.0,0.5868363943688328,1.0,1.0,1.0,1.0,0.0,0.0,0.0,1.0
label_core_rerank,eval_0776,doxycycline | prednisone | azithromycin | rocephin | aclidinium | tudorza pressair | xopenex | methylprednisolone | omalizumab | ceftriaxone | mometasone | xolair | levalbuterol | primatene mist | intal inhaler | accolate | zafirlukast | guaifenesin | epinephrine | revefenacin,prednisone,1000,221,221,1000,0,0,0,0.2,1.0,1.0,0.6309297535714574,0.1,1.0,1.0,0.6309297535714574,0.05,1.0,1.0,0.6309297535714574,0.5,1.0,1.0,1.0,0.0,0.0,0.0,1.0
label_core_rerank,eval_0774,doxycycline | prednisone | azithromycin | rocephin | ceftriaxone | sulfamethoxazole / trimethoprim | zithromax | ceftin | avelox | moxifloxacin | amoxicillin | amoxil | amoxicillin / clavulanate | biaxin xl | augmentin | dexamethasone | cefuroxime | clarithromycin | ciprofloxacin | erythromycin,doxycycline | azithromycin | prednisone,1000,319,319,973,0,0,0,0.6,1.0,1.0,1.0,0.3,1.0,1.0,1.0,0.15,1.0,1.0,1.0,1.0,1.0,1.0,1.0,0.0,0.0,0.0,1.0
label_core_rerank,eval_0781,isotretinoin | accutane | benzoyl peroxide / clindamycin | tretinoin | adapalene / benzoyl peroxide | epiduo | magnesium hydroxide | claravis | benzaclin | spironolactone | doxycycline | phillips' milk of magnesia | duac | retin-a | dapsone | aczone | clindamycin / tretinoin | drospirenone / ethinyl estradiol | onexton | benzoyl peroxide / sulfur,isotretinoin | accutane | adapalene / benzoyl peroxide,273,273,273,273,0,0,0,0.6,1.0,1.0,0.9469024295259745,0.3,1.0,1.0,0.9469024295259745,0.15,1.0,1.0,0.9469024295259745,1.0,1.0,1.0,1.0,0.0,0.0,0.0,1.0
label_core_rerank,eval_0783,isotretinoin | accutane | benzoyl peroxide / clindamycin | tretinoin | adapalene / benzoyl peroxide | epiduo | magnesium hydroxide | claravis | benzaclin | spironolactone | doxycycline | phillips' milk of magnesia | duac | retin-a | dapsone | aczone | clindamycin / tretinoin | drospirenone / ethinyl estradiol | onexton | benzoyl peroxide / sulfur,isotretinoin | accutane | adapalene / benzoyl peroxide,273,273,273,273,0,0,0,0.6,1.0,1.0,0.9469024295259745,0.3,1.0,1.0,0.9469024295259745,0.15,1.0,1.0,0.9469024295259745,1.0,1.0,1.0,1.0,0.0,0.0,0.0,1.0
label_core_rerank,eval_0778,doxycycline | ibuprofen | naproxen | triamcinolone | flanax pain reliever | aleve | naprosyn | diclofenac | tramadol | stelara | acetaminophen / hydrocodone | enbrel | ustekinumab | etanercept | prednisone | lortab | ketoprofen | norco | indomethacin | valdecoxib,diclofenac | naproxen | triamcinolone,273,273,273,273,0,0,0,0.4,0.6666666666666666,1.0,0.4367467095119258,0.3,1.0,1.0,0.5847876649948583,0.15,1.0,1.0,0.5847876649948583,0.3333333333333333,1.0,1.0,1.0,0.0,0.0,0.0,1.0
label_core_rerank,eval_0779,doxycycline | clindamycin | cephalexin | bactrim | sulfamethoxazole / trimethoprim | minocycline | keflex | doxy 100 | bactrim ds | vibramycin | septra | septra ds | smz-tmp ds | doryx | isotretinoin | accutane | benzoyl peroxide / clindamycin | tretinoin | adapalene / benzoyl peroxide | epiduo,doxycycline | clindamycin | minocycline,888,420,420,888,0,0,0,0.4,0.6666666666666666,1.0,0.7232329748419101,0.3,1.0,1.0,0.9045769045236105,0.15,1.0,1.0,0.9045769045236105,1.0,1.0,1.0,1.0,0.0,0.0,0.0,1.0
label_core_rerank,eval_0777,doxycycline | prednisone | azithromycin | rocephin | ceftriaxone | sulfamethoxazole / trimethoprim | zithromax | ceftin | avelox | moxifloxacin | amoxicillin | amoxil | amoxicillin / clavulanate | augmentin | dexamethasone | cefuroxime | ciprofloxacin | levofloxacin | levaquin | azithromycin dose pack,doxycycline | azithromycin | prednisone | moxifloxacin | ceftriaxone | rocephin | zithromax,1000,420,420,900,0,0,0,1.0,0.7142857142857143,1.0,0.8919478197221427,0.7,1.0,1.0,0.8936013628921512,0.35,1.0,1.0,0.8936013628921512,1.0,1.0,1.0,1.0,0.0,0.0,0.0,1.0
label_core_rerank,eval_0784,gabapentin | amitriptyline | sumatriptan | nortriptyline | elavil | zolmitriptan | pamelor | metoclopramide | reglan | doxycycline | promethazine | prednisone | clonidine | lithium | ceftriaxone | phenergan | meclizine | chlorpromazine | ampicillin | catapres,amitriptyline | sumatriptan,1000,315,315,836,0,0,0,0.4,1.0,1.0,0.6480409554829326,0.2,1.0,1.0,0.6480409554829326,0.1,1.0,1.0,0.6480409554829326,0.5,1.0,1.0,1.0,0.0,0.0,0.0,1.0
label_core_rerank,eval_0786,aciphex | rabeprazole | calcium carbonate / simethicone | prevacid | axid ar | nexium 24hr | prilosec otc | aluminum hydroxide / magnesium hydroxide / simethicone | nizatidine | protonix iv | omeprazole / sodium bicarbonate | mylanta | axid | ranitidine | zegerid | pepcid ac chewable tablets | dexlansoprazole | lansoprazole | zantac | kapidex,aciphex | dexlansoprazole | rabeprazole,1000,45,45,1000,0,0,0,0.4,0.6666666666666666,1.0,0.7653606369886218,0.2,0.6666666666666666,1.0,0.7653606369886218,0.15,1.0,1.0,0.8778995257840894,1.0,1.0,1.0,1.0,0.0,0.0,0.0,1.0
label_core_rerank,eval_0789,aciphex | doxycycline | prednisone | rabeprazole | calcium carbonate / simethicone | prevacid | axid ar | nexium 24hr | prilosec otc | aluminum hydroxide / magnesium hydroxide / simethicone | nizatidine | protonix iv | omeprazole / sodium bicarbonate | tagamet hb | mylanta | zegerid | pepcid ac chewable tablets | triamcinolone | rifadin | alka-seltzer heartburn + gas,doxycycline,615,109,109,615,0,0,0,0.2,1.0,1.0,0.6309297535714574,0.1,1.0,1.0,0.6309297535714574,0.05,1.0,1.0,0.6309297535714574,0.5,1.0,1.0,1.0,0.0,0.0,0.0,1.0
label_core_rerank,eval_0790,diclofenac | tramadol | stelara | acetaminophen / hydrocodone | enbrel | ustekinumab | doxycycline | etanercept | prednisone | lortab | ketoprofen | norco | indomethacin | valdecoxib | voltaren | duloxetine | cataflam | cymbalta | naprelan | probenecid,diclofenac | tramadol,273,255,255,273,0,0,0,0.4,1.0,1.0,1.0,0.2,1.0,1.0,1.0,0.1,1.0,1.0,1.0,1.0,1.0,1.0,1.0,0.0,0.0,0.0,1.0
label_core_rerank,eval_0787,prednisone | methylprednisolone | cellcept | mycophenolate mofetil | budesonide | hydrocortisone | triamcinolone | dexamethasone | azathioprine | imuran | mercaptopurine | elocon | clobetasol | desonide | flurandrenolide | cordran tape | clocortolone | clobex | cloderm | mometasone,prednisone | methylprednisolone,890,118,118,890,0,0,0,0.4,1.0,1.0,1.0,0.2,1.0,1.0,1.0,0.1,1.0,1.0,1.0,1.0,1.0,1.0,1.0,0.0,0.0,0.0,1.0
label_core_rerank,eval_0791,gabapentin | amitriptyline | clonidine | catapres | onabotulinumtoxina | botox | aluminum chloride hexahydrate | drysol | hypercare | thyroid desiccated | westhroid | cenestin | estropipate | conjugated estrogens | armour thyroid | xerac ac | premarin | thyquidity | pima | potassium iodide,gabapentin | amitriptyline | clonidine,1000,179,179,843,0,0,0,0.6,1.0,1.0,0.9298593499260985,0.3,1.0,1.0,0.9298593499260985,0.15,1.0,1.0,0.9298593499260985,1.0,1.0,1.0,1.0,0.0,0.0,0.0,1.0
label_core_rerank,eval_0785,propranolol | clonidine | verapamil | benicar | atenolol | catapres | nadolol | corgard | innopran xl | olmesartan | metoprolol | verelan pm | inderal | tenormin | calan sr | lisinopril | amlodipine | inderal la | norvasc | prinivil,propranolol | clonidine | verapamil,1000,433,433,1000,0,0,0,0.6,1.0,1.0,1.0,0.3,1.0,1.0,1.0,0.15,1.0,1.0,1.0,1.0,1.0,1.0,1.0,0.0,0.0,0.0,1.0
label_core_rerank,eval_0792,valacyclovir | valtrex | acyclovir | foscarnet | immune globulin intramuscular | measles virus vaccine / mumps virus vaccine / rubella virus vaccine / varicella virus vaccine | varicella virus vaccine | varicella zoster immune globulin | cefadroxil | retapamulin | altabax | mupirocin | cefuroxime | ammoniated mercury | sulconazole | ozenoxacin | doxycycline | prednisone | metronidazole | azithromycin,valacyclovir | valtrex | acyclovir | mupirocin | retapamulin,1000,16,16,1000,0,0,0,0.6,0.6,1.0,0.7963266453996554,0.4,0.8,1.0,0.8683421660298584,0.25,1.0,1.0,0.9356673457590128,1.0,1.0,1.0,1.0,0.0,0.0,0.0,1.0
label_core_rerank,eval_0794,doxycycline | ibuprofen | naproxen | triamcinolone | flanax pain reliever | aleve | naprosyn | cephalexin | bactrim | sulfamethoxazole / trimethoprim | oxybutynin | avelox | moxifloxacin | doxy 100 | sucralfate | ditropan xl | ciprofloxacin | levofloxacin | bactrim ds | levaquin,naproxen | triamcinolone,273,273,273,273,0,0,0,0.4,1.0,1.0,0.5706417189553201,0.2,1.0,1.0,0.5706417189553201,0.1,1.0,1.0,0.5706417189553201,0.3333333333333333,1.0,1.0,1.0,0.0,0.0,0.0,1.0
label_core_rerank,eval_0799,"epivir-hbv | tenofovir | viread | lamivudine | peginterferon alfa-2a | interferon alfa-2b | hepatitis b adult vaccine | adefovir | diphtheria toxoid / hepatitis b pediatric vaccine / pertussis, acellular / poliovirus vaccine, inactivated / tetanus toxoid | entecavir | peginterferon alfa-2b | diphtheria and tetanus toxoids / pertussis, acellular / poliovirus vaccine, inactivated / haemophilus b conjugate / hepatitis b vaccine | tenofovir alafenamide | hepatitis b pediatric vaccine | hepatitis b immune globulin | hepatitis a adult vaccine / hepatitis b adult vaccine | valacyclovir | valtrex | clobetasol | acyclovir",tenofovir | peginterferon alfa-2a | viread,850,16,16,850,0,0,0,0.6,1.0,1.0,0.7122630665145961,0.3,1.0,1.0,0.7122630665145961,0.15,1.0,1.0,0.7122630665145961,0.5,1.0,1.0,1.0,0.0,0.0,0.0,1.0
label_core_rerank,eval_0796,prednisone | omalizumab | xolair | epinephrine | aristocort | triamcinolone | cromolyn | deltasone | prednisolone | pepcid | doxycycline | azithromycin | methylprednisolone | mometasone | famotidine | ampicillin | budesonide | kenalog-40 | augmentin xr | bactrim,prednisone | triamcinolone | omalizumab | methylprednisolone,1000,288,288,1000,0,0,0,0.4,0.5,1.0,0.6744821105691429,0.3,0.75,1.0,0.7726900498685509,0.2,1.0,1.0,0.8813105544267373,1.0,1.0,1.0,1.0,0.0,0.0,0.0,1.0
label_core_rerank,eval_0800,doxycycline | gentamicin | minocycline | moxifloxacin | ciprofloxacin | levofloxacin | bethanechol | amikacin | bcg | azithromycin | rocephin | ceftriaxone | zyvox | linezolid | ampicillin | doryx | fluconazole | augmentin xr | cephalexin | bactrim,doxycycline | moxifloxacin | azithromycin | sulfamethoxazole / trimethoprim | bactrim,1000,272,272,883,0,0,0,0.4,0.4,1.0,0.380102403693882,0.3,0.6,1.0,0.45690119842268134,0.2,0.8,1.0,0.5476324069802235,1.0,1.0,1.0,1.0,0.0,0.0,0.0,1.0
label_core_rerank,eval_0803,aciphex | doxycycline | prednisone | rabeprazole | calcium carbonate / simethicone | prevacid | axid ar | nexium 24hr | prilosec otc | aluminum hydroxide / magnesium hydroxide / simethicone | nizatidine | protonix iv | omeprazole / sodium bicarbonate | tagamet hb | mylanta | zegerid | pepcid ac chewable tablets | triamcinolone | mylanta maximum strength | rifadin,doxycycline,1000,109,109,1000,0,0,0,0.2,1.0,1.0,0.6309297535714574,0.1,1.0,1.0,0.6309297535714574,0.05,1.0,1.0,0.6309297535714574,0.5,1.0,1.0,1.0,0.0,0.0,0.0,1.0
label_core_rerank,eval_0804,aciphex | doxycycline | prednisone | rabeprazole | calcium carbonate / simethicone | prevacid | axid ar | nexium 24hr | prilosec otc | aluminum hydroxide / magnesium hydroxide / simethicone | nizatidine | protonix iv | omeprazole / sodium bicarbonate | mylanta | tagamet hb | zegerid | pepcid ac chewable tablets | triamcinolone | gentamicin | alka-seltzer heartburn + gas,doxycycline,1000,109,109,1000,0,0,0,0.2,1.0,1.0,0.6309297535714574,0.1,1.0,1.0,0.6309297535714574,0.05,1.0,1.0,0.6309297535714574,0.5,1.0,1.0,1.0,0.0,0.0,0.0,1.0
label_core_rerank,eval_0808,doxycycline | prednisone | metronidazole | azithromycin | rocephin | dapsone | ceftriaxone | zyvox | linezolid | filgrastim | neupogen | fluconazole | clindamycin | tobramycin | pyrimethamine | xenleta | lefamulin | gentamicin | integra | oxymetholone,doxycycline | azithromycin,1000,132,132,1000,0,0,0,0.4,1.0,1.0,0.8772153153380493,0.2,1.0,1.0,0.8772153153380493,0.1,1.0,1.0,0.8772153153380493,1.0,1.0,1.0,1.0,0.0,0.0,0.0,1.0
label_core_rerank,eval_0807,stelara | enbrel | ustekinumab | doxycycline | etanercept | prednisone | methylprednisolone | adalimumab | betamethasone | humira | infliximab | methotrexate | remicade | hydrocortisone | kenalog-40 | triamcinolone | kenalog-10 | minocycline | dexamethasone | tetracycline,prednisone | enbrel | stelara | ustekinumab | adalimumab,578,393,393,578,0,0,0,0.6,0.6,1.0,0.7557806593071948,0.5,1.0,1.0,0.9518915761561842,0.25,1.0,1.0,0.9518915761561842,1.0,1.0,1.0,1.0,0.0,0.0,0.0,1.0
label_core_rerank,eval_0810,elocon | clobetasol | stelara | enbrel | ustekinumab | desonide | doxycycline | etanercept | prednisone | flurandrenolide | cordran tape | clocortolone | clobex | cloderm | thiothixene | desowen | methylprednisolone | adalimumab | mometasone | betamethasone,prednisone | enbrel,164,164,164,164,0,0,0,0.2,0.5,1.0,0.3031610197508214,0.2,1.0,1.0,0.44442799261065036,0.1,1.0,1.0,0.44442799261065036,0.25,1.0,1.0,1.0,0.0,0.0,0.0,1.0
label_core_rerank,eval_0809,liraglutide | gabapentin | victoza | tretinoin | clobetasol | desmopressin | pregabalin | pramlintide | humulin r u-500 (concentrated) | duloxetine | nortriptyline | cymbalta | chromium picolinate | byetta | symlin | topiramate | exubera | insulin isophane | ddavp | insulin aspart / insulin aspart protamine,liraglutide | victoza,1000,228,228,1000,0,0,0,0.4,1.0,1.0,0.9197207891481876,0.2,1.0,1.0,0.9197207891481876,0.1,1.0,1.0,0.9197207891481876,1.0,1.0,1.0,1.0,0.0,0.0,0.0,1.0
label_core_rerank,eval_0811,diclofenac | prednisone | indomethacin | naprelan | ibuprofen | acetaminophen / aspirin / caffeine | naproxen | celecoxib | motrin | aleve | advil liqui-gels | advil | excedrin | deltasone | anaprox-ds | clonazepam | klonopin | propranolol | rizatriptan | treximet,diclofenac | propranolol,1000,419,419,1000,0,0,0,0.2,0.5,1.0,0.46927872602275644,0.1,0.5,1.0,0.46927872602275644,0.1,1.0,1.0,0.6349873184614026,1.0,1.0,1.0,1.0,0.0,0.0,0.0,1.0
label_core_rerank,eval_0813,doxycycline | azithromycin | rocephin | acidophilus | methenamine | ceftriaxone | zyvox | linezolid | hiprex | lactobacillus acidophilus | fluconazole | cephalexin | doripenem | gentamicin | bactrim | sulfamethoxazole / trimethoprim | minocycline | ceftin | avelox | moxifloxacin,doxycycline | sulfamethoxazole / trimethoprim | minocycline | bactrim | fluconazole,481,287,287,481,0,0,0,0.2,0.2,1.0,0.24913276910075044,0.1,0.2,1.0,0.24913276910075044,0.25,1.0,1.0,0.5979691446111809,1.0,1.0,1.0,1.0,0.0,0.0,0.0,1.0
label_core_rerank,eval_0815,diclofenac | tramadol | stelara | acetaminophen / hydrocodone | enbrel | ustekinumab | doxycycline | etanercept | prednisone | lortab | ketoprofen | norco | indomethacin | valdecoxib | voltaren | duloxetine | cataflam | cymbalta | naprelan | probenecid,diclofenac | tramadol,255,255,255,255,0,0,0,0.4,1.0,1.0,1.0,0.2,1.0,1.0,1.0,0.1,1.0,1.0,1.0,1.0,1.0,1.0,1.0,0.0,0.0,0.0,1.0
label_core_rerank,eval_0817,lorazepam | ativan | baclofen | onabotulinumtoxina | botox | abobotulinumtoxina | dysport | lioresal | myobloc | botulinum toxin type b | xeomin | incobotulinumtoxina | tadalafil | propranolol | sildenafil | dextroamphetamine | dexedrine | spironolactone | azor | amlodipine / olmesartan,baclofen,602,12,12,602,0,0,0,0.2,1.0,1.0,0.5,0.1,1.0,1.0,0.5,0.05,1.0,1.0,0.5,0.3333333333333333,1.0,1.0,1.0,0.0,0.0,0.0,1.0
label_core_rerank,eval_0819,lorazepam | ativan | baclofen | onabotulinumtoxina | botox | abobotulinumtoxina | dysport | lioresal | botulinum toxin type b | myobloc | incobotulinumtoxina | xeomin | tadalafil | propranolol | sildenafil | dextroamphetamine | dexedrine | spironolactone | azor | amlodipine / olmesartan,baclofen,633,12,12,633,0,0,0,0.2,1.0,1.0,0.5,0.1,1.0,1.0,0.5,0.05,1.0,1.0,0.5,0.3333333333333333,1.0,1.0,1.0,0.0,0.0,0.0,1.0
label_core_rerank,eval_0816,doxycycline | ibuprofen | naproxen | triamcinolone | flanax pain reliever | aleve | naprosyn | cephalexin | bactrim | sulfamethoxazole / trimethoprim | oxybutynin | avelox | moxifloxacin | doxy 100 | sucralfate | ditropan xl | ciprofloxacin | levofloxacin | bactrim ds | levaquin,diclofenac | tramadol | naproxen,273,273,273,273,0,0,0,0.2,0.3333333333333333,1.0,0.25454838678859487,0.1,0.3333333333333333,1.0,0.25454838678859487,0.05,0.3333333333333333,1.0,0.25454838678859487,0.3333333333333333,1.0,1.0,1.0,0.0,0.0,0.0,1.0
label_core_rerank,eval_0823,isotretinoin | accutane | benzoyl peroxide / clindamycin | tretinoin | adapalene / benzoyl peroxide | epiduo | magnesium hydroxide | claravis | benzaclin | spironolactone | doxycycline | phillips' milk of magnesia | duac | retin-a | dapsone | aczone | clindamycin / tretinoin | drospirenone / ethinyl estradiol | onexton | benzoyl peroxide / sulfur,isotretinoin | accutane | adapalene / benzoyl peroxide,273,273,273,273,0,0,0,0.6,1.0,1.0,0.9615980861491925,0.3,1.0,1.0,0.9615980861491925,0.15,1.0,1.0,0.9615980861491925,1.0,1.0,1.0,1.0,0.0,0.0,0.0,1.0
label_core_rerank,eval_0820,doxycycline | clindamycin | cephalexin | bactrim | sulfamethoxazole / trimethoprim | minocycline | keflex | doxy 100 | bactrim ds | vibramycin | septra | septra ds | smz-tmp ds | prednisone | metronidazole | nystatin / triamcinolone | azithromycin | rocephin | acidophilus | methenamine,doxycycline | clindamycin | sulfamethoxazole / trimethoprim,888,420,420,888,0,0,0,0.6,1.0,1.0,0.9615980861491925,0.3,1.0,1.0,0.9615980861491925,0.15,1.0,1.0,0.9615980861491925,1.0,1.0,1.0,1.0,0.0,0.0,0.0,1.0
label_core_rerank,eval_0821,hydrocortisone | proctofoam hc | hydrocortisone / pramoxine | analpram-hc | pramosone | anucort-hc | proctofoam | pramoxine | dibucaine | nupercainal | proctosol-hc | tronolane anesthetic for hemorrhoids | pramoxine / zinc oxide | hydrocortisone / lidocaine | phenylephrine | lmx 5 | lidocaine | phenylephrine / pramoxine | recticare | anusol-hc suppositories,hydrocortisone | hydrocortisone / pramoxine | analpram-hc | pramosone | proctofoam hc | anucort-hc,327,178,178,327,0,0,0,1.0,0.8333333333333334,1.0,1.0,0.6,1.0,1.0,1.0,0.3,1.0,1.0,1.0,1.0,1.0,1.0,1.0,0.0,0.0,0.0,1.0
label_core_rerank,eval_0827,amitriptyline | spironolactone | doxycycline | venlafaxine | azithromycin | rocephin | phosphorated carbohydrate solution | acidophilus | elavil | methenamine | ceftriaxone | zyvox | vaniqa | linezolid | uta | ampicillin | sulfatrim | hiprex | allopurinol | eflornithine,doxycycline,172,172,172,172,0,0,0,0.2,1.0,1.0,0.5,0.1,1.0,1.0,0.5,0.05,1.0,1.0,0.5,0.3333333333333333,1.0,1.0,1.0,0.0,0.0,0.0,1.0
label_core_rerank,eval_0825,lorazepam | ativan | onabotulinumtoxina | botox | baclofen | dysport | abobotulinumtoxina | lioresal | botulinum toxin type b | myobloc | incobotulinumtoxina | xeomin | doxycycline | sulfamethoxazole / trimethoprim | ciprofloxacin | cipro | lidocaine | ofloxacin | gabapentin | amitriptyline,onabotulinumtoxina,832,155,155,832,0,0,0,0.2,1.0,1.0,0.5,0.1,1.0,1.0,0.5,0.05,1.0,1.0,0.5,0.3333333333333333,1.0,1.0,1.0,0.0,0.0,0.0,1.0
label_core_rerank,eval_0826,amitriptyline | doxycycline | phosphorated carbohydrate solution | elavil | ceftriaxone | ampicillin | lactobacillus acidophilus | sulfamethoxazole / trimethoprim | hydroxyzine | minocycline | ciprofloxacin | atarax | cipro | ofloxacin | spironolactone | venlafaxine | azithromycin | rocephin | acidophilus | methenamine,doxycycline | sulfamethoxazole / trimethoprim,303,303,172,172,0,0,0,0.2,0.5,1.0,0.2960819109658652,0.2,1.0,1.0,0.5181433441902642,0.1,1.0,1.0,0.5181433441902642,0.5,1.0,1.0,1.0,0.0,0.0,0.0,1.0
label_core_rerank,eval_0831,clonazepam | klonopin | propranolol | rizatriptan | treximet | lamotrigine | gabapentin | naproxen / sumatriptan | amitriptyline | relpax | maxalt | eletriptan | acetaminophen / butalbital / caffeine | frovatriptan | sumatriptan | bupropion | aspirin / butalbital / caffeine | diclofenac | frova | maxalt-mlt,propranolol,1000,179,179,1000,0,0,0,0.2,1.0,1.0,0.5,0.1,1.0,1.0,0.5,0.05,1.0,1.0,0.5,0.3333333333333333,1.0,1.0,1.0,0.0,0.0,0.0,1.0
label_core_rerank,eval_0833,diclofenac | tramadol | stelara | acetaminophen / hydrocodone | enbrel | ustekinumab | doxycycline | etanercept | prednisone | lortab | ketoprofen | norco | indomethacin | valdecoxib | voltaren | duloxetine | cataflam | cymbalta | naprelan | probenecid,diclofenac | tramadol,386,255,255,386,0,0,0,0.4,1.0,1.0,1.0,0.2,1.0,1.0,1.0,0.1,1.0,1.0,1.0,1.0,1.0,1.0,1.0,0.0,0.0,0.0,1.0
label_core_rerank,eval_0828,doxycycline | ibuprofen | naproxen | triamcinolone | flanax pain reliever | aleve | naprosyn | diclofenac | tramadol | stelara | acetaminophen / hydrocodone | enbrel | ustekinumab | etanercept | prednisone | lortab | ketoprofen | norco | indomethacin | valdecoxib,diclofenac | tramadol | acetaminophen / hydrocodone | naproxen | triamcinolone,438,273,255,420,0,0,0,0.4,0.4,1.0,0.313682359004371,0.4,0.8,1.0,0.5193792093483858,0.25,1.0,1.0,0.5934888210122732,0.3333333333333333,1.0,1.0,1.0,0.0,0.0,0.0,1.0
label_core_rerank,eval_0834,prednisone | triamcinolone | doxepin | corticotropin | loteprednol | lotemax | prednisolone | promethazine | phenergan | hydroxyzine | diphenhydramine | benadryl | atarax | vistaril | ranitidine | pepcid | famotidine | elocon | clobetasol | desonide,prednisone,1000,76,18,942,0,0,0,0.2,1.0,1.0,1.0,0.1,1.0,1.0,1.0,0.05,1.0,1.0,1.0,1.0,1.0,1.0,1.0,0.0,0.0,0.0,1.0
label_core_rerank,eval_0829,doxycycline | prednisone | azithromycin | methylprednisolone | mometasone | epinephrine | ampicillin | budesonide | kenalog-40 | augmentin xr | triamcinolone | bactrim | medrol dosepak | sulfamethoxazole / trimethoprim | flunisolide | zithromax | ceftin | cedax | ceftibuten | singulair,prednisone,1000,681,681,885,0,0,0,0.2,1.0,1.0,0.6309297535714575,0.1,1.0,1.0,0.6309297535714575,0.05,1.0,1.0,0.6309297535714575,0.5,1.0,1.0,1.0,0.0,0.0,0.0,1.0
label_core_rerank,eval_0832,doxycycline | guaifenesin | ipratropium | amoxicillin | amoxicillin / clavulanate | ciprofloxacin | ventolin hfa | albuterol | proair respiclick | doryx | prednisone | azithromycin | rocephin | ceftriaxone | bactrim | sulfamethoxazole / trimethoprim | zithromax | ceftin | avelox | moxifloxacin,azithromycin | prednisone,1000,222,222,1000,0,0,0,0.0,0.0,0.0,0.0,0.0,0.0,0.0,0.0,0.1,1.0,1.0,0.3231700020846893,0.09090909090909091,1.0,1.0,1.0,0.0,0.0,0.0,1.0
label_core_rerank,eval_0836,valacyclovir | valtrex | acyclovir | foscarnet | immune globulin intramuscular | measles virus vaccine / mumps virus vaccine / rubella virus vaccine / varicella virus vaccine | varicella virus vaccine | varicella zoster immune globulin | doxycycline | prednisone | azithromycin | clindamycin | cephalexin | gentamicin | bactrim | sulfamethoxazole / trimethoprim | zithromax | minocycline | ceftin | avelox,valacyclovir | valtrex | acyclovir,1000,168,168,951,0,0,0,0.6,1.0,1.0,1.0,0.3,1.0,1.0,1.0,0.15,1.0,1.0,1.0,1.0,1.0,1.0,1.0,0.0,0.0,0.0,1.0
label_core_rerank,eval_0841,gabapentin | amitriptyline | clonidine | catapres | onabotulinumtoxina | botox | clonazepam | klonopin | propranolol | rizatriptan | treximet | lamotrigine | naproxen / sumatriptan | relpax | maxalt | eletriptan | acetaminophen / butalbital / caffeine | frovatriptan | sumatriptan | bupropion,amitriptyline,1000,179,179,925,0,0,0,0.2,1.0,1.0,0.6309297535714574,0.1,1.0,1.0,0.6309297535714574,0.05,1.0,1.0,0.6309297535714574,0.5,1.0,1.0,1.0,0.0,0.0,0.0,1.0
label_core_rerank,eval_0838,ibuprofen | naproxen | doxycycline | aleve | triamcinolone | diclofenac | prednisone | indomethacin | naprelan | acetaminophen / aspirin / caffeine | celecoxib | motrin | baclofen | methylprednisolone | ceftriaxone | aspirin | advil liqui-gels | advil | onabotulinumtoxina | botox,naproxen | ibuprofen,1000,419,419,1000,0,0,0,0.4,1.0,1.0,1.0,0.2,1.0,1.0,1.0,0.1,1.0,1.0,1.0,1.0,1.0,1.0,1.0,0.0,0.0,0.0,1.0
label_core_rerank,eval_0837,stelara | enbrel | ustekinumab | doxycycline | etanercept | prednisone | methylprednisolone | adalimumab | betamethasone | humira | infliximab | methotrexate | remicade | hydrocortisone | kenalog-40 | triamcinolone | kenalog-10 | minocycline | dexamethasone | tetracycline,prednisone | enbrel | stelara | ustekinumab | adalimumab,1000,294,176,882,0,0,0,0.6,0.6,1.0,0.7557806593071948,0.5,1.0,1.0,0.9518915761561842,0.25,1.0,1.0,0.9518915761561842,1.0,1.0,1.0,1.0,0.0,0.0,0.0,1.0
label_core_rerank,eval_0843,elocon | clobetasol | stelara | enbrel | ustekinumab | desonide | doxycycline | etanercept | prednisone | flurandrenolide | cordran tape | clocortolone | clobex | cloderm | thiothixene | desowen | methylprednisolone | adalimumab | mometasone | betamethasone,prednisone | enbrel,730,164,164,730,0,0,0,0.2,0.5,1.0,0.3031610197508214,0.2,1.0,1.0,0.44442799261065036,0.1,1.0,1.0,0.44442799261065036,0.25,1.0,1.0,1.0,0.0,0.0,0.0,1.0
label_core_rerank,eval_0840,doxycycline | prednisone | azithromycin | methylprednisolone | mometasone | epinephrine | ampicillin | budesonide | kenalog-40 | augmentin xr | triamcinolone | bactrim | medrol dosepak | sulfamethoxazole / trimethoprim | flunisolide | zithromax | ceftin | ceftibuten | cedax | singulair,azithromycin | prednisone | methylprednisolone,1000,681,681,1000,0,0,0,0.6,1.0,1.0,0.7101592725933039,0.3,1.0,1.0,0.7101592725933039,0.15,1.0,1.0,0.7101592725933039,0.5,1.0,1.0,1.0,0.0,0.0,0.0,1.0
label_core_rerank,eval_0846,doxycycline | lithium | chlorpromazine | allopurinol | clindamycin | artemether / lumefantrine | coartem | divalproex sodium | daraprim | fansidar | stavzor | halofantrine | halfan | pyrimethamine | pyrimethamine / sulfadoxine | depakote er | thorazine | hydroxychloroquine | depakote | risperdal,doxycycline | clindamycin,549,34,34,549,0,0,0,0.4,1.0,1.0,0.8854598815714874,0.2,1.0,1.0,0.8854598815714874,0.1,1.0,1.0,0.8854598815714874,1.0,1.0,1.0,1.0,0.0,0.0,0.0,1.0
label_core_rerank,eval_0845,propranolol | verapamil | nitroglycerin | atenolol | nadolol | corgard | metoprolol | verelan pm | caduet | coreg | tenormin | lopressor | calan sr | toprol-xl | bisoprolol | lisinopril | ramipril | diltiazem | altace | carvedilol,propranolol | metoprolol | atenolol,1000,335,335,1000,0,0,0,0.4,0.6666666666666666,1.0,0.543791241910304,0.3,1.0,1.0,0.7338381252682711,0.15,1.0,1.0,0.7338381252682711,1.0,1.0,1.0,1.0,0.0,0.0,0.0,1.0
label_core_rerank,eval_0850,doxycycline | prednisone | methotrexate | minocycline | dexamethasone | chloramphenicol | elocon | clobetasol | stelara | enbrel | ustekinumab | desonide | etanercept | flurandrenolide | cordran tape | clocortolone | clobex | cloderm | thiothixene | desowen,enbrel | stelara | ustekinumab,726,318,318,726,0,0,0,0.0,0.0,0.0,0.0,0.2,0.6666666666666666,1.0,0.2769189462922768,0.15,1.0,1.0,0.407820936460474,0.1111111111111111,1.0,1.0,1.0,0.0,0.0,0.0,1.0
label_core_rerank,eval_0848,amitriptyline | doxycycline | phosphorated carbohydrate solution | elavil | ceftriaxone | ampicillin | lactobacillus acidophilus | sulfamethoxazole / trimethoprim | hydroxyzine | minocycline | ciprofloxacin | atarax | cipro | ofloxacin | azithromycin | allopurinol | risperdal | risperidone | spironolactone | magnesium oxide,doxycycline | sulfamethoxazole / trimethoprim | azithromycin,952,303,303,952,0,0,0,0.2,0.3333333333333333,1.0,0.23981246656813146,0.2,0.6666666666666666,1.0,0.41967181649423,0.15,1.0,1.0,0.5146952581732136,0.5,1.0,1.0,1.0,0.0,0.0,0.0,1.0
label_core_rerank,eval_0851,doxycycline | prednisone | azithromycin | rocephin | ceftriaxone | sulfamethoxazole / trimethoprim | zithromax | ceftin | avelox | moxifloxacin | amoxicillin | amoxil | amoxicillin / clavulanate | biaxin xl | augmentin | dexamethasone | cefuroxime | clarithromycin | ciprofloxacin | erythromycin,doxycycline | azithromycin | prednisone,1000,319,319,1000,0,0,0,0.6,1.0,1.0,0.9049765583210164,0.3,1.0,1.0,0.9049765583210164,0.15,1.0,1.0,0.9049765583210164,1.0,1.0,1.0,1.0,0.0,0.0,0.0,1.0
label_core_rerank,eval_0852,epinephrine | propranolol | verapamil | nitro-bid | aspirin | nitroglycerin | enoxaparin | lovenox | atenolol | nadolol | corgard | fragmin | dalteparin | angiomax | bivalirudin | bayer aspirin extra strength plus | streptokinase | warfarin | plavix | metoprolol,prednisone | verapamil | metoprolol,1000,310,310,1000,0,0,0,0.2,0.3333333333333333,1.0,0.19004688335796713,0.1,0.3333333333333333,1.0,0.19004688335796713,0.1,0.6666666666666666,1.0,0.31985094695253463,0.3333333333333333,1.0,1.0,1.0,0.0,0.0,0.0,1.0
label_core_rerank,eval_0856,elocon | clobetasol | stelara | enbrel | ustekinumab | desonide | doxycycline | etanercept | prednisone | flurandrenolide | cordran tape | clocortolone | clobex | cloderm | thiothixene | desowen | methylprednisolone | adalimumab | mometasone | betamethasone,prednisone | enbrel,164,164,164,164,0,0,0,0.2,0.5,1.0,0.3031610197508214,0.2,1.0,1.0,0.44442799261065036,0.1,1.0,1.0,0.44442799261065036,0.25,1.0,1.0,1.0,0.0,0.0,0.0,1.0
label_core_rerank,eval_0857,doxycycline | prednisone | metronidazole | azithromycin | rocephin | dapsone | ceftriaxone | zyvox | linezolid | neupogen | filgrastim | fluconazole | clindamycin | tobramycin | vancocin hcl | oxymetholone | cefotaxime | pyrimethamine | gentamicin | integra,doxycycline | azithromycin,1000,132,132,995,0,0,0,0.4,1.0,1.0,0.8772153153380493,0.2,1.0,1.0,0.8772153153380493,0.1,1.0,1.0,0.8772153153380493,1.0,1.0,1.0,1.0,0.0,0.0,0.0,1.0
label_core_rerank,eval_0855,aspirin | warfarin | plavix | clopidogrel | pravastatin | propranolol | verapamil | epinephrine | nitroglycerin | atenolol | nadolol | corgard | metoprolol | caduet | verelan pm | coreg | tenormin | lopressor | calan sr | toprol-xl,metoprolol,1000,103,103,1000,0,0,0,0.0,0.0,0.0,0.0,0.0,0.0,0.0,0.0,0.05,1.0,1.0,0.26264953503719357,0.07692307692307693,1.0,1.0,1.0,0.0,0.0,0.0,1.0
label_core_rerank,eval_0861,doxycycline | ibuprofen | naproxen | cephalexin | triamcinolone | flanax pain reliever | bactrim | sulfamethoxazole / trimethoprim | oxybutynin | avelox | moxifloxacin | doxy 100 | sucralfate | ditropan xl | aleve | ciprofloxacin | naprosyn | levofloxacin | bactrim ds | levaquin,naproxen,273,25,25,273,0,0,0,0.2,1.0,1.0,0.5,0.1,1.0,1.0,0.5,0.05,1.0,1.0,0.5,0.3333333333333333,1.0,1.0,1.0,0.0,0.0,0.0,1.0
label_core_rerank,eval_0860,clonazepam | klonopin | propranolol | rizatriptan | treximet | lamotrigine | gabapentin | naproxen / sumatriptan | amitriptyline | relpax | maxalt | eletriptan | acetaminophen / butalbital / caffeine | frovatriptan | sumatriptan | bupropion | aspirin / butalbital / caffeine | diclofenac | frova | maxalt-mlt,gabapentin | propranolol,564,179,179,564,0,0,0,0.2,0.5,1.0,0.35195904451706733,0.2,1.0,1.0,0.5083852865246528,0.1,1.0,1.0,0.5083852865246528,0.3333333333333333,1.0,1.0,1.0,0.0,0.0,0.0,1.0
label_core_rerank,eval_0858,valacyclovir | valtrex | acyclovir | foscarnet | immune globulin intramuscular | measles virus vaccine / mumps virus vaccine / rubella virus vaccine / varicella virus vaccine | varicella virus vaccine | varicella zoster immune globulin | doxycycline | prednisone | metronidazole | nystatin / triamcinolone | azithromycin | rocephin | acidophilus | methenamine | ceftriaxone | naftifine | zyvox | linezolid,valacyclovir | valtrex | acyclovir,355,168,168,355,0,0,0,0.6,1.0,1.0,1.0,0.3,1.0,1.0,1.0,0.15,1.0,1.0,1.0,1.0,1.0,1.0,1.0,0.0,0.0,0.0,1.0
label_core_rerank,eval_0862,amitriptyline | spironolactone | doxycycline | azithromycin | rocephin | ceftriaxone | zyvox | linezolid | ampicillin | magnesium oxide | doryx | fluconazole | augmentin xr | cephalexin | gentamicin | sodium bicarbonate | bactrim | sulfamethoxazole / trimethoprim | minocycline | ceftin,doxycycline,1000,172,172,1000,0,0,0,0.2,1.0,1.0,0.5,0.1,1.0,1.0,0.5,0.05,1.0,1.0,0.5,0.3333333333333333,1.0,1.0,1.0,0.0,0.0,0.0,1.0
label_core_rerank,eval_0859,spironolactone | aldactone | doxorubicin | isotretinoin | accutane | benzoyl peroxide / clindamycin | tretinoin | adapalene / benzoyl peroxide | epiduo | magnesium hydroxide | claravis | benzaclin | doxycycline | phillips' milk of magnesia | duac | retin-a | dapsone | aczone | clindamycin / tretinoin | drospirenone / ethinyl estradiol,spironolactone | aldactone | propranolol,872,546,546,872,0,0,0,0.4,0.6666666666666666,1.0,0.7653606369886217,0.2,0.6666666666666666,1.0,0.7653606369886217,0.1,0.6666666666666666,1.0,0.7653606369886217,1.0,1.0,1.0,1.0,0.0,0.0,0.0,1.0
label_core_rerank,eval_0865,diclofenac | tramadol | stelara | acetaminophen / hydrocodone | enbrel | ustekinumab | doxycycline | etanercept | prednisone | lortab | ketoprofen | norco | indomethacin | valdecoxib | voltaren | duloxetine | cataflam | cymbalta | naprelan | probenecid,diclofenac | tramadol | acetaminophen / hydrocodone,403,255,255,403,0,0,0,0.6,1.0,1.0,0.9736505918364026,0.3,1.0,1.0,0.9736505918364026,0.15,1.0,1.0,0.9736505918364026,1.0,1.0,1.0,1.0,0.0,0.0,0.0,1.0
label_core_rerank,eval_0867,doxycycline | azithromycin | rocephin | ceftriaxone | zyvox | linezolid | ampicillin | allopurinol | doryx | fluconazole | augmentin xr | cephalexin | sodium bicarbonate | cefadroxil | gentamicin | bactrim | sulfamethoxazole / trimethoprim | minocycline | ceftin | avelox,doxycycline | sulfamethoxazole / trimethoprim,1000,172,172,1000,0,0,0,0.2,0.5,1.0,0.46927872602275644,0.1,0.5,1.0,0.46927872602275644,0.1,1.0,1.0,0.6380870592159578,1.0,1.0,1.0,1.0,0.0,0.0,0.0,1.0
label_core_rerank,eval_0863,gabapentin | liraglutide | victoza | tretinoin | clobetasol | desmopressin | pregabalin | pramlintide | humulin r u-500 (concentrated) | duloxetine | nortriptyline | cymbalta | chromium picolinate | byetta | symlin | topiramate | exubera | insulin isophane | ddavp | novolog mix 70 / 30,liraglutide | victoza,616,249,249,616,0,0,0,0.4,1.0,1.0,0.6934264036172708,0.2,1.0,1.0,0.6934264036172708,0.1,1.0,1.0,0.6934264036172708,0.5,1.0,1.0,1.0,0.0,0.0,0.0,1.0
label_core_rerank,eval_0868,doxycycline | azithromycin | rocephin | ceftriaxone | zyvox | linezolid | ampicillin | doryx | fluconazole | augmentin xr | cephalexin | sodium bicarbonate | gentamicin | bactrim | sulfamethoxazole / trimethoprim | minocycline | ceftin | avelox | moxifloxacin | amoxicillin,doxycycline | sulfamethoxazole / trimethoprim,1000,172,172,998,0,0,0,0.2,0.5,1.0,0.46927872602275644,0.1,0.5,1.0,0.46927872602275644,0.1,1.0,1.0,0.6452582482812901,1.0,1.0,1.0,1.0,0.0,0.0,0.0,1.0
label_core_rerank,eval_0871,amitriptyline | spironolactone | doxycycline | venlafaxine | azithromycin | rocephin | phosphorated carbohydrate solution | acidophilus | elavil | methenamine | ceftriaxone | zyvox | vaniqa | linezolid | uta | ampicillin | sulfatrim | hiprex | allopurinol | eflornithine,doxycycline,172,172,172,172,0,0,0,0.2,1.0,1.0,0.5,0.1,1.0,1.0,0.5,0.05,1.0,1.0,0.5,0.3333333333333333,1.0,1.0,1.0,0.0,0.0,0.0,1.0
label_core_rerank,eval_0866,lansoprazole | esomeprazole | omeprazole | pantoprazole | metoclopramide | reglan | aciphex | rabeprazole | calcium carbonate / simethicone | prevacid | axid ar | nexium 24hr | prilosec otc | aluminum hydroxide / magnesium hydroxide / simethicone | nizatidine | protonix iv | omeprazole / sodium bicarbonate | axid | mylanta | ranitidine,esomeprazole | lansoprazole | omeprazole | aciphex | dexlansoprazole | rabeprazole,937,184,184,937,0,0,0,0.6,0.5,1.0,0.7227265726449517,0.5,0.8333333333333334,1.0,0.8411523906828932,0.25,0.8333333333333334,1.0,0.8411523906828932,1.0,1.0,1.0,1.0,0.0,0.0,0.0,1.0
label_core_rerank,eval_0869,clonidine | catapres | hytrin | terazosin | onabotulinumtoxina | botox | propylthiouracil | sodium iodide-i-131 | aluminum chloride hexahydrate | tadalafil | propranolol | drysol | gabapentin | sildenafil | amitriptyline | hypercare | dextroamphetamine | dexedrine | spironolactone | azor,clonidine | catapres,1000,293,293,1000,0,0,0,0.4,1.0,1.0,1.0,0.2,1.0,1.0,1.0,0.1,1.0,1.0,1.0,1.0,1.0,1.0,1.0,0.0,0.0,0.0,1.0
label_core_rerank,eval_0875,elocon | clobetasol | stelara | enbrel | ustekinumab | desonide | doxycycline | etanercept | prednisone | flurandrenolide | cordran tape | clocortolone | clobex | cloderm | thiothixene | desowen | methylprednisolone | adalimumab | mometasone | betamethasone,prednisone | enbrel,169,164,164,169,0,0,0,0.2,0.5,1.0,0.3031610197508214,0.2,1.0,1.0,0.44442799261065036,0.1,1.0,1.0,0.44442799261065036,0.25,1.0,1.0,1.0,0.0,0.0,0.0,1.0
label_core_rerank,eval_0872,triamcinolone | sucralfate | ciprofloxacin | levofloxacin | ofloxacin | prednisone | methylprednisolone | adalimumab | humira | infliximab | remicade | hydrocortisone | dexamethasone | cyclosporine | prednisolone | diclofenac | chlordiazepoxide / clidinium | clonidine | librax | rabeprazole,adalimumab | humira,669,100,100,669,0,0,0,0.0,0.0,0.0,0.0,0.2,1.0,1.0,0.37800210039683896,0.1,1.0,1.0,0.37800210039683896,0.125,1.0,1.0,1.0,0.0,0.0,0.0,1.0
label_core_rerank,eval_0876,clonazepam | klonopin | propranolol | rizatriptan | treximet | lamotrigine | gabapentin | naproxen / sumatriptan | amitriptyline | relpax | maxalt | eletriptan | acetaminophen / butalbital / caffeine | frovatriptan | sumatriptan | bupropion | aspirin / butalbital / caffeine | diclofenac | frova | maxalt-mlt,propranolol,1000,179,179,1000,0,0,0,0.2,1.0,1.0,0.5,0.1,1.0,1.0,0.5,0.05,1.0,1.0,0.5,0.3333333333333333,1.0,1.0,1.0,0.0,0.0,0.0,1.0
label_core_rerank,eval_0874,doxycycline | prednisone | azithromycin | methylprednisolone | mometasone | epinephrine | ampicillin | budesonide | kenalog-40 | augmentin xr | triamcinolone | bactrim | medrol dosepak | sulfamethoxazole / trimethoprim | flunisolide | zithromax | ceftin | cedax | ceftibuten | singulair,prednisone | methylprednisolone,1000,681,681,1000,0,0,0,0.4,1.0,1.0,0.6509209298071326,0.2,1.0,1.0,0.6509209298071326,0.1,1.0,1.0,0.6509209298071326,0.5,1.0,1.0,1.0,0.0,0.0,0.0,1.0
label_core_rerank,eval_0879,stelara | enbrel | ustekinumab | doxycycline | etanercept | prednisone | methylprednisolone | adalimumab | betamethasone | humira | ibuprofen | naproxen | infliximab | methotrexate | remicade | hydrocortisone | kenalog-40 | triamcinolone | flanax pain reliever | kenalog-10,prednisone | enbrel,573,255,255,573,0,0,0,0.2,0.5,1.0,0.44412286644879784,0.2,1.0,1.0,0.6112833214150001,0.1,1.0,1.0,0.6112833214150001,0.5,1.0,1.0,1.0,0.0,0.0,0.0,1.0
label_core_rerank,eval_0881,elocon | clobetasol | stelara | enbrel | ustekinumab | desonide | doxycycline | etanercept | prednisone | flurandrenolide | cordran tape | clocortolone | clobex | cloderm | thiothixene | desowen | methylprednisolone | adalimumab | mometasone | betamethasone,prednisone | enbrel,164,164,164,164,0,0,0,0.2,0.5,1.0,0.3031610197508214,0.2,1.0,1.0,0.44442799261065036,0.1,1.0,1.0,0.44442799261065036,0.25,1.0,1.0,1.0,0.0,0.0,0.0,1.0
label_core_rerank,eval_0882,doxycycline | prednisone | azithromycin | rocephin | ceftriaxone | sulfamethoxazole / trimethoprim | zithromax | ceftin | avelox | moxifloxacin | amoxicillin | amoxil | amoxicillin / clavulanate | biaxin xl | augmentin | dexamethasone | cefuroxime | clarithromycin | ciprofloxacin | erythromycin,azithromycin | prednisone,527,221,221,527,0,0,0,0.4,1.0,1.0,0.6787622294601761,0.2,1.0,1.0,0.6787622294601761,0.1,1.0,1.0,0.6787622294601761,0.5,1.0,1.0,1.0,0.0,0.0,0.0,1.0
label_core_rerank,eval_0878,cyproheptadine | promethazine | prednisone | chlor-trimeton | phenergan | chlorpheniramine | epinephrine | ranitidine | carbinoxamine | azelastine | triamcinolone | tetracaine | olopatadine | diphenhydramine | benadryl | cetirizine | allegra | fexofenadine | zyrtec | levocetirizine,promethazine | cyproheptadine,672,558,511,625,0,0,0,0.4,1.0,1.0,1.0,0.2,1.0,1.0,1.0,0.1,1.0,1.0,1.0,1.0,1.0,1.0,1.0,0.0,0.0,0.0,1.0
label_core_rerank,eval_0885,doxycycline | prednisone | azithromycin | rocephin | aclidinium | tudorza pressair | xopenex | methylprednisolone | omalizumab | ceftriaxone | mometasone | xolair | levalbuterol | primatene mist | accolate | zafirlukast | intal inhaler | guaifenesin | epinephrine | ipratropium inhalation solution,prednisone,1000,221,221,1000,0,0,0,0.2,1.0,1.0,0.6309297535714574,0.1,1.0,1.0,0.6309297535714574,0.05,1.0,1.0,0.6309297535714574,0.5,1.0,1.0,1.0,0.0,0.0,0.0,1.0
label_core_rerank,eval_0880,doxycycline | clindamycin | cephalexin | bactrim | sulfamethoxazole / trimethoprim | minocycline | keflex | doxy 100 | bactrim ds | vibramycin | septra | septra ds | smz-tmp ds | prednisone | metronidazole | nystatin / triamcinolone | azithromycin | rocephin | acidophilus | methenamine,doxycycline | clindamycin | sulfamethoxazole / trimethoprim | minocycline | bactrim,614,420,420,614,0,0,0,0.8,0.8,1.0,0.7833471457646615,0.5,1.0,1.0,0.9253029294833004,0.25,1.0,1.0,0.9253029294833004,1.0,1.0,1.0,1.0,0.0,0.0,0.0,1.0
label_core_rerank,eval_0886,thyroid desiccated | westhroid | cenestin | estropipate | conjugated estrogens | armour thyroid | premarin | calcifediol | thyquidity | rayaldee | estradiol | esterified estrogens | tirosint | doxorubicin | levothyroxine | synthroid | cytomel | nature-throid | liothyronine | calcitriol,thyroid desiccated | armour thyroid | levothyroxine,280,61,61,280,0,0,0,0.2,0.3333333333333333,1.0,0.38009376671593426,0.2,0.6666666666666666,1.0,0.5154858981951099,0.15,1.0,1.0,0.6580210607135852,1.0,1.0,1.0,1.0,0.0,0.0,0.0,1.0
label_core_rerank,eval_0888,clonazepam | klonopin | propranolol | rizatriptan | treximet | lamotrigine | gabapentin | naproxen / sumatriptan | amitriptyline | relpax | maxalt | eletriptan | acetaminophen / butalbital / caffeine | frovatriptan | sumatriptan | bupropion | aspirin / butalbital / caffeine | diclofenac | frova | maxalt-mlt,propranolol,1000,179,179,1000,0,0,0,0.2,1.0,1.0,0.5,0.1,1.0,1.0,0.5,0.05,1.0,1.0,0.5,0.3333333333333333,1.0,1.0,1.0,0.0,0.0,0.0,1.0
label_core_rerank,eval_0890,doxycycline | ibuprofen | naproxen | cephalexin | triamcinolone | flanax pain reliever | bactrim | sulfamethoxazole / trimethoprim | oxybutynin | avelox | moxifloxacin | doxy 100 | sucralfate | ditropan xl | aleve | ciprofloxacin | naprosyn | levofloxacin | bactrim ds | levaquin,naproxen,44,25,25,44,0,0,0,0.2,1.0,1.0,0.5,0.1,1.0,1.0,0.5,0.05,1.0,1.0,0.5,0.3333333333333333,1.0,1.0,1.0,0.0,0.0,0.0,1.0
label_core_rerank,eval_0891,liraglutide | gabapentin | victoza | tretinoin | clobetasol | desmopressin | pregabalin | pramlintide | humulin r u-500 (concentrated) | duloxetine | nortriptyline | cymbalta | chromium picolinate | byetta | symlin | topiramate | exubera | insulin isophane | ddavp | novolog mix 70 / 30,liraglutide | victoza,616,228,228,616,0,0,0,0.4,1.0,1.0,0.9197207891481876,0.2,1.0,1.0,0.9197207891481876,0.1,1.0,1.0,0.9197207891481876,1.0,1.0,1.0,1.0,0.0,0.0,0.0,1.0
label_core_rerank,eval_0887,spironolactone | aldactone | doxycycline | doryx | clindamycin | cephalexin | bactrim | sulfamethoxazole / trimethoprim | keflex | doxy 100 | erythromycin | bactrim ds | septra ds | smz-tmp ds | isotretinoin | accutane | benzoyl peroxide / clindamycin | tretinoin | adapalene / benzoyl peroxide | epiduo,doxycycline | clindamycin | propranolol,1000,546,546,786,0,0,0,0.4,0.6666666666666666,1.0,0.4321106657033608,0.2,0.6666666666666666,1.0,0.4321106657033608,0.1,0.6666666666666666,1.0,0.4321106657033608,0.3333333333333333,1.0,1.0,1.0,0.0,0.0,0.0,1.0
label_core_rerank,eval_0894,doxycycline | prednisone | azithromycin | rocephin | aclidinium | tudorza pressair | xopenex | methylprednisolone | omalizumab | ceftriaxone | mometasone | xolair | levalbuterol | primatene mist | accolate | zafirlukast | intal inhaler | guaifenesin | epinephrine | ipratropium inhalation solution,prednisone,1000,221,221,1000,0,0,0,0.2,1.0,1.0,0.6309297535714574,0.1,1.0,1.0,0.6309297535714574,0.05,1.0,1.0,0.6309297535714574,0.5,1.0,1.0,1.0,0.0,0.0,0.0,1.0
label_core_rerank,eval_0889,propranolol | verapamil | nitroglycerin | atenolol | nadolol | corgard | metoprolol | caduet | verelan pm | coreg | tenormin | lopressor | calan sr | toprol-xl | bisoprolol | lisinopril | ramipril | diltiazem | altace | carvedilol,propranolol | verapamil | metoprolol,1000,335,335,936,0,0,0,0.4,0.6666666666666666,1.0,0.6199062332840657,0.3,1.0,1.0,0.8099531166420328,0.15,1.0,1.0,0.8099531166420328,1.0,1.0,1.0,1.0,0.0,0.0,0.0,1.0
label_core_rerank,eval_0895,amitriptyline | spironolactone | doxycycline | venlafaxine | azithromycin | rocephin | phosphorated carbohydrate solution | acidophilus | elavil | methenamine | ceftriaxone | zyvox | vaniqa | linezolid | uta | ampicillin | sulfatrim | hiprex | allopurinol | eflornithine,doxycycline,172,172,172,172,0,0,0,0.2,1.0,1.0,0.5,0.1,1.0,1.0,0.5,0.05,1.0,1.0,0.5,0.3333333333333333,1.0,1.0,1.0,0.0,0.0,0.0,1.0
label_core_rerank,eval_0892,doxycycline | ibuprofen | naproxen | triamcinolone | flanax pain reliever | aleve | naprosyn | cephalexin | bactrim | sulfamethoxazole / trimethoprim | oxybutynin | avelox | moxifloxacin | doxy 100 | sucralfate | ditropan xl | ciprofloxacin | levofloxacin | bactrim ds | levaquin,diclofenac | tramadol | acetaminophen / hydrocodone | naproxen,273,273,273,273,0,0,0,0.2,0.25,1.0,0.22208593131510096,0.1,0.25,1.0,0.22208593131510096,0.05,0.25,1.0,0.22208593131510096,0.3333333333333333,1.0,1.0,1.0,0.0,0.0,0.0,1.0
label_core_rerank,eval_0893,onabotulinumtoxina | botox | oxybutynin | lorazepam | ativan | baclofen | abobotulinumtoxina | dysport | lioresal | myobloc | botulinum toxin type b | xeomin | incobotulinumtoxina | doxycycline | aluminum chloride hexahydrate | drysol | sulfamethoxazole / trimethoprim | gabapentin | amitriptyline | hypercare,gabapentin,188,32,32,188,0,0,0,0.0,0.0,0.0,0.0,0.0,0.0,0.0,0.0,0.05,1.0,1.0,0.23540891336663824,0.05555555555555555,1.0,1.0,1.0,0.0,0.0,0.0,1.0
label_core_rerank,eval_0897,doxycycline | prednisone | azithromycin | rocephin | aclidinium | tudorza pressair | xopenex | methylprednisolone | omalizumab | ceftriaxone | mometasone | xolair | levalbuterol | primatene mist | accolate | zafirlukast | intal inhaler | guaifenesin | epinephrine | ipratropium inhalation solution,prednisone,1000,221,221,1000,0,0,0,0.2,1.0,1.0,0.6309297535714574,0.1,1.0,1.0,0.6309297535714574,0.05,1.0,1.0,0.6309297535714574,0.5,1.0,1.0,1.0,0.0,0.0,0.0,1.0
label_core_rerank,eval_0899,cyproheptadine | promethazine | prednisone | omalizumab | epipen | ketotifen | xolair | chlor-trimeton | phenergan | ketorolac | chlorpheniramine | epinephrine | ranitidine | carbinoxamine | alavert | zaditor | aristocort | azelastine | triamcinolone | tetracaine,prednisone | promethazine,825,76,76,825,0,0,0,0.4,1.0,1.0,0.6934264036172708,0.2,1.0,1.0,0.6934264036172708,0.1,1.0,1.0,0.6934264036172708,0.5,1.0,1.0,1.0,0.0,0.0,0.0,1.0
label_core_rerank,eval_0900,clonazepam | klonopin | propranolol | rizatriptan | treximet | lamotrigine | gabapentin | naproxen / sumatriptan | amitriptyline | relpax | maxalt | eletriptan | acetaminophen / butalbital / caffeine | frovatriptan | sumatriptan | bupropion | aspirin / butalbital / caffeine | diclofenac | frova | maxalt-mlt,propranolol,1000,179,179,1000,0,0,0,0.2,1.0,1.0,0.5,0.1,1.0,1.0,0.5,0.05,1.0,1.0,0.5,0.3333333333333333,1.0,1.0,1.0,0.0,0.0,0.0,1.0
label_core_rerank,eval_0901,aciphex | doxycycline | prednisone | rabeprazole | calcium carbonate / simethicone | prevacid | axid ar | nexium 24hr | prilosec otc | aluminum hydroxide / magnesium hydroxide / simethicone | nizatidine | protonix iv | omeprazole / sodium bicarbonate | tagamet hb | mylanta | zegerid | pepcid ac chewable tablets | triamcinolone | alka-seltzer heartburn + gas | gentamicin,doxycycline,1000,109,109,1000,0,0,0,0.2,1.0,1.0,0.6309297535714574,0.1,1.0,1.0,0.6309297535714574,0.05,1.0,1.0,0.6309297535714574,0.5,1.0,1.0,1.0,0.0,0.0,0.0,1.0
label_core_rerank,eval_0902,doxycycline | prednisone | azithromycin | rocephin | aclidinium | tudorza pressair | xopenex | methylprednisolone | omalizumab | ceftriaxone | mometasone | xolair | levalbuterol | primatene mist | accolate | intal inhaler | zafirlukast | guaifenesin | epinephrine | ipratropium inhalation solution,azithromycin | prednisone,505,221,221,505,0,0,0,0.4,1.0,1.0,0.6787622294601761,0.2,1.0,1.0,0.6787622294601761,0.1,1.0,1.0,0.6787622294601761,0.5,1.0,1.0,1.0,0.0,0.0,0.0,1.0
label_core_rerank,eval_0904,prednisone | methylprednisolone | adalimumab | humira | infliximab | remicade | hydrocortisone | triamcinolone | dexamethasone | cyclosporine | prednisolone | elocon | clobetasol | stelara | enbrel | ustekinumab | desonide | doxycycline | etanercept | flurandrenolide,prednisone | adalimumab | humira,233,164,164,233,0,0,0,0.6,1.0,1.0,0.8132022820105483,0.3,1.0,1.0,0.8132022820105483,0.15,1.0,1.0,0.8132022820105483,1.0,1.0,1.0,1.0,0.0,0.0,0.0,1.0
label_core_rerank,eval_0906,duloxetine | cymbalta | dexamethasone | zostrix | capsaicin | capzasin-hp | doxycycline | prednisone | methylprednisolone | ceftriaxone | aspirin | hydrocortisone | kenalog-40 | aristocort | triamcinolone | cefotaxime | medrol dosepak | minocycline | amoxicillin | solu-medrol,duloxetine | cymbalta,1000,476,476,821,0,0,0,0.4,1.0,1.0,1.0,0.2,1.0,1.0,1.0,0.1,1.0,1.0,1.0,1.0,1.0,1.0,1.0,0.0,0.0,0.0,1.0
label_core_rerank,eval_0911,aciphex | rabeprazole | calcium carbonate / simethicone | prevacid | axid ar | nexium 24hr | prilosec otc | aluminum hydroxide / magnesium hydroxide / simethicone | nizatidine | protonix iv | omeprazole / sodium bicarbonate | axid | mylanta | ranitidine | zegerid | pepcid ac chewable tablets | dexlansoprazole | lansoprazole | zantac | kapidex,aciphex | dexlansoprazole | rabeprazole,1000,45,45,1000,0,0,0,0.4,0.6666666666666666,1.0,0.7653606369886218,0.2,0.6666666666666666,1.0,0.7653606369886218,0.15,1.0,1.0,0.8778995257840894,1.0,1.0,1.0,1.0,0.0,0.0,0.0,1.0
label_core_rerank,eval_0907,doxycycline | doryx | clindamycin | cephalexin | bactrim | sulfamethoxazole / trimethoprim | keflex | doxy 100 | erythromycin | bactrim ds | septra ds | smz-tmp ds | dapsone | minocycline | tetracycline | vibramycin | septra | dexbrompheniramine / pseudoephedrine | drixoral cold and allergy | valacyclovir,doxycycline | clindamycin | sulfamethoxazole / trimethoprim | bactrim | doryx,1000,772,772,1000,0,0,0,0.8,0.8,1.0,0.8855777750641619,0.5,1.0,1.0,0.9802149642099213,0.25,1.0,1.0,0.9802149642099213,1.0,1.0,1.0,1.0,0.0,0.0,0.0,1.0
label_core_rerank,eval_0909,doxycycline | guaifenesin | ipratropium | amoxicillin | amoxicillin / clavulanate | ciprofloxacin | ventolin hfa | albuterol | proair respiclick | doryx | prednisone | mometasone | hydrocortisone | kenalog-40 | triamcinolone | moxifloxacin | dexamethasone | levofloxacin | fluticasone | prednisolone,prednisone | mometasone,1000,222,222,1000,0,0,0,0.0,0.0,0.0,0.0,0.0,0.0,0.0,0.0,0.1,1.0,1.0,0.32112751541678747,0.09090909090909091,1.0,1.0,1.0,0.0,0.0,0.0,1.0
label_core_rerank,eval_0910,rabeprazole | omeprazole / sodium bicarbonate | ranitidine | lansoprazole | zantac | esomeprazole | protonix | nexium | sucralfate | cimetidine | omeprazole | pantoprazole | carafate | pepcid | calcium carbonate | famotidine | aciphex | calcium carbonate / simethicone | prevacid | axid ar,rabeprazole | esomeprazole | lansoprazole | nexium | ranitidine | omeprazole,1000,109,109,1000,0,0,0,0.6,0.5,1.0,0.5982819568741946,0.5,0.8333333333333334,1.0,0.7645119366132463,0.3,1.0,1.0,0.852066558069577,1.0,1.0,1.0,1.0,0.0,0.0,0.0,1.0
label_core_rerank,eval_0913,propranolol | clonidine | verapamil | benicar | atenolol | catapres | nadolol | corgard | innopran xl | olmesartan | metoprolol | verelan pm | inderal | tenormin | calan sr | lisinopril | amlodipine | inderal la | norvasc | prinivil,propranolol | clonidine | benicar,1000,433,433,892,0,0,0,0.6,1.0,1.0,0.9424890210124037,0.3,1.0,1.0,0.9424890210124037,0.15,1.0,1.0,0.9424890210124037,1.0,1.0,1.0,1.0,0.0,0.0,0.0,1.0
label_core_rerank,eval_0916,valacyclovir | valtrex | acyclovir | immune globulin intramuscular | measles virus vaccine / mumps virus vaccine / rubella virus vaccine / varicella virus vaccine | varicella virus vaccine | varicella zoster immune globulin | foscarnet | elocon | clobetasol | desonide | doxycycline | prednisone | flurandrenolide | cordran tape | clocortolone | clobex | cloderm | mometasone | betamethasone,valacyclovir | valtrex | acyclovir,855,8,8,855,0,0,0,0.6,1.0,1.0,1.0,0.3,1.0,1.0,1.0,0.15,1.0,1.0,1.0,1.0,1.0,1.0,1.0,0.0,0.0,0.0,1.0
label_core_rerank,eval_0915,cefadroxil | retapamulin | altabax | mupirocin | cefuroxime | ozenoxacin | ammoniated mercury | sulconazole,cefuroxime | mupirocin | retapamulin,8,8,8,8,0,0,0,0.6,1.0,1.0,0.6717573587424964,0.3,1.0,1.0,0.6717573587424964,0.15,1.0,1.0,0.6717573587424964,0.5,1.0,1.0,1.0,0.0,0.0,0.0,1.0
label_core_rerank,eval_0918,"epivir-hbv | tenofovir | viread | lamivudine | peginterferon alfa-2a | interferon alfa-2b | hepatitis b adult vaccine | adefovir | hepatitis a adult vaccine / hepatitis b adult vaccine | entecavir | peginterferon alfa-2b | diphtheria toxoid / hepatitis b pediatric vaccine / pertussis, acellular / poliovirus vaccine, inactivated / tetanus toxoid | diphtheria and tetanus toxoids / pertussis, acellular / poliovirus vaccine, inactivated / haemophilus b conjugate / hepatitis b vaccine | tenofovir alafenamide | hepatitis b pediatric vaccine | hepatitis b immune globulin | aluminum chloride hexahydrate | dexbrompheniramine / pseudoephedrine | drixoral cold and allergy | drysol",tenofovir | peginterferon alfa-2a | viread,1000,16,16,1000,0,0,0,0.6,1.0,1.0,0.7122630665145961,0.3,1.0,1.0,0.7122630665145961,0.15,1.0,1.0,0.7122630665145961,0.5,1.0,1.0,1.0,0.0,0.0,0.0,1.0
label_core_rerank,eval_0914,propranolol | clonidine | verapamil | benicar | atenolol | catapres | nadolol | corgard | innopran xl | olmesartan | metoprolol | verelan pm | inderal | tenormin | calan sr | lisinopril | amlodipine | inderal la | norvasc | prinivil,propranolol | clonidine,1000,433,433,916,0,0,0,0.4,1.0,1.0,1.0,0.2,1.0,1.0,1.0,0.1,1.0,1.0,1.0,1.0,1.0,1.0,1.0,0.0,0.0,0.0,1.0
label_core_rerank,eval_0920,doxycycline | prednisone | metronidazole | azithromycin | rocephin | dapsone | ceftriaxone | zyvox | linezolid | filgrastim | neupogen | fluconazole | clindamycin | tobramycin | pyrimethamine | cefotaxime | gentamicin | ferralet 90 | lefamulin | oxymetholone,doxycycline | azithromycin,1000,132,132,1000,0,0,0,0.4,1.0,1.0,0.7724397457735779,0.2,1.0,1.0,0.7724397457735779,0.1,1.0,1.0,0.7724397457735779,1.0,1.0,1.0,1.0,0.0,0.0,0.0,1.0
label_core_rerank,eval_0917,prednisone | omalizumab | xolair | epinephrine | aristocort | triamcinolone | cromolyn | deltasone | prednisolone | cyproheptadine | promethazine | chlor-trimeton | phenergan | chlorpheniramine | ranitidine | carbinoxamine | azelastine | tetracaine | olopatadine | diphenhydramine,prednisone | methylprednisolone,1000,288,288,977,0,0,0,0.2,0.5,1.0,0.6131471927654584,0.1,0.5,1.0,0.6131471927654584,0.05,0.5,1.0,0.6131471927654584,1.0,1.0,1.0,1.0,0.0,0.0,0.0,1.0
label_core_rerank,eval_0922,diclofenac | tramadol | stelara | acetaminophen / hydrocodone | enbrel | ustekinumab | doxycycline | etanercept | prednisone | lortab | ketoprofen | norco | indomethacin | valdecoxib | voltaren | duloxetine | cataflam | cymbalta | naprelan | probenecid,diclofenac | tramadol,273,255,255,273,0,0,0,0.4,1.0,1.0,1.0,0.2,1.0,1.0,1.0,0.1,1.0,1.0,1.0,1.0,1.0,1.0,1.0,0.0,0.0,0.0,1.0
label_core_rerank,eval_0923,elocon | clobetasol | desonide | doxycycline | prednisone | flurandrenolide | cordran tape | clocortolone | clobex | cloderm | methylprednisolone | adalimumab | mometasone | betamethasone | humira | ultravate | fluocinonide | infliximab | remicade | halobetasol,prednisone | adalimumab,832,164,164,832,0,0,0,0.2,0.5,1.0,0.18154179253735267,0.1,0.5,1.0,0.18154179253735267,0.1,1.0,1.0,0.37176731778594296,0.2,1.0,1.0,1.0,0.0,0.0,0.0,1.0
label_core_rerank,eval_0919,diclofenac | prednisone | indomethacin | naprelan | ibuprofen | acetaminophen / aspirin / caffeine | naproxen | celecoxib | motrin | aleve | advil liqui-gels | advil | excedrin | clonazepam | deltasone | klonopin | propranolol | anaprox-ds | rizatriptan | treximet,diclofenac | propranolol,1000,419,419,1000,0,0,0,0.2,0.5,1.0,0.46927872602275644,0.1,0.5,1.0,0.46927872602275644,0.1,1.0,1.0,0.6380870592159578,1.0,1.0,1.0,1.0,0.0,0.0,0.0,1.0
label_core_rerank,eval_0925,clonazepam | klonopin | propranolol | rizatriptan | treximet | lamotrigine | gabapentin | naproxen / sumatriptan | amitriptyline | relpax | maxalt | eletriptan | acetaminophen / butalbital / caffeine | frovatriptan | sumatriptan | bupropion | aspirin / butalbital / caffeine | diclofenac | frova | maxalt-mlt,propranolol,453,179,179,453,0,0,0,0.2,1.0,1.0,0.5,0.1,1.0,1.0,0.5,0.05,1.0,1.0,0.5,0.3333333333333333,1.0,1.0,1.0,0.0,0.0,0.0,1.0
label_core_rerank,eval_0921,doxycycline | guaifenesin | ipratropium | amoxicillin | amoxicillin / clavulanate | ciprofloxacin | ventolin hfa | albuterol | proair respiclick | doryx | prednisone | mometasone | hydrocortisone | kenalog-40 | triamcinolone | moxifloxacin | dexamethasone | levofloxacin | fluticasone | prednisolone,prednisone | mometasone,422,222,20,220,0,0,0,0.0,0.0,0.0,0.0,0.0,0.0,0.0,0.0,0.1,1.0,1.0,0.32112751541678747,0.09090909090909091,1.0,1.0,1.0,0.0,0.0,0.0,1.0
label_core_rerank,eval_0929,elocon | clobetasol | stelara | enbrel | ustekinumab | desonide | doxycycline | etanercept | prednisone | flurandrenolide | cordran tape | clocortolone | clobex | cloderm | thiothixene | desowen | methylprednisolone | adalimumab | mometasone | betamethasone,enbrel,882,164,164,882,0,0,0,0.2,1.0,1.0,0.4306765580733931,0.1,1.0,1.0,0.4306765580733931,0.05,1.0,1.0,0.4306765580733931,0.25,1.0,1.0,1.0,0.0,0.0,0.0,1.0
label_core_rerank,eval_0924,doxycycline | azithromycin | rocephin | acidophilus | methenamine | ceftriaxone | zyvox | linezolid | hiprex | lactobacillus acidophilus | fluconazole | cephalexin | doripenem | gentamicin | bactrim | sulfamethoxazole / trimethoprim | minocycline | ceftin | avelox | moxifloxacin,doxycycline | sulfamethoxazole / trimethoprim | bactrim | fluconazole,1000,287,287,1000,0,0,0,0.2,0.25,1.0,0.32662592711430266,0.1,0.25,1.0,0.32662592711430266,0.2,1.0,1.0,0.6248566163842029,1.0,1.0,1.0,1.0,0.0,0.0,0.0,1.0
label_core_rerank,eval_0930,valacyclovir | valtrex | acyclovir | varicella zoster immune globulin | foscarnet | immune globulin intramuscular | measles virus vaccine / mumps virus vaccine / rubella virus vaccine / varicella virus vaccine | varicella virus vaccine | acetaminophen,valacyclovir | valtrex | acyclovir,9,8,8,9,0,0,0,0.6,1.0,1.0,1.0,0.3,1.0,1.0,1.0,0.15,1.0,1.0,1.0,1.0,1.0,1.0,1.0,0.0,0.0,0.0,1.0
label_core_rerank,eval_0932,aciphex | doxycycline | prednisone | rabeprazole | calcium carbonate / simethicone | prevacid | axid ar | nexium 24hr | prilosec otc | aluminum hydroxide / magnesium hydroxide / simethicone | nizatidine | protonix iv | omeprazole / sodium bicarbonate | tagamet hb | mylanta | zegerid | pepcid ac chewable tablets | triamcinolone | mylanta maximum strength | di-gel,doxycycline,1000,109,109,1000,0,0,0,0.2,1.0,1.0,0.6309297535714574,0.1,1.0,1.0,0.6309297535714574,0.05,1.0,1.0,0.6309297535714574,0.5,1.0,1.0,1.0,0.0,0.0,0.0,1.0
label_core_rerank,eval_0934,elocon | clobetasol | desonide | prednisone | flurandrenolide | cordran tape | clocortolone | clobex | cloderm | methylprednisolone | mometasone | betamethasone | cellcept | fluocinonide | fluocinolone | mycophenolate mofetil | budesonide | hydrocortisone | desoximetasone | zenpep,prednisone | methylprednisolone,439,49,49,439,0,0,0,0.2,0.5,1.0,0.26406812257259094,0.2,1.0,1.0,0.44130740935663865,0.1,1.0,1.0,0.44130740935663865,0.25,1.0,1.0,1.0,0.0,0.0,0.0,1.0
label_core_rerank,eval_0937,diclofenac | tramadol | stelara | acetaminophen / hydrocodone | enbrel | ustekinumab | doxycycline | etanercept | prednisone | lortab | ketoprofen | norco | indomethacin | valdecoxib | voltaren | duloxetine | cataflam | cymbalta | naprelan | probenecid,diclofenac | tramadol,273,255,255,273,0,0,0,0.4,1.0,1.0,1.0,0.2,1.0,1.0,1.0,0.1,1.0,1.0,1.0,1.0,1.0,1.0,1.0,0.0,0.0,0.0,1.0
label_core_rerank,eval_0936,amitriptyline | spironolactone | doxycycline | venlafaxine | azithromycin | rocephin | phosphorated carbohydrate solution | acidophilus | elavil | methenamine | ceftriaxone | zyvox | vaniqa | linezolid | uta | ampicillin | sulfatrim | hiprex | allopurinol | eflornithine,doxycycline,172,172,172,172,0,0,0,0.2,1.0,1.0,0.5,0.1,1.0,1.0,0.5,0.05,1.0,1.0,0.5,0.3333333333333333,1.0,1.0,1.0,0.0,0.0,0.0,1.0
label_core_rerank,eval_0935,liraglutide | gabapentin | victoza | tretinoin | clobetasol | desmopressin | pregabalin | pramlintide | humulin r u-500 (concentrated) | duloxetine | nortriptyline | cymbalta | chromium picolinate | byetta | symlin | topiramate | exubera | insulin isophane | ddavp | insulin aspart / insulin aspart protamine,liraglutide | victoza,453,228,228,453,0,0,0,0.4,1.0,1.0,0.9197207891481876,0.2,1.0,1.0,0.9197207891481876,0.1,1.0,1.0,0.9197207891481876,1.0,1.0,1.0,1.0,0.0,0.0,0.0,1.0
label_core_rerank,eval_0933,propranolol | spironolactone | clonidine | fosinopril | verapamil | captopril | lisinopril | benicar | ramipril | atenolol | catapres | cozaar | nadolol | corgard | innopran xl | altace | olmesartan | moexipril | losartan | metoprolol,propranolol,1000,486,486,870,0,0,0,0.2,1.0,1.0,1.0,0.1,1.0,1.0,1.0,0.05,1.0,1.0,1.0,1.0,1.0,1.0,1.0,0.0,0.0,0.0,1.0
label_core_rerank,eval_0938,amitriptyline | spironolactone | doxycycline | venlafaxine | azithromycin | rocephin | phosphorated carbohydrate solution | acidophilus | elavil | methenamine | ceftriaxone | zyvox | vaniqa | linezolid | uta | ampicillin | sulfatrim | hiprex | allopurinol | eflornithine,doxycycline,172,172,172,172,0,0,0,0.2,1.0,1.0,0.5,0.1,1.0,1.0,0.5,0.05,1.0,1.0,0.5,0.3333333333333333,1.0,1.0,1.0,0.0,0.0,0.0,1.0
label_core_rerank,eval_0943,doxycycline | prednisone | azithromycin | rocephin | aclidinium | tudorza pressair | xopenex | methylprednisolone | omalizumab | ceftriaxone | mometasone | xolair | levalbuterol | primatene mist | accolate | zafirlukast | intal inhaler | guaifenesin | epinephrine | ipratropium inhalation solution,azithromycin | prednisone,1000,221,221,1000,0,0,0,0.4,1.0,1.0,0.6787622294601761,0.2,1.0,1.0,0.6787622294601761,0.1,1.0,1.0,0.6787622294601761,0.5,1.0,1.0,1.0,0.0,0.0,0.0,1.0
label_core_rerank,eval_0941,clobetasol | fluocinolone | dexamethasone | liraglutide | gabapentin | victoza | tretinoin | desmopressin | pregabalin | pramlintide | humulin r u-500 (concentrated) | duloxetine | nortriptyline | cymbalta | chromium picolinate | byetta | symlin | topiramate | exubera | insulin isophane,liraglutide | victoza,1000,274,274,1000,0,0,0,0.2,0.5,1.0,0.26406812257259094,0.2,1.0,1.0,0.48247555939075515,0.1,1.0,1.0,0.48247555939075515,0.25,1.0,1.0,1.0,0.0,0.0,0.0,1.0
label_core_rerank,eval_0946,amitriptyline | spironolactone | doxycycline | venlafaxine | azithromycin | rocephin | phosphorated carbohydrate solution | acidophilus | elavil | methenamine | ceftriaxone | zyvox | vaniqa | linezolid | uta | ampicillin | sulfatrim | hiprex | allopurinol | eflornithine,doxycycline,172,172,172,172,0,0,0,0.2,1.0,1.0,0.5,0.1,1.0,1.0,0.5,0.05,1.0,1.0,0.5,0.3333333333333333,1.0,1.0,1.0,0.0,0.0,0.0,1.0
label_core_rerank,eval_0945,amitriptyline | spironolactone | doxycycline | venlafaxine | azithromycin | rocephin | phosphorated carbohydrate solution | acidophilus | elavil | methenamine | ceftriaxone | zyvox | vaniqa | linezolid | uta | ampicillin | sulfatrim | hiprex | allopurinol | eflornithine,doxycycline,172,172,172,172,0,0,0,0.2,1.0,1.0,0.5,0.1,1.0,1.0,0.5,0.05,1.0,1.0,0.5,0.3333333333333333,1.0,1.0,1.0,0.0,0.0,0.0,1.0
label_core_rerank,eval_0947,doxycycline | ibuprofen | naproxen | cephalexin | triamcinolone | flanax pain reliever | bactrim | sulfamethoxazole / trimethoprim | oxybutynin | avelox | moxifloxacin | doxy 100 | sucralfate | ditropan xl | aleve | ciprofloxacin | naprosyn | levofloxacin | bactrim ds | levaquin,naproxen,273,25,25,273,0,0,0,0.2,1.0,1.0,0.5,0.1,1.0,1.0,0.5,0.05,1.0,1.0,0.5,0.3333333333333333,1.0,1.0,1.0,0.0,0.0,0.0,1.0
label_core_rerank,eval_0949,amitriptyline | spironolactone | doxycycline | venlafaxine | azithromycin | rocephin | phosphorated carbohydrate solution | acidophilus | elavil | methenamine | ceftriaxone | zyvox | vaniqa | linezolid | uta | ampicillin | sulfatrim | hiprex | allopurinol | eflornithine,doxycycline,172,172,172,172,0,0,0,0.2,1.0,1.0,0.5,0.1,1.0,1.0,0.5,0.05,1.0,1.0,0.5,0.3333333333333333,1.0,1.0,1.0,0.0,0.0,0.0,1.0
label_core_rerank,eval_0951,diclofenac | tramadol | stelara | acetaminophen / hydrocodone | enbrel | ustekinumab | doxycycline | etanercept | prednisone | lortab | ketoprofen | norco | indomethacin | valdecoxib | voltaren | duloxetine | cataflam | cymbalta | naprelan | probenecid,diclofenac | tramadol | acetaminophen / hydrocodone,273,255,255,273,0,0,0,0.6,1.0,1.0,0.9736505918364026,0.3,1.0,1.0,0.9736505918364026,0.15,1.0,1.0,0.9736505918364026,1.0,1.0,1.0,1.0,0.0,0.0,0.0,1.0
label_core_rerank,eval_0954,elocon | clobetasol | stelara | enbrel | ustekinumab | desonide | doxycycline | etanercept | prednisone | flurandrenolide | cordran tape | clocortolone | clobex | cloderm | thiothixene | desowen | methylprednisolone | adalimumab | mometasone | betamethasone,prednisone | enbrel,726,164,164,726,0,0,0,0.2,0.5,1.0,0.3031610197508214,0.2,1.0,1.0,0.44442799261065036,0.1,1.0,1.0,0.44442799261065036,0.25,1.0,1.0,1.0,0.0,0.0,0.0,1.0
label_core_rerank,eval_0956,phenylephrine | diltiazem | cardizem | cartia xt | cardizem cd | esmolol | tadalafil | propranolol | sildenafil | dextroamphetamine | dexedrine | spironolactone | azor | amlodipine / olmesartan | clonidine | modafinil | amlodipine / hydrochlorothiazide / valsartan | exforge hct | avalide | verapamil,diltiazem | cartia xt,1000,275,275,1000,0,0,0,0.4,1.0,1.0,0.6509209298071326,0.2,1.0,1.0,0.6509209298071326,0.1,1.0,1.0,0.6509209298071326,0.5,1.0,1.0,1.0,0.0,0.0,0.0,1.0
label_core_rerank,eval_0957,elocon | clobetasol | stelara | enbrel | ustekinumab | desonide | doxycycline | etanercept | prednisone | flurandrenolide | cordran tape | clocortolone | clobex | cloderm | thiothixene | desowen | methylprednisolone | adalimumab | mometasone | betamethasone,prednisone | enbrel,730,164,164,730,0,0,0,0.2,0.5,1.0,0.3031610197508214,0.2,1.0,1.0,0.44442799261065036,0.1,1.0,1.0,0.44442799261065036,0.25,1.0,1.0,1.0,0.0,0.0,0.0,1.0
label_core_rerank,eval_0955,propranolol | verapamil | nitroglycerin | atenolol | nadolol | corgard | metoprolol | verelan pm | caduet | coreg | tenormin | lopressor | calan sr | toprol-xl | bisoprolol | lisinopril | ramipril | diltiazem | altace | carvedilol,propranolol | metoprolol,1000,335,335,936,0,0,0,0.2,0.5,1.0,0.46927872602275644,0.2,1.0,1.0,0.7039180890341347,0.1,1.0,1.0,0.7039180890341347,1.0,1.0,1.0,1.0,0.0,0.0,0.0,1.0
label_core_rerank,eval_0953,doxycycline | prednisone | azithromycin | rocephin | ceftriaxone | sulfamethoxazole / trimethoprim | zithromax | ceftin | avelox | moxifloxacin | amoxicillin | amoxil | amoxicillin / clavulanate | biaxin xl | augmentin | dexamethasone | cefuroxime | clarithromycin | ciprofloxacin | erythromycin,doxycycline | azithromycin | prednisone,1000,319,319,1000,0,0,0,0.6,1.0,1.0,0.9298593499260985,0.3,1.0,1.0,0.9298593499260985,0.15,1.0,1.0,0.9298593499260985,1.0,1.0,1.0,1.0,0.0,0.0,0.0,1.0
label_core_rerank,eval_0961,elocon | clobetasol | desonide | prednisone | flurandrenolide | cordran tape | clocortolone | clobex | cloderm | methylprednisolone | mometasone | betamethasone | cellcept | fluocinonide | fluocinolone | mycophenolate mofetil | budesonide | hydrocortisone | desoximetasone | triamcinolone,prednisone | methylprednisolone,563,49,49,563,0,0,0,0.2,0.5,1.0,0.26406812257259094,0.2,1.0,1.0,0.44130740935663865,0.1,1.0,1.0,0.44130740935663865,0.25,1.0,1.0,1.0,0.0,0.0,0.0,1.0
label_core_rerank,eval_0958,lidocaine | hydrocortisone | hydrocortisone / pramoxine | pramosone | proctofoam | pramoxine | dibucaine | nupercainal | proctofoam hc | proctosol-hc | tronolane anesthetic for hemorrhoids | pramoxine / zinc oxide | analpram-hc | hydrocortisone / lidocaine | phenylephrine | lmx 5 | phenylephrine / pramoxine | recticare | anucort-hc | anusol-hc suppositories,hydrocortisone | hydrocortisone / pramoxine | lidocaine,275,164,164,275,0,0,0,0.6,1.0,1.0,0.9151505377371351,0.3,1.0,1.0,0.9151505377371351,0.15,1.0,1.0,0.9151505377371351,1.0,1.0,1.0,1.0,0.0,0.0,0.0,1.0
label_core_rerank,eval_0959,clonidine | catapres | hytrin | terazosin | propranolol | spironolactone | verapamil | nitroglycerin | atenolol | nadolol | corgard | metoprolol | caduet | verelan pm | coreg | tenormin | lopressor | calan sr | toprol-xl | furosemide,propranolol | clonidine,1000,293,293,845,0,0,0,0.4,1.0,1.0,0.7415914148287854,0.2,1.0,1.0,0.7415914148287854,0.1,1.0,1.0,0.7415914148287854,1.0,1.0,1.0,1.0,0.0,0.0,0.0,1.0
label_core_rerank,eval_0960,amitriptyline | spironolactone | doxycycline | venlafaxine | azithromycin | rocephin | phosphorated carbohydrate solution | acidophilus | elavil | methenamine | ceftriaxone | zyvox | vaniqa | linezolid | uta | ampicillin | sulfatrim | hiprex | allopurinol | eflornithine,doxycycline,172,172,172,172,0,0,0,0.2,1.0,1.0,0.5,0.1,1.0,1.0,0.5,0.05,1.0,1.0,0.5,0.3333333333333333,1.0,1.0,1.0,0.0,0.0,0.0,1.0
label_core_rerank,eval_0965,rabeprazole | omeprazole / sodium bicarbonate | ranitidine | lansoprazole | zantac | esomeprazole | protonix | nexium | sucralfate | cimetidine | omeprazole | pantoprazole | carafate | pepcid | calcium carbonate | famotidine | aciphex | calcium carbonate / simethicone | prevacid | axid ar,rabeprazole | esomeprazole | lansoprazole,113,80,16,49,0,0,0,0.4,0.6666666666666666,1.0,0.6713860725233042,0.3,1.0,1.0,0.8385465274895064,0.15,1.0,1.0,0.8385465274895064,1.0,1.0,1.0,1.0,0.0,0.0,0.0,1.0
label_core_rerank,eval_0964,cyproheptadine | promethazine | prednisone | omalizumab | epipen | ketotifen | xolair | chlor-trimeton | phenergan | ketorolac | chlorpheniramine | epinephrine | ranitidine | carbinoxamine | alavert | zaditor | aristocort | azelastine | triamcinolone | tetracaine,prednisone | promethazine,558,76,76,558,0,0,0,0.4,1.0,1.0,0.6934264036172708,0.2,1.0,1.0,0.6934264036172708,0.1,1.0,1.0,0.6934264036172708,0.5,1.0,1.0,1.0,0.0,0.0,0.0,1.0
label_core_rerank,eval_0969,elocon | clobetasol | desonide | prednisone | flurandrenolide | cordran tape | clocortolone | clobex | cloderm | mometasone | betamethasone | ultravate | fluocinonide | verdeso | fluocinolone | synalar | prednisolone / sulfacetamide sodium | halobetasol | olux | hydrocortisone,prednisone,726,62,62,726,0,0,0,0.2,1.0,1.0,0.43067655807339306,0.1,1.0,1.0,0.43067655807339306,0.05,1.0,1.0,0.43067655807339306,0.25,1.0,1.0,1.0,0.0,0.0,0.0,1.0
label_core_rerank,eval_0967,doxycycline | prednisone | azithromycin | methylprednisolone | mometasone | epinephrine | ampicillin | budesonide | kenalog-40 | augmentin xr | triamcinolone | bactrim | medrol dosepak | sulfamethoxazole / trimethoprim | flunisolide | zithromax | ceftin | cedax | ceftibuten | singulair,prednisone | methylprednisolone,1000,681,681,1000,0,0,0,0.4,1.0,1.0,0.6509209298071326,0.2,1.0,1.0,0.6509209298071326,0.1,1.0,1.0,0.6509209298071326,0.5,1.0,1.0,1.0,0.0,0.0,0.0,1.0
label_core_rerank,eval_0968,prednisone | aristocort | triamcinolone | corticotropin | deltasone | acthar | loteprednol | lotemax | prednisolone | doxycycline | methylprednisolone | aspirin | kenalog-40 | medrol dosepak | amoxicillin | dexamethasone | canakinumab | cyproheptadine | promethazine | omalizumab,prednisone | triamcinolone | corticotropin | methylprednisolone,801,322,322,801,0,0,0,0.6,0.75,1.0,0.7197587561673514,0.3,0.75,1.0,0.7197587561673514,0.2,1.0,1.0,0.843657363904769,1.0,1.0,1.0,1.0,0.0,0.0,0.0,1.0
label_core_rerank,eval_0973,"epivir-hbv | tenofovir | viread | lamivudine | peginterferon alfa-2a | interferon alfa-2b | hepatitis b adult vaccine | adefovir | diphtheria and tetanus toxoids / pertussis, acellular / poliovirus vaccine, inactivated / haemophilus b conjugate / hepatitis b vaccine | hepatitis b immune globulin | hepatitis a adult vaccine / hepatitis b adult vaccine | hepatitis b pediatric vaccine | entecavir | peginterferon alfa-2b | tenofovir alafenamide | diphtheria toxoid / hepatitis b pediatric vaccine / pertussis, acellular / poliovirus vaccine, inactivated / tetanus toxoid | harvoni | ledipasvir / sofosbuvir | aciphex | elocon",tenofovir | peginterferon alfa-2a | viread,220,16,16,220,0,0,0,0.6,1.0,1.0,0.7122630665145961,0.3,1.0,1.0,0.7122630665145961,0.15,1.0,1.0,0.7122630665145961,0.5,1.0,1.0,1.0,0.0,0.0,0.0,1.0
label_core_rerank,eval_0975,doxycycline | prednisone | azithromycin | rocephin | aclidinium | tudorza pressair | xopenex | methylprednisolone | omalizumab | ceftriaxone | mometasone | xolair | levalbuterol | primatene mist | intal inhaler | accolate | zafirlukast | guaifenesin | epinephrine | revefenacin,prednisone,1000,221,221,1000,0,0,0,0.2,1.0,1.0,0.6309297535714574,0.1,1.0,1.0,0.6309297535714574,0.05,1.0,1.0,0.6309297535714574,0.5,1.0,1.0,1.0,0.0,0.0,0.0,1.0
label_core_rerank,eval_0972,doxycycline | prednisone | azithromycin | rocephin | ceftriaxone | sulfamethoxazole / trimethoprim | zithromax | ceftin | avelox | moxifloxacin | amoxicillin | amoxil | amoxicillin / clavulanate | biaxin xl | augmentin | dexamethasone | cefuroxime | clarithromycin | ciprofloxacin | erythromycin,doxycycline | azithromycin | prednisone,1000,319,319,1000,0,0,0,0.6,1.0,1.0,0.9049765583210164,0.3,1.0,1.0,0.9049765583210164,0.15,1.0,1.0,0.9049765583210164,1.0,1.0,1.0,1.0,0.0,0.0,0.0,1.0
label_core_rerank,eval_0976,diclofenac | tramadol | stelara | acetaminophen / hydrocodone | enbrel | ustekinumab | doxycycline | etanercept | prednisone | lortab | ketoprofen | norco | indomethacin | valdecoxib | voltaren | duloxetine | cataflam | cymbalta | naprelan | probenecid,diclofenac | tramadol,273,255,255,273,0,0,0,0.4,1.0,1.0,1.0,0.2,1.0,1.0,1.0,0.1,1.0,1.0,1.0,1.0,1.0,1.0,1.0,0.0,0.0,0.0,1.0
label_core_rerank,eval_0971,doxycycline | prednisone | azithromycin | methylprednisolone | mometasone | epinephrine | ampicillin | budesonide | kenalog-40 | augmentin xr | triamcinolone | bactrim | medrol dosepak | sulfamethoxazole / trimethoprim | flunisolide | zithromax | ceftin | cedax | ceftibuten | singulair,azithromycin | prednisone | methylprednisolone,1000,681,681,902,0,0,0,0.6,1.0,1.0,0.7101592725933039,0.3,1.0,1.0,0.7101592725933039,0.15,1.0,1.0,0.7101592725933039,0.5,1.0,1.0,1.0,0.0,0.0,0.0,1.0
label_core_rerank,eval_0979,amitriptyline | spironolactone | doxycycline | venlafaxine | azithromycin | rocephin | phosphorated carbohydrate solution | acidophilus | elavil | methenamine | ceftriaxone | zyvox | vaniqa | linezolid | uta | ampicillin | sulfatrim | hiprex | allopurinol | eflornithine,doxycycline,172,172,172,172,0,0,0,0.2,1.0,1.0,0.5,0.1,1.0,1.0,0.5,0.05,1.0,1.0,0.5,0.3333333333333333,1.0,1.0,1.0,0.0,0.0,0.0,1.0
label_core_rerank,eval_0984,doxycycline | ibuprofen | naproxen | cephalexin | triamcinolone | flanax pain reliever | bactrim | sulfamethoxazole / trimethoprim | oxybutynin | avelox | moxifloxacin | doxy 100 | sucralfate | ditropan xl | aleve | ciprofloxacin | naprosyn | levofloxacin | bactrim ds | levaquin,naproxen,273,25,25,273,0,0,0,0.2,1.0,1.0,0.5,0.1,1.0,1.0,0.5,0.05,1.0,1.0,0.5,0.3333333333333333,1.0,1.0,1.0,0.0,0.0,0.0,1.0
label_core_rerank,eval_0977,clonidine | catapres | hytrin | terazosin | tadalafil | propranolol | sildenafil | dextroamphetamine | dexedrine | spironolactone | azor | amlodipine / olmesartan | modafinil | amlodipine / hydrochlorothiazide / valsartan | exforge hct | avalide | verapamil | armodafinil | travoprost | hydrochlorothiazide / irbesartan,clonidine | catapres | terazosin | hytrin,1000,293,293,932,0,0,0,0.8,1.0,1.0,1.0,0.4,1.0,1.0,1.0,0.2,1.0,1.0,1.0,1.0,1.0,1.0,1.0,0.0,0.0,0.0,1.0
label_core_rerank,eval_0978,diclofenac | prednisone | indomethacin | naprelan | ibuprofen | acetaminophen / aspirin / caffeine | naproxen | celecoxib | motrin | aleve | advil liqui-gels | advil | excedrin | deltasone | anaprox-ds | doxycycline | methylprednisolone | ceftriaxone | aspirin | kenalog-40,diclofenac | prednisone | naproxen | acetaminophen / aspirin / caffeine | indomethacin,1000,419,419,919,0,0,0,0.6,0.6,1.0,0.7227265726449519,0.5,1.0,1.0,0.9565912771023182,0.25,1.0,1.0,0.9565912771023182,1.0,1.0,1.0,1.0,0.0,0.0,0.0,1.0
label_core_rerank,eval_0982,doxycycline | prednisone | triamcinolone | minocycline | dexamethasone | tetracycline | cortisone | duloxetine | cymbalta | zostrix | capsaicin | capzasin-hp | zostrix diabetic foot pain | diclofenac | tramadol | stelara | acetaminophen / hydrocodone | enbrel | ustekinumab | etanercept,doxycycline | duloxetine | cymbalta | prednisone | minocycline | triamcinolone,656,357,357,656,0,0,0,0.8,0.6666666666666666,1.0,0.8687949224876582,0.6,1.0,1.0,0.9617010886504509,0.3,1.0,1.0,0.9617010886504509,1.0,1.0,1.0,1.0,0.0,0.0,0.0,1.0
label_core_rerank,eval_0989,propranolol | spironolactone | clonidine | verapamil | benicar | atenolol | catapres | nadolol | corgard | innopran xl | olmesartan | metoprolol | verelan pm | inderal | tenormin | calan sr | furosemide | lisinopril | hytrin | terazosin,propranolol | clonidine,1000,275,275,840,0,0,0,0.4,1.0,1.0,0.9385574520455129,0.2,1.0,1.0,0.9385574520455129,0.1,1.0,1.0,0.9385574520455129,1.0,1.0,1.0,1.0,0.0,0.0,0.0,1.0
label_core_rerank,eval_0985,doxycycline | prednisone | azithromycin | rocephin | ceftriaxone | bactrim | sulfamethoxazole / trimethoprim | zithromax | ceftin | avelox | moxifloxacin | amoxicillin | amoxil | amoxicillin / clavulanate | augmentin | dexamethasone | cefuroxime | ciprofloxacin | levofloxacin | bactrim ds,prednisone,1000,354,354,871,0,0,0,0.2,1.0,1.0,0.6309297535714575,0.1,1.0,1.0,0.6309297535714575,0.05,1.0,1.0,0.6309297535714575,0.5,1.0,1.0,1.0,0.0,0.0,0.0,1.0
label_core_rerank,eval_0987,gabapentin | dexamethasone | aluminum chloride hexahydrate | drysol | amitriptyline | hypercare | clonidine | xerac ac | catapres | pima | tapazole | potassium iodide | oxybutynin | onabotulinumtoxina | botox | hytrin | benztropine | terazosin | methimazole | liraglutide,liraglutide,737,249,249,737,0,0,0,0.0,0.0,0.0,0.0,0.0,0.0,0.0,0.0,0.05,1.0,1.0,0.22767024869695296,0.05,1.0,1.0,1.0,0.0,0.0,0.0,1.0
label_core_rerank,eval_0990,doxycycline | azithromycin | rocephin | acidophilus | methenamine | ceftriaxone | zyvox | linezolid | hiprex | lactobacillus acidophilus | fluconazole | cephalexin | doripenem | gentamicin | bactrim | sulfamethoxazole / trimethoprim | minocycline | ceftin | avelox | moxifloxacin,doxycycline | sulfamethoxazole / trimethoprim | bactrim | fluconazole,1000,287,287,1000,0,0,0,0.2,0.25,1.0,0.2757045417773276,0.1,0.25,1.0,0.2757045417773276,0.2,1.0,1.0,0.5956293988783901,1.0,1.0,1.0,1.0,0.0,0.0,0.0,1.0
label_core_rerank,eval_0991,rabeprazole | omeprazole / sodium bicarbonate | ranitidine | lansoprazole | zantac | esomeprazole | protonix | nexium | sucralfate | cimetidine | omeprazole | pantoprazole | carafate | pepcid | calcium carbonate | famotidine | prednisone | clonidine | methylprednisolone | budesonide,rabeprazole | esomeprazole | lansoprazole,1000,109,109,1000,0,0,0,0.4,0.6666666666666666,1.0,0.6713860725233042,0.3,1.0,1.0,0.8385465274895064,0.15,1.0,1.0,0.8385465274895064,1.0,1.0,1.0,1.0,0.0,0.0,0.0,1.0
label_core_rerank,eval_0993,lorazepam | ativan | baclofen | onabotulinumtoxina | botox | abobotulinumtoxina | dysport | lioresal | botulinum toxin type b | myobloc | incobotulinumtoxina | xeomin | iohexol | ioversol | iodixanol | iopromide | doxycycline | ibuprofen | naproxen | cephalexin,baclofen,52,12,12,52,0,0,0,0.2,1.0,1.0,0.5,0.1,1.0,1.0,0.5,0.05,1.0,1.0,0.5,0.3333333333333333,1.0,1.0,1.0,0.0,0.0,0.0,1.0
label_core_rerank,eval_0997,tadalafil | propranolol | sildenafil | dextroamphetamine | dexedrine | spironolactone | azor | amlodipine / olmesartan | clonidine | modafinil | amlodipine / hydrochlorothiazide / valsartan | exforge hct | avalide | verapamil | armodafinil | travoprost | hydrochlorothiazide / irbesartan | provigil | nuvigil | benicar,propranolol,1000,275,275,1000,0,0,0,0.2,1.0,1.0,0.6309297535714575,0.1,1.0,1.0,0.6309297535714575,0.05,1.0,1.0,0.6309297535714575,0.5,1.0,1.0,1.0,0.0,0.0,0.0,1.0
label_core_rerank,eval_0994,doxycycline | prednisone | minocycline | dexamethasone | pentamidine | methylprednisolone | mometasone | hydrocortisone | kenalog-40 | triamcinolone | albendazole | tetracycline | prednisolone | chloramphenicol | clobetasol | calcitriol | elocon | stelara | enbrel | ustekinumab,doxycycline | prednisone | minocycline | methylprednisolone | mometasone | triamcinolone,1000,291,291,978,0,0,0,0.6,0.5,1.0,0.7654059319182321,0.6,1.0,1.0,0.936750537572194,0.3,1.0,1.0,0.936750537572194,1.0,1.0,1.0,1.0,0.0,0.0,0.0,1.0
label_core_rerank,eval_1000,"azithromycin | ampicillin | ciprofloxacin | cipro | ceftriaxone | typhoid vaccine, inactivated | typhoid vaccine, live | dexbrompheniramine / pseudoephedrine | drixoral cold and allergy | valacyclovir | valtrex | chlorpheniramine / hydrocodone | tussionex pennkinetic | acyclovir | zutripro | chlorpheniramine / hydrocodone / pseudoephedrine | acrivastine / pseudoephedrine | semprex-d | doxycycline | cyproheptadine",azithromycin | ciprofloxacin | cipro,1000,7,7,1000,0,0,0,0.6,1.0,1.0,0.8132022820105483,0.3,1.0,1.0,0.8132022820105483,0.15,1.0,1.0,0.8132022820105483,1.0,1.0,1.0,1.0,0.0,0.0,0.0,1.0
label_core_rerank,eval_0998,doxycycline | azithromycin | rocephin | acidophilus | methenamine | ceftriaxone | zyvox | linezolid | hiprex | lactobacillus acidophilus | fluconazole | cephalexin | doripenem | gentamicin | bactrim | sulfamethoxazole / trimethoprim | minocycline | ceftin | avelox | moxifloxacin,doxycycline | sulfamethoxazole / trimethoprim | bactrim | fluconazole,481,287,287,481,0,0,0,0.2,0.25,1.0,0.2757045417773276,0.1,0.25,1.0,0.2757045417773276,0.2,1.0,1.0,0.5956293988783901,1.0,1.0,1.0,1.0,0.0,0.0,0.0,1.0
label_core_rerank,eval_1001,isotretinoin | accutane | benzoyl peroxide / clindamycin | tretinoin | adapalene / benzoyl peroxide | epiduo | magnesium hydroxide | claravis | benzaclin | spironolactone | doxycycline | phillips' milk of magnesia | duac | retin-a | dapsone | aczone | clindamycin / tretinoin | drospirenone / ethinyl estradiol | onexton | benzoyl peroxide / sulfur,isotretinoin | accutane | adapalene / benzoyl peroxide,726,273,273,726,0,0,0,0.6,1.0,1.0,0.9469024295259745,0.3,1.0,1.0,0.9469024295259745,0.15,1.0,1.0,0.9469024295259745,1.0,1.0,1.0,1.0,0.0,0.0,0.0,1.0
label_core_rerank,eval_0999,doxycycline | ibuprofen | naproxen | triamcinolone | flanax pain reliever | aleve | naprosyn | stelara | enbrel | ustekinumab | etanercept | prednisone | methylprednisolone | adalimumab | betamethasone | humira | infliximab | methotrexate | remicade | hydrocortisone,prednisone | enbrel | naproxen | triamcinolone | ibuprofen,573,273,273,573,0,0,0,0.6,0.6,1.0,0.5296347172140421,0.4,0.8,1.0,0.6317321123369537,0.25,1.0,1.0,0.7233861402652867,0.5,1.0,1.0,1.0,0.0,0.0,0.0,1.0
label_core_rerank,eval_1005,elocon | clobetasol | stelara | enbrel | ustekinumab | desonide | doxycycline | etanercept | prednisone | flurandrenolide | cordran tape | clocortolone | clobex | cloderm | thiothixene | desowen | methylprednisolone | adalimumab | mometasone | betamethasone,prednisone | enbrel,726,164,164,726,0,0,0,0.2,0.5,1.0,0.3031610197508214,0.2,1.0,1.0,0.44442799261065036,0.1,1.0,1.0,0.44442799261065036,0.25,1.0,1.0,1.0,0.0,0.0,0.0,1.0
label_core_rerank,eval_1006,doxycycline | lithium | chlorpromazine | allopurinol | clindamycin | artemether / lumefantrine | coartem | divalproex sodium | daraprim | fansidar | stavzor | halofantrine | halfan | pyrimethamine | pyrimethamine / sulfadoxine | depakote er | thorazine | hydroxychloroquine | depakote | risperdal,doxycycline | clindamycin,1000,34,34,1000,0,0,0,0.4,1.0,1.0,0.8854598815714874,0.2,1.0,1.0,0.8854598815714874,0.1,1.0,1.0,0.8854598815714874,1.0,1.0,1.0,1.0,0.0,0.0,0.0,1.0
label_core_rerank,eval_1002,baclofen | onabotulinumtoxina | botox | lioresal | lorazepam | ativan | abobotulinumtoxina | dysport | myobloc | botulinum toxin type b | xeomin | incobotulinumtoxina | ibuprofen | naproxen | aleve | propranolol | clonidine | verapamil | benicar | atenolol,baclofen | onabotulinumtoxina | botox | lioresal | propranolol,1000,187,187,1000,0,0,0,0.8,0.8,1.0,0.7790559043488847,0.4,0.8,1.0,0.7790559043488847,0.25,1.0,1.0,0.8704816048787549,1.0,1.0,1.0,1.0,0.0,0.0,0.0,1.0
label_core_rerank,eval_1007,doxycycline | azithromycin | rocephin | ceftriaxone | zyvox | linezolid | ampicillin | allopurinol | doryx | fluconazole | augmentin xr | cephalexin | gentamicin | bactrim | sulfamethoxazole / trimethoprim | minocycline | ceftin | avelox | moxifloxacin | amoxicillin,doxycycline | sulfamethoxazole / trimethoprim,1000,172,172,1000,0,0,0,0.2,0.5,1.0,0.46927872602275644,0.1,0.5,1.0,0.46927872602275644,0.1,1.0,1.0,0.6452582482812901,1.0,1.0,1.0,1.0,0.0,0.0,0.0,1.0
label_core_rerank,eval_1008,doxycycline | prednisone | azithromycin | rocephin | methylprednisolone | ceftriaxone | mometasone | epinephrine | ampicillin | budesonide | kenalog-40 | augmentin xr | triamcinolone | bactrim | medrol dosepak | sulfamethoxazole / trimethoprim | flunisolide | zithromax | ceftin | ceftibuten,prednisone,1000,221,221,1000,0,0,0,0.2,1.0,1.0,0.6309297535714574,0.1,1.0,1.0,0.6309297535714574,0.05,1.0,1.0,0.6309297535714574,0.5,1.0,1.0,1.0,0.0,0.0,0.0,1.0
label_core_rerank,eval_1004,cyproheptadine | prednisone | acetaminophen / phenyltoloxamine | acetaminophen / caffeine | excedrin tension headache | excedrin quick tab | deltasone | dexbrompheniramine / pseudoephedrine | drixoral cold and allergy | valacyclovir | valtrex | chlorpheniramine / hydrocodone | tussionex pennkinetic | acyclovir | chlorpheniramine / hydrocodone / pseudoephedrine | zutripro | acrivastine / pseudoephedrine | semprex-d | doxycycline | privine,acetaminophen / phenyltoloxamine,1000,683,683,877,0,0,0,0.2,1.0,1.0,0.5,0.1,1.0,1.0,0.5,0.05,1.0,1.0,0.5,0.3333333333333333,1.0,1.0,1.0,0.0,0.0,0.0,1.0
label_core_rerank,eval_1009,doxycycline | prednisone | azithromycin | methylprednisolone | mometasone | epinephrine | ampicillin | budesonide | kenalog-40 | augmentin xr | triamcinolone | bactrim | medrol dosepak | sulfamethoxazole / trimethoprim | flunisolide | zithromax | ceftin | cedax | ceftibuten | singulair,prednisone,1000,681,681,997,0,0,0,0.2,1.0,1.0,0.6309297535714575,0.1,1.0,1.0,0.6309297535714575,0.05,1.0,1.0,0.6309297535714575,0.5,1.0,1.0,1.0,0.0,0.0,0.0,1.0
label_core_rerank,eval_1012,elocon | clobetasol | stelara | enbrel | ustekinumab | desonide | doxycycline | etanercept | prednisone | flurandrenolide | cordran tape | clocortolone | clobex | cloderm | thiothixene | desowen | methylprednisolone | adalimumab | mometasone | betamethasone,prednisone | enbrel,169,164,164,169,0,0,0,0.2,0.5,1.0,0.3031610197508214,0.2,1.0,1.0,0.44442799261065036,0.1,1.0,1.0,0.44442799261065036,0.25,1.0,1.0,1.0,0.0,0.0,0.0,1.0
label_core_rerank,eval_1020,isotretinoin | accutane | benzoyl peroxide / clindamycin | tretinoin | adapalene / benzoyl peroxide | epiduo | magnesium hydroxide | claravis | benzaclin | spironolactone | doxycycline | phillips' milk of magnesia | duac | retin-a | dapsone | aczone | clindamycin / tretinoin | drospirenone / ethinyl estradiol | onexton | benzoyl peroxide / sulfur,isotretinoin | accutane | adapalene / benzoyl peroxide,273,273,273,273,0,0,0,0.6,1.0,1.0,0.840466744283681,0.3,1.0,1.0,0.840466744283681,0.15,1.0,1.0,0.840466744283681,1.0,1.0,1.0,1.0,0.0,0.0,0.0,1.0
label_core_rerank,eval_1021,elocon | clobetasol | stelara | enbrel | ustekinumab | desonide | doxycycline | etanercept | prednisone | flurandrenolide | cordran tape | clocortolone | clobex | cloderm | thiothixene | desowen | methylprednisolone | adalimumab | mometasone | betamethasone,prednisone | enbrel,169,164,164,169,0,0,0,0.2,0.5,1.0,0.3031610197508214,0.2,1.0,1.0,0.44442799261065036,0.1,1.0,1.0,0.44442799261065036,0.25,1.0,1.0,1.0,0.0,0.0,0.0,1.0
label_core_rerank,eval_1022,tadalafil | propranolol | sildenafil | dextroamphetamine | dexedrine | spironolactone | azor | amlodipine / olmesartan | clonidine | modafinil | amlodipine / hydrochlorothiazide / valsartan | exforge hct | avalide | verapamil | armodafinil | travoprost | hydrochlorothiazide / irbesartan | provigil | nuvigil | benicar,propranolol,1000,275,275,1000,0,0,0,0.2,1.0,1.0,0.6309297535714574,0.1,1.0,1.0,0.6309297535714574,0.05,1.0,1.0,0.6309297535714574,0.5,1.0,1.0,1.0,0.0,0.0,0.0,1.0
label_core_rerank,eval_1018,cyproheptadine | promethazine | prednisone | chlor-trimeton | phenergan | chlorpheniramine | epinephrine | ranitidine | carbinoxamine | azelastine | triamcinolone | tetracaine | olopatadine | diphenhydramine | benadryl | cetirizine | allegra | fexofenadine | zyrtec | levocetirizine,prednisone,1000,558,511,953,0,0,0,0.2,1.0,1.0,0.5,0.1,1.0,1.0,0.5,0.05,1.0,1.0,0.5,0.3333333333333333,1.0,1.0,1.0,0.0,0.0,0.0,1.0
label_core_rerank,eval_1023,clonidine | catapres | hytrin | terazosin | aluminum chloride hexahydrate | drysol | gabapentin | amitriptyline | hypercare | xerac ac | tapazole | pima | potassium iodide | oxybutynin | onabotulinumtoxina | botox | benztropine | methimazole | propylthiouracil | iodine / potassium iodide,clonidine | catapres,1000,223,59,836,0,0,0,0.4,1.0,1.0,1.0,0.2,1.0,1.0,1.0,0.1,1.0,1.0,1.0,1.0,1.0,1.0,1.0,0.0,0.0,0.0,1.0
label_core_rerank,eval_1024,cyproheptadine | promethazine | prednisone | chlor-trimeton | phenergan | chlorpheniramine | epinephrine | ranitidine | carbinoxamine | azelastine | triamcinolone | tetracaine | olopatadine | diphenhydramine | benadryl | cetirizine | allegra | fexofenadine | zyrtec | levocetirizine,promethazine | cyproheptadine,672,558,511,625,0,0,0,0.4,1.0,1.0,1.0,0.2,1.0,1.0,1.0,0.1,1.0,1.0,1.0,1.0,1.0,1.0,1.0,0.0,0.0,0.0,1.0
label_core_rerank,eval_1027,gabapentin | amitriptyline | sumatriptan | nortriptyline | elavil | zolmitriptan | pamelor | metoclopramide | reglan | prednisone | clonidine | lithium | divalproex sodium | depakote er | depakote | valproic acid | doxycycline | promethazine | ceftriaxone | phenergan,sumatriptan,1000,315,315,887,0,0,0,0.2,1.0,1.0,0.5,0.1,1.0,1.0,0.5,0.05,1.0,1.0,0.5,0.3333333333333333,1.0,1.0,1.0,0.0,0.0,0.0,1.0
label_core_rerank,eval_1025,doxycycline | clindamycin | cephalexin | bactrim | sulfamethoxazole / trimethoprim | minocycline | keflex | doxy 100 | bactrim ds | vibramycin | septra | septra ds | smz-tmp ds | prednisone | metronidazole | nystatin / triamcinolone | azithromycin | rocephin | acidophilus | methenamine,doxycycline | clindamycin | sulfamethoxazole / trimethoprim,888,420,420,888,0,0,0,0.6,1.0,1.0,0.9615980861491925,0.3,1.0,1.0,0.9615980861491925,0.15,1.0,1.0,0.9615980861491925,1.0,1.0,1.0,1.0,0.0,0.0,0.0,1.0
label_core_rerank,eval_1026,cyproheptadine | promethazine | prednisone | chlor-trimeton | phenergan | chlorpheniramine | epinephrine | ranitidine | carbinoxamine | azelastine | triamcinolone | tetracaine | olopatadine | diphenhydramine | benadryl | cetirizine | allegra | fexofenadine | zyrtec | levocetirizine,promethazine | cyproheptadine,1000,558,558,1000,0,0,0,0.4,1.0,1.0,1.0,0.2,1.0,1.0,1.0,0.1,1.0,1.0,1.0,1.0,1.0,1.0,1.0,0.0,0.0,0.0,1.0
label_core_rerank,eval_1031,doxycycline | lithium | chlorpromazine | allopurinol | clindamycin | coartem | artemether / lumefantrine | divalproex sodium | daraprim | fansidar | stavzor | halofantrine | halfan | pyrimethamine | pyrimethamine / sulfadoxine | depakote er | thorazine | hydroxychloroquine | depakote | risperdal,doxycycline | clindamycin,1000,34,34,1000,0,0,0,0.4,1.0,1.0,0.8854598815714874,0.2,1.0,1.0,0.8854598815714874,0.1,1.0,1.0,0.8854598815714874,1.0,1.0,1.0,1.0,0.0,0.0,0.0,1.0
label_core_rerank,eval_1032,elocon | clobetasol | desonide | prednisone | flurandrenolide | cordran tape | clocortolone | clobex | cloderm | methylprednisolone | mometasone | betamethasone | cellcept | fluocinonide | fluocinolone | mycophenolate mofetil | budesonide | hydrocortisone | desoximetasone | zenpep,prednisone | methylprednisolone,149,49,49,149,0,0,0,0.2,0.5,1.0,0.26406812257259094,0.2,1.0,1.0,0.44130740935663865,0.1,1.0,1.0,0.44130740935663865,0.25,1.0,1.0,1.0,0.0,0.0,0.0,1.0
label_core_rerank,eval_1037,clobetasol | prednisone | methylprednisolone | mometasone | fluocinolone | budesonide | hydrocortisone | triamcinolone | dexamethasone | fluticasone | elocon | desonide | flurandrenolide | cordran tape | clocortolone | clobex | cloderm | betamethasone | cellcept | fluocinonide,prednisone | methylprednisolone,1000,49,49,1000,0,0,0,0.4,1.0,1.0,0.6934264036172708,0.2,1.0,1.0,0.6934264036172708,0.1,1.0,1.0,0.6934264036172708,0.5,1.0,1.0,1.0,0.0,0.0,0.0,1.0
label_core_rerank,eval_1038,proctofoam | pramoxine | dibucaine | nupercainal | hydrocortisone | proctofoam hc | proctosol-hc | tronolane anesthetic for hemorrhoids | pramoxine / zinc oxide | hydrocortisone / pramoxine | analpram-hc | hydrocortisone / lidocaine | phenylephrine | lmx 5 | pramosone | lidocaine | phenylephrine / pramoxine | recticare | anucort-hc | anusol-hc suppositories,hydrocortisone | pramoxine | proctofoam,164,20,20,164,0,0,0,0.6,1.0,1.0,0.9469024295259745,0.3,1.0,1.0,0.9469024295259745,0.15,1.0,1.0,0.9469024295259745,1.0,1.0,1.0,1.0,0.0,0.0,0.0,1.0
label_core_rerank,eval_1040,clonazepam | klonopin | propranolol | rizatriptan | treximet | lamotrigine | gabapentin | naproxen / sumatriptan | amitriptyline | relpax | maxalt | eletriptan | acetaminophen / butalbital / caffeine | frovatriptan | sumatriptan | bupropion | aspirin / butalbital / caffeine | diclofenac | frova | maxalt-mlt,gabapentin | propranolol,1000,179,179,1000,0,0,0,0.2,0.5,1.0,0.35195904451706733,0.2,1.0,1.0,0.5083852865246528,0.1,1.0,1.0,0.5083852865246528,0.3333333333333333,1.0,1.0,1.0,0.0,0.0,0.0,1.0
label_core_rerank,eval_1036,diclofenac | prednisone | indomethacin | naprelan | ibuprofen | acetaminophen / aspirin / caffeine | naproxen | celecoxib | motrin | aleve | advil liqui-gels | advil | excedrin | deltasone | anaprox-ds | doxycycline | methylprednisolone | ceftriaxone | aspirin | kenalog-40,diclofenac | prednisone | naproxen | acetaminophen / aspirin / caffeine | indomethacin,1000,419,419,919,0,0,0,0.6,0.6,1.0,0.5661457978496993,0.5,1.0,1.0,0.8409416709473602,0.25,1.0,1.0,0.8409416709473602,1.0,1.0,1.0,1.0,0.0,0.0,0.0,1.0
label_core_rerank,eval_1039,gabapentin | pregabalin | nortriptyline | topiramate | lyrica | neurontin | topamax | lisinopril | liraglutide | victoza | tretinoin | clobetasol | desmopressin | pramlintide | humulin r u-500 (concentrated) | duloxetine | cymbalta | chromium picolinate | byetta | symlin,topiramate | topamax,605,399,399,605,0,0,0,0.2,0.5,1.0,0.2640681225725909,0.2,1.0,1.0,0.46845052016107697,0.1,1.0,1.0,0.46845052016107697,0.25,1.0,1.0,1.0,0.0,0.0,0.0,1.0
label_core_rerank,eval_1041,doxycycline | prednisone | azithromycin | methylprednisolone | mometasone | epinephrine | ampicillin | budesonide | kenalog-40 | augmentin xr | triamcinolone | bactrim | medrol dosepak | sulfamethoxazole / trimethoprim | flunisolide | zithromax | ceftin | cedax | ceftibuten | singulair,prednisone | methylprednisolone,1000,681,681,1000,0,0,0,0.4,1.0,1.0,0.6509209298071326,0.2,1.0,1.0,0.6509209298071326,0.1,1.0,1.0,0.6509209298071326,0.5,1.0,1.0,1.0,0.0,0.0,0.0,1.0
label_core_rerank,eval_1045,elocon | clobetasol | stelara | enbrel | ustekinumab | desonide | doxycycline | etanercept | prednisone | flurandrenolide | cordran tape | clocortolone | clobex | cloderm | thiothixene | desowen | methylprednisolone | adalimumab | mometasone | betamethasone,prednisone | enbrel,726,164,164,726,0,0,0,0.2,0.5,1.0,0.3031610197508214,0.2,1.0,1.0,0.44442799261065036,0.1,1.0,1.0,0.44442799261065036,0.25,1.0,1.0,1.0,0.0,0.0,0.0,1.0
label_core_rerank,eval_1046,elocon | clobetasol | stelara | enbrel | ustekinumab | desonide | doxycycline | etanercept | prednisone | flurandrenolide | cordran tape | clocortolone | clobex | cloderm | thiothixene | desowen | methylprednisolone | adalimumab | mometasone | betamethasone,prednisone | enbrel,169,164,164,169,0,0,0,0.2,0.5,1.0,0.3031610197508214,0.2,1.0,1.0,0.44442799261065036,0.1,1.0,1.0,0.44442799261065036,0.25,1.0,1.0,1.0,0.0,0.0,0.0,1.0
label_core_rerank,eval_1043,diclofenac | prednisone | indomethacin | naprelan | ibuprofen | acetaminophen / aspirin / caffeine | naproxen | celecoxib | motrin | aleve | advil liqui-gels | advil | excedrin | deltasone | anaprox-ds | doxycycline | methylprednisolone | ceftriaxone | aspirin | kenalog-40,diclofenac | prednisone | naproxen | acetaminophen / aspirin / caffeine | indomethacin,1000,419,419,919,0,0,0,0.6,0.6,1.0,0.7227265726449519,0.5,1.0,1.0,0.9565912771023182,0.25,1.0,1.0,0.9565912771023182,1.0,1.0,1.0,1.0,0.0,0.0,0.0,1.0
label_core_rerank,eval_1044,"calcifediol | calcitriol | parathyroid hormone | ergocalciferol | calcium phosphate, tribasic | calcium lactate | thyroid desiccated | westhroid | cenestin | estropipate | conjugated estrogens | armour thyroid | premarin | thyquidity | rayaldee | estradiol | esterified estrogens | tirosint | doxorubicin | levothyroxine",thyroid desiccated | armour thyroid | levothyroxine,1000,112,112,960,0,0,0,0.0,0.0,0.0,0.0,0.1,0.3333333333333333,1.0,0.12669792223864473,0.15,1.0,1.0,0.35921782385985457,0.14285714285714285,1.0,1.0,1.0,0.0,0.0,0.0,1.0
label_core_rerank,eval_1048,valacyclovir | valtrex | acyclovir | foscarnet | immune globulin intramuscular | measles virus vaccine / mumps virus vaccine / rubella virus vaccine / varicella virus vaccine | varicella virus vaccine | varicella zoster immune globulin | spironolactone | doxycycline | prednisone | azithromycin | methylprednisolone | ceftriaxone | mometasone | doryx | clindamycin | kenalog-40 | cephalexin | triamcinolone,valacyclovir | valtrex | acyclovir,1000,8,8,1000,0,0,0,0.6,1.0,1.0,1.0,0.3,1.0,1.0,1.0,0.15,1.0,1.0,1.0,1.0,1.0,1.0,1.0,0.0,0.0,0.0,1.0
label_core_rerank,eval_1050,amitriptyline | spironolactone | doxycycline | venlafaxine | azithromycin | rocephin | phosphorated carbohydrate solution | acidophilus | elavil | methenamine | ceftriaxone | zyvox | vaniqa | linezolid | uta | ampicillin | sulfatrim | hiprex | allopurinol | eflornithine,doxycycline,172,172,172,172,0,0,0,0.2,1.0,1.0,0.5,0.1,1.0,1.0,0.5,0.05,1.0,1.0,0.5,0.3333333333333333,1.0,1.0,1.0,0.0,0.0,0.0,1.0
label_core_rerank,eval_1049,amitriptyline | spironolactone | doxycycline | venlafaxine | azithromycin | rocephin | phosphorated carbohydrate solution | acidophilus | elavil | methenamine | ceftriaxone | zyvox | vaniqa | linezolid | uta | ampicillin | sulfatrim | hiprex | allopurinol | eflornithine,doxycycline,172,172,172,172,0,0,0,0.2,1.0,1.0,0.5,0.1,1.0,1.0,0.5,0.05,1.0,1.0,0.5,0.3333333333333333,1.0,1.0,1.0,0.0,0.0,0.0,1.0
label_core_rerank,eval_1056,aciphex | rabeprazole | calcium carbonate / simethicone | prevacid | axid ar | nexium 24hr | prilosec otc | aluminum hydroxide / magnesium hydroxide / simethicone | nizatidine | protonix iv | omeprazole / sodium bicarbonate | axid | mylanta | ranitidine | zegerid | pepcid ac chewable tablets | dexlansoprazole | lansoprazole | zantac | kapidex,aciphex | dexlansoprazole | rabeprazole,226,45,45,226,0,0,0,0.4,0.6666666666666666,1.0,0.7653606369886218,0.2,0.6666666666666666,1.0,0.7653606369886218,0.15,1.0,1.0,0.8778995257840894,1.0,1.0,1.0,1.0,0.0,0.0,0.0,1.0
label_core_rerank,eval_1051,cyproheptadine | promethazine | prednisone | chlor-trimeton | phenergan | chlorpheniramine | epinephrine | ranitidine | carbinoxamine | azelastine | triamcinolone | tetracaine | olopatadine | diphenhydramine | benadryl | cetirizine | allegra | fexofenadine | zyrtec | levocetirizine,prednisone | promethazine | cyproheptadine,1000,558,517,958,0,0,0,0.6,1.0,1.0,1.0,0.3,1.0,1.0,1.0,0.15,1.0,1.0,1.0,1.0,1.0,1.0,1.0,0.0,0.0,0.0,1.0
label_core_rerank,eval_1057,amitriptyline | spironolactone | doxycycline | azithromycin | rocephin | ceftriaxone | zyvox | linezolid | ampicillin | magnesium oxide | doryx | fluconazole | augmentin xr | cephalexin | gentamicin | sodium bicarbonate | bactrim | sulfamethoxazole / trimethoprim | minocycline | ceftin,doxycycline,1000,172,172,1000,0,0,0,0.2,1.0,1.0,0.5,0.1,1.0,1.0,0.5,0.05,1.0,1.0,0.5,0.3333333333333333,1.0,1.0,1.0,0.0,0.0,0.0,1.0
label_core_rerank,eval_1058,doxycycline | prednisone | azithromycin | rocephin | aclidinium | tudorza pressair | xopenex | methylprednisolone | omalizumab | ceftriaxone | mometasone | xolair | levalbuterol | primatene mist | accolate | zafirlukast | intal inhaler | guaifenesin | epinephrine | ipratropium inhalation solution,prednisone,1000,221,221,1000,0,0,0,0.2,1.0,1.0,0.6309297535714574,0.1,1.0,1.0,0.6309297535714574,0.05,1.0,1.0,0.6309297535714574,0.5,1.0,1.0,1.0,0.0,0.0,0.0,1.0
label_core_rerank,eval_1054,lidocaine | hydrocortisone | hydrocortisone / pramoxine | pramosone | proctofoam | pramoxine | dibucaine | nupercainal | proctofoam hc | proctosol-hc | tronolane anesthetic for hemorrhoids | pramoxine / zinc oxide | analpram-hc | hydrocortisone / lidocaine | phenylephrine | lmx 5 | phenylephrine / pramoxine | recticare | anucort-hc | anusol-hc suppositories,hydrocortisone | hydrocortisone / pramoxine,273,164,164,273,0,0,0,0.4,1.0,1.0,0.6934264036172708,0.2,1.0,1.0,0.6934264036172708,0.1,1.0,1.0,0.6934264036172708,0.5,1.0,1.0,1.0,0.0,0.0,0.0,1.0
label_core_rerank,eval_1061,doxycycline | prednisone | azithromycin | rocephin | methylprednisolone | ceftriaxone | mometasone | epinephrine | ampicillin | budesonide | kenalog-40 | augmentin xr | triamcinolone | bactrim | medrol dosepak | sulfamethoxazole / trimethoprim | flunisolide | zithromax | ceftin | ceftibuten,prednisone,1000,221,221,1000,0,0,0,0.2,1.0,1.0,0.6309297535714574,0.1,1.0,1.0,0.6309297535714574,0.05,1.0,1.0,0.6309297535714574,0.5,1.0,1.0,1.0,0.0,0.0,0.0,1.0
label_core_rerank,eval_1063,liraglutide | gabapentin | victoza | tretinoin | clobetasol | desmopressin | pregabalin | pramlintide | humulin r u-500 (concentrated) | duloxetine | nortriptyline | cymbalta | chromium picolinate | byetta | symlin | topiramate | exubera | insulin isophane | ddavp | insulin aspart / insulin aspart protamine,liraglutide | victoza,1000,228,228,1000,0,0,0,0.4,1.0,1.0,0.9197207891481876,0.2,1.0,1.0,0.9197207891481876,0.1,1.0,1.0,0.9197207891481876,1.0,1.0,1.0,1.0,0.0,0.0,0.0,1.0
label_core_rerank,eval_1059,gabapentin | amitriptyline | clonidine | catapres | onabotulinumtoxina | botox | hytrin | terazosin | prednisone | aluminum chloride hexahydrate | drysol | hypercare | xerac ac | potassium iodide | pima | tapazole | oxybutynin | benztropine | methimazole | iodine / potassium iodide,amitriptyline | onabotulinumtoxina | botox,1000,195,195,889,0,0,0,0.4,0.6666666666666666,1.0,0.4776237035032179,0.3,1.0,1.0,0.6447841584694202,0.15,1.0,1.0,0.6447841584694202,0.5,1.0,1.0,1.0,0.0,0.0,0.0,1.0
label_core_rerank,eval_1066,propylthiouracil | sodium iodide-i-131 | thyroid desiccated | westhroid | cenestin | estropipate | conjugated estrogens | armour thyroid | premarin | calcifediol | rayaldee | thyquidity | estradiol | esterified estrogens | tirosint | doxorubicin | levothyroxine | synthroid | cytomel | nature-throid,thyroid desiccated | armour thyroid | levothyroxine,1000,61,61,1000,0,0,0,0.2,0.3333333333333333,1.0,0.19004688335796713,0.2,0.6666666666666666,1.0,0.30995311664203284,0.15,1.0,1.0,0.44667995222701307,0.3333333333333333,1.0,1.0,1.0,0.0,0.0,0.0,1.0
label_core_rerank,eval_1065,immune globulin intramuscular | valacyclovir | valtrex | acyclovir | foscarnet | measles virus vaccine / mumps virus vaccine / rubella virus vaccine / varicella virus vaccine | varicella virus vaccine | varicella zoster immune globulin | doxycycline | prednisone | methylprednisolone | mometasone | kenalog-40 | cephalexin | triamcinolone | bactrim | sulfamethoxazole / trimethoprim | avelox | moxifloxacin | doxy 100,valacyclovir | valtrex | acyclovir,1000,8,8,1000,0,0,0,0.6,1.0,1.0,0.7328286204777912,0.3,1.0,1.0,0.7328286204777912,0.15,1.0,1.0,0.7328286204777912,0.5,1.0,1.0,1.0,0.0,0.0,0.0,1.0
label_core_rerank,eval_1060,gabapentin | amitriptyline | clonidine | catapres | onabotulinumtoxina | botox | hytrin | terazosin | prednisone | pregabalin | nortriptyline | topiramate | lyrica | neurontin | topamax | lisinopril | metoclopramide | reglan | aluminum chloride hexahydrate | drysol,amitriptyline | topiramate,1000,195,195,1000,0,0,0,0.2,0.5,1.0,0.38685280723454163,0.1,0.5,1.0,0.38685280723454163,0.1,1.0,1.0,0.5525485729997712,0.5,1.0,1.0,1.0,0.0,0.0,0.0,1.0
label_core_rerank,eval_1064,rabeprazole | omeprazole / sodium bicarbonate | ranitidine | lansoprazole | zantac | esomeprazole | protonix | nexium | sucralfate | cimetidine | omeprazole | pantoprazole | carafate | pepcid | calcium carbonate | famotidine | metoclopramide | reglan | diclofenac | prednisone,rabeprazole | esomeprazole | lansoprazole | nexium | ranitidine | omeprazole,322,109,109,322,0,0,0,0.6,0.5,1.0,0.5982819568741946,0.5,0.8333333333333334,1.0,0.7645119366132463,0.3,1.0,1.0,0.852066558069577,1.0,1.0,1.0,1.0,0.0,0.0,0.0,1.0
label_core_rerank,eval_1069,doxycycline | prednisone | metronidazole | azithromycin | rocephin | dapsone | ceftriaxone | zyvox | linezolid | filgrastim | neupogen | fluconazole | clindamycin | tobramycin | pyrimethamine | gentamicin | lefamulin | cefotaxime | vancocin hcl | ferralet 90,doxycycline | azithromycin,1000,132,132,1000,0,0,0,0.4,1.0,1.0,0.8772153153380493,0.2,1.0,1.0,0.8772153153380493,0.1,1.0,1.0,0.8772153153380493,1.0,1.0,1.0,1.0,0.0,0.0,0.0,1.0
label_core_rerank,eval_1072,diclofenac | tramadol | stelara | acetaminophen / hydrocodone | enbrel | ustekinumab | doxycycline | etanercept | prednisone | lortab | ketoprofen | norco | indomethacin | valdecoxib | voltaren | duloxetine | cataflam | cymbalta | naprelan | probenecid,diclofenac | tramadol,273,255,255,273,0,0,0,0.4,1.0,1.0,1.0,0.2,1.0,1.0,1.0,0.1,1.0,1.0,1.0,1.0,1.0,1.0,1.0,0.0,0.0,0.0,1.0
label_core_rerank,eval_1068,doxycycline | prednisone | methylprednisolone | aspirin | kenalog-40 | triamcinolone | medrol dosepak | amoxicillin | dexamethasone | deltasone | canakinumab | hydrocortisone | prednisolone | betamethasone | hydroxychloroquine | sodium hyaluronate | corticotropin | loteprednol | lotemax | duloxetine,prednisone | methylprednisolone | triamcinolone | aspirin,1000,755,755,1000,0,0,0,0.6,0.75,1.0,0.6096199500078984,0.4,1.0,1.0,0.7486761295186739,0.2,1.0,1.0,0.7486761295186739,0.5,1.0,1.0,1.0,0.0,0.0,0.0,1.0
label_core_rerank,eval_1067,prednisone | aristocort | triamcinolone | corticotropin | deltasone | acthar | loteprednol | lotemax | prednisolone | cyproheptadine | promethazine | omalizumab | epipen | ketotifen | xolair | chlor-trimeton | phenergan | ketorolac | chlorpheniramine | epinephrine,prednisone | triamcinolone | corticotropin | prednisolone,801,322,322,801,0,0,0,0.6,0.75,1.0,0.75369761125927,0.4,1.0,1.0,0.8712137160156971,0.2,1.0,1.0,0.8712137160156971,1.0,1.0,1.0,1.0,0.0,0.0,0.0,1.0
label_core_rerank,eval_1075,isotretinoin | accutane | benzoyl peroxide / clindamycin | tretinoin | adapalene / benzoyl peroxide | epiduo | magnesium hydroxide | claravis | benzaclin | spironolactone | doxycycline | phillips' milk of magnesia | duac | retin-a | dapsone | aczone | clindamycin / tretinoin | drospirenone / ethinyl estradiol | onexton | benzoyl peroxide / sulfur,isotretinoin | accutane | adapalene / benzoyl peroxide,726,273,273,726,0,0,0,0.6,1.0,1.0,0.9469024295259745,0.3,1.0,1.0,0.9469024295259745,0.15,1.0,1.0,0.9469024295259745,1.0,1.0,1.0,1.0,0.0,0.0,0.0,1.0
label_core_rerank,eval_1081,elocon | clobetasol | stelara | enbrel | ustekinumab | desonide | doxycycline | etanercept | prednisone | flurandrenolide | cordran tape | clocortolone | clobex | cloderm | thiothixene | desowen | methylprednisolone | adalimumab | mometasone | betamethasone,prednisone | enbrel,726,164,164,726,0,0,0,0.2,0.5,1.0,0.3031610197508214,0.2,1.0,1.0,0.44442799261065036,0.1,1.0,1.0,0.44442799261065036,0.25,1.0,1.0,1.0,0.0,0.0,0.0,1.0
label_core_rerank,eval_1083,doxycycline | azithromycin | ceftriaxone | ampicillin | doryx | amoxicillin | amoxicillin / clavulanate | ciprofloxacin | levofloxacin | cipro | ofloxacin | allopurinol | sodium bicarbonate | gentamicin | sulfamethoxazole / trimethoprim | minocycline | moxifloxacin | risperdal | risperidone | bethanechol,doxycycline | doryx,1000,172,172,1000,0,0,0,0.4,1.0,1.0,0.8503449055347546,0.2,1.0,1.0,0.8503449055347546,0.1,1.0,1.0,0.8503449055347546,1.0,1.0,1.0,1.0,0.0,0.0,0.0,1.0
label_core_rerank,eval_1080,stelara | enbrel | ustekinumab | doxycycline | etanercept | prednisone | methylprednisolone | adalimumab | betamethasone | humira | infliximab | methotrexate | remicade | hydrocortisone | kenalog-40 | triamcinolone | kenalog-10 | minocycline | dexamethasone | tetracycline,prednisone | enbrel | stelara | ustekinumab | adalimumab,1000,393,176,783,0,0,0,0.6,0.6,1.0,0.7557806593071948,0.5,1.0,1.0,0.9518915761561842,0.25,1.0,1.0,0.9518915761561842,1.0,1.0,1.0,1.0,0.0,0.0,0.0,1.0
label_core_rerank,eval_1077,rabeprazole | omeprazole / sodium bicarbonate | ranitidine | lansoprazole | zantac | esomeprazole | protonix | nexium | sucralfate | cimetidine | omeprazole | pantoprazole | carafate | pepcid | calcium carbonate | famotidine | diclofenac | prednisone | chlordiazepoxide / clidinium | clonidine,rabeprazole | esomeprazole | lansoprazole,957,109,109,957,0,0,0,0.4,0.6666666666666666,1.0,0.6713860725233042,0.3,1.0,1.0,0.8385465274895064,0.15,1.0,1.0,0.8385465274895064,1.0,1.0,1.0,1.0,0.0,0.0,0.0,1.0
label_core_rerank,eval_1084,filgrastim | epivir-hbv | tenofovir | viread | lamivudine | rifabutin | stribild | cobicistat / elvitegravir / emtricitabine / tenofovir | efavirenz / emtricitabine / tenofovir | atripla | ondansetron | triumeq | abacavir / dolutegravir / lamivudine | clonidine | epzicom | complera | emtricitabine / rilpivirine / tenofovir | abacavir / lamivudine | fuzeon | enfuvirtide,tenofovir | viread | lamivudine,838,119,119,838,0,0,0,0.6,1.0,1.0,0.6182885020492787,0.3,1.0,1.0,0.6182885020492787,0.15,1.0,1.0,0.6182885020492787,0.3333333333333333,1.0,1.0,1.0,0.0,0.0,0.0,1.0
label_core_rerank,eval_1082,rabeprazole | omeprazole / sodium bicarbonate | ranitidine | lansoprazole | zantac | esomeprazole | protonix | nexium | sucralfate | cimetidine | omeprazole | pantoprazole | carafate | pepcid | calcium carbonate | famotidine | diclofenac | prednisone | clonidine | aciphex,rabeprazole | esomeprazole | lansoprazole,642,109,109,642,0,0,0,0.4,0.6666666666666666,1.0,0.6713860725233042,0.3,1.0,1.0,0.8385465274895064,0.15,1.0,1.0,0.8385465274895064,1.0,1.0,1.0,1.0,0.0,0.0,0.0,1.0
label_core_rerank,eval_1087,elocon | clobetasol | desonide | prednisone | flurandrenolide | cordran tape | clocortolone | clobex | cloderm | methylprednisolone | mometasone | betamethasone | cellcept | fluocinonide | fluocinolone | mycophenolate mofetil | budesonide | hydrocortisone | desoximetasone | triamcinolone,prednisone | methylprednisolone,563,49,49,563,0,0,0,0.2,0.5,1.0,0.26406812257259094,0.2,1.0,1.0,0.44130740935663865,0.1,1.0,1.0,0.44130740935663865,0.25,1.0,1.0,1.0,0.0,0.0,0.0,1.0
label_core_rerank,eval_1088,prednisone | triamcinolone | doxepin | corticotropin | pepcid | loteprednol | lotemax | prednisolone | famotidine | cyproheptadine | promethazine | omalizumab | epipen | ketotifen | xolair | chlor-trimeton | phenergan | ketorolac | chlorpheniramine | epinephrine,prednisone | triamcinolone,294,76,76,294,0,0,0,0.4,1.0,1.0,1.0,0.2,1.0,1.0,1.0,0.1,1.0,1.0,1.0,1.0,1.0,1.0,1.0,0.0,0.0,0.0,1.0
label_core_rerank,eval_1089,doxycycline | ibuprofen | naproxen | triamcinolone | flanax pain reliever | aleve | naprosyn | cephalexin | bactrim | sulfamethoxazole / trimethoprim | oxybutynin | avelox | moxifloxacin | doxy 100 | sucralfate | ditropan xl | ciprofloxacin | levofloxacin | bactrim ds | levaquin,diclofenac | tramadol | naproxen,273,273,273,273,0,0,0,0.2,0.3333333333333333,1.0,0.25454838678859487,0.1,0.3333333333333333,1.0,0.25454838678859487,0.05,0.3333333333333333,1.0,0.25454838678859487,0.3333333333333333,1.0,1.0,1.0,0.0,0.0,0.0,1.0
label_core_rerank,eval_1091,doxycycline | clindamycin | pyrimethamine | doxy 100 | atovaquone | primaquine | chlorpromazine | thorazine | haloperidol | haldol | promethazine | ceftriaxone | phenergan | ampicillin | cefotaxime | lansoprazole | sulfamethoxazole / trimethoprim | minocycline | esomeprazole | diphenhydramine,doxycycline | sulfamethoxazole / trimethoprim | clindamycin | doxy 100 | pyrimethamine,1000,174,174,1000,0,0,0,0.8,0.8,1.0,0.8706192246324784,0.4,0.8,1.0,0.8706192246324784,0.25,1.0,1.0,0.934332643618707,1.0,1.0,1.0,1.0,0.0,0.0,0.0,1.0
label_core_rerank,eval_1095,amitriptyline | spironolactone | doxycycline | venlafaxine | azithromycin | rocephin | phosphorated carbohydrate solution | acidophilus | elavil | methenamine | ceftriaxone | zyvox | vaniqa | linezolid | uta | ampicillin | sulfatrim | hiprex | allopurinol | eflornithine,doxycycline,192,192,172,172,0,0,0,0.2,1.0,1.0,0.5,0.1,1.0,1.0,0.5,0.05,1.0,1.0,0.5,0.3333333333333333,1.0,1.0,1.0,0.0,0.0,0.0,1.0
label_core_rerank,eval_1096,isotretinoin | accutane | benzoyl peroxide / clindamycin | tretinoin | adapalene / benzoyl peroxide | epiduo | magnesium hydroxide | claravis | benzaclin | spironolactone | doxycycline | phillips' milk of magnesia | duac | retin-a | dapsone | aczone | clindamycin / tretinoin | drospirenone / ethinyl estradiol | onexton | benzoyl peroxide / sulfur,isotretinoin | accutane | adapalene / benzoyl peroxide,726,273,273,726,0,0,0,0.6,1.0,1.0,0.9469024295259745,0.3,1.0,1.0,0.9469024295259745,0.15,1.0,1.0,0.9469024295259745,1.0,1.0,1.0,1.0,0.0,0.0,0.0,1.0
label_core_rerank,eval_1098,doxycycline | prednisone | metronidazole | nystatin / triamcinolone | azithromycin | rocephin | acidophilus | methenamine | ceftriaxone | naftifine | zyvox | linezolid | methotrexate | naftin | mycolog ii | nizoral topical | hiprex | lactobacillus acidophilus | fluconazole | clindamycin,doxycycline,355,160,160,355,0,0,0,0.2,1.0,1.0,1.0,0.1,1.0,1.0,1.0,0.05,1.0,1.0,1.0,1.0,1.0,1.0,1.0,0.0,0.0,0.0,1.0
label_core_rerank,eval_1103,doxycycline | prednisone | azithromycin | rocephin | aclidinium | tudorza pressair | xopenex | methylprednisolone | omalizumab | ceftriaxone | mometasone | xolair | levalbuterol | primatene mist | accolate | zafirlukast | intal inhaler | guaifenesin | epinephrine | ipratropium inhalation solution,prednisone,1000,221,221,1000,0,0,0,0.2,1.0,1.0,0.6309297535714575,0.1,1.0,1.0,0.6309297535714575,0.05,1.0,1.0,0.6309297535714575,0.5,1.0,1.0,1.0,0.0,0.0,0.0,1.0
label_core_rerank,eval_1099,doxycycline | ibuprofen | naproxen | triamcinolone | flanax pain reliever | aleve | naprosyn | cephalexin | bactrim | sulfamethoxazole / trimethoprim | oxybutynin | avelox | moxifloxacin | doxy 100 | sucralfate | ditropan xl | ciprofloxacin | levofloxacin | bactrim ds | levaquin,naproxen | triamcinolone,273,273,273,273,0,0,0,0.4,1.0,1.0,0.5706417189553201,0.2,1.0,1.0,0.5706417189553201,0.1,1.0,1.0,0.5706417189553201,0.3333333333333333,1.0,1.0,1.0,0.0,0.0,0.0,1.0
label_core_rerank,eval_1100,duloxetine | cymbalta | dexamethasone | zostrix | capsaicin | capzasin-hp | zostrix diabetic foot pain | doxycycline | prednisone | triamcinolone | minocycline | tetracycline | cortisone | diclofenac | tramadol | stelara | acetaminophen / hydrocodone | enbrel | ustekinumab | etanercept,duloxetine | cymbalta | capsaicin | zostrix,656,476,476,656,0,0,0,0.8,1.0,1.0,0.9664954670919919,0.4,1.0,1.0,0.9664954670919919,0.2,1.0,1.0,0.9664954670919919,1.0,1.0,1.0,1.0,0.0,0.0,0.0,1.0
label_core_rerank,eval_1101,propranolol | verapamil | atenolol | nadolol | corgard | metoprolol | verelan pm | tenormin | calan sr | lisinopril | ramipril | altace | amlodipine | inderal la | norvasc | spironolactone | clonidine | benicar | catapres | innopran xl,propranolol | metoprolol | clonidine | benicar,1000,335,335,941,0,0,0,0.2,0.25,1.0,0.2961145750868013,0.2,0.5,1.0,0.4543317848668364,0.2,1.0,1.0,0.6299057670349879,1.0,1.0,1.0,1.0,0.0,0.0,0.0,1.0
label_core_rerank,eval_1104,doxorubicin | spironolactone | aldactone | tretinoin | doxycycline | dapsone | doryx | clindamycin | cephalexin | bactrim | sulfamethoxazole / trimethoprim | minocycline | keflex | doxy 100 | tetracycline | erythromycin | bactrim ds | vibramycin | septra | septra ds,tretinoin | thyroid desiccated | armour thyroid,1000,333,333,1000,0,0,0,0.2,0.3333333333333333,1.0,0.24554621279155467,0.1,0.3333333333333333,1.0,0.24554621279155467,0.05,0.3333333333333333,1.0,0.24554621279155467,0.25,1.0,1.0,1.0,0.0,0.0,0.0,1.0
label_core_rerank,eval_1107,doxycycline | prednisone | metronidazole | nystatin / triamcinolone | azithromycin | rocephin | acidophilus | methenamine | ceftriaxone | naftifine | zyvox | linezolid | methotrexate | nizoral topical | naftin | mycolog ii | hiprex | lactobacillus acidophilus | fluconazole | clindamycin,doxycycline,888,160,160,888,0,0,0,0.2,1.0,1.0,1.0,0.1,1.0,1.0,1.0,0.05,1.0,1.0,1.0,1.0,1.0,1.0,1.0,0.0,0.0,0.0,1.0
label_core_rerank,eval_1106,doxycycline | triamcinolone | bactrim | sulfamethoxazole / trimethoprim | avelox | moxifloxacin | ciprofloxacin | levofloxacin | bactrim ds | levaquin | cipro | ofloxacin | prednisone | methylprednisolone | mometasone | hydrocortisone | kenalog-40 | dexamethasone | fluticasone | prednisolone,prednisone | methylprednisolone,833,234,234,833,0,0,0,0.0,0.0,0.0,0.0,0.0,0.0,0.0,0.0,0.1,1.0,1.0,0.31798276946713805,0.07692307692307693,1.0,1.0,1.0,0.0,0.0,0.0,1.0
label_core_rerank,eval_1108,rabeprazole | omeprazole / sodium bicarbonate | ranitidine | lansoprazole | zantac | esomeprazole | protonix | nexium | sucralfate | cimetidine | omeprazole | pantoprazole | carafate | pepcid | metoclopramide | calcium carbonate | reglan | famotidine | aciphex | calcium carbonate / simethicone,rabeprazole | esomeprazole | lansoprazole,736,45,45,736,0,0,0,0.4,0.6666666666666666,1.0,0.6713860725233042,0.3,1.0,1.0,0.8385465274895064,0.15,1.0,1.0,0.8385465274895064,1.0,1.0,1.0,1.0,0.0,0.0,0.0,1.0
label_core_rerank,eval_1112,diclofenac | tramadol | stelara | acetaminophen / hydrocodone | enbrel | ustekinumab | doxycycline | etanercept | prednisone | lortab | ketoprofen | norco | indomethacin | valdecoxib | voltaren | duloxetine | cataflam | cymbalta | naprelan | probenecid,diclofenac,386,255,255,386,0,0,0,0.2,1.0,1.0,1.0,0.1,1.0,1.0,1.0,0.05,1.0,1.0,1.0,1.0,1.0,1.0,1.0,0.0,0.0,0.0,1.0
label_core_rerank,eval_1109,amitriptyline | doxycycline | phosphorated carbohydrate solution | elavil | ceftriaxone | ampicillin | lactobacillus acidophilus | sulfamethoxazole / trimethoprim | hydroxyzine | minocycline | ciprofloxacin | atarax | cipro | ofloxacin | azithromycin | allopurinol | risperdal | risperidone | lorazepam | gabapentin,doxycycline | sulfamethoxazole / trimethoprim | azithromycin,411,303,303,411,0,0,0,0.2,0.3333333333333333,1.0,0.23981246656813146,0.2,0.6666666666666666,1.0,0.41967181649423,0.15,1.0,1.0,0.5146952581732136,0.5,1.0,1.0,1.0,0.0,0.0,0.0,1.0
label_core_rerank,eval_1110,stelara | enbrel | ustekinumab | doxycycline | etanercept | prednisone | methylprednisolone | adalimumab | betamethasone | humira | infliximab | methotrexate | remicade | hydrocortisone | kenalog-40 | triamcinolone | kenalog-10 | minocycline | dexamethasone | tetracycline,prednisone | enbrel | stelara | ustekinumab | adalimumab,573,393,173,353,0,0,0,0.6,0.6,1.0,0.7557806593071948,0.5,1.0,1.0,0.9518915761561842,0.25,1.0,1.0,0.9518915761561842,1.0,1.0,1.0,1.0,0.0,0.0,0.0,1.0
label_core_rerank,eval_1111,doxycycline | ibuprofen | naproxen | triamcinolone | flanax pain reliever | aleve | naprosyn | cephalexin | bactrim | sulfamethoxazole / trimethoprim | oxybutynin | avelox | moxifloxacin | doxy 100 | sucralfate | ditropan xl | ciprofloxacin | levofloxacin | bactrim ds | levaquin,naproxen | triamcinolone,273,273,273,273,0,0,0,0.4,1.0,1.0,0.5540663910176149,0.2,1.0,1.0,0.5540663910176149,0.1,1.0,1.0,0.5540663910176149,0.3333333333333333,1.0,1.0,1.0,0.0,0.0,0.0,1.0
label_core_rerank,eval_1116,clonazepam | klonopin | propranolol | rizatriptan | treximet | lamotrigine | gabapentin | naproxen / sumatriptan | amitriptyline | relpax | maxalt | eletriptan | acetaminophen / butalbital / caffeine | frovatriptan | sumatriptan | bupropion | aspirin / butalbital / caffeine | diclofenac | frova | maxalt-mlt,propranolol,1000,179,179,947,0,0,0,0.2,1.0,1.0,0.5,0.1,1.0,1.0,0.5,0.05,1.0,1.0,0.5,0.3333333333333333,1.0,1.0,0.0,0.0,0.0,0.0,1.0
label_core_rerank,eval_1114,doxycycline | ibuprofen | naproxen | triamcinolone | flanax pain reliever | aleve | naprosyn | stelara | enbrel | ustekinumab | etanercept | prednisone | methylprednisolone | adalimumab | betamethasone | humira | infliximab | methotrexate | remicade | hydrocortisone,prednisone | enbrel | naproxen | triamcinolone | ibuprofen,573,273,273,573,0,0,0,0.6,0.6,1.0,0.5651206535733211,0.4,0.8,1.0,0.6450983566328607,0.25,1.0,1.0,0.7168952778083549,0.5,1.0,1.0,1.0,0.0,0.0,0.0,1.0
label_core_rerank,eval_1115,spironolactone | aldactone | doxycycline | doryx | clindamycin | cephalexin | bactrim | sulfamethoxazole / trimethoprim | keflex | doxy 100 | erythromycin | bactrim ds | septra ds | smz-tmp ds | tadalafil | propranolol | sildenafil | dextroamphetamine | dexedrine | azor,doxycycline | spironolactone | clindamycin | aldactone | propranolol,1000,546,546,663,0,0,0,0.8,0.8,1.0,0.8539316501572937,0.4,0.8,1.0,0.8539316501572937,0.25,1.0,1.0,0.9369073782424125,1.0,1.0,1.0,1.0,0.0,0.0,0.0,1.0
label_core_rerank,eval_1121,amitriptyline | spironolactone | doxycycline | venlafaxine | azithromycin | rocephin | phosphorated carbohydrate solution | acidophilus | elavil | methenamine | ceftriaxone | zyvox | vaniqa | linezolid | uta | ampicillin | sulfatrim | hiprex | allopurinol | eflornithine,doxycycline,172,172,172,172,0,0,0,0.2,1.0,1.0,0.5,0.1,1.0,1.0,0.5,0.05,1.0,1.0,0.5,0.3333333333333333,1.0,1.0,1.0,0.0,0.0,0.0,1.0
label_core_rerank,eval_1117,doxycycline | ibuprofen | naproxen | triamcinolone | flanax pain reliever | aleve | naprosyn | stelara | enbrel | ustekinumab | etanercept | prednisone | methylprednisolone | adalimumab | betamethasone | humira | infliximab | methotrexate | remicade | hydrocortisone,naproxen | triamcinolone | ibuprofen,573,273,273,573,0,0,0,0.6,1.0,1.0,0.7219233861326709,0.3,1.0,1.0,0.7219233861326709,0.15,1.0,1.0,0.7219233861326709,0.5,1.0,1.0,1.0,0.0,0.0,0.0,1.0
label_core_rerank,eval_1118,prednisone | omalizumab | xolair | epinephrine | aristocort | triamcinolone | cromolyn | deltasone | prednisolone | doxycycline | azithromycin | rocephin | aclidinium | tudorza pressair | xopenex | methylprednisolone | ceftriaxone | mometasone | levalbuterol | primatene mist,prednisone | triamcinolone | omalizumab | methylprednisolone,1000,247,247,995,0,0,0,0.4,0.5,1.0,0.6309993585186344,0.3,0.75,1.0,0.7364774983719912,0.2,1.0,1.0,0.8451443853581324,1.0,1.0,1.0,1.0,0.0,0.0,0.0,1.0
label_core_rerank,eval_1122,amitriptyline | spironolactone | doxycycline | venlafaxine | azithromycin | rocephin | phosphorated carbohydrate solution | acidophilus | elavil | methenamine | ceftriaxone | zyvox | vaniqa | linezolid | uta | ampicillin | sulfatrim | hiprex | allopurinol | eflornithine,doxycycline,172,172,172,172,0,0,0,0.2,1.0,1.0,0.5,0.1,1.0,1.0,0.5,0.05,1.0,1.0,0.5,0.3333333333333333,1.0,1.0,1.0,0.0,0.0,0.0,1.0
label_core_rerank,eval_1119,doxorubicin | tretinoin | spironolactone | doxycycline | dapsone | doryx | clindamycin | cephalexin | bactrim | sulfamethoxazole / trimethoprim | minocycline | keflex | doxy 100 | tetracycline | erythromycin | bactrim ds | vibramycin | septra | septra ds | smz-tmp ds,tretinoin | doxycycline | spironolactone | thyroid desiccated,1000,333,333,953,0,0,0,0.6,0.75,1.0,0.5558281373697981,0.3,0.75,1.0,0.5558281373697981,0.15,0.75,1.0,0.5558281373697981,0.5,1.0,1.0,1.0,0.0,0.0,0.0,1.0
label_core_rerank,eval_1123,doxycycline | prednisone | metronidazole | azithromycin | rocephin | dapsone | ceftriaxone | zyvox | linezolid | filgrastim | neupogen | fluconazole | clindamycin | tobramycin | vancocin hcl | cefotaxime | gentamicin | lefamulin | pyrimethamine | ferralet 90,doxycycline | azithromycin,1000,132,132,1000,0,0,0,0.4,1.0,1.0,0.8772153153380493,0.2,1.0,1.0,0.8772153153380493,0.1,1.0,1.0,0.8772153153380493,1.0,1.0,1.0,1.0,0.0,0.0,0.0,1.0
label_core_rerank,eval_1125,thyroid desiccated | westhroid | cenestin | estropipate | conjugated estrogens | armour thyroid | premarin | rayaldee | calcifediol | thyquidity | estradiol | esterified estrogens | tirosint | doxorubicin | levothyroxine | synthroid | cytomel | nature-throid | liothyronine | calcitriol,thyroid desiccated | armour thyroid | levothyroxine,808,61,61,808,0,0,0,0.2,0.3333333333333333,1.0,0.38009376671593426,0.2,0.6666666666666666,1.0,0.5154858981951099,0.15,1.0,1.0,0.6580210607135852,1.0,1.0,1.0,1.0,0.0,0.0,0.0,1.0
label_core_rerank,eval_1126,amitriptyline | spironolactone | doxycycline | venlafaxine | azithromycin | rocephin | phosphorated carbohydrate solution | acidophilus | elavil | methenamine | ceftriaxone | zyvox | vaniqa | linezolid | uta | ampicillin | sulfatrim | hiprex | allopurinol | eflornithine,doxycycline,172,172,172,172,0,0,0,0.2,1.0,1.0,0.5,0.1,1.0,1.0,0.5,0.05,1.0,1.0,0.5,0.3333333333333333,1.0,1.0,1.0,0.0,0.0,0.0,1.0
label_core_rerank,eval_1127,isotretinoin | accutane | benzoyl peroxide / clindamycin | tretinoin | adapalene / benzoyl peroxide | epiduo | magnesium hydroxide | claravis | benzaclin | spironolactone | doxycycline | phillips' milk of magnesia | duac | retin-a | dapsone | aczone | clindamycin / tretinoin | drospirenone / ethinyl estradiol | onexton | benzoyl peroxide / sulfur,isotretinoin | accutane | adapalene / benzoyl peroxide,273,273,273,273,0,0,0,0.6,1.0,1.0,0.9469024295259745,0.3,1.0,1.0,0.9469024295259745,0.15,1.0,1.0,0.9469024295259745,1.0,1.0,1.0,1.0,0.0,0.0,0.0,1.0
label_core_rerank,eval_1130,doxycycline | lithium | chlorpromazine | allopurinol | clindamycin | coartem | artemether / lumefantrine | divalproex sodium | halfan | halofantrine | daraprim | fansidar | pyrimethamine / sulfadoxine | pyrimethamine | stavzor | depakote er | thorazine | hydroxychloroquine | depakote | risperdal,doxycycline | clindamycin,1000,34,34,1000,0,0,0,0.4,1.0,1.0,0.8854598815714874,0.2,1.0,1.0,0.8854598815714874,0.1,1.0,1.0,0.8854598815714874,1.0,1.0,1.0,1.0,0.0,0.0,0.0,1.0
label_core_rerank,eval_1131,aciphex | doxycycline | prednisone | rabeprazole | calcium carbonate / simethicone | prevacid | axid ar | nexium 24hr | prilosec otc | aluminum hydroxide / magnesium hydroxide / simethicone | nizatidine | protonix iv | omeprazole / sodium bicarbonate | tagamet hb | mylanta | zegerid | pepcid ac chewable tablets | triamcinolone | mylanta maximum strength | di-gel,doxycycline,1000,109,109,1000,0,0,0,0.2,1.0,1.0,0.6309297535714575,0.1,1.0,1.0,0.6309297535714575,0.05,1.0,1.0,0.6309297535714575,0.5,1.0,1.0,1.0,0.0,0.0,0.0,1.0
label_core_rerank,eval_1132,"epivir-hbv | tenofovir | viread | lamivudine | peginterferon alfa-2a | interferon alfa-2b | hepatitis b adult vaccine | adefovir | diphtheria and tetanus toxoids / pertussis, acellular / poliovirus vaccine, inactivated / haemophilus b conjugate / hepatitis b vaccine | diphtheria toxoid / hepatitis b pediatric vaccine / pertussis, acellular / poliovirus vaccine, inactivated / tetanus toxoid | tenofovir alafenamide | peginterferon alfa-2b | entecavir | hepatitis a adult vaccine / hepatitis b adult vaccine | hepatitis b immune globulin | hepatitis b pediatric vaccine | harvoni | ledipasvir / sofosbuvir | elocon | clobetasol",tenofovir | peginterferon alfa-2a | viread,144,16,16,144,0,0,0,0.6,1.0,1.0,0.7122630665145961,0.3,1.0,1.0,0.7122630665145961,0.15,1.0,1.0,0.7122630665145961,0.5,1.0,1.0,1.0,0.0,0.0,0.0,1.0
label_core_rerank,eval_1129,doxycycline | ibuprofen | naproxen | triamcinolone | flanax pain reliever | aleve | naprosyn | diclofenac | tramadol | stelara | acetaminophen / hydrocodone | enbrel | ustekinumab | etanercept | prednisone | lortab | ketoprofen | norco | indomethacin | valdecoxib,naproxen | triamcinolone,273,255,255,273,0,0,0,0.4,1.0,1.0,0.5706417189553201,0.2,1.0,1.0,0.5706417189553201,0.1,1.0,1.0,0.5706417189553201,0.3333333333333333,1.0,1.0,1.0,0.0,0.0,0.0,1.0
label_core_rerank,eval_1136,propranolol | verapamil | nitro-bid | aspirin | epinephrine | nitroglycerin | enoxaparin | lovenox | atenolol | nadolol | corgard | bivalirudin | bayer aspirin extra strength plus | fragmin | dalteparin | streptokinase | angiomax | warfarin | plavix | metoprolol,metoprolol,1000,90,90,977,0,0,0,0.0,0.0,0.0,0.0,0.0,0.0,0.0,0.0,0.05,1.0,1.0,0.22767024869695296,0.05,1.0,1.0,1.0,0.0,0.0,0.0,1.0
label_core_rerank,eval_1133,rabeprazole | omeprazole / sodium bicarbonate | ranitidine | lansoprazole | zantac | esomeprazole | protonix | nexium | sucralfate | cimetidine | omeprazole | pantoprazole | carafate | pepcid | calcium carbonate | famotidine | aciphex | calcium carbonate / simethicone | prevacid | axid ar,aciphex | dexlansoprazole | rabeprazole,283,109,48,222,0,0,0,0.2,0.3333333333333333,1.0,0.4692787260227565,0.1,0.3333333333333333,1.0,0.4692787260227565,0.1,0.6666666666666666,1.0,0.581817614818224,1.0,1.0,1.0,1.0,0.0,0.0,0.0,1.0
label_core_rerank,eval_1139,clonazepam | klonopin | propranolol | rizatriptan | treximet | lamotrigine | gabapentin | naproxen / sumatriptan | amitriptyline | relpax | maxalt | eletriptan | acetaminophen / butalbital / caffeine | frovatriptan | sumatriptan | bupropion | aspirin / butalbital / caffeine | diclofenac | frova | maxalt-mlt,propranolol,1000,179,179,1000,0,0,0,0.2,1.0,1.0,0.5,0.1,1.0,1.0,0.5,0.05,1.0,1.0,0.5,0.3333333333333333,1.0,1.0,1.0,0.0,0.0,0.0,1.0
label_core_rerank,eval_1140,elocon | clobetasol | desonide | prednisone | flurandrenolide | cordran tape | clocortolone | clobex | cloderm | methylprednisolone | mometasone | betamethasone | cellcept | fluocinonide | fluocinolone | mycophenolate mofetil | budesonide | hydrocortisone | desoximetasone | zenpep,prednisone | methylprednisolone,955,49,49,955,0,0,0,0.2,0.5,1.0,0.26406812257259094,0.2,1.0,1.0,0.44130740935663865,0.1,1.0,1.0,0.44130740935663865,0.25,1.0,1.0,1.0,0.0,0.0,0.0,1.0
label_core_rerank,eval_1134,doxycycline | ibuprofen | naproxen | triamcinolone | flanax pain reliever | aleve | naprosyn | cephalexin | bactrim | sulfamethoxazole / trimethoprim | oxybutynin | avelox | moxifloxacin | doxy 100 | sucralfate | ditropan xl | ciprofloxacin | levofloxacin | bactrim ds | levaquin,naproxen | triamcinolone,273,273,273,273,0,0,0,0.4,1.0,1.0,0.5706417189553201,0.2,1.0,1.0,0.5706417189553201,0.1,1.0,1.0,0.5706417189553201,0.3333333333333333,1.0,1.0,1.0,0.0,0.0,0.0,1.0
label_core_rerank,eval_1137,spironolactone | urea | vascepa | icosapent | insulin regular | magnesium amino acids chelate | rocaltrol | magnesium oxide | glucose | magnesium gluconate | sodium bicarbonate | calcifediol | cabergoline | dostinex | calcitriol | omacor | furosemide | diazoxide | proglycem | insta-glucose,gabapentin | propranolol,1000,236,236,1000,0,0,0,0.0,0.0,0.0,0.0,0.0,0.0,0.0,0.0,0.0,0.0,0.0,0.0,0.0,1.0,1.0,1.0,0.0,0.0,0.0,1.0
label_core_rerank,eval_1148,tadalafil | propranolol | sildenafil | dextroamphetamine | dexedrine | spironolactone | azor | amlodipine / olmesartan | clonidine | modafinil | amlodipine / hydrochlorothiazide / valsartan | exforge hct | avalide | verapamil | armodafinil | travoprost | hydrochlorothiazide / irbesartan | provigil | nuvigil | benicar,propranolol,1000,275,275,1000,0,0,0,0.2,1.0,1.0,0.6309297535714575,0.1,1.0,1.0,0.6309297535714575,0.05,1.0,1.0,0.6309297535714575,0.5,1.0,1.0,1.0,0.0,0.0,0.0,1.0
label_core_rerank,eval_1142,doxycycline | prednisone | azithromycin | methylprednisolone | mometasone | epinephrine | ampicillin | budesonide | kenalog-40 | augmentin xr | triamcinolone | bactrim | medrol dosepak | sulfamethoxazole / trimethoprim | flunisolide | zithromax | ceftin | ceftibuten | cedax | singulair,prednisone | methylprednisolone,1000,681,681,1000,0,0,0,0.4,1.0,1.0,0.6509209298071326,0.2,1.0,1.0,0.6509209298071326,0.1,1.0,1.0,0.6509209298071326,0.5,1.0,1.0,1.0,0.0,0.0,0.0,1.0
label_core_rerank,eval_1144,doxycycline | azithromycin | rocephin | acidophilus | methenamine | ceftriaxone | zyvox | linezolid | hiprex | lactobacillus acidophilus | fluconazole | cephalexin | gentamicin | doripenem | bactrim | sulfamethoxazole / trimethoprim | minocycline | ceftin | avelox | moxifloxacin,doxycycline | sulfamethoxazole / trimethoprim | bactrim | fluconazole,481,287,287,481,0,0,0,0.2,0.25,1.0,0.2757045417773276,0.1,0.25,1.0,0.2757045417773276,0.2,1.0,1.0,0.5956293988783901,1.0,1.0,1.0,1.0,0.0,0.0,0.0,1.0
label_core_rerank,eval_1143,doxycycline | prednisone | azithromycin | methylprednisolone | mometasone | epinephrine | ampicillin | budesonide | kenalog-40 | augmentin xr | triamcinolone | bactrim | medrol dosepak | sulfamethoxazole / trimethoprim | flunisolide | zithromax | ceftin | ceftibuten | cedax | singulair,doxycycline | azithromycin | prednisone | methylprednisolone,1000,681,681,1000,0,0,0,0.8,1.0,1.0,0.915707515453474,0.4,1.0,1.0,0.915707515453474,0.2,1.0,1.0,0.915707515453474,1.0,1.0,1.0,1.0,0.0,0.0,0.0,1.0
label_core_rerank,eval_1147,clonidine | catapres | hytrin | terazosin | propylthiouracil | sodium iodide-i-131 | onabotulinumtoxina | botox | thyroid desiccated | westhroid | cenestin | estropipate | conjugated estrogens | armour thyroid | premarin | rayaldee | calcifediol | thyquidity | estradiol | esterified estrogens,clonidine | catapres | terazosin | hytrin,1000,352,352,1000,0,0,0,0.8,1.0,1.0,1.0,0.4,1.0,1.0,1.0,0.2,1.0,1.0,1.0,1.0,1.0,1.0,1.0,0.0,0.0,0.0,1.0
label_core_rerank,eval_1153,clonazepam | klonopin | propranolol | rizatriptan | treximet | lamotrigine | gabapentin | naproxen / sumatriptan | amitriptyline | relpax | maxalt | eletriptan | acetaminophen / butalbital / caffeine | frovatriptan | sumatriptan | bupropion | aspirin / butalbital / caffeine | diclofenac | frova | maxalt-mlt,propranolol,1000,179,179,1000,0,0,0,0.2,1.0,1.0,0.5,0.1,1.0,1.0,0.5,0.05,1.0,1.0,0.5,0.3333333333333333,1.0,1.0,1.0,0.0,0.0,0.0,1.0
label_core_rerank,eval_1145,clonidine | catapres | hytrin | terazosin | gabapentin | amitriptyline | onabotulinumtoxina | botox | aluminum chloride hexahydrate | drysol | hypercare | xerac ac | potassium iodide | pima | tapazole | oxybutynin | benztropine | propranolol | methimazole | verapamil,clonidine | catapres | amitriptyline | onabotulinumtoxina | botox,1000,447,447,863,0,0,0,0.4,0.4,1.0,0.5531464700081437,0.5,1.0,1.0,0.8940043068327738,0.25,1.0,1.0,0.8940043068327738,1.0,1.0,1.0,1.0,0.0,0.0,0.0,1.0
label_core_rerank,eval_1150,insulin regular | sodium bicarbonate | bromocriptine | liraglutide | gabapentin | victoza | tretinoin | clobetasol | desmopressin | pregabalin | pramlintide | humulin r u-500 (concentrated) | duloxetine | nortriptyline | cymbalta | chromium picolinate | byetta | symlin | topiramate | exubera,liraglutide | victoza,1000,282,282,1000,0,0,0,0.2,0.5,1.0,0.26406812257259094,0.2,1.0,1.0,0.48247555939075515,0.1,1.0,1.0,0.48247555939075515,0.25,1.0,1.0,1.0,0.0,0.0,0.0,1.0
label_core_rerank,eval_1151,doxycycline | prednisone | gentamicin | lansoprazole | minocycline | moxifloxacin | dexamethasone | ciprofloxacin | levofloxacin | rifampin | amikacin | metronidazole | azithromycin | rocephin | dapsone | ceftriaxone | zyvox | linezolid | filgrastim | neupogen,doxycycline | azithromycin | minocycline,1000,230,230,1000,0,0,0,0.4,0.6666666666666666,1.0,0.6403937842521121,0.2,0.6666666666666666,1.0,0.6403937842521121,0.15,1.0,1.0,0.7741078151210964,1.0,1.0,1.0,1.0,0.0,0.0,0.0,1.0
label_core_rerank,eval_1155,cyproheptadine | promethazine | prednisone | chlor-trimeton | phenergan | chlorpheniramine | epinephrine | ranitidine | carbinoxamine | azelastine | triamcinolone | tetracaine | olopatadine | diphenhydramine | benadryl | cetirizine | allegra | fexofenadine | zyrtec | levocetirizine,prednisone | promethazine | cyproheptadine,672,558,558,672,0,0,0,0.6,1.0,1.0,1.0,0.3,1.0,1.0,1.0,0.15,1.0,1.0,1.0,1.0,1.0,1.0,1.0,0.0,0.0,0.0,1.0
label_core_rerank,eval_1152,gabapentin | pregabalin | nortriptyline | topiramate | lyrica | neurontin | topamax | lisinopril | clonazepam | klonopin | propranolol | rizatriptan | treximet | lamotrigine | naproxen / sumatriptan | amitriptyline | relpax | maxalt | eletriptan | acetaminophen / butalbital / caffeine,topiramate | propranolol,1000,399,199,794,0,0,0,0.2,0.5,1.0,0.26406812257259094,0.1,0.5,1.0,0.26406812257259094,0.1,1.0,1.0,0.43510120664030905,0.25,1.0,1.0,1.0,0.0,0.0,0.0,1.0
label_core_rerank,eval_1156,clonazepam | klonopin | propranolol | rizatriptan | treximet | lamotrigine | gabapentin | naproxen / sumatriptan | amitriptyline | relpax | maxalt | eletriptan | acetaminophen / butalbital / caffeine | frovatriptan | sumatriptan | bupropion | aspirin / butalbital / caffeine | diclofenac | frova | maxalt-mlt,propranolol,1000,179,179,1000,0,0,0,0.2,1.0,1.0,0.5,0.1,1.0,1.0,0.5,0.05,1.0,1.0,0.5,0.3333333333333333,1.0,1.0,1.0,0.0,0.0,0.0,1.0
label_core_rerank,eval_1159,doxycycline | azithromycin | rocephin | ceftriaxone | zyvox | linezolid | ampicillin | allopurinol | doryx | fluconazole | augmentin xr | cephalexin | sodium bicarbonate | cefadroxil | gentamicin | bactrim | sulfamethoxazole / trimethoprim | minocycline | ceftin | avelox,doxycycline | sulfamethoxazole / trimethoprim,1000,172,172,1000,0,0,0,0.2,0.5,1.0,0.46927872602275644,0.1,0.5,1.0,0.46927872602275644,0.1,1.0,1.0,0.6380870592159578,1.0,1.0,1.0,1.0,0.0,0.0,0.0,1.0
label_core_rerank,eval_1160,cefadroxil | retapamulin | altabax | mupirocin | cefuroxime | sulconazole | ammoniated mercury | ozenoxacin | cobicistat / elvitegravir / emtricitabine / tenofovir | stribild | dexbrompheniramine / pseudoephedrine | drixoral cold and allergy | valacyclovir | efavirenz / emtricitabine / tenofovir | valtrex | atripla | aciphex | chlorpheniramine / hydrocodone | tussionex pennkinetic | ondansetron,cefuroxime | mupirocin | retapamulin,1000,8,8,1000,0,0,0,0.6,1.0,1.0,0.6717573587424964,0.3,1.0,1.0,0.6717573587424964,0.15,1.0,1.0,0.6717573587424964,0.5,1.0,1.0,1.0,0.0,0.0,0.0,1.0
label_core_rerank,eval_1162,doxycycline | prednisone | metronidazole | nystatin / triamcinolone | azithromycin | rocephin | acidophilus | methenamine | ceftriaxone | naftifine | zyvox | linezolid | methotrexate | naftin | mycolog ii | nizoral topical | hiprex | lactobacillus acidophilus | fluconazole | clindamycin,doxycycline,355,160,160,355,0,0,0,0.2,1.0,1.0,1.0,0.1,1.0,1.0,1.0,0.05,1.0,1.0,1.0,1.0,1.0,1.0,1.0,0.0,0.0,0.0,1.0
label_core_rerank,eval_1164,isotretinoin | accutane | benzoyl peroxide / clindamycin | tretinoin | adapalene / benzoyl peroxide | epiduo | magnesium hydroxide | claravis | benzaclin | spironolactone | doxycycline | phillips' milk of magnesia | duac | retin-a | dapsone | aczone | clindamycin / tretinoin | drospirenone / ethinyl estradiol | onexton | benzoyl peroxide / sulfur,isotretinoin | accutane | adapalene / benzoyl peroxide,273,273,273,273,0,0,0,0.6,1.0,1.0,0.9469024295259745,0.3,1.0,1.0,0.9469024295259745,0.15,1.0,1.0,0.9469024295259745,1.0,1.0,1.0,1.0,0.0,0.0,0.0,1.0
label_core_rerank,eval_1158,cyproheptadine | promethazine | prednisone | chlor-trimeton | phenergan | chlorpheniramine | epinephrine | ranitidine | carbinoxamine | azelastine | triamcinolone | tetracaine | olopatadine | diphenhydramine | benadryl | cetirizine | allegra | fexofenadine | zyrtec | levocetirizine,prednisone | promethazine | cyproheptadine,1000,558,558,1000,0,0,0,0.6,1.0,1.0,1.0,0.3,1.0,1.0,1.0,0.15,1.0,1.0,1.0,1.0,1.0,1.0,1.0,0.0,0.0,0.0,1.0
label_core_rerank,eval_1161,spironolactone | aldactone | doxycycline | doryx | clindamycin | cephalexin | bactrim | sulfamethoxazole / trimethoprim | keflex | doxy 100 | erythromycin | bactrim ds | septra ds | smz-tmp ds | isotretinoin | accutane | benzoyl peroxide / clindamycin | tretinoin | adapalene / benzoyl peroxide | epiduo,doxycycline | spironolactone | clindamycin | aldactone | propranolol,1000,546,546,869,0,0,0,0.8,0.8,1.0,0.8539316501572937,0.4,0.8,1.0,0.8539316501572937,0.2,0.8,1.0,0.8539316501572937,1.0,1.0,1.0,1.0,0.0,0.0,0.0,1.0
label_core_rerank,eval_1157,diclofenac | prednisone | indomethacin | naprelan | ibuprofen | acetaminophen / aspirin / caffeine | naproxen | celecoxib | motrin | aleve | advil liqui-gels | advil | excedrin | deltasone | anaprox-ds | clonazepam | klonopin | propranolol | rizatriptan | treximet,diclofenac | prednisone | propranolol,1000,190,190,946,0,0,0,0.4,0.6666666666666666,1.0,0.6199062332840657,0.2,0.6666666666666666,1.0,0.6199062332840657,0.15,1.0,1.0,0.7541224241841116,1.0,1.0,1.0,1.0,0.0,0.0,0.0,1.0
label_core_rerank,eval_1165,doxycycline | azithromycin | rocephin | ceftriaxone | ampicillin | augmentin xr | bactrim | sulfamethoxazole / trimethoprim | ceftin | avelox | moxifloxacin | amoxicillin | amoxil | amoxicillin / clavulanate | augmentin | cefuroxime | clarithromycin | ciprofloxacin | levofloxacin | bactrim ds,doxycycline | azithromycin | sulfamethoxazole / trimethoprim | minocycline | bactrim,1000,360,360,1000,0,0,0,0.4,0.4,1.0,0.4333057084706773,0.4,0.8,1.0,0.6918649451341744,0.2,0.8,1.0,0.6918649451341744,1.0,1.0,1.0,1.0,0.0,0.0,0.0,1.0
label_core_rerank,eval_1170,doxycycline | prednisone | azithromycin | rocephin | aclidinium | tudorza pressair | xopenex | methylprednisolone | omalizumab | ceftriaxone | mometasone | xolair | levalbuterol | primatene mist | accolate | intal inhaler | zafirlukast | guaifenesin | epinephrine | ipratropium inhalation solution,prednisone,505,221,221,505,0,0,0,0.2,1.0,1.0,0.6309297535714575,0.1,1.0,1.0,0.6309297535714575,0.05,1.0,1.0,0.6309297535714575,0.5,1.0,1.0,1.0,0.0,0.0,0.0,1.0
label_core_rerank,eval_1171,doxycycline | prednisone | azithromycin | rocephin | aclidinium | tudorza pressair | xopenex | methylprednisolone | omalizumab | ceftriaxone | mometasone | xolair | levalbuterol | primatene mist | accolate | zafirlukast | intal inhaler | guaifenesin | epinephrine | ipratropium inhalation solution,prednisone,1000,221,221,1000,0,0,0,0.2,1.0,1.0,0.6309297535714575,0.1,1.0,1.0,0.6309297535714575,0.05,1.0,1.0,0.6309297535714575,0.5,1.0,1.0,1.0,0.0,0.0,0.0,1.0
label_core_rerank,eval_1167,baclofen | onabotulinumtoxina | botox | lioresal | lorazepam | ativan | abobotulinumtoxina | dysport | botulinum toxin type b | myobloc | incobotulinumtoxina | xeomin | ibuprofen | naproxen | aleve | propranolol | clonidine | verapamil | benicar | atenolol,baclofen | onabotulinumtoxina | botox | lioresal | propranolol,1000,187,187,936,0,0,0,0.8,0.8,1.0,0.7790559043488847,0.4,0.8,1.0,0.7790559043488847,0.25,1.0,1.0,0.8704816048787549,1.0,1.0,1.0,1.0,0.0,0.0,0.0,1.0
label_core_rerank,eval_1172,insulin regular | sodium bicarbonate | bromocriptine | liraglutide | gabapentin | victoza | tretinoin | clobetasol | desmopressin | pregabalin | pramlintide | humulin r u-500 (concentrated) | duloxetine | nortriptyline | cymbalta | chromium picolinate | byetta | symlin | topiramate | exubera,liraglutide | victoza | insulin regular | bromocriptine,469,282,282,469,0,0,0,0.6,0.75,1.0,0.7295183082014476,0.4,1.0,1.0,0.8768302171505596,0.2,1.0,1.0,0.8768302171505596,1.0,1.0,1.0,1.0,0.0,0.0,0.0,1.0
label_core_rerank,eval_1175,clonazepam | propranolol | gabapentin | amitriptyline | sumatriptan | diclofenac | prednisone | clonidine | lithium | nortriptyline | verapamil | elavil | zolmitriptan | atenolol | nadolol | corgard | divalproex sodium | nimodipine | depakote er | metoprolol,propranolol,1000,179,179,885,0,0,0,0.2,1.0,1.0,0.6309297535714574,0.1,1.0,1.0,0.6309297535714574,0.05,1.0,1.0,0.6309297535714574,0.5,1.0,1.0,1.0,0.0,0.0,0.0,1.0
label_core_rerank,eval_1177,doxycycline | prednisone | azithromycin | rocephin | ceftriaxone | sulfamethoxazole / trimethoprim | zithromax | ceftin | avelox | moxifloxacin | amoxicillin | amoxil | amoxicillin / clavulanate | biaxin xl | augmentin | dexamethasone | cefuroxime | clarithromycin | ciprofloxacin | erythromycin,azithromycin | prednisone,1000,221,221,1000,0,0,0,0.4,1.0,1.0,0.6787622294601761,0.2,1.0,1.0,0.6787622294601761,0.1,1.0,1.0,0.6787622294601761,0.5,1.0,1.0,1.0,0.0,0.0,0.0,1.0
label_core_rerank,eval_1179,valacyclovir | valtrex | acyclovir | varicella zoster immune globulin | foscarnet | immune globulin intramuscular | measles virus vaccine / mumps virus vaccine / rubella virus vaccine / varicella virus vaccine | varicella virus vaccine | acetaminophen,valacyclovir | valtrex | acyclovir,9,8,8,9,0,0,0,0.6,1.0,1.0,1.0,0.3,1.0,1.0,1.0,0.15,1.0,1.0,1.0,1.0,1.0,1.0,1.0,0.0,0.0,0.0,1.0
label_core_rerank,eval_1174,doxycycline | azithromycin | rocephin | ceftriaxone | ampicillin | augmentin xr | bactrim | sulfamethoxazole / trimethoprim | ceftin | avelox | moxifloxacin | amoxicillin | amoxil | amoxicillin / clavulanate | augmentin | cefuroxime | clarithromycin | ciprofloxacin | levofloxacin | bactrim ds,doxycycline | azithromycin | sulfamethoxazole / trimethoprim | bactrim,1000,360,360,882,0,0,0,0.4,0.5,1.0,0.4829420709752337,0.4,1.0,1.0,0.7711199804349588,0.2,1.0,1.0,0.7711199804349588,1.0,1.0,1.0,1.0,0.0,0.0,0.0,1.0
label_core_rerank,eval_1183,aciphex | rabeprazole | calcium carbonate / simethicone | prevacid | axid ar | nexium 24hr | prilosec otc | aluminum hydroxide / magnesium hydroxide / simethicone | nizatidine | protonix iv | omeprazole / sodium bicarbonate | mylanta | zegerid | pepcid ac chewable tablets | dexlansoprazole | lansoprazole | esomeprazole | dexilant | protonix | nexium,aciphex | dexlansoprazole | rabeprazole,1000,45,45,1000,0,0,0,0.4,0.6666666666666666,1.0,0.7653606369886218,0.2,0.6666666666666666,1.0,0.7653606369886218,0.15,1.0,1.0,0.8826803184943108,1.0,1.0,1.0,1.0,0.0,0.0,0.0,1.0
label_core_rerank,eval_1180,amitriptyline | elavil | doxycycline | phosphorated carbohydrate solution | ceftriaxone | ampicillin | lactobacillus acidophilus | sulfamethoxazole / trimethoprim | hydroxyzine | minocycline | ciprofloxacin | atarax | cipro | ofloxacin | venlafaxine | memantine | azithromycin | allopurinol | risperdal | risperidone,doxycycline | azithromycin | sulfamethoxazole / trimethoprim,608,303,303,608,0,0,0,0.2,0.3333333333333333,1.0,0.19004688335796713,0.2,0.6666666666666666,1.0,0.3699062332840657,0.15,1.0,1.0,0.46105745700738576,0.3333333333333333,1.0,1.0,1.0,0.0,0.0,0.0,1.0
label_core_rerank,eval_1181,amitriptyline | venlafaxine | elavil | spironolactone | doxycycline | azithromycin | ceftriaxone | ampicillin | allopurinol | magnesium oxide | doryx | augmentin xr | cephalexin | sodium bicarbonate | bactrim | sulfamethoxazole / trimethoprim | ceftin | avelox | moxifloxacin | amoxicillin,doxycycline | azithromycin,1000,347,347,927,0,0,0,0.2,0.5,1.0,0.23719771276929622,0.2,1.0,1.0,0.45560514958746035,0.1,1.0,1.0,0.45560514958746035,0.2,1.0,1.0,1.0,0.0,0.0,0.0,1.0
label_core_rerank,eval_1185,doxycycline | azithromycin | rocephin | ceftriaxone | zyvox | linezolid | ampicillin | allopurinol | doryx | fluconazole | augmentin xr | cephalexin | gentamicin | bactrim | sulfamethoxazole / trimethoprim | minocycline | ceftin | avelox | moxifloxacin | amoxicillin,doxycycline | sulfamethoxazole / trimethoprim,1000,172,172,1000,0,0,0,0.2,0.5,1.0,0.46927872602275644,0.1,0.5,1.0,0.46927872602275644,0.1,1.0,1.0,0.6452582482812901,1.0,1.0,1.0,1.0,0.0,0.0,0.0,1.0
label_core_rerank,eval_1182,valacyclovir | valtrex | acyclovir | foscarnet | immune globulin intramuscular | measles virus vaccine / mumps virus vaccine / rubella virus vaccine / varicella virus vaccine | varicella virus vaccine | varicella zoster immune globulin | doxycycline | prednisone | azithromycin | methylprednisolone | mometasone | doryx | clindamycin | kenalog-40 | cephalexin | triamcinolone | bactrim | sulfamethoxazole / trimethoprim,valacyclovir | valtrex | acyclovir,1000,516,516,1000,0,0,0,0.6,1.0,1.0,1.0,0.3,1.0,1.0,1.0,0.15,1.0,1.0,1.0,1.0,1.0,1.0,1.0,0.0,0.0,0.0,1.0
label_core_rerank,eval_1187,liraglutide | gabapentin | victoza | tretinoin | clobetasol | desmopressin | pregabalin | pramlintide | humulin r u-500 (concentrated) | duloxetine | nortriptyline | cymbalta | chromium picolinate | byetta | symlin | topiramate | exubera | insulin isophane | ddavp | novolog mix 70 / 30,liraglutide | victoza,469,228,228,469,0,0,0,0.4,1.0,1.0,0.9197207891481876,0.2,1.0,1.0,0.9197207891481876,0.1,1.0,1.0,0.9197207891481876,1.0,1.0,1.0,1.0,0.0,0.0,0.0,1.0
label_core_rerank,eval_1184,diclofenac | prednisone | methylprednisolone | adalimumab | humira | cellcept | infliximab | remicade | mycophenolate mofetil | hydrocortisone | triamcinolone | golimumab | simponi | dexamethasone | famotidine / ibuprofen | duexis | vimovo | azathioprine | esomeprazole / naproxen | imuran,adalimumab | humira,1000,311,311,1000,0,0,0,0.4,1.0,1.0,0.5012658353418872,0.2,1.0,1.0,0.5012658353418872,0.1,1.0,1.0,0.5012658353418872,0.25,1.0,1.0,1.0,0.0,0.0,0.0,1.0
label_core_rerank,eval_1186,rabeprazole | omeprazole / sodium bicarbonate | ranitidine | lansoprazole | zantac | esomeprazole | protonix | nexium | sucralfate | cimetidine | omeprazole | pantoprazole | carafate | pepcid | calcium carbonate | famotidine | aciphex | calcium carbonate / simethicone | prevacid | axid ar,aciphex | dexlansoprazole | rabeprazole,1000,109,109,1000,0,0,0,0.2,0.3333333333333333,1.0,0.4692787260227565,0.1,0.3333333333333333,1.0,0.4692787260227565,0.1,0.6666666666666666,1.0,0.581817614818224,1.0,1.0,1.0,1.0,0.0,0.0,0.0,1.0
label_core_rerank,eval_1188,stribild | cobicistat / elvitegravir / emtricitabine / tenofovir | efavirenz / emtricitabine / tenofovir | atripla | ondansetron | triumeq | abacavir / dolutegravir / lamivudine | clonidine | epzicom | emtricitabine / rilpivirine / tenofovir | complera | abacavir / lamivudine | fuzeon | enfuvirtide | reyataz | atazanavir | isentress | cobicistat / elvitegravir / emtricitabine / tenofovir alafenamide | genvoya | filgrastim,cobicistat / elvitegravir / emtricitabine / tenofovir | stribild | efavirenz / emtricitabine / tenofovir,154,119,119,154,0,0,0,0.6,1.0,1.0,1.0,0.3,1.0,1.0,1.0,0.15,1.0,1.0,1.0,1.0,1.0,1.0,1.0,0.0,0.0,0.0,1.0
label_core_rerank,eval_1190,liraglutide | gabapentin | victoza | tretinoin | clobetasol | desmopressin | pregabalin | pramlintide | humulin r u-500 (concentrated) | duloxetine | nortriptyline | cymbalta | chromium picolinate | byetta | symlin | topiramate | exubera | insulin isophane | ddavp | insulin aspart / insulin aspart protamine,liraglutide | victoza,228,228,228,228,0,0,0,0.4,1.0,1.0,0.9197207891481876,0.2,1.0,1.0,0.9197207891481876,0.1,1.0,1.0,0.9197207891481876,1.0,1.0,1.0,1.0,0.0,0.0,0.0,1.0
label_core_rerank,eval_1191,amitriptyline | spironolactone | doxycycline | azithromycin | phosphorated carbohydrate solution | elavil | ceftriaxone | ampicillin | allopurinol | magnesium oxide | doryx | lactobacillus acidophilus | sodium bicarbonate | gentamicin | sulfamethoxazole / trimethoprim | hydroxyzine | minocycline | moxifloxacin | amoxicillin | risperdal,doxycycline,933,172,172,933,0,0,0,0.2,1.0,1.0,0.5,0.1,1.0,1.0,0.5,0.05,1.0,1.0,0.5,0.3333333333333333,1.0,1.0,1.0,0.0,0.0,0.0,1.0
label_core_rerank,eval_1193,aciphex | doxycycline | prednisone | rabeprazole | calcium carbonate / simethicone | prevacid | axid ar | nexium 24hr | prilosec otc | aluminum hydroxide / magnesium hydroxide / simethicone | nizatidine | protonix iv | omeprazole / sodium bicarbonate | tagamet hb | mylanta | zegerid | pepcid ac chewable tablets | triamcinolone | mylanta maximum strength | alka-seltzer heartburn + gas,doxycycline,1000,109,109,1000,0,0,0,0.2,1.0,1.0,0.6309297535714574,0.1,1.0,1.0,0.6309297535714574,0.05,1.0,1.0,0.6309297535714574,0.5,1.0,1.0,1.0,0.0,0.0,0.0,1.0
label_core_rerank,eval_1192,aciphex | doxycycline | prednisone | rabeprazole | calcium carbonate / simethicone | prevacid | axid ar | nexium 24hr | prilosec otc | aluminum hydroxide / magnesium hydroxide / simethicone | nizatidine | protonix iv | omeprazole / sodium bicarbonate | tagamet hb | mylanta | zegerid | pepcid ac chewable tablets | triamcinolone | gentamicin | rifadin,doxycycline,1000,109,109,1000,0,0,0,0.2,1.0,1.0,0.6309297535714574,0.1,1.0,1.0,0.6309297535714574,0.05,1.0,1.0,0.6309297535714574,0.5,1.0,1.0,1.0,0.0,0.0,0.0,1.0
label_core_rerank,eval_1189,epinephrine | doxycycline | prednisone | azithromycin | rocephin | ceftriaxone | triamcinolone | sulfamethoxazole / trimethoprim | zithromax | ceftin | avelox | moxifloxacin | amoxicillin | amoxil | amoxicillin / clavulanate | biaxin xl | augmentin | dexamethasone | cefuroxime | clarithromycin,prednisone | metoprolol,1000,310,310,1000,0,0,0,0.2,0.5,1.0,0.35195904451706733,0.1,0.5,1.0,0.35195904451706733,0.05,0.5,1.0,0.35195904451706733,0.3333333333333333,1.0,1.0,1.0,0.0,0.0,0.0,1.0
label_core_rerank,eval_1195,thyroid desiccated | westhroid | cenestin | estropipate | conjugated estrogens | armour thyroid | premarin | rayaldee | calcifediol | thyquidity | estradiol | esterified estrogens | tirosint | doxorubicin | levothyroxine | synthroid | cytomel | nature-throid | liothyronine | calcitriol,thyroid desiccated | armour thyroid | levothyroxine,602,61,61,602,0,0,0,0.2,0.3333333333333333,1.0,0.38009376671593426,0.2,0.6666666666666666,1.0,0.5154858981951099,0.15,1.0,1.0,0.6580210607135852,1.0,1.0,1.0,1.0,0.0,0.0,0.0,1.0
label_core_rerank,eval_1194,prednisone | methylprednisolone | adalimumab | humira | infliximab | remicade | hydrocortisone | triamcinolone | dexamethasone | cyclosporine | prednisolone | elocon | clobetasol | desonide | doxycycline | flurandrenolide | cordran tape | clocortolone | clobex | cloderm,prednisone | adalimumab | humira | methylprednisolone | mometasone,671,233,233,671,0,0,0,0.8,0.8,1.0,0.8041991799429675,0.4,0.8,1.0,0.8041991799429675,0.2,0.8,1.0,0.8041991799429675,1.0,1.0,1.0,1.0,0.0,0.0,0.0,1.0
label_core_rerank,eval_1198,elocon | clobetasol | stelara | enbrel | ustekinumab | desonide | doxycycline | etanercept | prednisone | flurandrenolide | cordran tape | clocortolone | clobex | cloderm | thiothixene | desowen | methylprednisolone | adalimumab | mometasone | betamethasone,enbrel,358,164,164,358,0,0,0,0.2,1.0,1.0,0.4306765580733931,0.1,1.0,1.0,0.4306765580733931,0.05,1.0,1.0,0.4306765580733931,0.25,1.0,1.0,1.0,0.0,0.0,0.0,1.0
label_core_rerank,eval_1201,liraglutide | gabapentin | victoza | tretinoin | clobetasol | desmopressin | pregabalin | pramlintide | humulin r u-500 (concentrated) | duloxetine | nortriptyline | cymbalta | chromium picolinate | byetta | symlin | topiramate | exubera | insulin isophane | ddavp | insulin aspart / insulin aspart protamine,liraglutide | victoza,344,228,228,344,0,0,0,0.4,1.0,1.0,0.9197207891481876,0.2,1.0,1.0,0.9197207891481876,0.1,1.0,1.0,0.9197207891481876,1.0,1.0,1.0,1.0,0.0,0.0,0.0,1.0
label_core_rerank,eval_1197,doxycycline | guaifenesin | ipratropium | amoxicillin | amoxicillin / clavulanate | ciprofloxacin | ventolin hfa | albuterol | proair respiclick | doryx | prednisone | mometasone | hydrocortisone | kenalog-40 | triamcinolone | dexamethasone | levofloxacin | fluticasone | prednisolone | rabeprazole,prednisone | mometasone,929,222,222,929,0,0,0,0.0,0.0,0.0,0.0,0.0,0.0,0.0,0.0,0.1,1.0,1.0,0.32112751541678747,0.09090909090909091,1.0,1.0,1.0,0.0,0.0,0.0,1.0
label_core_rerank,eval_1204,amitriptyline | spironolactone | doxycycline | venlafaxine | azithromycin | rocephin | phosphorated carbohydrate solution | acidophilus | elavil | methenamine | ceftriaxone | zyvox | vaniqa | linezolid | uta | ampicillin | sulfatrim | hiprex | allopurinol | eflornithine,doxycycline,172,172,172,172,0,0,0,0.2,1.0,1.0,0.5,0.1,1.0,1.0,0.5,0.05,1.0,1.0,0.5,0.3333333333333333,1.0,1.0,1.0,0.0,0.0,0.0,1.0
label_core_rerank,eval_1206,doxycycline | ibuprofen | naproxen | cephalexin | triamcinolone | flanax pain reliever | bactrim | sulfamethoxazole / trimethoprim | oxybutynin | avelox | moxifloxacin | doxy 100 | sucralfate | ditropan xl | aleve | ciprofloxacin | naprosyn | levofloxacin | bactrim ds | levaquin,naproxen,25,25,25,25,0,0,0,0.2,1.0,1.0,0.5,0.1,1.0,1.0,0.5,0.05,1.0,1.0,0.5,0.3333333333333333,1.0,1.0,1.0,0.0,0.0,0.0,1.0
label_core_rerank,eval_1205,rifabutin | clonidine | sodium bicarbonate | cobicistat / elvitegravir / emtricitabine / tenofovir | stribild | efavirenz / emtricitabine / tenofovir | atripla | ondansetron | triumeq | abacavir / dolutegravir / lamivudine | epzicom | emtricitabine / rilpivirine / tenofovir | complera | abacavir / lamivudine | fuzeon | enfuvirtide | atazanavir | reyataz | isentress | cobicistat / elvitegravir / emtricitabine / tenofovir alafenamide,rifabutin,1000,227,227,1000,0,0,0,0.2,1.0,1.0,1.0,0.1,1.0,1.0,1.0,0.05,1.0,1.0,1.0,1.0,1.0,1.0,1.0,0.0,0.0,0.0,1.0
label_core_rerank,eval_1203,gabapentin | amitriptyline | clonidine | catapres | onabotulinumtoxina | botox | hytrin | terazosin | cyproheptadine | prednisone | pregabalin | acetaminophen / phenyltoloxamine | nortriptyline | topiramate | lyrica | acetaminophen / caffeine | neurontin | excedrin tension headache | topamax | excedrin quick tab,amitriptyline | topiramate,1000,195,195,1000,0,0,0,0.2,0.5,1.0,0.38685280723454163,0.1,0.5,1.0,0.38685280723454163,0.1,1.0,1.0,0.5437927516124715,0.5,1.0,1.0,1.0,0.0,0.0,0.0,1.0
label_core_rerank,eval_1207,doxycycline | azithromycin | rocephin | acidophilus | methenamine | ceftriaxone | zyvox | linezolid | hiprex | lactobacillus acidophilus | fluconazole | cephalexin | doripenem | gentamicin | bactrim | sulfamethoxazole / trimethoprim | minocycline | ceftin | avelox | moxifloxacin,doxycycline | sulfamethoxazole / trimethoprim | bactrim | fluconazole,481,287,287,481,0,0,0,0.2,0.25,1.0,0.2757045417773276,0.1,0.25,1.0,0.2757045417773276,0.2,1.0,1.0,0.5956293988783901,1.0,1.0,1.0,1.0,0.0,0.0,0.0,1.0
label_core_rerank,eval_1210,amitriptyline | spironolactone | doxycycline | venlafaxine | azithromycin | rocephin | phosphorated carbohydrate solution | acidophilus | elavil | methenamine | ceftriaxone | zyvox | vaniqa | linezolid | uta | ampicillin | sulfatrim | hiprex | allopurinol | eflornithine,doxycycline,172,172,172,172,0,0,0,0.2,1.0,1.0,0.5,0.1,1.0,1.0,0.5,0.05,1.0,1.0,0.5,0.3333333333333333,1.0,1.0,1.0,0.0,0.0,0.0,1.0
label_core_rerank,eval_1208,doxycycline | ibuprofen | naproxen | triamcinolone | flanax pain reliever | aleve | naprosyn | cephalexin | bactrim | sulfamethoxazole / trimethoprim | oxybutynin | avelox | moxifloxacin | doxy 100 | sucralfate | ditropan xl | ciprofloxacin | levofloxacin | bactrim ds | levaquin,naproxen | triamcinolone,273,273,273,273,0,0,0,0.4,1.0,1.0,0.5706417189553201,0.2,1.0,1.0,0.5706417189553201,0.1,1.0,1.0,0.5706417189553201,0.3333333333333333,1.0,1.0,1.0,0.0,0.0,0.0,1.0
label_core_rerank,eval_1213,amitriptyline | spironolactone | doxycycline | venlafaxine | azithromycin | rocephin | phosphorated carbohydrate solution | acidophilus | elavil | methenamine | ceftriaxone | zyvox | vaniqa | linezolid | uta | ampicillin | sulfatrim | hiprex | allopurinol | eflornithine,doxycycline,172,172,172,172,0,0,0,0.2,1.0,1.0,0.5,0.1,1.0,1.0,0.5,0.05,1.0,1.0,0.5,0.3333333333333333,1.0,1.0,1.0,0.0,0.0,0.0,1.0
label_core_rerank,eval_1215,proctofoam | pramoxine | dibucaine | nupercainal | hydrocortisone | proctofoam hc | proctosol-hc | pramoxine / zinc oxide | tronolane anesthetic for hemorrhoids | hydrocortisone / pramoxine | analpram-hc | hydrocortisone / lidocaine | phenylephrine | lmx 5 | pramosone | lidocaine | phenylephrine / pramoxine | recticare | anucort-hc | anusol-hc suppositories,hydrocortisone | pramoxine | proctofoam,22,20,20,22,0,0,0,0.6,1.0,1.0,0.9201784908542937,0.3,1.0,1.0,0.9201784908542937,0.15,1.0,1.0,0.9201784908542937,1.0,1.0,1.0,1.0,0.0,0.0,0.0,1.0
label_core_rerank,eval_1212,gabapentin | amitriptyline | clonidine | catapres | onabotulinumtoxina | botox | hytrin | terazosin | aluminum chloride hexahydrate | drysol | hypercare | xerac ac | tapazole | pima | potassium iodide | oxybutynin | benztropine | methimazole | sodium iodide-i-131 | iodine / potassium iodide,gabapentin | amitriptyline | onabotulinumtoxina | botox,1000,195,195,918,0,0,0,0.6,0.75,1.0,0.787702056960637,0.4,1.0,1.0,0.9267582364714126,0.2,1.0,1.0,0.9267582364714126,1.0,1.0,1.0,1.0,0.0,0.0,0.0,1.0
label_core_rerank,eval_1218,doxycycline | prednisone | metronidazole | azithromycin | rocephin | dapsone | ceftriaxone | zyvox | linezolid | filgrastim | neupogen | fluconazole | clindamycin | tobramycin | pyrimethamine | gentamicin | lefamulin | cefotaxime | vancocin hcl | ferralet 90,doxycycline | azithromycin,1000,132,132,1000,0,0,0,0.4,1.0,1.0,0.8772153153380493,0.2,1.0,1.0,0.8772153153380493,0.1,1.0,1.0,0.8772153153380493,1.0,1.0,1.0,1.0,0.0,0.0,0.0,1.0
label_core_rerank,eval_1219,doxycycline | prednisone | metronidazole | nystatin / triamcinolone | azithromycin | rocephin | acidophilus | methenamine | ceftriaxone | naftifine | zyvox | linezolid | methotrexate | nizoral topical | naftin | mycolog ii | hiprex | lactobacillus acidophilus | fluconazole | clindamycin,doxycycline,160,160,160,160,0,0,0,0.2,1.0,1.0,1.0,0.1,1.0,1.0,1.0,0.05,1.0,1.0,1.0,1.0,1.0,1.0,1.0,0.0,0.0,0.0,1.0
label_core_rerank,eval_1214,doxycycline | ibuprofen | naproxen | triamcinolone | flanax pain reliever | aleve | naprosyn | cephalexin | bactrim | sulfamethoxazole / trimethoprim | oxybutynin | avelox | moxifloxacin | doxy 100 | sucralfate | ditropan xl | ciprofloxacin | levofloxacin | bactrim ds | levaquin,naproxen | triamcinolone | ibuprofen | aleve | naprosyn,273,273,273,273,0,0,0,0.6,0.6,1.0,0.5296347172140421,0.5,1.0,1.0,0.7634994216714083,0.25,1.0,1.0,0.7634994216714083,0.5,1.0,1.0,1.0,0.0,0.0,0.0,1.0
label_core_rerank,eval_1217,"calcifediol | calcitriol | parathyroid hormone | ergocalciferol | calcium phosphate, tribasic | calcium lactate | thyroid desiccated | westhroid | cenestin | estropipate | conjugated estrogens | armour thyroid | premarin | rayaldee | thyquidity | estradiol | esterified estrogens | tirosint | doxorubicin | levothyroxine",thyroid desiccated | armour thyroid | levothyroxine,813,112,112,813,0,0,0,0.0,0.0,0.0,0.0,0.1,0.3333333333333333,1.0,0.12669792223864473,0.15,1.0,1.0,0.35921782385985457,0.14285714285714285,1.0,1.0,1.0,0.0,0.0,0.0,1.0
label_core_rerank,eval_1220,stribild | cobicistat / elvitegravir / emtricitabine / tenofovir | efavirenz / emtricitabine / tenofovir | atripla | ondansetron | triumeq | abacavir / dolutegravir / lamivudine | clonidine | epzicom | emtricitabine / rilpivirine / tenofovir | complera | abacavir / lamivudine | fuzeon | enfuvirtide | reyataz | atazanavir | isentress | cobicistat / elvitegravir / emtricitabine / tenofovir alafenamide | genvoya | filgrastim,cobicistat / elvitegravir / emtricitabine / tenofovir | stribild | efavirenz / emtricitabine / tenofovir,154,119,119,154,0,0,0,0.6,1.0,1.0,1.0,0.3,1.0,1.0,1.0,0.15,1.0,1.0,1.0,1.0,1.0,1.0,1.0,0.0,0.0,0.0,1.0
label_core_rerank,eval_1221,cyproheptadine | promethazine | prednisone | omalizumab | epipen | ketotifen | xolair | chlor-trimeton | phenergan | ketorolac | chlorpheniramine | epinephrine | ranitidine | carbinoxamine | alavert | zaditor | aristocort | azelastine | triamcinolone | tetracaine,prednisone | promethazine,558,76,76,558,0,0,0,0.4,1.0,1.0,0.6934264036172708,0.2,1.0,1.0,0.6934264036172708,0.1,1.0,1.0,0.6934264036172708,0.5,1.0,1.0,1.0,0.0,0.0,0.0,1.0
label_core_rerank,eval_1223,cefadroxil | retapamulin | altabax | mupirocin | cefuroxime | sulconazole | ammoniated mercury | ozenoxacin | cobicistat / elvitegravir / emtricitabine / tenofovir | stribild | dexbrompheniramine / pseudoephedrine | drixoral cold and allergy | valacyclovir | efavirenz / emtricitabine / tenofovir | valtrex | atripla | aciphex | chlorpheniramine / hydrocodone | tussionex pennkinetic | ondansetron,cefuroxime | mupirocin | retapamulin,1000,8,8,1000,0,0,0,0.6,1.0,1.0,0.6717573587424964,0.3,1.0,1.0,0.6717573587424964,0.15,1.0,1.0,0.6717573587424964,0.5,1.0,1.0,1.0,0.0,0.0,0.0,1.0
label_core_rerank,eval_1224,tadalafil | propranolol | sildenafil | dextroamphetamine | dexedrine | spironolactone | azor | amlodipine / olmesartan | clonidine | modafinil | amlodipine / hydrochlorothiazide / valsartan | exforge hct | avalide | verapamil | armodafinil | travoprost | hydrochlorothiazide / irbesartan | provigil | nuvigil | benicar,propranolol,1000,275,275,1000,0,0,0,0.2,1.0,1.0,0.6309297535714575,0.1,1.0,1.0,0.6309297535714575,0.05,1.0,1.0,0.6309297535714575,0.5,1.0,1.0,1.0,0.0,0.0,0.0,1.0
label_core_rerank,eval_1226,clonazepam | klonopin | propranolol | rizatriptan | treximet | lamotrigine | gabapentin | naproxen / sumatriptan | amitriptyline | relpax | maxalt | eletriptan | acetaminophen / butalbital / caffeine | frovatriptan | sumatriptan | bupropion | aspirin / butalbital / caffeine | diclofenac | frova | maxalt-mlt,propranolol,1000,179,179,1000,0,0,0,0.2,1.0,1.0,0.5,0.1,1.0,1.0,0.5,0.05,1.0,1.0,0.5,0.3333333333333333,1.0,1.0,1.0,0.0,0.0,0.0,1.0
label_core_rerank,eval_1227,aciphex | doxycycline | prednisone | rabeprazole | calcium carbonate / simethicone | prevacid | axid ar | nexium 24hr | prilosec otc | aluminum hydroxide / magnesium hydroxide / simethicone | nizatidine | protonix iv | omeprazole / sodium bicarbonate | tagamet hb | mylanta | zegerid | pepcid ac chewable tablets | triamcinolone | rifadin | alka-seltzer heartburn + gas,doxycycline,1000,109,109,1000,0,0,0,0.2,1.0,1.0,0.6309297535714575,0.1,1.0,1.0,0.6309297535714575,0.05,1.0,1.0,0.6309297535714575,0.5,1.0,1.0,1.0,0.0,0.0,0.0,1.0
label_core_rerank,eval_1231,amitriptyline | spironolactone | doxycycline | venlafaxine | azithromycin | rocephin | phosphorated carbohydrate solution | acidophilus | elavil | methenamine | ceftriaxone | zyvox | vaniqa | linezolid | uta | ampicillin | sulfatrim | hiprex | allopurinol | eflornithine,doxycycline,172,172,172,172,0,0,0,0.2,1.0,1.0,0.5,0.1,1.0,1.0,0.5,0.05,1.0,1.0,0.5,0.3333333333333333,1.0,1.0,1.0,0.0,0.0,0.0,1.0
label_core_rerank,eval_1232,amitriptyline | spironolactone | doxycycline | venlafaxine | azithromycin | rocephin | phosphorated carbohydrate solution | acidophilus | elavil | methenamine | ceftriaxone | zyvox | vaniqa | linezolid | uta | ampicillin | sulfatrim | hiprex | allopurinol | eflornithine,doxycycline,172,172,172,172,0,0,0,0.2,1.0,1.0,0.5,0.1,1.0,1.0,0.5,0.05,1.0,1.0,0.5,0.3333333333333333,1.0,1.0,1.0,0.0,0.0,0.0,1.0
label_core_rerank,eval_1234,doxycycline | prednisone | methylprednisolone | betamethasone | aspirin | hydrocortisone | kenalog-40 | triamcinolone | medrol dosepak | hydroxychloroquine | amoxicillin | sodium hyaluronate | dexamethasone | corticotropin | deltasone | loteprednol | lotemax | prednisolone | canakinumab | diclofenac,prednisone | methylprednisolone,850,255,255,850,0,0,0,0.4,1.0,1.0,0.6934264036172708,0.2,1.0,1.0,0.6934264036172708,0.1,1.0,1.0,0.6934264036172708,0.5,1.0,1.0,1.0,0.0,0.0,0.0,1.0
label_core_rerank,eval_1233,doxycycline | prednisone | azithromycin | rocephin | methylprednisolone | ceftriaxone | mometasone | epinephrine | ampicillin | budesonide | kenalog-40 | augmentin xr | triamcinolone | bactrim | medrol dosepak | sulfamethoxazole / trimethoprim | flunisolide | zithromax | ceftin | ceftibuten,prednisone,1000,221,221,973,0,0,0,0.2,1.0,1.0,0.6309297535714575,0.1,1.0,1.0,0.6309297535714575,0.05,1.0,1.0,0.6309297535714575,0.5,1.0,1.0,1.0,0.0,0.0,0.0,1.0
label_core_rerank,eval_1235,stelara | enbrel | ustekinumab | doxycycline | etanercept | prednisone | methylprednisolone | adalimumab | betamethasone | humira | ibuprofen | naproxen | infliximab | methotrexate | remicade | hydrocortisone | kenalog-40 | triamcinolone | flanax pain reliever | kenalog-10,prednisone | enbrel,738,255,255,738,0,0,0,0.2,0.5,1.0,0.44412286644879784,0.2,1.0,1.0,0.6112833214150001,0.1,1.0,1.0,0.6112833214150001,0.5,1.0,1.0,1.0,0.0,0.0,0.0,1.0
label_core_rerank,eval_1230,cyproheptadine | prednisone | acetaminophen / phenyltoloxamine | acetaminophen / caffeine | excedrin tension headache | excedrin quick tab | deltasone | dexbrompheniramine / pseudoephedrine | drixoral cold and allergy | valacyclovir | valtrex | chlorpheniramine / hydrocodone | tussionex pennkinetic | acyclovir | zutripro | chlorpheniramine / hydrocodone / pseudoephedrine | semprex-d | acrivastine / pseudoephedrine | doxycycline | privine,acetaminophen / phenyltoloxamine,1000,683,683,921,0,0,0,0.2,1.0,1.0,0.5,0.1,1.0,1.0,0.5,0.05,1.0,1.0,0.5,0.3333333333333333,1.0,1.0,1.0,0.0,0.0,0.0,1.0
label_core_rerank,eval_1238,doxycycline | lithium | chlorpromazine | allopurinol | clindamycin | coartem | artemether / lumefantrine | divalproex sodium | halfan | halofantrine | daraprim | fansidar | pyrimethamine / sulfadoxine | pyrimethamine | stavzor | depakote er | thorazine | hydroxychloroquine | depakote | risperdal,doxycycline | clindamycin,1000,34,34,1000,0,0,0,0.4,1.0,1.0,0.8854598815714874,0.2,1.0,1.0,0.8854598815714874,0.1,1.0,1.0,0.8854598815714874,1.0,1.0,1.0,1.0,0.0,0.0,0.0,1.0
label_core_rerank,eval_1236,prednisone | cyproheptadine | aristocort | triamcinolone | corticotropin | deltasone | acthar | loteprednol | lotemax | prednisolone | promethazine | omalizumab | epipen | ketotifen | xolair | chlor-trimeton | phenergan | ketorolac | chlorpheniramine | epinephrine,prednisone | cyproheptadine | triamcinolone | prednisolone,1000,322,322,1000,0,0,0,0.6,0.75,1.0,0.8048099750039491,0.4,1.0,1.0,0.9176551163528843,0.2,1.0,1.0,0.9176551163528843,1.0,1.0,1.0,1.0,0.0,0.0,0.0,1.0
label_core_rerank,eval_1241,propranolol | verapamil | nitro-bid | aspirin | epinephrine | nitroglycerin | enoxaparin | lovenox | atenolol | nadolol | corgard | streptokinase | fragmin | angiomax | bayer aspirin extra strength plus | dalteparin | bivalirudin | warfarin | plavix | metoprolol,metoprolol,1000,90,90,1000,0,0,0,0.0,0.0,0.0,0.0,0.0,0.0,0.0,0.0,0.05,1.0,1.0,0.227670248696953,0.05,1.0,1.0,1.0,0.0,0.0,0.0,1.0
label_core_rerank,eval_1243,diclofenac | tramadol | stelara | acetaminophen / hydrocodone | enbrel | ustekinumab | doxycycline | etanercept | prednisone | lortab | ketoprofen | norco | indomethacin | valdecoxib | voltaren | duloxetine | cataflam | cymbalta | naprelan | probenecid,diclofenac | tramadol,255,255,255,255,0,0,0,0.4,1.0,1.0,1.0,0.2,1.0,1.0,1.0,0.1,1.0,1.0,1.0,1.0,1.0,1.0,1.0,0.0,0.0,0.0,1.0
label_core_rerank,eval_1237,duloxetine | cymbalta | dexamethasone | zostrix | capsaicin | capzasin-hp | liraglutide | zostrix diabetic foot pain | gabapentin | victoza | tretinoin | clobetasol | desmopressin | pregabalin | pramlintide | humulin r u-500 (concentrated) | nortriptyline | chromium picolinate | byetta | symlin,liraglutide | victoza,1000,249,249,989,0,0,0,0.0,0.0,0.0,0.0,0.2,1.0,1.0,0.38162168437253385,0.1,1.0,1.0,0.38162168437253385,0.14285714285714285,1.0,1.0,1.0,0.0,0.0,0.0,1.0
label_core_rerank,eval_1240,prednisone | omalizumab | xolair | epinephrine | aristocort | triamcinolone | cromolyn | deltasone | prednisolone | doxycycline | azithromycin | methylprednisolone | mometasone | ampicillin | budesonide | kenalog-40 | augmentin xr | bactrim | medrol dosepak | sulfamethoxazole / trimethoprim,prednisone | triamcinolone | omalizumab | methylprednisolone,1000,288,288,1000,0,0,0,0.4,0.5,1.0,0.6309993585186344,0.3,0.75,1.0,0.7364774983719912,0.2,1.0,1.0,0.856509682777722,1.0,1.0,1.0,1.0,0.0,0.0,0.0,1.0
label_core_rerank,eval_1239,hydrocortisone | proctofoam hc | hydrocortisone / pramoxine | analpram-hc | pramosone | anucort-hc | lidocaine | elocon | clobetasol | stelara | enbrel | ustekinumab | desonide | doxycycline | etanercept | prednisone | flurandrenolide | cordran tape | clocortolone | clobex,hydrocortisone | hydrocortisone / pramoxine | analpram-hc | pramosone | proctofoam hc,367,178,178,367,0,0,0,1.0,1.0,1.0,1.0,0.5,1.0,1.0,1.0,0.25,1.0,1.0,1.0,1.0,1.0,1.0,1.0,0.0,0.0,0.0,1.0
label_core_rerank,eval_1245,clonidine | catapres | hytrin | terazosin | onabotulinumtoxina | botox | propylthiouracil | sodium iodide-i-131 | propranolol | spironolactone | verapamil | nitroglycerin | atenolol | nadolol | corgard | metoprolol | verelan pm | caduet | coreg | tenormin,propranolol | clonidine | catapres,1000,293,293,986,0,0,0,0.4,0.6666666666666666,1.0,0.6199062332840657,0.3,1.0,1.0,0.7915356707036716,0.15,1.0,1.0,0.7915356707036716,1.0,1.0,1.0,1.0,0.0,0.0,0.0,1.0
label_core_rerank,eval_1248,amitriptyline | venlafaxine | elavil | memantine | spironolactone | doxycycline | azithromycin | ceftriaxone | ampicillin | allopurinol | magnesium oxide | doryx | augmentin xr | cephalexin | sodium bicarbonate | bactrim | sulfamethoxazole / trimethoprim | ceftin | avelox | moxifloxacin,amitriptyline | venlafaxine | elavil | doxycycline | azithromycin,1000,347,347,927,0,0,0,0.6,0.6,1.0,0.6179367886094942,0.5,1.0,1.0,0.8695402103363887,0.25,1.0,1.0,0.8695402103363887,1.0,1.0,1.0,1.0,0.0,0.0,0.0,1.0
label_core_rerank,eval_1246,rabeprazole | omeprazole / sodium bicarbonate | ranitidine | lansoprazole | zantac | esomeprazole | protonix | nexium | sucralfate | cimetidine | omeprazole | pantoprazole | carafate | pepcid | diclofenac | calcium carbonate | prednisone | chlordiazepoxide / clidinium | clonidine | librax,rabeprazole | esomeprazole | lansoprazole,660,109,82,633,0,0,0,0.4,0.6666666666666666,1.0,0.6713860725233042,0.3,1.0,1.0,0.8385465274895064,0.15,1.0,1.0,0.8385465274895064,1.0,1.0,1.0,1.0,0.0,0.0,0.0,1.0
label_core_rerank,eval_1254,isotretinoin | accutane | benzoyl peroxide / clindamycin | tretinoin | adapalene / benzoyl peroxide | epiduo | magnesium hydroxide | claravis | benzaclin | spironolactone | doxycycline | phillips' milk of magnesia | duac | retin-a | dapsone | aczone | clindamycin / tretinoin | drospirenone / ethinyl estradiol | onexton | benzoyl peroxide / sulfur,isotretinoin | accutane | adapalene / benzoyl peroxide,273,273,273,273,0,0,0,0.6,1.0,1.0,0.9469024295259745,0.3,1.0,1.0,0.9469024295259745,0.15,1.0,1.0,0.9469024295259745,1.0,1.0,1.0,1.0,0.0,0.0,0.0,1.0
label_core_rerank,eval_1256,doxycycline | prednisone | metronidazole | nystatin / triamcinolone | azithromycin | rocephin | acidophilus | methenamine | ceftriaxone | naftifine | zyvox | linezolid | methotrexate | nizoral topical | naftin | mycolog ii | hiprex | lactobacillus acidophilus | fluconazole | clindamycin,doxycycline,160,160,160,160,0,0,0,0.2,1.0,1.0,1.0,0.1,1.0,1.0,1.0,0.05,1.0,1.0,1.0,1.0,1.0,1.0,1.0,0.0,0.0,0.0,1.0
label_core_rerank,eval_1260,cyproheptadine | promethazine | prednisone | omalizumab | epipen | ketotifen | xolair | chlor-trimeton | phenergan | ketorolac | chlorpheniramine | epinephrine | ranitidine | carbinoxamine | alavert | zaditor | aristocort | azelastine | triamcinolone | tetracaine,prednisone | promethazine,558,76,76,558,0,0,0,0.4,1.0,1.0,0.6934264036172708,0.2,1.0,1.0,0.6934264036172708,0.1,1.0,1.0,0.6934264036172708,0.5,1.0,1.0,1.0,0.0,0.0,0.0,1.0
label_core_rerank,eval_1261,liraglutide | gabapentin | victoza | tretinoin | clobetasol | desmopressin | pregabalin | pramlintide | humulin r u-500 (concentrated) | duloxetine | nortriptyline | cymbalta | chromium picolinate | byetta | symlin | topiramate | exubera | insulin isophane | ddavp | insulin aspart / insulin aspart protamine,liraglutide | victoza,339,228,228,339,0,0,0,0.4,1.0,1.0,0.9197207891481876,0.2,1.0,1.0,0.9197207891481876,0.1,1.0,1.0,0.9197207891481876,1.0,1.0,1.0,1.0,0.0,0.0,0.0,1.0
label_core_rerank,eval_1255,rifabutin | aciphex | doxycycline | prednisone | rabeprazole | calcium carbonate / simethicone | prevacid | axid ar | nexium 24hr | prilosec otc | aluminum hydroxide / magnesium hydroxide / simethicone | nizatidine | protonix iv | omeprazole / sodium bicarbonate | mylanta | tagamet hb | zegerid | pepcid ac chewable tablets | triamcinolone | mylanta maximum strength,filgrastim,1000,227,116,885,0,0,0,0.0,0.0,0.0,0.0,0.0,0.0,0.0,0.0,0.0,0.0,0.0,0.0,0.0,1.0,1.0,1.0,0.0,0.0,0.0,1.0
label_core_rerank,eval_1259,stelara | enbrel | ustekinumab | doxycycline | etanercept | prednisone | methylprednisolone | adalimumab | betamethasone | humira | infliximab | methotrexate | remicade | hydrocortisone | kenalog-40 | triamcinolone | kenalog-10 | minocycline | dexamethasone | tetracycline,prednisone | enbrel | stelara | ustekinumab | adalimumab,1000,294,176,882,0,0,0,0.6,0.6,1.0,0.7557806593071948,0.5,1.0,1.0,0.9518915761561842,0.25,1.0,1.0,0.9518915761561842,1.0,1.0,1.0,1.0,0.0,0.0,0.0,1.0
label_core_rerank,eval_1258,doxycycline | minocycline | tazorac | tazarotene | tetracycline | clindamycin | cephalexin | bactrim | sulfamethoxazole / trimethoprim | keflex | doxy 100 | bactrim ds | vibramycin | septra | septra ds | smz-tmp ds | doryx | prednisone | methotrexate | dexamethasone,doxycycline | minocycline | clindamycin | sulfamethoxazole / trimethoprim | bactrim,888,420,420,888,0,0,0,0.4,0.4,1.0,0.6499585627060159,0.5,1.0,1.0,0.9083862197676317,0.25,1.0,1.0,0.9083862197676317,1.0,1.0,1.0,1.0,0.0,0.0,0.0,1.0
label_core_rerank,eval_1263,diclofenac | tramadol | stelara | acetaminophen / hydrocodone | enbrel | ustekinumab | doxycycline | etanercept | prednisone | lortab | ketoprofen | norco | indomethacin | valdecoxib | voltaren | duloxetine | cataflam | cymbalta | naprelan | probenecid,diclofenac | tramadol,273,255,255,273,0,0,0,0.4,1.0,1.0,1.0,0.2,1.0,1.0,1.0,0.1,1.0,1.0,1.0,1.0,1.0,1.0,1.0,0.0,0.0,0.0,1.0
label_core_rerank,eval_1265,doxycycline | prednisone | azithromycin | ceftriaxone | clindamycin | pyrimethamine | lansoprazole | sulfamethoxazole / trimethoprim | zithromax | ceftin | avelox | moxifloxacin | amoxicillin | amoxil | amoxicillin / clavulanate | augmentin | dexamethasone | cefuroxime | clarithromycin | ciprofloxacin,doxycycline | azithromycin,1000,132,132,1000,0,0,0,0.4,1.0,1.0,0.9197207891481876,0.2,1.0,1.0,0.9197207891481876,0.1,1.0,1.0,0.9197207891481876,1.0,1.0,1.0,1.0,0.0,0.0,0.0,1.0
label_core_rerank,eval_1264,stelara | enbrel | ustekinumab | doxycycline | etanercept | prednisone | methylprednisolone | adalimumab | betamethasone | humira | infliximab | methotrexate | remicade | hydrocortisone | kenalog-40 | triamcinolone | kenalog-10 | minocycline | dexamethasone | tetracycline,prednisone | enbrel | stelara | ustekinumab | adalimumab,1000,294,176,882,0,0,0,0.6,0.6,1.0,0.7557806593071948,0.5,1.0,1.0,0.9518915761561842,0.25,1.0,1.0,0.9518915761561842,1.0,1.0,1.0,1.0,0.0,0.0,0.0,1.0
label_core_rerank,eval_1269,metoclopramide | calcium carbonate | reglan | aciphex | rabeprazole | calcium carbonate / simethicone | prevacid | axid ar | nexium 24hr | prilosec otc | aluminum hydroxide / magnesium hydroxide / simethicone | nizatidine | protonix iv | omeprazole / sodium bicarbonate | mylanta | axid | ranitidine | zegerid | pepcid ac chewable tablets | dexlansoprazole,metoclopramide | reglan | calcium carbonate,511,45,45,511,0,0,0,0.6,1.0,1.0,1.0,0.3,1.0,1.0,1.0,0.15,1.0,1.0,1.0,1.0,1.0,1.0,1.0,0.0,0.0,0.0,1.0
label_core_rerank,eval_1268,diclofenac | doxycycline | prednisone | methylprednisolone | ceftriaxone | adalimumab | betamethasone | humira | cellcept | infliximab | remicade | mycophenolate mofetil | hydrocortisone | kenalog-40 | triamcinolone | medrol dosepak | amoxicillin | golimumab | simponi | sodium hyaluronate,diclofenac | prednisone,672,255,255,672,0,0,0,0.4,1.0,1.0,0.9197207891481876,0.2,1.0,1.0,0.9197207891481876,0.1,1.0,1.0,0.9197207891481876,1.0,1.0,1.0,1.0,0.0,0.0,0.0,1.0
label_core_rerank,eval_1271,aciphex | doxycycline | prednisone | rabeprazole | calcium carbonate / simethicone | prevacid | axid ar | nexium 24hr | prilosec otc | aluminum hydroxide / magnesium hydroxide / simethicone | nizatidine | protonix iv | omeprazole / sodium bicarbonate | tagamet hb | mylanta | zegerid | pepcid ac chewable tablets | triamcinolone | mylanta maximum strength | gentamicin,doxycycline,1000,109,109,1000,0,0,0,0.2,1.0,1.0,0.6309297535714574,0.1,1.0,1.0,0.6309297535714574,0.05,1.0,1.0,0.6309297535714574,0.5,1.0,1.0,1.0,0.0,0.0,0.0,1.0
label_core_rerank,eval_1270,propranolol | verapamil | nitro-bid | aspirin | epinephrine | nitroglycerin | enoxaparin | lovenox | atenolol | nadolol | corgard | bayer aspirin extra strength plus | streptokinase | dalteparin | bivalirudin | fragmin | angiomax | warfarin | plavix | metoprolol,metoprolol,1000,199,199,1000,0,0,0,0.0,0.0,0.0,0.0,0.0,0.0,0.0,0.0,0.05,1.0,1.0,0.22767024869695296,0.05,1.0,1.0,1.0,0.0,0.0,0.0,1.0
label_core_rerank,eval_1274,isotretinoin | accutane | benzoyl peroxide / clindamycin | tretinoin | adapalene / benzoyl peroxide | epiduo | magnesium hydroxide | claravis | benzaclin | spironolactone | doxycycline | phillips' milk of magnesia | duac | retin-a | dapsone | aczone | clindamycin / tretinoin | drospirenone / ethinyl estradiol | onexton | benzoyl peroxide / sulfur,isotretinoin | accutane | adapalene / benzoyl peroxide,273,273,273,273,0,0,0,0.6,1.0,1.0,0.9469024295259745,0.3,1.0,1.0,0.9469024295259745,0.15,1.0,1.0,0.9469024295259745,1.0,1.0,1.0,1.0,0.0,0.0,0.0,1.0
label_core_rerank,eval_1275,clonazepam | klonopin | propranolol | rizatriptan | treximet | lamotrigine | gabapentin | naproxen / sumatriptan | amitriptyline | relpax | maxalt | eletriptan | acetaminophen / butalbital / caffeine | frovatriptan | sumatriptan | bupropion | aspirin / butalbital / caffeine | diclofenac | frova | maxalt-mlt,propranolol,1000,179,179,1000,0,0,0,0.2,1.0,1.0,0.5,0.1,1.0,1.0,0.5,0.05,1.0,1.0,0.5,0.3333333333333333,1.0,1.0,1.0,0.0,0.0,0.0,1.0
label_core_rerank,eval_1280,prednisone | triamcinolone | famotidine | ranitidine | pepcid | epinephrine | deltasone | prednisolone | methylprednisolone | budesonide | lansoprazole | cimetidine | omeprazole | dexamethasone | ciprofloxacin | levofloxacin | pantoprazole | cyproheptadine | promethazine | chlor-trimeton,prednisone | triamcinolone | famotidine,1000,76,35,959,0,0,0,0.6,1.0,1.0,1.0,0.3,1.0,1.0,1.0,0.15,1.0,1.0,1.0,1.0,1.0,1.0,1.0,0.0,0.0,0.0,1.0
label_core_rerank,eval_1278,lithium | divalproex sodium | depakote er | depakote | valproic acid | doxycycline | chlorpromazine | allopurinol | clindamycin | coartem | artemether / lumefantrine | stavzor | pyrimethamine | daraprim | pyrimethamine / sulfadoxine | fansidar | halofantrine | halfan | thorazine | hydroxychloroquine,doxycycline | clindamycin | divalproex sodium | depakote,1000,208,208,836,0,0,0,0.4,0.5,1.0,0.3467481457713947,0.4,1.0,1.0,0.6195921012952605,0.2,1.0,1.0,0.6195921012952605,0.5,1.0,1.0,1.0,0.0,0.0,0.0,1.0
label_core_rerank,eval_1281,clonazepam | propranolol | gabapentin | amitriptyline | sumatriptan | diclofenac | prednisone | clonidine | lithium | nortriptyline | verapamil | elavil | zolmitriptan | atenolol | nadolol | corgard | divalproex sodium | nimodipine | depakote er | metoprolol,propranolol,1000,179,179,885,0,0,0,0.2,1.0,1.0,0.6309297535714574,0.1,1.0,1.0,0.6309297535714574,0.05,1.0,1.0,0.6309297535714574,0.5,1.0,1.0,1.0,0.0,0.0,0.0,1.0
label_core_rerank,eval_1282,diclofenac | tramadol | stelara | acetaminophen / hydrocodone | enbrel | ustekinumab | doxycycline | etanercept | prednisone | lortab | ketoprofen | norco | indomethacin | valdecoxib | voltaren | duloxetine | cataflam | cymbalta | naprelan | probenecid,diclofenac | tramadol | acetaminophen / hydrocodone,403,255,255,403,0,0,0,0.6,1.0,1.0,0.9736505918364026,0.3,1.0,1.0,0.9736505918364026,0.15,1.0,1.0,0.9736505918364026,1.0,1.0,1.0,1.0,0.0,0.0,0.0,1.0
label_core_rerank,eval_1283,valacyclovir | valtrex | acyclovir | foscarnet | immune globulin intramuscular | measles virus vaccine / mumps virus vaccine / rubella virus vaccine / varicella virus vaccine | varicella virus vaccine | varicella zoster immune globulin | acetaminophen | clonazepam | klonopin | dexbrompheniramine / pseudoephedrine | drixoral cold and allergy | lamotrigine | gabapentin | naproxen / sumatriptan | amitriptyline | maxalt | dextroamphetamine | eletriptan,valacyclovir | valtrex | acyclovir,1000,8,8,1000,0,0,0,0.6,1.0,1.0,1.0,0.3,1.0,1.0,1.0,0.15,1.0,1.0,1.0,1.0,1.0,1.0,1.0,0.0,0.0,0.0,1.0
label_core_rerank,eval_1284,doxycycline | ibuprofen | naproxen | cephalexin | triamcinolone | flanax pain reliever | bactrim | sulfamethoxazole / trimethoprim | oxybutynin | avelox | moxifloxacin | doxy 100 | sucralfate | ditropan xl | aleve | ciprofloxacin | naprosyn | levofloxacin | bactrim ds | levaquin,naproxen,273,25,25,273,0,0,0,0.2,1.0,1.0,0.5,0.1,1.0,1.0,0.5,0.05,1.0,1.0,0.5,0.3333333333333333,1.0,1.0,1.0,0.0,0.0,0.0,1.0
label_core_rerank,eval_1279,elocon | clobetasol | desonide | prednisone | flurandrenolide | cordran tape | clocortolone | clobex | cloderm | methylprednisolone | mometasone | betamethasone | fluocinonide | hydrocortisone | desoximetasone | triamcinolone | tacrolimus | topicort | lidex | kenalog,prednisone | methylprednisolone | mometasone | clobetasol | elocon,835,191,191,835,0,0,0,0.6,0.6,1.0,0.6893140114136048,0.4,0.8,1.0,0.7731383562449922,0.25,1.0,1.0,0.8540275116721194,1.0,1.0,1.0,1.0,0.0,0.0,0.0,1.0
label_core_rerank,eval_1285,doxycycline | ibuprofen | naproxen | cephalexin | triamcinolone | flanax pain reliever | bactrim | sulfamethoxazole / trimethoprim | oxybutynin | avelox | moxifloxacin | doxy 100 | sucralfate | ditropan xl | aleve | ciprofloxacin | naprosyn | levofloxacin | bactrim ds | levaquin,naproxen,273,25,25,273,0,0,0,0.2,1.0,1.0,0.5,0.1,1.0,1.0,0.5,0.05,1.0,1.0,0.5,0.3333333333333333,1.0,1.0,1.0,0.0,0.0,0.0,1.0
label_core_rerank,eval_1287,elocon | clobetasol | stelara | enbrel | ustekinumab | desonide | doxycycline | etanercept | prednisone | flurandrenolide | cordran tape | clocortolone | clobex | cloderm | thiothixene | desowen | methylprednisolone | adalimumab | mometasone | betamethasone,prednisone | enbrel,726,164,164,726,0,0,0,0.2,0.5,1.0,0.3031610197508214,0.2,1.0,1.0,0.44442799261065036,0.1,1.0,1.0,0.44442799261065036,0.25,1.0,1.0,1.0,0.0,0.0,0.0,1.0
label_core_rerank,eval_1288,tadalafil | propranolol | sildenafil | dextroamphetamine | dexedrine | spironolactone | azor | amlodipine / olmesartan | clonidine | modafinil | amlodipine / hydrochlorothiazide / valsartan | exforge hct | avalide | verapamil | armodafinil | travoprost | hydrochlorothiazide / irbesartan | provigil | nuvigil | benicar,propranolol,602,275,275,602,0,0,0,0.2,1.0,1.0,0.6309297535714575,0.1,1.0,1.0,0.6309297535714575,0.05,1.0,1.0,0.6309297535714575,0.5,1.0,1.0,1.0,0.0,0.0,0.0,1.0
label_core_rerank,eval_1289,hydroxyzine | atarax | doxycycline | azithromycin | rocephin | ceftriaxone | zyvox | linezolid | ampicillin | allopurinol | doryx | fluconazole | augmentin xr | cephalexin | gentamicin | bactrim | sulfamethoxazole / trimethoprim | minocycline | ceftin | avelox,doxycycline,942,172,172,942,0,0,0,0.2,1.0,1.0,0.5,0.1,1.0,1.0,0.5,0.05,1.0,1.0,0.5,0.3333333333333333,1.0,1.0,1.0,0.0,0.0,0.0,1.0
label_core_rerank,eval_1291,proctofoam | pramoxine | dibucaine | nupercainal | hydrocortisone | proctofoam hc | proctosol-hc | pramoxine / zinc oxide | tronolane anesthetic for hemorrhoids | hydrocortisone / pramoxine | analpram-hc | hydrocortisone / lidocaine | phenylephrine | lmx 5 | pramosone | lidocaine | phenylephrine / pramoxine | recticare | anucort-hc | anusol-hc suppositories,hydrocortisone | pramoxine | proctofoam,23,20,20,23,0,0,0,0.6,1.0,1.0,0.9201784908542937,0.3,1.0,1.0,0.9201784908542937,0.15,1.0,1.0,0.9201784908542937,1.0,1.0,1.0,1.0,0.0,0.0,0.0,1.0
label_core_rerank,eval_1290,tadalafil | propranolol | sildenafil | dextroamphetamine | dexedrine | spironolactone | azor | amlodipine / olmesartan | clonidine | modafinil | amlodipine / hydrochlorothiazide / valsartan | exforge hct | avalide | verapamil | armodafinil | travoprost | hydrochlorothiazide / irbesartan | provigil | nuvigil | benicar,propranolol,602,275,275,602,0,0,0,0.2,1.0,1.0,0.6309297535714575,0.1,1.0,1.0,0.6309297535714575,0.05,1.0,1.0,0.6309297535714575,0.5,1.0,1.0,1.0,0.0,0.0,0.0,1.0
label_core_rerank,eval_1286,stelara | enbrel | ustekinumab | doxycycline | etanercept | prednisone | methylprednisolone | adalimumab | betamethasone | humira | infliximab | methotrexate | remicade | hydrocortisone | kenalog-40 | triamcinolone | kenalog-10 | minocycline | dexamethasone | tetracycline,prednisone | enbrel | stelara | ustekinumab | adalimumab,573,393,173,353,0,0,0,0.6,0.6,1.0,0.7557806593071948,0.5,1.0,1.0,0.9518915761561842,0.25,1.0,1.0,0.9518915761561842,1.0,1.0,1.0,1.0,0.0,0.0,0.0,1.0
label_core_rerank,eval_1292,clonazepam | klonopin | propranolol | rizatriptan | treximet | lamotrigine | gabapentin | naproxen / sumatriptan | amitriptyline | relpax | maxalt | eletriptan | acetaminophen / butalbital / caffeine | frovatriptan | sumatriptan | bupropion | aspirin / butalbital / caffeine | diclofenac | frova | maxalt-mlt,gabapentin | propranolol,1000,179,179,1000,0,0,0,0.2,0.5,1.0,0.35195904451706733,0.2,1.0,1.0,0.5083852865246528,0.1,1.0,1.0,0.5083852865246528,0.3333333333333333,1.0,1.0,1.0,0.0,0.0,0.0,1.0
label_core_rerank,eval_1293,amitriptyline | spironolactone | doxycycline | venlafaxine | azithromycin | rocephin | phosphorated carbohydrate solution | acidophilus | elavil | methenamine | ceftriaxone | zyvox | vaniqa | linezolid | uta | ampicillin | sulfatrim | hiprex | allopurinol | eflornithine,doxycycline,172,172,172,172,0,0,0,0.2,1.0,1.0,0.5,0.1,1.0,1.0,0.5,0.05,1.0,1.0,0.5,0.3333333333333333,1.0,1.0,1.0,0.0,0.0,0.0,1.0
label_core_rerank,eval_1294,diclofenac | tramadol | stelara | acetaminophen / hydrocodone | enbrel | ustekinumab | doxycycline | etanercept | prednisone | lortab | ketoprofen | norco | indomethacin | valdecoxib | voltaren | duloxetine | cataflam | cymbalta | naprelan | probenecid,diclofenac | tramadol,273,255,255,273,0,0,0,0.4,1.0,1.0,1.0,0.2,1.0,1.0,1.0,0.1,1.0,1.0,1.0,1.0,1.0,1.0,1.0,0.0,0.0,0.0,1.0
label_core_rerank,eval_1295,doxycycline | prednisone | metronidazole | azithromycin | rocephin | dapsone | ceftriaxone | zyvox | linezolid | filgrastim | neupogen | fluconazole | clindamycin | tobramycin | vancocin hcl | cefotaxime | gentamicin | lefamulin | pyrimethamine | ferralet 90,doxycycline | azithromycin,1000,132,132,1000,0,0,0,0.4,1.0,1.0,0.8772153153380493,0.2,1.0,1.0,0.8772153153380493,0.1,1.0,1.0,0.8772153153380493,1.0,1.0,1.0,1.0,0.0,0.0,0.0,1.0
label_core_rerank,eval_1298,aciphex | doxycycline | prednisone | rabeprazole | calcium carbonate / simethicone | prevacid | axid ar | nexium 24hr | prilosec otc | aluminum hydroxide / magnesium hydroxide / simethicone | nizatidine | protonix iv | omeprazole / sodium bicarbonate | mylanta | tagamet hb | zegerid | pepcid ac chewable tablets | triamcinolone | alka-seltzer heartburn + gas | mylanta maximum strength,doxycycline,541,109,109,541,0,0,0,0.2,1.0,1.0,0.6309297535714574,0.1,1.0,1.0,0.6309297535714574,0.05,1.0,1.0,0.6309297535714574,0.5,1.0,1.0,1.0,0.0,0.0,0.0,1.0
label_core_rerank,eval_1300,clonazepam | propranolol | gabapentin | amitriptyline | sumatriptan | diclofenac | prednisone | clonidine | lithium | nortriptyline | verapamil | elavil | zolmitriptan | atenolol | nadolol | corgard | divalproex sodium | nimodipine | depakote er | metoprolol,propranolol,1000,179,179,885,0,0,0,0.2,1.0,1.0,0.6309297535714574,0.1,1.0,1.0,0.6309297535714574,0.05,1.0,1.0,0.6309297535714574,0.5,1.0,1.0,1.0,0.0,0.0,0.0,1.0
label_core_rerank,eval_1299,rabeprazole | omeprazole / sodium bicarbonate | ranitidine | lansoprazole | zantac | esomeprazole | protonix | nexium | sucralfate | cimetidine | omeprazole | diclofenac | pantoprazole | carafate | prednisone | chlordiazepoxide / clidinium | clonidine | librax | pepcid | atropine / hyoscyamine / phenobarbital / scopolamine,aciphex | dexlansoprazole | rabeprazole,791,109,109,791,0,0,0,0.2,0.3333333333333333,1.0,0.4692787260227565,0.1,0.3333333333333333,1.0,0.4692787260227565,0.05,0.3333333333333333,1.0,0.4692787260227565,1.0,1.0,1.0,1.0,0.0,0.0,0.0,1.0
