mode,query_id,recommended,relevant,verified_eval_split,ranker_used,fallback_mode,ranker_model_type,ranker_family,ranker_train_source,candidate_union_size,disease,strict,symptom,bm25,dense,prior,precision@5,recall@5,hit@5,ndcg@5,precision@10,recall@10,hit@10,ndcg@10,precision@20,recall@20,hit@20,ndcg@20,mrr,stage_hit_disease,stage_hit_strict,stage_hit_symptom,stage_hit_bm25,stage_hit_dense,stage_hit_prior,stage_hit_union
verified_xgb_ranker,eval_0011,doxycycline | sulfamethoxazole / trimethoprim | bactrim | isotretinoin | minocycline | clindamycin | cephalexin | accutane | keflex | doxy 100 | septra | vibramycin | bactrim ds | tretinoin | benzoyl peroxide / clindamycin | adapalene / benzoyl peroxide | magnesium hydroxide | claravis | epiduo | benzaclin,doxycycline | clindamycin | sulfamethoxazole / trimethoprim,all,True,False,xgb_ranker,xgb_ranker,verified_742,300,273,273,180,0,0,0,0.4,0.6666666666666666,1.0,0.7232329748419101,0.3,1.0,1.0,0.9045769045236105,0.15,1.0,1.0,0.9045769045236105,1.0,1.0,1.0,1.0,0.0,0.0,0.0,1.0
verified_xgb_ranker,eval_0006,prednisone | triamcinolone | hydrocortisone | dexamethasone | ciprofloxacin | diclofenac | levonorgestrel | plan b | plan b one-step | elocon | clobetasol | azithromycin | imatinib | erlotinib | donnatal | doxycycline | desonide | cloderm | prednisolone | flurandrenolide,ciprofloxacin,all,True,False,xgb_ranker,xgb_ranker,verified_742,300,80,80,227,0,0,0,0.2,1.0,1.0,0.38685280723454163,0.1,1.0,1.0,0.38685280723454163,0.05,1.0,1.0,0.38685280723454163,0.2,1.0,1.0,1.0,0.0,0.0,0.0,1.0
verified_xgb_ranker,eval_0009,prednisone | doxycycline | azithromycin | sulfamethoxazole / trimethoprim | omalizumab | methylprednisolone | xopenex | tudorza pressair | aclidinium | rocephin | mometasone | xolair | ceftriaxone | bactrim | combivent | proventil hfa | levalbuterol | accolate | primatene mist | zafirlukast,prednisone,all,True,False,xgb_ranker,xgb_ranker,verified_742,300,221,221,300,0,0,0,0.2,1.0,1.0,1.0,0.1,1.0,1.0,1.0,0.05,1.0,1.0,1.0,1.0,1.0,1.0,1.0,0.0,0.0,0.0,1.0
verified_xgb_ranker,eval_0016,isotretinoin | accutane | adapalene / benzoyl peroxide | tretinoin | benzoyl peroxide / clindamycin | claravis | magnesium hydroxide | epiduo | doxycycline | benzaclin | spironolactone | duac | phillips' milk of magnesia | sulfamethoxazole / trimethoprim | dapsone | aczone | clindamycin / tretinoin | retin-a | bactrim | onexton,isotretinoin | accutane | adapalene / benzoyl peroxide,all,True,False,xgb_ranker,xgb_ranker,verified_742,300,273,273,300,0,0,0,0.6,1.0,1.0,1.0,0.3,1.0,1.0,1.0,0.15,1.0,1.0,1.0,1.0,1.0,1.0,1.0,0.0,0.0,0.0,1.0
verified_xgb_ranker,eval_0019,naproxen | doxycycline | triamcinolone | bactrim | sulfamethoxazole / trimethoprim | ibuprofen | cephalexin | avelox | moxifloxacin | flanax pain reliever | aleve | oxybutynin | ditropan xl | doxy 100 | sucralfate | naprosyn | ciprofloxacin | levofloxacin | cipro | bactrim ds,naproxen | triamcinolone,all,True,False,xgb_ranker,xgb_ranker,verified_742,273,273,273,273,0,0,0,0.4,1.0,1.0,0.9197207891481876,0.2,1.0,1.0,0.9197207891481876,0.1,1.0,1.0,0.9197207891481876,1.0,1.0,1.0,1.0,0.0,0.0,0.0,1.0
verified_xgb_ranker,eval_0010,enbrel | prednisone | doxycycline | desonide | ustekinumab | etanercept | stelara | elocon | clobetasol | flurandrenolide | cordran tape | cloderm | desowen | methylprednisolone | clocortolone | thiothixene | clobex | adalimumab | mometasone | humira,prednisone | enbrel,all,True,False,xgb_ranker,xgb_ranker,verified_742,300,164,164,300,0,0,0,0.4,1.0,1.0,1.0,0.2,1.0,1.0,1.0,0.1,1.0,1.0,1.0,1.0,1.0,1.0,1.0,0.0,0.0,0.0,1.0
verified_xgb_ranker,eval_0002,prednisone | doxycycline | azithromycin | sulfamethoxazole / trimethoprim | rocephin | ceftriaxone | zithromax | ceftin | amoxicillin | moxifloxacin | avelox | amoxil | amoxicillin / clavulanate | erythromycin | dexamethasone | ciprofloxacin | cefuroxime | clarithromycin | augmentin | biaxin xl,prednisone,all,True,False,xgb_ranker,xgb_ranker,verified_742,300,202,202,133,0,0,0,0.2,1.0,1.0,1.0,0.1,1.0,1.0,1.0,0.05,1.0,1.0,1.0,1.0,1.0,1.0,1.0,0.0,0.0,0.0,1.0
verified_xgb_ranker,eval_0017,doxycycline | prednisone | azithromycin | methylprednisolone | sulfamethoxazole / trimethoprim | mometasone | bactrim | medrol dosepak | triamcinolone | ceftin | ceftibuten | cedax | flunisolide | zithromax | xopenex | omalizumab | epinephrine | kenalog-40 | augmentin xr | aclidinium,prednisone | methylprednisolone,all,True,False,xgb_ranker,xgb_ranker,verified_742,300,222,232,242,0,0,0,0.4,1.0,1.0,0.6509209298071326,0.2,1.0,1.0,0.6509209298071326,0.1,1.0,1.0,0.6509209298071326,0.5,1.0,1.0,1.0,0.0,0.0,0.0,1.0
verified_xgb_ranker,eval_0020,klonopin | clonazepam | propranolol | rizatriptan | relpax | maxalt | prednisone | aspirin / butalbital / caffeine | bupropion | acetaminophen / butalbital / caffeine | diclofenac | sumatriptan | eletriptan | frovatriptan | amitriptyline | gabapentin | naproxen / sumatriptan | treximet | lamotrigine | fioricet,propranolol,all,True,False,xgb_ranker,xgb_ranker,verified_742,300,179,179,164,0,0,0,0.2,1.0,1.0,0.5,0.1,1.0,1.0,0.5,0.05,1.0,1.0,0.5,0.3333333333333333,1.0,1.0,0.0,0.0,0.0,0.0,1.0
verified_xgb_ranker,eval_0021,propranolol | metoprolol | warfarin | verapamil | plavix | atenolol | epinephrine | lovenox | nitroglycerin | aspirin | enoxaparin | corgard | nadolol | nitro-bid | verelan pm | clopidogrel | ranolazine | nitrolingual pumpspray | caduet | ranexa,metoprolol,all,True,False,xgb_ranker,xgb_ranker,verified_742,300,90,90,294,0,0,0,0.2,1.0,1.0,0.6309297535714574,0.1,1.0,1.0,0.6309297535714574,0.05,1.0,1.0,0.6309297535714574,0.5,1.0,1.0,1.0,0.0,0.0,0.0,1.0
verified_xgb_ranker,eval_0012,clonazepam | propranolol | prednisone | gabapentin | amitriptyline | klonopin | rizatriptan | sumatriptan | diclofenac | lamotrigine | naproxen / sumatriptan | treximet | migergot | maxalt | relpax | frovatriptan | acetaminophen / butalbital / caffeine | eletriptan | aspirin / butalbital / caffeine | bupropion,propranolol,all,True,False,xgb_ranker,xgb_ranker,verified_742,300,179,179,300,0,0,0,0.2,1.0,1.0,0.6309297535714574,0.1,1.0,1.0,0.6309297535714574,0.05,1.0,1.0,0.6309297535714574,0.5,1.0,1.0,1.0,0.0,0.0,0.0,1.0
verified_xgb_ranker,eval_0008,klonopin | propranolol | clonazepam | rizatriptan | prednisone | lamotrigine | gabapentin | naproxen / sumatriptan | amitriptyline | treximet | maxalt | relpax | sumatriptan | diclofenac | aspirin / butalbital / caffeine | bupropion | migergot | frovatriptan | acetaminophen / butalbital / caffeine | eletriptan,gabapentin | propranolol,all,True,False,xgb_ranker,xgb_ranker,verified_742,300,179,179,300,0,0,0,0.2,0.5,1.0,0.44412286644879784,0.2,1.0,1.0,0.6005491084563833,0.1,1.0,1.0,0.6005491084563833,0.5,1.0,1.0,1.0,0.0,0.0,0.0,1.0
verified_xgb_ranker,eval_0005,prednisone | promethazine | cyproheptadine | azelastine | triamcinolone | chlor-trimeton | chlorpheniramine | carbinoxamine | phenergan | epinephrine | ranitidine | diphenhydramine | olopatadine | allegra | tetracaine | cetirizine | fexofenadine | benadryl | zyrtec | acyclovir,promethazine | cyproheptadine,all,True,False,xgb_ranker,xgb_ranker,verified_742,300,253,300,152,0,0,0,0.4,1.0,1.0,0.6934264036172708,0.2,1.0,1.0,0.6934264036172708,0.1,1.0,1.0,0.6934264036172708,0.5,1.0,1.0,1.0,0.0,0.0,0.0,1.0
verified_xgb_ranker,eval_0027,naproxen | doxycycline | triamcinolone | ibuprofen | aleve | flanax pain reliever | naprosyn | diclofenac | prednisone | acetaminophen / hydrocodone | enbrel | tramadol | stelara | ustekinumab | etanercept | indomethacin | acetaminophen / aspirin / caffeine | ketoprofen | methylprednisolone | lortab,diclofenac | naproxen | triamcinolone,all,True,False,xgb_ranker,xgb_ranker,verified_742,273,273,273,273,0,0,0,0.4,0.6666666666666666,1.0,0.6787956981029196,0.3,1.0,1.0,0.8393978490514599,0.15,1.0,1.0,0.8393978490514599,1.0,1.0,1.0,1.0,0.0,0.0,0.0,1.0
verified_xgb_ranker,eval_0007,amitriptyline | venlafaxine | klonopin | clonazepam | metoprolol | clonidine | propranolol | rizatriptan | spironolactone | verapamil | elavil | catapres | prednisone | treximet | gabapentin | naproxen / sumatriptan | lamotrigine | olmesartan | atenolol | relpax,propranolol | clonidine | amitriptyline | elavil,all,True,False,xgb_ranker,xgb_ranker,verified_742,300,210,300,185,0,0,0,0.2,0.25,1.0,0.4135568126659915,0.3,0.75,1.0,0.6496170228540633,0.2,1.0,1.0,0.7649757783732074,1.0,1.0,1.0,1.0,0.0,0.0,0.0,1.0
verified_xgb_ranker,eval_0034,prednisone | methylprednisolone | diclofenac | triamcinolone | adalimumab | humira | hydrocortisone | doxycycline | mycophenolate mofetil | cellcept | medrol dosepak | betamethasone | remicade | infliximab | dexamethasone | azathioprine | golimumab | simponi | ceftriaxone | imuran,prednisone | methylprednisolone | triamcinolone | adalimumab | humira | infliximab | remicade,all,True,False,xgb_ranker,xgb_ranker,verified_742,300,295,299,266,0,0,0,0.8,0.5714285714285714,1.0,0.8304198973631919,0.5,0.7142857142857143,1.0,0.7709363892380908,0.35,1.0,1.0,0.9134893335104652,1.0,1.0,1.0,1.0,0.0,0.0,0.0,1.0
verified_xgb_ranker,eval_0036,prednisone | doxycycline | minocycline | methotrexate | enbrel | stelara | ustekinumab | etanercept | methylprednisolone | dexamethasone | ceftriaxone | adalimumab | betamethasone | humira | elocon | kenalog-10 | triamcinolone | cefotaxime | hydrocortisone | kenalog-40,doxycycline | prednisone,all,True,False,xgb_ranker,xgb_ranker,verified_742,300,283,300,128,0,0,0,0.4,1.0,1.0,1.0,0.2,1.0,1.0,1.0,0.1,1.0,1.0,1.0,1.0,1.0,1.0,1.0,0.0,0.0,0.0,1.0
verified_xgb_ranker,eval_0037,baclofen | onabotulinumtoxina | botox | lorazepam | diclofenac | enbrel | stelara | tramadol | acetaminophen / hydrocodone | doxycycline | ativan | ustekinumab | prednisone | etanercept | lioresal | adipex-p | ketoprofen | lortab | indomethacin | methylprednisolone,diclofenac | onabotulinumtoxina | botox,all,True,False,xgb_ranker,xgb_ranker,verified_742,300,267,267,136,0,0,0,0.6,1.0,1.0,0.6504198609257138,0.3,1.0,1.0,0.6504198609257138,0.15,1.0,1.0,0.6504198609257138,0.5,1.0,1.0,1.0,0.0,0.0,0.0,1.0
verified_xgb_ranker,eval_0023,clonidine | catapres | hypercare | aluminum chloride hexahydrate | drysol | amitriptyline | gabapentin | xerac ac | botox | onabotulinumtoxina | terazosin | hytrin | oxybutynin | pima | potassium iodide | tapazole | propranolol | tadalafil | sildenafil | benztropine,thyroid desiccated | armour thyroid | levothyroxine,all,True,False,xgb_ranker,xgb_ranker,verified_742,300,137,81,192,0,0,0,0.0,0.0,0.0,0.0,0.0,0.0,0.0,0.0,0.0,0.0,0.0,0.0,0.0,0.0,1.0,1.0,0.0,0.0,0.0,1.0
verified_xgb_ranker,eval_0039,prednisone | doxycycline | methylprednisolone | azithromycin | bactrim | sulfamethoxazole / trimethoprim | mometasone | medrol dosepak | triamcinolone | zithromax | flunisolide | ceftin | epinephrine | budesonide | augmentin xr | kenalog-40 | ampicillin | cedax | ceftibuten | amoxil,prednisone | methylprednisolone,all,True,False,xgb_ranker,xgb_ranker,verified_742,300,290,300,180,0,0,0,0.4,1.0,1.0,0.9197207891481876,0.2,1.0,1.0,0.9197207891481876,0.1,1.0,1.0,0.9197207891481876,1.0,1.0,1.0,1.0,0.0,0.0,0.0,1.0
verified_xgb_ranker,eval_0029,prednisone | doxycycline | azithromycin | sulfamethoxazole / trimethoprim | tudorza pressair | aclidinium | omalizumab | methylprednisolone | xopenex | rocephin | xolair | mometasone | combivent | bactrim | proventil hfa | ceftriaxone | levalbuterol | intal inhaler | primatene mist | zafirlukast,prednisone,all,True,False,xgb_ranker,xgb_ranker,verified_742,300,221,221,300,0,0,0,0.2,1.0,1.0,1.0,0.1,1.0,1.0,1.0,0.05,1.0,1.0,1.0,1.0,1.0,1.0,1.0,0.0,0.0,0.0,1.0
verified_xgb_ranker,eval_0033,mupirocin | retapamulin | altabax | cefuroxime | cefadroxil | sulconazole | ozenoxacin | ammoniated mercury | accutane | adapalene / benzoyl peroxide | stelara | prednisone | acyclovir | benzaclin | spironolactone | etanercept | apremilast | flurandrenolide | azithromycin | imatinib,cefuroxime | mupirocin | retapamulin,all,True,False,xgb_ranker,xgb_ranker,verified_742,300,8,8,300,0,0,0,0.6,1.0,1.0,0.9674679834891694,0.3,1.0,1.0,0.9674679834891694,0.15,1.0,1.0,0.9674679834891694,1.0,1.0,1.0,1.0,0.0,0.0,0.0,1.0
verified_xgb_ranker,eval_0041,doxycycline | bactrim | azithromycin | sulfamethoxazole / trimethoprim | rocephin | acidophilus | fluconazole | minocycline | methenamine | ceftriaxone | ceftin | lactobacillus acidophilus | linezolid | cephalexin | zyvox | hiprex | itraconazole | amoxil | avelox | moxifloxacin,doxycycline | azithromycin | sulfamethoxazole / trimethoprim | bactrim | fluconazole,all,True,False,xgb_ranker,xgb_ranker,verified_742,300,287,287,221,0,0,0,0.8,0.8,1.0,0.7704205338234995,0.5,1.0,1.0,0.8949869183738747,0.25,1.0,1.0,0.8949869183738747,1.0,1.0,1.0,1.0,0.0,0.0,0.0,1.0
verified_xgb_ranker,eval_0018,clonazepam | propranolol | klonopin | rizatriptan | prednisone | gabapentin | lamotrigine | treximet | amitriptyline | naproxen / sumatriptan | relpax | maxalt | diclofenac | sumatriptan | aspirin / butalbital / caffeine | bupropion | migergot | frovatriptan | acetaminophen / butalbital / caffeine | eletriptan,gabapentin | propranolol,all,True,False,xgb_ranker,xgb_ranker,verified_742,300,179,179,300,0,0,0,0.2,0.5,1.0,0.44412286644879784,0.2,1.0,1.0,0.6112833214150001,0.1,1.0,1.0,0.6112833214150001,0.5,1.0,1.0,1.0,0.0,0.0,0.0,1.0
verified_xgb_ranker,eval_0045,rabeprazole | lansoprazole | esomeprazole | prednisone | zantac | diclofenac | clonidine | omeprazole / sodium bicarbonate | ranitidine | sucralfate | cimetidine | protonix | nexium | omeprazole | pantoprazole | carafate | famotidine | pepcid | calcium carbonate | aciphex,rabeprazole | esomeprazole | lansoprazole,all,True,False,xgb_ranker,xgb_ranker,verified_742,300,109,109,273,0,0,0,0.6,1.0,1.0,1.0,0.3,1.0,1.0,1.0,0.15,1.0,1.0,1.0,1.0,1.0,1.0,1.0,0.0,0.0,0.0,1.0
verified_xgb_ranker,eval_0047,mupirocin | retapamulin | altabax | cefuroxime | cefadroxil | ozenoxacin | ammoniated mercury | sulconazole,mupirocin | retapamulin,all,True,False,xgb_ranker,xgb_ranker,verified_742,8,8,8,8,0,0,0,0.4,1.0,1.0,1.0,0.2,1.0,1.0,1.0,0.1,1.0,1.0,1.0,1.0,1.0,1.0,1.0,0.0,0.0,0.0,1.0
verified_xgb_ranker,eval_0049,aciphex | rabeprazole | calcium carbonate / simethicone | axid ar | prevacid | prilosec otc | nexium 24hr | aluminum hydroxide / magnesium hydroxide / simethicone | lansoprazole | dexlansoprazole | zegerid | pepcid ac chewable tablets | nizatidine | protonix iv | omeprazole / sodium bicarbonate | esomeprazole | mylanta | protonix | dexilant | nexium,aciphex | dexlansoprazole | rabeprazole,all,True,False,xgb_ranker,xgb_ranker,verified_742,300,45,45,288,0,0,0,0.4,0.6666666666666666,1.0,0.7653606369886218,0.3,1.0,1.0,0.9010126104210696,0.15,1.0,1.0,0.9010126104210696,1.0,1.0,1.0,1.0,0.0,0.0,0.0,1.0
verified_xgb_ranker,eval_0054,prednisone | doxycycline | methylprednisolone | azithromycin | bactrim | sulfamethoxazole / trimethoprim | mometasone | medrol dosepak | triamcinolone | zithromax | flunisolide | ceftin | epinephrine | budesonide | augmentin xr | kenalog-40 | ampicillin | cedax | ceftibuten | amoxil,prednisone | methylprednisolone,all,True,False,xgb_ranker,xgb_ranker,verified_742,300,290,300,180,0,0,0,0.4,1.0,1.0,0.9197207891481876,0.2,1.0,1.0,0.9197207891481876,0.1,1.0,1.0,0.9197207891481876,1.0,1.0,1.0,1.0,0.0,0.0,0.0,1.0
verified_xgb_ranker,eval_0053,prednisone | doxycycline | methylprednisolone | azithromycin | bactrim | sulfamethoxazole / trimethoprim | mometasone | medrol dosepak | triamcinolone | zithromax | flunisolide | ceftin | epinephrine | budesonide | kenalog-40 | augmentin xr | ampicillin | ceftibuten | cedax | amoxil,prednisone | methylprednisolone,all,True,False,xgb_ranker,xgb_ranker,verified_742,300,130,300,295,0,0,0,0.4,1.0,1.0,0.9197207891481876,0.2,1.0,1.0,0.9197207891481876,0.1,1.0,1.0,0.9197207891481876,1.0,1.0,1.0,1.0,0.0,0.0,0.0,1.0
verified_xgb_ranker,eval_0058,doxycycline | lithium | depakote er | clindamycin | thorazine | allopurinol | artemether / lumefantrine | chlorpromazine | coartem | divalproex sodium | hydroxychloroquine | depakote | fansidar | halfan | pyrimethamine | stavzor | pyrimethamine / sulfadoxine | halofantrine | daraprim | risperdal,doxycycline | clindamycin,all,True,False,xgb_ranker,xgb_ranker,verified_742,300,34,34,286,0,0,0,0.4,1.0,1.0,0.9060254355346823,0.2,1.0,1.0,0.9060254355346823,0.1,1.0,1.0,0.9060254355346823,1.0,1.0,1.0,0.0,0.0,0.0,0.0,1.0
verified_xgb_ranker,eval_0030,prednisone | promethazine | omalizumab | cyproheptadine | triamcinolone | xolair | diphenhydramine | aristocort | epinephrine | azelastine | doxycycline | azithromycin | ranitidine | carbinoxamine | methylprednisolone | chlor-trimeton | chlorpheniramine | phenergan | cromolyn | olopatadine,prednisone | promethazine | cyproheptadine | methylprednisolone,all,True,False,xgb_ranker,xgb_ranker,verified_742,300,288,288,65,0,0,0,0.6,0.75,1.0,0.7676502279100732,0.3,0.75,1.0,0.7676502279100732,0.2,1.0,1.0,0.8416788716817736,1.0,1.0,1.0,1.0,0.0,0.0,0.0,1.0
verified_xgb_ranker,eval_0051,prednisone | doxycycline | azithromycin | methylprednisolone | sulfamethoxazole / trimethoprim | rocephin | mometasone | ceftriaxone | bactrim | medrol dosepak | triamcinolone | zithromax | flunisolide | kenalog-40 | augmentin xr | budesonide | epinephrine | ampicillin | ceftin | ceftibuten,prednisone,all,True,False,xgb_ranker,xgb_ranker,verified_742,300,221,221,133,0,0,0,0.2,1.0,1.0,1.0,0.1,1.0,1.0,1.0,0.05,1.0,1.0,1.0,1.0,1.0,1.0,1.0,0.0,0.0,0.0,1.0
verified_xgb_ranker,eval_0050,prednisone | doxycycline | azithromycin | aclidinium | tudorza pressair | sulfamethoxazole / trimethoprim | omalizumab | methylprednisolone | xopenex | rocephin | xolair | mometasone | ceftriaxone | levalbuterol | accolate | intal inhaler | zafirlukast | primatene mist | bactrim | combivent,prednisone,all,True,False,xgb_ranker,xgb_ranker,verified_742,300,221,221,300,0,0,0,0.2,1.0,1.0,1.0,0.1,1.0,1.0,1.0,0.05,1.0,1.0,1.0,1.0,1.0,1.0,1.0,0.0,0.0,0.0,1.0
verified_xgb_ranker,eval_0055,amitriptyline | gabapentin | prednisone | spironolactone | urea | cyproheptadine | clonidine | icosapent | vascepa | pregabalin | nortriptyline | acetaminophen / phenyltoloxamine | glucose | magnesium oxide | magnesium gluconate | sodium bicarbonate | calcifediol | klonopin | clonazepam | propranolol,gabapentin | amitriptyline,all,True,False,xgb_ranker,xgb_ranker,verified_742,300,236,236,300,0,0,0,0.4,1.0,1.0,1.0,0.2,1.0,1.0,1.0,0.1,1.0,1.0,1.0,1.0,1.0,1.0,1.0,0.0,0.0,0.0,1.0
verified_xgb_ranker,eval_0059,prednisone | doxycycline | azithromycin | sulfamethoxazole / trimethoprim | rocephin | ceftriaxone | zithromax | ceftin | avelox | amoxicillin | moxifloxacin | amoxil | metronidazole | dapsone | amoxicillin / clavulanate | erythromycin | dexamethasone | ciprofloxacin | clarithromycin | cefuroxime,prednisone,all,True,False,xgb_ranker,xgb_ranker,verified_742,300,198,198,157,0,0,0,0.2,1.0,1.0,1.0,0.1,1.0,1.0,1.0,0.05,1.0,1.0,1.0,1.0,1.0,1.0,1.0,0.0,0.0,0.0,1.0
verified_xgb_ranker,eval_0057,prednisone | doxycycline | aciphex | rabeprazole | triamcinolone | calcium carbonate / simethicone | axid ar | prevacid | azithromycin | prilosec otc | methylprednisolone | xopenex | nexium 24hr | dexlansoprazole | lansoprazole | aluminum hydroxide / magnesium hydroxide / simethicone | tudorza pressair | aclidinium | moxifloxacin | rocephin,prednisone,all,True,False,xgb_ranker,xgb_ranker,verified_742,300,280,300,237,0,0,0,0.2,1.0,1.0,1.0,0.1,1.0,1.0,1.0,0.05,1.0,1.0,1.0,1.0,1.0,1.0,1.0,0.0,0.0,0.0,1.0
verified_xgb_ranker,eval_0042,prednisone | triamcinolone | aristocort | doxycycline | cyproheptadine | prednisolone | corticotropin | loteprednol | deltasone | lotemax | acthar | methylprednisolone | promethazine | ketotifen | xolair | ketorolac | chlorpheniramine | chlor-trimeton | ranitidine | hydroxyzine,prednisone | triamcinolone | methylprednisolone,all,True,False,xgb_ranker,xgb_ranker,verified_742,300,278,300,257,0,0,0,0.4,0.6666666666666666,1.0,0.7653606369886218,0.2,0.6666666666666666,1.0,0.7653606369886218,0.15,1.0,1.0,0.8921776538210153,1.0,1.0,1.0,1.0,0.0,0.0,0.0,1.0
verified_xgb_ranker,eval_0070,prednisone | doxycycline | azithromycin | methylprednisolone | rocephin | sulfamethoxazole / trimethoprim | mometasone | ceftriaxone | bactrim | medrol dosepak | triamcinolone | zithromax | flunisolide | kenalog-40 | augmentin xr | budesonide | epinephrine | ampicillin | ceftin | ceftibuten,prednisone,all,True,False,xgb_ranker,xgb_ranker,verified_742,300,221,221,104,0,0,0,0.2,1.0,1.0,1.0,0.1,1.0,1.0,1.0,0.05,1.0,1.0,1.0,1.0,1.0,1.0,1.0,0.0,0.0,0.0,1.0
verified_xgb_ranker,eval_0068,prednisone | cyproheptadine | doxycycline | catapres | methylprednisolone | azithromycin | caffeine | acetaminophen / phenyltoloxamine | clonidine | ephedrine | mometasone | ceftriaxone | sulfamethoxazole / trimethoprim | acetaminophen / caffeine | bactrim | propranolol | medrol dosepak | zithromax | triamcinolone | flunisolide,prednisone | diltiazem,all,True,False,xgb_ranker,xgb_ranker,verified_742,300,68,124,211,0,0,0,0.2,0.5,1.0,0.6131471927654584,0.1,0.5,1.0,0.6131471927654584,0.05,0.5,1.0,0.6131471927654584,1.0,1.0,1.0,1.0,0.0,0.0,0.0,1.0
verified_xgb_ranker,eval_0072,pramoxine | proctofoam | hydrocortisone / pramoxine | dibucaine | hydrocortisone | nupercainal | proctosol-hc | proctofoam hc | phenylephrine | analpram-hc | hydrocortisone / lidocaine | pramosone | lmx 5 | pramoxine / zinc oxide | tronolane anesthetic for hemorrhoids | lidocaine | phenylephrine / pramoxine | anusol-hc suppositories | anucort-hc | recticare,hydrocortisone | pramoxine | proctofoam,all,True,False,xgb_ranker,xgb_ranker,verified_742,22,20,20,22,0,0,0,0.6,1.0,1.0,0.9615980861491925,0.3,1.0,1.0,0.9615980861491925,0.15,1.0,1.0,0.9615980861491925,1.0,1.0,1.0,1.0,0.0,0.0,0.0,1.0
verified_xgb_ranker,eval_0069,doxycycline | prednisone | methylprednisolone | triamcinolone | minocycline | hydrocortisone | kenalog-40 | enbrel | oxybutynin | aluminum chloride hexahydrate | stelara | etanercept | drysol | desvenlafaxine | ustekinumab | hypercare | gabapentin | amitriptyline | naproxen | diclofenac,prednisone | methylprednisolone | triamcinolone | naproxen,all,True,False,xgb_ranker,xgb_ranker,verified_742,300,287,287,103,0,0,0,0.6,0.75,1.0,0.6096199500078984,0.3,0.75,1.0,0.6096199500078984,0.2,1.0,1.0,0.6999453884282882,0.5,1.0,1.0,1.0,0.0,0.0,0.0,1.0
verified_xgb_ranker,eval_0048,prednisone | doxycycline | minocycline | triamcinolone | aciphex | dexamethasone | tetracycline | rabeprazole | calcium carbonate / simethicone | prevacid | axid ar | moxifloxacin | sucralfate | nexium 24hr | prilosec otc | esomeprazole | protonix | omeprazole / sodium bicarbonate | dexlansoprazole | lansoprazole,prednisone | triamcinolone | moxifloxacin | ciprofloxacin,all,True,False,xgb_ranker,xgb_ranker,verified_742,300,264,280,150,0,0,0,0.4,0.5,1.0,0.5585075862632192,0.2,0.5,1.0,0.5585075862632192,0.15,0.75,1.0,0.6640031704983296,1.0,1.0,1.0,1.0,0.0,0.0,0.0,1.0
verified_xgb_ranker,eval_0066,diclofenac | prednisone | enbrel | acetaminophen / hydrocodone | tramadol | stelara | doxycycline | ustekinumab | etanercept | ketoprofen | lortab | indomethacin | acetaminophen / aspirin / caffeine | naproxen | norco | cymbalta | cataflam | duloxetine | methylprednisolone | etodolac,diclofenac | tramadol,all,True,False,xgb_ranker,xgb_ranker,verified_742,273,255,255,273,0,0,0,0.4,1.0,1.0,0.8854598815714874,0.2,1.0,1.0,0.8854598815714874,0.1,1.0,1.0,0.8854598815714874,1.0,1.0,1.0,1.0,0.0,0.0,0.0,1.0
verified_xgb_ranker,eval_0074,prednisone | promethazine | cyproheptadine | azelastine | chlor-trimeton | chlorpheniramine | triamcinolone | phenergan | carbinoxamine | epinephrine | ranitidine | diphenhydramine | allegra | olopatadine | fexofenadine | cetirizine | tetracaine | benadryl | zyrtec | acyclovir,promethazine | cyproheptadine,all,True,False,xgb_ranker,xgb_ranker,verified_742,300,253,300,152,0,0,0,0.4,1.0,1.0,0.6934264036172708,0.2,1.0,1.0,0.6934264036172708,0.1,1.0,1.0,0.6934264036172708,0.5,1.0,1.0,1.0,0.0,0.0,0.0,1.0
verified_xgb_ranker,eval_0076,prednisone | naproxen | acetaminophen / aspirin / caffeine | diclofenac | enbrel | acetaminophen / hydrocodone | tramadol | stelara | doxycycline | ustekinumab | ketoprofen | indomethacin | lortab | etanercept | cataflam | cymbalta | methylprednisolone | duloxetine | norco | probenecid,diclofenac | tramadol | acetaminophen / hydrocodone,all,True,False,xgb_ranker,xgb_ranker,verified_742,273,255,255,273,0,0,0,0.2,0.3333333333333333,1.0,0.24554621279155467,0.3,1.0,1.0,0.5076362665093751,0.15,1.0,1.0,0.5076362665093751,0.25,1.0,1.0,1.0,0.0,0.0,0.0,1.0
verified_xgb_ranker,eval_0061,tretinoin | doxycycline | isotretinoin | minocycline | accutane | benzoyl peroxide / clindamycin | adapalene / benzoyl peroxide | tetracycline | epiduo | claravis | magnesium hydroxide | benzaclin | spironolactone | pramlintide | pregabalin | duac | phillips' milk of magnesia | dapsone | retin-a | clindamycin / tretinoin,tretinoin | doxycycline | minocycline,all,True,False,xgb_ranker,xgb_ranker,verified_742,300,280,300,282,0,0,0,0.6,1.0,1.0,0.9736505918364026,0.3,1.0,1.0,0.9736505918364026,0.15,1.0,1.0,0.9736505918364026,1.0,1.0,1.0,1.0,0.0,0.0,0.0,1.0
verified_xgb_ranker,eval_0082,levothyroxine | thyroid desiccated | armour thyroid | estradiol | premarin | westhroid | cenestin | conjugated estrogens | estropipate | doxorubicin | esterified estrogens | tirosint | hypercare | thyquidity | rayaldee | calcifediol | amitriptyline | gabapentin | clonidine | drysol,thyroid desiccated | armour thyroid | levothyroxine,all,True,False,xgb_ranker,xgb_ranker,verified_742,300,81,81,300,0,0,0,0.6,1.0,1.0,1.0,0.3,1.0,1.0,1.0,0.15,1.0,1.0,1.0,1.0,1.0,1.0,1.0,0.0,0.0,0.0,1.0
verified_xgb_ranker,eval_0060,naproxen | doxycycline | triamcinolone | ibuprofen | flanax pain reliever | aleve | sulfamethoxazole / trimethoprim | bactrim | naprosyn | cephalexin | oxybutynin | avelox | moxifloxacin | ditropan xl | doxy 100 | sucralfate | diclofenac | prednisone | enbrel | acetaminophen / hydrocodone,naproxen,all,True,False,xgb_ranker,xgb_ranker,verified_742,273,273,273,273,0,0,0,0.2,1.0,1.0,1.0,0.1,1.0,1.0,1.0,0.05,1.0,1.0,1.0,1.0,1.0,1.0,1.0,0.0,0.0,0.0,1.0
verified_xgb_ranker,eval_0083,doxycycline | tretinoin | spironolactone | prednisone | sulfamethoxazole / trimethoprim | dapsone | bactrim | clindamycin | ceftriaxone | azithromycin | cephalexin | minocycline | rocephin | metronidazole | clobetasol | doryx | keflex | doxy 100 | cefotaxime | doxorubicin,tretinoin | doxycycline | spironolactone | liraglutide,all,True,False,xgb_ranker,xgb_ranker,verified_742,300,260,300,150,0,0,0,0.6,0.75,1.0,0.8123343814578067,0.3,0.75,1.0,0.8123343814578067,0.15,0.75,1.0,0.8123343814578067,1.0,1.0,1.0,1.0,0.0,0.0,0.0,1.0
verified_xgb_ranker,eval_0065,sodium iodide-i-131 | propylthiouracil | clonidine | thyroid desiccated | gabapentin | amitriptyline | hypercare | catapres | aluminum chloride hexahydrate | drysol | levothyroxine | cenestin | westhroid | botox | onabotulinumtoxina | hytrin | terazosin | estropipate | xerac ac | armour thyroid,thyroid desiccated | armour thyroid | levothyroxine,all,True,False,xgb_ranker,xgb_ranker,verified_742,300,81,81,300,0,0,0,0.2,0.3333333333333333,1.0,0.20210734650054762,0.1,0.3333333333333333,1.0,0.20210734650054762,0.15,1.0,1.0,0.43985014093053504,0.25,1.0,1.0,1.0,0.0,0.0,0.0,1.0
verified_xgb_ranker,eval_0084,prednisone | doxycycline | azithromycin | rocephin | sulfamethoxazole / trimethoprim | zithromax | ceftin | ceftriaxone | dapsone | avelox | moxifloxacin | amoxicillin | metronidazole | amoxil | amoxicillin / clavulanate | dexamethasone | biaxin xl | augmentin | erythromycin | ciprofloxacin,doxycycline | azithromycin | prednisone | clindamycin,all,True,False,xgb_ranker,xgb_ranker,verified_742,300,284,299,246,0,0,0,0.6,0.75,1.0,0.7984417502345509,0.3,0.75,1.0,0.7984417502345509,0.15,0.75,1.0,0.7984417502345509,1.0,1.0,1.0,1.0,0.0,0.0,0.0,1.0
verified_xgb_ranker,eval_0078,prednisone | promethazine | cyproheptadine | omalizumab | diphenhydramine | ketotifen | triamcinolone | azelastine | xolair | epinephrine | doxepin | patanol | hydroxyzine | epipen | ranitidine | aristocort | zaditor | alavert | carbinoxamine | chlor-trimeton,prednisone | promethazine,all,True,False,xgb_ranker,xgb_ranker,verified_742,300,76,76,300,0,0,0,0.4,1.0,1.0,1.0,0.2,1.0,1.0,1.0,0.1,1.0,1.0,1.0,1.0,1.0,1.0,1.0,0.0,0.0,0.0,1.0
verified_xgb_ranker,eval_0063,propranolol | metoprolol | verapamil | atenolol | tadalafil | corgard | nadolol | nitroglycerin | sildenafil | caduet | verelan pm | toprol-xl | dextroamphetamine | calan sr | tenormin | lopressor | coreg | ramipril | lisinopril | dexedrine,propranolol | verapamil | metoprolol | spironolactone,all,True,False,xgb_ranker,xgb_ranker,verified_742,300,265,300,242,0,0,0,0.6,0.75,1.0,0.8812605169021386,0.3,0.75,1.0,0.8812605169021386,0.15,0.75,1.0,0.8812605169021386,1.0,1.0,1.0,1.0,0.0,0.0,0.0,1.0
verified_xgb_ranker,eval_0089,isotretinoin | accutane | tretinoin | adapalene / benzoyl peroxide | benzoyl peroxide / clindamycin | claravis | magnesium hydroxide | epiduo | doxycycline | spironolactone | benzaclin | duac | phillips' milk of magnesia | sulfamethoxazole / trimethoprim | dapsone | aczone | clindamycin / tretinoin | retin-a | bactrim | drospirenone / ethinyl estradiol,adapalene / benzoyl peroxide,all,True,False,xgb_ranker,xgb_ranker,verified_742,273,273,273,273,0,0,0,0.2,1.0,1.0,0.4306765580733931,0.1,1.0,1.0,0.4306765580733931,0.05,1.0,1.0,0.4306765580733931,0.25,1.0,1.0,1.0,0.0,0.0,0.0,1.0
verified_xgb_ranker,eval_0075,prednisone | doxycycline | azithromycin | sulfamethoxazole / trimethoprim | methylprednisolone | rocephin | mometasone | ceftriaxone | bactrim | medrol dosepak | zithromax | triamcinolone | flunisolide | omalizumab | xopenex | tudorza pressair | aclidinium | epinephrine | kenalog-40 | augmentin xr,prednisone,all,True,False,xgb_ranker,xgb_ranker,verified_742,300,221,221,300,0,0,0,0.2,1.0,1.0,1.0,0.1,1.0,1.0,1.0,0.05,1.0,1.0,1.0,1.0,1.0,1.0,1.0,0.0,0.0,0.0,1.0
verified_xgb_ranker,eval_0087,amitriptyline | venlafaxine | doxycycline | spironolactone | elavil | azithromycin | sulfamethoxazole / trimethoprim | ceftriaxone | propranolol | clonazepam | klonopin | bactrim | cephalexin | augmentin xr | magnesium oxide | doryx | sodium bicarbonate | allopurinol | ampicillin | treximet,amitriptyline | venlafaxine | elavil,all,True,False,xgb_ranker,xgb_ranker,verified_742,300,276,300,191,0,0,0,0.6,1.0,1.0,0.9469024295259745,0.3,1.0,1.0,0.9469024295259745,0.15,1.0,1.0,0.9469024295259745,1.0,1.0,1.0,1.0,0.0,0.0,0.0,1.0
verified_xgb_ranker,eval_0093,prednisone | diclofenac | doxycycline | methylprednisolone | adalimumab | humira | betamethasone | ceftriaxone | medrol dosepak | triamcinolone | hydrocortisone | kenalog-40 | cellcept | infliximab | remicade | mycophenolate mofetil | amoxicillin | simponi | golimumab | sodium hyaluronate,doxycycline | prednisone,all,True,False,xgb_ranker,xgb_ranker,verified_742,300,255,255,100,0,0,0,0.4,1.0,1.0,0.9385574520455129,0.2,1.0,1.0,0.9385574520455129,0.1,1.0,1.0,0.9385574520455129,1.0,1.0,1.0,1.0,0.0,0.0,0.0,1.0
verified_xgb_ranker,eval_0073,prednisone | doxycycline | azithromycin | sulfamethoxazole / trimethoprim | bactrim | clindamycin | rocephin | fluconazole | zithromax | minocycline | metronidazole | ceftin | ceftriaxone | amoxil | tobramycin | linezolid | zyvox | cephalexin | valtrex | valacyclovir,doxycycline | azithromycin | prednisone | clindamycin | minocycline,all,True,False,xgb_ranker,xgb_ranker,verified_742,300,295,300,148,0,0,0,0.6,0.6,1.0,0.6904329358398085,0.5,1.0,1.0,0.8775518753955127,0.25,1.0,1.0,0.8775518753955127,1.0,1.0,1.0,1.0,0.0,0.0,0.0,1.0
verified_xgb_ranker,eval_0095,doxycycline | prednisone | aciphex | rabeprazole | axid ar | prevacid | calcium carbonate / simethicone | protonix | prilosec otc | esomeprazole | nexium 24hr | dexlansoprazole | lansoprazole | aluminum hydroxide / magnesium hydroxide / simethicone | minocycline | triamcinolone | protonix iv | omeprazole / sodium bicarbonate | dexilant | moxifloxacin,prednisone,all,True,False,xgb_ranker,xgb_ranker,verified_742,300,109,109,300,0,0,0,0.2,1.0,1.0,0.6309297535714575,0.1,1.0,1.0,0.6309297535714575,0.05,1.0,1.0,0.6309297535714575,0.5,1.0,1.0,1.0,0.0,0.0,0.0,1.0
verified_xgb_ranker,eval_0092,isotretinoin | accutane | adapalene / benzoyl peroxide | tretinoin | benzoyl peroxide / clindamycin | claravis | magnesium hydroxide | epiduo | doxycycline | benzaclin | spironolactone | duac | phillips' milk of magnesia | sulfamethoxazole / trimethoprim | dapsone | aczone | clindamycin / tretinoin | retin-a | bactrim | onexton,adapalene / benzoyl peroxide,all,True,False,xgb_ranker,xgb_ranker,verified_742,300,273,273,300,0,0,0,0.2,1.0,1.0,0.5,0.1,1.0,1.0,0.5,0.05,1.0,1.0,0.5,0.3333333333333333,1.0,1.0,1.0,0.0,0.0,0.0,1.0
verified_xgb_ranker,eval_0094,doxycycline | spironolactone | amitriptyline | venlafaxine | sulfamethoxazole / trimethoprim | azithromycin | phosphorated carbohydrate solution | rocephin | acidophilus | bactrim | abilify | ceftriaxone | methenamine | elavil | hyoscyamine / methenamine / methylene blue / sodium biphosphate | minocycline | pentosan polysulfate sodium | hydroxyzine | lactobacillus acidophilus | fluconazole,doxycycline,all,True,False,xgb_ranker,xgb_ranker,verified_742,172,172,172,172,0,0,0,0.2,1.0,1.0,1.0,0.1,1.0,1.0,1.0,0.05,1.0,1.0,1.0,1.0,1.0,1.0,1.0,0.0,0.0,0.0,1.0
verified_xgb_ranker,eval_0079,lansoprazole | prednisone | aluminum hydroxide / magnesium hydroxide / simethicone | ranitidine | cimetidine | cyproheptadine | omeprazole | acetaminophen / phenyltoloxamine | pantoprazole | famotidine | acetaminophen / caffeine | excedrin tension headache | tussionex pennkinetic | acyclovir | semprex-d | acrivastine / pseudoephedrine | excedrin quick tab | promethazine | privine | azithromycin,lansoprazole | ranitidine | omeprazole | pantoprazole,all,True,False,xgb_ranker,xgb_ranker,verified_742,300,262,300,300,0,0,0,0.4,0.5,1.0,0.532296295763853,0.4,1.0,1.0,0.79464157217617,0.2,1.0,1.0,0.79464157217617,1.0,1.0,1.0,1.0,0.0,0.0,0.0,1.0
verified_xgb_ranker,eval_0097,promethazine | meclizine | prednisone | acyclovir | tussionex pennkinetic | semprex-d | acrivastine / pseudoephedrine | privine | acetaminophen / phenyltoloxamine | excedrin quick tab | cartia xt | azithromycin | excedrin tension headache | astelin | acetaminophen / caffeine | brompheniramine | bronkaid | diltiazem | sulfamethoxazole / trimethoprim | cardizem,promethazine | meclizine | phenylephrine | propranolol,all,True,False,xgb_ranker,xgb_ranker,verified_742,300,298,300,300,0,0,0,0.4,0.5,1.0,0.6357429506707164,0.2,0.5,1.0,0.6357429506707164,0.1,0.5,1.0,0.6357429506707164,1.0,1.0,1.0,1.0,0.0,0.0,0.0,1.0
verified_xgb_ranker,eval_0102,prednisone | desonide | methylprednisolone | elocon | flurandrenolide | clobetasol | cloderm | clobex | tacrolimus | pimecrolimus | dupixent | cordran tape | clocortolone | mometasone | betamethasone | medrol dosepak | triamcinolone | fluocinolone | cutivate | hydrocortisone,prednisone | methylprednisolone,all,True,False,xgb_ranker,xgb_ranker,verified_742,54,49,49,54,0,0,0,0.4,1.0,1.0,0.9197207891481876,0.2,1.0,1.0,0.9197207891481876,0.1,1.0,1.0,0.9197207891481876,1.0,1.0,1.0,1.0,0.0,0.0,0.0,1.0
verified_xgb_ranker,eval_0096,doxycycline | triamcinolone | naproxen | diclofenac | prednisone | sucralfate | ibuprofen | ciprofloxacin | enbrel | acetaminophen / hydrocodone | tramadol | stelara | levofloxacin | ustekinumab | etanercept | methylprednisolone | librax | rabeprazole | atropine / hyoscyamine / phenobarbital / scopolamine | aleve,triamcinolone | sucralfate,all,True,False,xgb_ranker,xgb_ranker,verified_742,300,275,286,277,0,0,0,0.2,0.5,1.0,0.2960819109658652,0.2,1.0,1.0,0.5468225934151687,0.1,1.0,1.0,0.5468225934151687,0.5,1.0,1.0,1.0,0.0,0.0,0.0,1.0
verified_xgb_ranker,eval_0100,hydrocortisone / pramoxine | hydrocortisone | lidocaine | pramosone | pramoxine | proctofoam | nupercainal | hydrocortisone / lidocaine | analpram-hc | dibucaine | phenylephrine | proctosol-hc | proctofoam hc | lorazepam | lmx 5 | pramoxine / zinc oxide | tronolane anesthetic for hemorrhoids | amitriptyline | gabapentin | ativan,hydrocortisone | hydrocortisone / pramoxine | lidocaine,all,True,False,xgb_ranker,xgb_ranker,verified_742,275,164,164,275,0,0,0,0.6,1.0,1.0,1.0,0.3,1.0,1.0,1.0,0.15,1.0,1.0,1.0,1.0,1.0,1.0,1.0,0.0,0.0,0.0,1.0
verified_xgb_ranker,eval_0103,naproxen | doxycycline | triamcinolone | ibuprofen | aleve | flanax pain reliever | sulfamethoxazole / trimethoprim | bactrim | naprosyn | cephalexin | oxybutynin | moxifloxacin | avelox | ditropan xl | sucralfate | doxy 100 | ciprofloxacin | levofloxacin | levaquin | cipro,naproxen | triamcinolone,all,True,False,xgb_ranker,xgb_ranker,verified_742,273,273,273,273,0,0,0,0.4,1.0,1.0,0.9385574520455129,0.2,1.0,1.0,0.9385574520455129,0.1,1.0,1.0,0.9385574520455129,1.0,1.0,1.0,1.0,0.0,0.0,0.0,1.0
verified_xgb_ranker,eval_0111,prednisone | promethazine | cyproheptadine | omalizumab | diphenhydramine | ketotifen | triamcinolone | azelastine | xolair | epinephrine | doxepin | patanol | hydroxyzine | epipen | ranitidine | aristocort | zaditor | alavert | carbinoxamine | chlor-trimeton,prednisone | promethazine,all,True,False,xgb_ranker,xgb_ranker,verified_742,300,76,76,300,0,0,0,0.4,1.0,1.0,0.9134015924715543,0.2,1.0,1.0,0.9134015924715543,0.1,1.0,1.0,0.9134015924715543,1.0,1.0,1.0,1.0,0.0,0.0,0.0,1.0
verified_xgb_ranker,eval_0107,doxycycline | prednisone | desonide | elocon | clobetasol | minocycline | thorazine | chlorpromazine | flurandrenolide | cloderm | cordran tape | clocortolone | clobex | mometasone | betamethasone | dexamethasone | ultravate | haldol | compazine | prochlorperazine,prednisone | mometasone | clobetasol,all,True,False,xgb_ranker,xgb_ranker,verified_742,300,300,300,236,0,0,0,0.4,0.6666666666666666,1.0,0.4776237035032179,0.2,0.6666666666666666,1.0,0.4776237035032179,0.15,1.0,1.0,0.5977393593012693,0.5,1.0,1.0,1.0,0.0,0.0,0.0,1.0
verified_xgb_ranker,eval_0086,tretinoin | sulfamethoxazole / trimethoprim | clindamycin | dapsone | minocycline | doxycycline | liraglutide | victoza | gabapentin | accutane | clobetasol | dexamethasone | spironolactone | erythromycin | adapalene / benzoyl peroxide | desmopressin | pregabalin | pramlintide | cymbalta | nortriptyline,tretinoin | doxycycline | spironolactone | liraglutide | victoza | clindamycin,all,True,False,xgb_ranker,xgb_ranker,verified_742,300,100,300,261,0,0,0,0.4,0.3333333333333333,1.0,0.5087403079104241,0.5,0.8333333333333334,1.0,0.7862711809697075,0.3,1.0,1.0,0.84123147774816,1.0,1.0,1.0,1.0,0.0,0.0,0.0,1.0
verified_xgb_ranker,eval_0067,baclofen | onabotulinumtoxina | botox | naproxen | ibuprofen | lioresal | propranolol | klonopin | clonazepam | ativan | lorazepam | rizatriptan | gabapentin | lamotrigine | treximet | naproxen / sumatriptan | amitriptyline | maxalt | relpax | frovatriptan,onabotulinumtoxina | botox | naproxen | ibuprofen | aleve,all,True,False,xgb_ranker,xgb_ranker,verified_742,300,187,187,162,0,0,0,0.8,0.8,1.0,0.6678997765524451,0.4,0.8,1.0,0.6678997765524451,0.2,0.8,1.0,0.6678997765524451,0.5,1.0,1.0,1.0,0.0,0.0,0.0,1.0
verified_xgb_ranker,eval_0106,prednisone | enbrel | stelara | doxycycline | ustekinumab | etanercept | naproxen | methylprednisolone | apremilast | adalimumab | humira | betamethasone | ibuprofen | kenalog-10 | triamcinolone | minocycline | hydrocortisone | kenalog-40 | infliximab | flanax pain reliever,prednisone | enbrel,all,True,False,xgb_ranker,xgb_ranker,verified_742,300,255,255,300,0,0,0,0.4,1.0,1.0,1.0,0.2,1.0,1.0,1.0,0.1,1.0,1.0,1.0,1.0,1.0,1.0,1.0,0.0,0.0,0.0,1.0
verified_xgb_ranker,eval_0090,doxycycline | bactrim | sulfamethoxazole / trimethoprim | azithromycin | fluconazole | rocephin | ceftriaxone | minocycline | ceftin | cephalexin | linezolid | zyvox | gentamicin | amoxil | moxifloxacin | avelox | amoxicillin | amoxicillin / clavulanate | keflex | lactobacillus acidophilus,sulfamethoxazole / trimethoprim | bactrim | fluconazole,all,True,False,xgb_ranker,xgb_ranker,verified_742,300,287,287,230,0,0,0,0.6,1.0,1.0,0.7122630665145961,0.3,1.0,1.0,0.7122630665145961,0.15,1.0,1.0,0.7122630665145961,0.5,1.0,1.0,1.0,0.0,0.0,0.0,1.0
verified_xgb_ranker,eval_0115,prednisone | triamcinolone | aristocort | corticotropin | prednisolone | acthar | lotemax | loteprednol | deltasone | promethazine | cyproheptadine | diclofenac | stelara | tramadol | omalizumab | acetaminophen / hydrocodone | ustekinumab | etanercept | ketotifen | xolair,prednisone | triamcinolone | corticotropin | prednisolone | loteprednol | lotemax,all,True,False,xgb_ranker,xgb_ranker,verified_742,300,281,300,281,0,0,0,0.8,0.6666666666666666,1.0,0.7817304474156229,0.6,1.0,1.0,0.9271069801946829,0.3,1.0,1.0,0.9271069801946829,1.0,1.0,1.0,1.0,0.0,0.0,0.0,1.0
verified_xgb_ranker,eval_0110,prednisone | azithromycin | bactrim | sulfamethoxazole / trimethoprim | triamcinolone | flunisolide | ceftin | augmentin xr | kenalog-40 | budesonide | ampicillin | ceftibuten | cedax | amoxicillin | singulair | avelox | valacyclovir | amoxil | amoxicillin / clavulanate | augmentin,prednisone,all,True,False,xgb_ranker,xgb_ranker,verified_742,300,300,300,300,0,0,0,0.2,1.0,1.0,1.0,0.1,1.0,1.0,1.0,0.05,1.0,1.0,1.0,1.0,1.0,1.0,1.0,0.0,0.0,0.0,1.0
verified_xgb_ranker,eval_0099,prednisone | doxycycline | methylprednisolone | medrol dosepak | triamcinolone | ceftriaxone | kenalog-40 | aspirin | sulfamethoxazole / trimethoprim | minocycline | bactrim | amoxicillin | aristocort | cefotaxime | hydroxychloroquine | cephalexin | dexamethasone | moxifloxacin | avelox | doxy 100,prednisone | methylprednisolone | triamcinolone,all,True,False,xgb_ranker,xgb_ranker,verified_742,300,286,299,285,0,0,0,0.6,1.0,1.0,0.8854598815714875,0.3,1.0,1.0,0.8854598815714875,0.15,1.0,1.0,0.8854598815714875,1.0,1.0,1.0,1.0,0.0,0.0,0.0,1.0
verified_xgb_ranker,eval_0119,doxycycline | minocycline | prednisone | lansoprazole | gentamicin | moxifloxacin | ciprofloxacin | sulfamethoxazole / trimethoprim | levofloxacin | fluconazole | zyvox | ceftin | amikacin | linezolid | azithromycin | amoxil | ceftriaxone | amoxicillin | avelox | rocephin,doxycycline | ciprofloxacin,all,True,False,xgb_ranker,xgb_ranker,verified_742,300,237,300,234,0,0,0,0.2,0.5,1.0,0.6131471927654584,0.2,1.0,1.0,0.8175295903539445,0.1,1.0,1.0,0.8175295903539445,1.0,1.0,1.0,1.0,0.0,0.0,0.0,1.0
verified_xgb_ranker,eval_0112,valacyclovir | valtrex | acyclovir | prednisone | doxycycline | lansoprazole | mometasone | aluminum hydroxide / magnesium hydroxide / simethicone | triamcinolone | kenalog-40 | moxifloxacin | tussionex pennkinetic | semprex-d | acrivastine / pseudoephedrine | cimetidine | privine | promethazine | omeprazole | dexamethasone | ciprofloxacin,valacyclovir | valtrex | acyclovir,all,True,False,xgb_ranker,xgb_ranker,verified_742,300,286,300,142,0,0,0,0.6,1.0,1.0,1.0,0.3,1.0,1.0,1.0,0.15,1.0,1.0,1.0,1.0,1.0,1.0,1.0,0.0,0.0,0.0,1.0
verified_xgb_ranker,eval_0109,prednisone | doxycycline | minocycline | methotrexate | dexamethasone | ceftriaxone | cefotaxime | amoxicillin | enbrel | etanercept | methylprednisolone | ustekinumab | stelara | adalimumab | humira | betamethasone | triamcinolone | kenalog-10 | infliximab | remicade,minocycline | methotrexate,all,True,False,xgb_ranker,xgb_ranker,verified_742,300,193,300,292,0,0,0,0.4,1.0,1.0,0.5378003827621997,0.2,1.0,1.0,0.5378003827621997,0.1,1.0,1.0,0.5378003827621997,0.3333333333333333,1.0,1.0,1.0,0.0,0.0,0.0,1.0
verified_xgb_ranker,eval_0124,prednisone | omalizumab | triamcinolone | xolair | aristocort | epinephrine | cromolyn | prednisolone | promethazine | deltasone | cyproheptadine | diphenhydramine | famotidine | ketotifen | epipen | pepcid | doxycycline | doxepin | azelastine | patanol,prednisone | triamcinolone | omalizumab | xolair | cromolyn,all,True,False,xgb_ranker,xgb_ranker,verified_742,300,288,288,211,0,0,0,0.8,0.8,1.0,0.8798281568540702,0.5,1.0,1.0,0.9683882164400849,0.25,1.0,1.0,0.9683882164400849,1.0,1.0,1.0,1.0,0.0,0.0,0.0,1.0
verified_xgb_ranker,eval_0131,doxycycline | prednisone | lansoprazole | azithromycin | sulfamethoxazole / trimethoprim | minocycline | ceftriaxone | ampicillin | cefotaxime | floxin | erythromycin | ciprofloxacin | dexamethasone | pyridoxine | dapsone | zithromax | ceftin | metronidazole | rocephin | amoxil,azithromycin | prednisone | ceftriaxone,all,True,False,xgb_ranker,xgb_ranker,verified_742,300,175,300,233,0,0,0,0.4,0.6666666666666666,1.0,0.4673749993440761,0.3,1.0,1.0,0.637073923869806,0.15,1.0,1.0,0.637073923869806,0.5,1.0,1.0,1.0,0.0,0.0,0.0,1.0
verified_xgb_ranker,eval_0121,doxycycline | prednisone | hydroxychloroquine | methylprednisolone | doxy 100 | medrol dosepak | triamcinolone | aspirin | kenalog-40 | lithium | amoxicillin | depakote er | clindamycin | diclofenac | chlorpromazine | allopurinol | thorazine | divalproex sodium | coartem | tramadol,doxycycline | hydroxychloroquine,all,True,False,xgb_ranker,xgb_ranker,verified_742,300,287,287,59,0,0,0,0.4,1.0,1.0,0.9197207891481876,0.2,1.0,1.0,0.9197207891481876,0.1,1.0,1.0,0.9197207891481876,1.0,1.0,1.0,1.0,0.0,0.0,0.0,1.0
verified_xgb_ranker,eval_0135,propranolol | metoprolol | verapamil | atenolol | nadolol | corgard | tadalafil | toprol-xl | warfarin | nitroglycerin | plavix | caduet | verelan pm | epinephrine | calan sr | aspirin | tenormin | coreg | lopressor | sildenafil,propranolol | metoprolol,all,True,False,xgb_ranker,xgb_ranker,verified_742,300,275,300,95,0,0,0,0.4,1.0,1.0,1.0,0.2,1.0,1.0,1.0,0.1,1.0,1.0,1.0,1.0,1.0,1.0,1.0,0.0,0.0,0.0,1.0
verified_xgb_ranker,eval_0117,isotretinoin | accutane | adapalene / benzoyl peroxide | tretinoin | benzoyl peroxide / clindamycin | claravis | magnesium hydroxide | epiduo | doxycycline | benzaclin | spironolactone | duac | phillips' milk of magnesia | sulfamethoxazole / trimethoprim | dapsone | clindamycin / tretinoin | aczone | retin-a | bactrim | benzoyl peroxide / sulfur,adapalene / benzoyl peroxide,all,True,False,xgb_ranker,xgb_ranker,verified_742,273,273,273,273,0,0,0,0.2,1.0,1.0,0.5,0.1,1.0,1.0,0.5,0.05,1.0,1.0,0.5,0.3333333333333333,1.0,1.0,1.0,0.0,0.0,0.0,1.0
verified_xgb_ranker,eval_0116,nortriptyline | gabapentin | pregabalin | topamax | topiramate | neurontin | lyrica | lisinopril | atenolol | fosinopril | propranolol | captopril | ramipril | liraglutide | sildenafil | altace | cozaar | victoza | losartan | moexipril,gabapentin | pregabalin | topiramate | clonidine | onabotulinumtoxina,all,True,False,xgb_ranker,xgb_ranker,verified_742,300,90,300,235,0,0,0,0.6,0.6,1.0,0.4546343035603415,0.3,0.6,1.0,0.4546343035603415,0.15,0.6,1.0,0.4546343035603415,0.5,1.0,1.0,1.0,0.0,0.0,0.0,1.0
verified_xgb_ranker,eval_0104,prednisone | aciphex | doxycycline | rabeprazole | calcium carbonate / simethicone | axid ar | prevacid | prilosec otc | nexium 24hr | aluminum hydroxide / magnesium hydroxide / simethicone | lansoprazole | dexlansoprazole | triamcinolone | minocycline | filgrastim | zegerid | pepcid ac chewable tablets | omeprazole / sodium bicarbonate | rifadin | mylanta maximum strength,rifabutin,all,True,False,xgb_ranker,xgb_ranker,verified_742,300,116,116,227,0,0,0,0.0,0.0,0.0,0.0,0.0,0.0,0.0,0.0,0.0,0.0,0.0,0.0,0.0,1.0,1.0,1.0,0.0,0.0,0.0,1.0
verified_xgb_ranker,eval_0122,prednisone | doxycycline | azithromycin | aclidinium | tudorza pressair | omalizumab | xopenex | methylprednisolone | rocephin | sulfamethoxazole / trimethoprim | xolair | mometasone | ceftriaxone | levalbuterol | accolate | primatene mist | intal inhaler | zafirlukast | proventil hfa | combivent,prednisone,all,True,False,xgb_ranker,xgb_ranker,verified_742,300,221,221,147,0,0,0,0.2,1.0,1.0,1.0,0.1,1.0,1.0,1.0,0.05,1.0,1.0,1.0,1.0,1.0,1.0,1.0,0.0,0.0,0.0,1.0
verified_xgb_ranker,eval_0125,doxycycline | amitriptyline | phosphorated carbohydrate solution | sulfamethoxazole / trimethoprim | elavil | ceftriaxone | spironolactone | hydroxyzine | minocycline | lactobacillus acidophilus | ampicillin | azithromycin | venlafaxine | sumatriptan | lorazepam | ativan | gabapentin | rocephin | acidophilus | zofran,doxycycline | sulfamethoxazole / trimethoprim | azithromycin,all,True,False,xgb_ranker,xgb_ranker,verified_742,300,300,172,172,0,0,0,0.4,0.6666666666666666,1.0,0.625639979507489,0.2,0.6666666666666666,1.0,0.625639979507489,0.15,1.0,1.0,0.7283558175341313,1.0,1.0,1.0,1.0,0.0,0.0,0.0,1.0
verified_xgb_ranker,eval_0138,"aluminum chloride hexahydrate | drysol | hypercare | calcitriol | gabapentin | amitriptyline | calcifediol | clonidine | parathyroid hormone | thyroid desiccated | sodium iodide-i-131 | propylthiouracil | ergocalciferol | westhroid | cenestin | spironolactone | levothyroxine | estropipate | armour thyroid | calcium phosphate, tribasic",thyroid desiccated | armour thyroid,all,True,False,xgb_ranker,xgb_ranker,verified_742,300,132,132,258,0,0,0,0.0,0.0,0.0,0.0,0.1,0.5,1.0,0.17723928678404774,0.1,1.0,1.0,0.3191081886500419,0.1,1.0,1.0,1.0,0.0,0.0,0.0,1.0
verified_xgb_ranker,eval_0130,naproxen | doxycycline | prednisone | triamcinolone | enbrel | ibuprofen | stelara | aleve | bactrim | ustekinumab | etanercept | sulfamethoxazole / trimethoprim | methylprednisolone | flanax pain reliever | naprosyn | adalimumab | betamethasone | humira | cephalexin | avelox,prednisone | enbrel | naproxen,all,True,False,xgb_ranker,xgb_ranker,verified_742,300,273,273,300,0,0,0,0.6,1.0,1.0,0.9072278740982787,0.3,1.0,1.0,0.9072278740982787,0.15,1.0,1.0,0.9072278740982787,1.0,1.0,1.0,1.0,0.0,0.0,0.0,1.0
verified_xgb_ranker,eval_0129,propranolol | clonazepam | prednisone | amitriptyline | gabapentin | diclofenac | sumatriptan | klonopin | rizatriptan | clonidine | lithium | treximet | lamotrigine | naproxen / sumatriptan | relpax | maxalt | migergot | nortriptyline | frovatriptan | eletriptan,propranolol,all,True,False,xgb_ranker,xgb_ranker,verified_742,300,179,179,300,0,0,0,0.2,1.0,1.0,1.0,0.1,1.0,1.0,1.0,0.05,1.0,1.0,1.0,1.0,1.0,1.0,1.0,0.0,0.0,0.0,1.0
verified_xgb_ranker,eval_0133,enbrel | prednisone | doxycycline | stelara | ustekinumab | etanercept | methylprednisolone | adalimumab | kenalog-10 | triamcinolone | humira | betamethasone | minocycline | hydrocortisone | kenalog-40 | infliximab | methotrexate | remicade | dexamethasone | tetracycline,prednisone | enbrel | stelara | ustekinumab | adalimumab,all,True,False,xgb_ranker,xgb_ranker,verified_742,300,247,300,176,0,0,0,0.8,0.8,1.0,0.7938083721161654,0.5,1.0,1.0,0.9056948630555233,0.25,1.0,1.0,0.9056948630555233,1.0,1.0,1.0,1.0,0.0,0.0,0.0,1.0
verified_xgb_ranker,eval_0146,liraglutide | victoza | tretinoin | gabapentin | clobetasol | desmopressin | pregabalin | pramlintide | cymbalta | nortriptyline | duloxetine | chromium picolinate | byetta | humulin r u-500 (concentrated) | insulin isophane | symlin | topiramate | exubera | novolog mix 70 / 30 | ddavp,liraglutide | victoza,all,True,False,xgb_ranker,xgb_ranker,verified_742,300,228,228,300,0,0,0,0.4,1.0,1.0,1.0,0.2,1.0,1.0,1.0,0.1,1.0,1.0,1.0,1.0,1.0,1.0,1.0,0.0,0.0,0.0,1.0
verified_xgb_ranker,eval_0151,prednisone | promethazine | cyproheptadine | triamcinolone | azelastine | chlor-trimeton | phenergan | chlorpheniramine | ranitidine | carbinoxamine | epinephrine | allegra | olopatadine | diphenhydramine | cetirizine | fexofenadine | tetracaine | benadryl | zyrtec | levocetirizine,prednisone | promethazine | cyproheptadine,all,True,False,xgb_ranker,xgb_ranker,verified_742,300,253,300,282,0,0,0,0.6,1.0,1.0,0.9151505377371351,0.3,1.0,1.0,0.9151505377371351,0.15,1.0,1.0,0.9151505377371351,1.0,1.0,1.0,1.0,0.0,0.0,0.0,1.0
verified_xgb_ranker,eval_0150,clonidine | cobicistat / elvitegravir / emtricitabine / tenofovir | stribild | efavirenz / emtricitabine / tenofovir | atripla | sodium bicarbonate | ondansetron | triumeq | abacavir / dolutegravir / lamivudine | emtricitabine / rilpivirine / tenofovir | complera | epzicom | prednisone | aciphex | doxycycline | rabeprazole | calcium carbonate / simethicone | axid ar | enfuvirtide | prevacid,rifabutin,all,True,False,xgb_ranker,xgb_ranker,verified_742,300,119,119,202,0,0,0,0.0,0.0,0.0,0.0,0.0,0.0,0.0,0.0,0.0,0.0,0.0,0.0,0.0,1.0,1.0,1.0,0.0,0.0,0.0,1.0
verified_xgb_ranker,eval_0136,prednisone | triamcinolone | methylprednisolone | adalimumab | kenalog-10 | humira | dexamethasone | hydrocortisone | minocycline | remicade | infliximab | methotrexate | kenalog-40 | enbrel | stelara | doxycycline | ustekinumab | betamethasone | etanercept | otrexup,prednisone | dexamethasone | adalimumab | humira | methylprednisolone,all,True,False,xgb_ranker,xgb_ranker,verified_742,300,272,296,236,0,0,0,0.6,0.6,1.0,0.5701536055408231,0.5,1.0,1.0,0.8006694488454766,0.25,1.0,1.0,0.8006694488454766,1.0,1.0,1.0,1.0,0.0,0.0,0.0,1.0
verified_xgb_ranker,eval_0134,liraglutide | victoza | tretinoin | gabapentin | clobetasol | spironolactone | urea | desmopressin | pramlintide | pregabalin | cymbalta | duloxetine | nortriptyline | chromium picolinate | byetta | humulin r u-500 (concentrated) | insulin regular | insulin isophane | exubera | symlin,liraglutide | victoza,all,True,False,xgb_ranker,xgb_ranker,verified_742,300,282,282,290,0,0,0,0.4,1.0,1.0,1.0,0.2,1.0,1.0,1.0,0.1,1.0,1.0,1.0,1.0,1.0,1.0,1.0,0.0,0.0,0.0,1.0
verified_xgb_ranker,eval_0156,levothyroxine | thyroid desiccated | aluminum chloride hexahydrate | drysol | hypercare | armour thyroid | premarin | westhroid | cenestin | estradiol | calcitriol | amitriptyline | gabapentin | calcifediol | conjugated estrogens | estropipate | doxorubicin | esterified estrogens | tirosint | clonidine,thyroid desiccated | armour thyroid | levothyroxine,all,True,False,xgb_ranker,xgb_ranker,verified_742,300,132,132,249,0,0,0,0.4,0.6666666666666666,1.0,0.8099531166420328,0.3,1.0,1.0,0.9453452481212087,0.15,1.0,1.0,0.9453452481212087,1.0,1.0,1.0,1.0,0.0,0.0,0.0,1.0
verified_xgb_ranker,eval_0142,doxycycline | spironolactone | amitriptyline | venlafaxine | sulfamethoxazole / trimethoprim | azithromycin | phosphorated carbohydrate solution | rocephin | acidophilus | bactrim | abilify | ceftriaxone | methenamine | elavil | hyoscyamine / methenamine / methylene blue / sodium biphosphate | minocycline | pentosan polysulfate sodium | hydroxyzine | lactobacillus acidophilus | fluconazole,doxycycline,all,True,False,xgb_ranker,xgb_ranker,verified_742,172,172,172,172,0,0,0,0.2,1.0,1.0,1.0,0.1,1.0,1.0,1.0,0.05,1.0,1.0,1.0,1.0,1.0,1.0,1.0,0.0,0.0,0.0,1.0
verified_xgb_ranker,eval_0145,prednisone | doxycycline | azithromycin | sulfamethoxazole / trimethoprim | methylprednisolone | rocephin | bactrim | medrol dosepak | mometasone | ceftriaxone | triamcinolone | zithromax | flunisolide | kenalog-40 | augmentin xr | budesonide | epinephrine | ampicillin | ceftin | ceftibuten,azithromycin | prednisone,all,True,False,xgb_ranker,xgb_ranker,verified_742,300,221,221,138,0,0,0,0.4,1.0,1.0,0.9385574520455129,0.2,1.0,1.0,0.9385574520455129,0.1,1.0,1.0,0.9385574520455129,1.0,1.0,1.0,1.0,0.0,0.0,0.0,1.0
verified_xgb_ranker,eval_0144,doxycycline | prednisone | azithromycin | dapsone | metronidazole | rocephin | sulfamethoxazole / trimethoprim | ceftriaxone | lansoprazole | clindamycin | zithromax | minocycline | zyvox | linezolid | fluconazole | tobramycin | neupogen | filgrastim | pyrimethamine | ferralet 90,doxycycline | azithromycin,all,True,False,xgb_ranker,xgb_ranker,verified_742,300,132,132,300,0,0,0,0.4,1.0,1.0,0.9197207891481876,0.2,1.0,1.0,0.9197207891481876,0.1,1.0,1.0,0.9197207891481876,1.0,1.0,1.0,1.0,0.0,0.0,0.0,1.0
verified_xgb_ranker,eval_0155,prednisone | diclofenac | methylprednisolone | adalimumab | triamcinolone | humira | hydrocortisone | remicade | mycophenolate mofetil | cellcept | infliximab | indomethacin | naproxen | acetaminophen / aspirin / caffeine | dexamethasone | golimumab | simponi | naprelan | famotidine / ibuprofen | duexis,adalimumab | humira,all,True,False,xgb_ranker,xgb_ranker,verified_742,300,290,300,252,0,0,0,0.2,0.5,1.0,0.2640681225725909,0.2,1.0,1.0,0.48247555939075504,0.1,1.0,1.0,0.48247555939075504,0.25,1.0,1.0,1.0,0.0,0.0,0.0,1.0
verified_xgb_ranker,eval_0163,clonidine | tenofovir | viread | filgrastim | lamivudine | sodium bicarbonate | epivir-hbv | belviq | qsymia | lorcaserin | phentermine | adipex-p | diethylpropion | saxenda | cobicistat / elvitegravir / emtricitabine / tenofovir | stribild | phentermine / topiramate | contrave | atripla | efavirenz / emtricitabine / tenofovir,tenofovir | viread,all,True,False,xgb_ranker,xgb_ranker,verified_742,300,119,119,300,0,0,0,0.4,1.0,1.0,0.6934264036172708,0.2,1.0,1.0,0.6934264036172708,0.1,1.0,1.0,0.6934264036172708,0.5,1.0,1.0,1.0,0.0,0.0,0.0,1.0
verified_xgb_ranker,eval_0148,enbrel | prednisone | doxycycline | desonide | ustekinumab | etanercept | stelara | elocon | clobetasol | flurandrenolide | cordran tape | cloderm | desowen | methylprednisolone | clocortolone | thiothixene | clobex | adalimumab | betamethasone | humira,enbrel,all,True,False,xgb_ranker,xgb_ranker,verified_742,300,164,164,300,0,0,0,0.2,1.0,1.0,1.0,0.1,1.0,1.0,1.0,0.05,1.0,1.0,1.0,1.0,1.0,1.0,1.0,0.0,0.0,0.0,1.0
verified_xgb_ranker,eval_0171,prednisone | doxycycline | azithromycin | sulfamethoxazole / trimethoprim | methylprednisolone | rocephin | mometasone | bactrim | ceftriaxone | medrol dosepak | triamcinolone | zithromax | flunisolide | augmentin xr | kenalog-40 | budesonide | epinephrine | ampicillin | ceftin | cedax,prednisone,all,True,False,xgb_ranker,xgb_ranker,verified_742,300,221,221,133,0,0,0,0.2,1.0,1.0,1.0,0.1,1.0,1.0,1.0,0.05,1.0,1.0,1.0,1.0,1.0,1.0,1.0,0.0,0.0,0.0,1.0
verified_xgb_ranker,eval_0177,prednisone | diclofenac | acetaminophen / hydrocodone | enbrel | tramadol | stelara | doxycycline | ustekinumab | etanercept | ketoprofen | lortab | indomethacin | acetaminophen / aspirin / caffeine | naproxen | norco | cataflam | cymbalta | methylprednisolone | duloxetine | bextra,diclofenac | tramadol | acetaminophen / hydrocodone,all,True,False,xgb_ranker,xgb_ranker,verified_742,300,255,255,229,0,0,0,0.6,1.0,1.0,0.6968059238765744,0.3,1.0,1.0,0.6968059238765744,0.15,1.0,1.0,0.6968059238765744,0.5,1.0,1.0,1.0,0.0,0.0,0.0,1.0
verified_xgb_ranker,eval_0180,isotretinoin | accutane | tretinoin | adapalene / benzoyl peroxide | benzoyl peroxide / clindamycin | claravis | magnesium hydroxide | epiduo | doxycycline | spironolactone | benzaclin | duac | phillips' milk of magnesia | sulfamethoxazole / trimethoprim | dapsone | aczone | clindamycin / tretinoin | retin-a | drospirenone / ethinyl estradiol | benzoyl peroxide / sulfur,adapalene / benzoyl peroxide,all,True,False,xgb_ranker,xgb_ranker,verified_742,273,273,273,273,0,0,0,0.2,1.0,1.0,0.4306765580733931,0.1,1.0,1.0,0.4306765580733931,0.05,1.0,1.0,0.4306765580733931,0.25,1.0,1.0,1.0,0.0,0.0,0.0,1.0
verified_xgb_ranker,eval_0175,levothyroxine | thyroid desiccated | aluminum chloride hexahydrate | drysol | hypercare | amitriptyline | gabapentin | calcitriol | armour thyroid | calcifediol | westhroid | cenestin | premarin | estradiol | clonidine | conjugated estrogens | estropipate | doxorubicin | esterified estrogens | tirosint,thyroid desiccated | armour thyroid | levothyroxine,all,True,False,xgb_ranker,xgb_ranker,verified_742,300,132,132,258,0,0,0,0.4,0.6666666666666666,1.0,0.7653606369886218,0.3,1.0,1.0,0.9066276098484508,0.15,1.0,1.0,0.9066276098484508,1.0,1.0,1.0,1.0,0.0,0.0,0.0,1.0
verified_xgb_ranker,eval_0183,rabeprazole | aciphex | lansoprazole | esomeprazole | zantac | prevacid | dexlansoprazole | axid ar | calcium carbonate / simethicone | omeprazole / sodium bicarbonate | prilosec otc | ranitidine | sucralfate | protonix iv | zegerid | nexium 24hr | cimetidine | protonix | mylanta | nexium,aciphex | dexlansoprazole | rabeprazole | esomeprazole | lansoprazole | nexium,all,True,False,xgb_ranker,xgb_ranker,verified_742,300,109,109,245,0,0,0,0.8,0.6666666666666666,1.0,0.8687949224876581,0.5,0.8333333333333334,1.0,0.8760157235037965,0.3,1.0,1.0,0.9449092902413696,1.0,1.0,1.0,1.0,0.0,0.0,0.0,1.0
verified_xgb_ranker,eval_0187,enbrel | prednisone | doxycycline | desonide | ustekinumab | etanercept | stelara | elocon | clobetasol | flurandrenolide | cordran tape | cloderm | clocortolone | desowen | methylprednisolone | thiothixene | clobex | adalimumab | betamethasone | humira,enbrel,all,True,False,xgb_ranker,xgb_ranker,verified_742,300,164,164,300,0,0,0,0.2,1.0,1.0,1.0,0.1,1.0,1.0,1.0,0.05,1.0,1.0,1.0,1.0,1.0,1.0,1.0,0.0,0.0,0.0,1.0
verified_xgb_ranker,eval_0185,prednisone | promethazine | cyproheptadine | triamcinolone | azelastine | chlor-trimeton | carbinoxamine | phenergan | chlorpheniramine | ranitidine | epinephrine | olopatadine | tetracaine | diphenhydramine | allegra | cetirizine | fexofenadine | benadryl | zyrtec | acyclovir,promethazine | cyproheptadine,all,True,False,xgb_ranker,xgb_ranker,verified_742,300,253,300,287,0,0,0,0.4,1.0,1.0,0.6934264036172708,0.2,1.0,1.0,0.6934264036172708,0.1,1.0,1.0,0.6934264036172708,0.5,1.0,1.0,1.0,0.0,0.0,0.0,1.0
verified_xgb_ranker,eval_0190,prednisone | methylprednisolone | diclofenac | triamcinolone | doxycycline | hydrocortisone | medrol dosepak | mycophenolate mofetil | cellcept | dexamethasone | betamethasone | azathioprine | imuran | ceftriaxone | adalimumab | humira | desonide | clobetasol | pancreatin | cloderm,adalimumab | humira | infliximab | remicade,all,True,False,xgb_ranker,xgb_ranker,verified_742,300,295,299,266,0,0,0,0.0,0.0,0.0,0.0,0.0,0.0,0.0,0.0,0.1,0.5,1.0,0.1931017033607333,0.06666666666666667,1.0,1.0,1.0,0.0,0.0,0.0,1.0
verified_xgb_ranker,eval_0184,amitriptyline | venlafaxine | doxycycline | spironolactone | elavil | azithromycin | sulfamethoxazole / trimethoprim | ceftriaxone | clonazepam | klonopin | propranolol | bactrim | rizatriptan | memantine | augmentin xr | cephalexin | magnesium oxide | doryx | sodium bicarbonate | treximet,amitriptyline | venlafaxine | elavil | azithromycin,all,True,False,xgb_ranker,xgb_ranker,verified_742,300,276,300,191,0,0,0,0.6,0.75,1.0,0.8028284904717232,0.4,1.0,1.0,0.90830663032508,0.2,1.0,1.0,0.90830663032508,1.0,1.0,1.0,1.0,0.0,0.0,0.0,1.0
verified_xgb_ranker,eval_0178,doxycycline | prednisone | azithromycin | dapsone | metronidazole | rocephin | sulfamethoxazole / trimethoprim | ceftriaxone | lansoprazole | clindamycin | zyvox | linezolid | fluconazole | minocycline | zithromax | tobramycin | neupogen | filgrastim | cefotaxime | oxymetholone,doxycycline | azithromycin,all,True,False,xgb_ranker,xgb_ranker,verified_742,300,132,132,222,0,0,0,0.4,1.0,1.0,0.9197207891481876,0.2,1.0,1.0,0.9197207891481876,0.1,1.0,1.0,0.9197207891481876,1.0,1.0,1.0,1.0,0.0,0.0,0.0,1.0
verified_xgb_ranker,eval_0188,"tenofovir | viread | peginterferon alfa-2a | lamivudine | epivir-hbv | adefovir | diphtheria and tetanus toxoids / pertussis, acellular / poliovirus vaccine, inactivated / haemophilus b conjugate / hepatitis b vaccine | diphtheria toxoid / hepatitis b pediatric vaccine / pertussis, acellular / poliovirus vaccine, inactivated / tetanus toxoid | interferon alfa-2b | tenofovir alafenamide | peginterferon alfa-2b | entecavir | hepatitis a adult vaccine / hepatitis b adult vaccine | hepatitis b adult vaccine | hepatitis b immune globulin | hepatitis b pediatric vaccine | elocon | prednisone | clobetasol | methylprednisolone",tenofovir | peginterferon alfa-2a | viread,all,True,False,xgb_ranker,xgb_ranker,verified_742,300,16,16,300,0,0,0,0.6,1.0,1.0,1.0,0.3,1.0,1.0,1.0,0.15,1.0,1.0,1.0,1.0,1.0,1.0,1.0,0.0,0.0,0.0,1.0
verified_xgb_ranker,eval_0201,clonidine | catapres | terazosin | hytrin | aluminum chloride hexahydrate | drysol | hypercare | gabapentin | amitriptyline | botox | onabotulinumtoxina | xerac ac | benztropine | oxybutynin | pima | tapazole | potassium iodide | methimazole | iodine / potassium iodide | sodium iodide-i-131,clonidine | catapres,all,True,False,xgb_ranker,xgb_ranker,verified_742,300,22,22,300,0,0,0,0.4,1.0,1.0,1.0,0.2,1.0,1.0,1.0,0.1,1.0,1.0,1.0,1.0,1.0,1.0,1.0,0.0,0.0,0.0,1.0
verified_xgb_ranker,eval_0199,doxycycline | triamcinolone | prednisone | methylprednisolone | naproxen | minocycline | phentermine | adipex-p | kenalog-40 | hydrocortisone | sulfamethoxazole / trimethoprim | ibuprofen | saxenda | diethylpropion | bactrim | belviq | lorcaserin | qsymia | aleve | avelox,triamcinolone | naproxen,all,True,False,xgb_ranker,xgb_ranker,verified_742,300,25,25,298,0,0,0,0.4,1.0,1.0,0.5683945997718942,0.2,1.0,1.0,0.5683945997718942,0.1,1.0,1.0,0.5683945997718942,0.5,1.0,1.0,1.0,0.0,0.0,0.0,1.0
verified_xgb_ranker,eval_0195,prednisone | lansoprazole | methylprednisolone | triamcinolone | ranitidine | budesonide | cimetidine | omeprazole | pantoprazole | famotidine | dexamethasone | doxycycline | ciprofloxacin | azithromycin | levofloxacin | aluminum hydroxide / magnesium hydroxide / simethicone | benzocaine | acyclovir | tussionex pennkinetic | semprex-d,lansoprazole | ranitidine | omeprazole,all,True,False,xgb_ranker,xgb_ranker,verified_742,300,234,300,300,0,0,0,0.4,0.6666666666666666,1.0,0.4525013125720028,0.3,1.0,1.0,0.613103463520543,0.15,1.0,1.0,0.613103463520543,0.5,1.0,1.0,1.0,0.0,0.0,0.0,1.0
verified_xgb_ranker,eval_0192,isotretinoin | accutane | adapalene / benzoyl peroxide | tretinoin | benzoyl peroxide / clindamycin | claravis | magnesium hydroxide | epiduo | doxycycline | benzaclin | spironolactone | duac | phillips' milk of magnesia | sulfamethoxazole / trimethoprim | dapsone | aczone | clindamycin / tretinoin | retin-a | bactrim | onexton,isotretinoin | accutane | adapalene / benzoyl peroxide,all,True,False,xgb_ranker,xgb_ranker,verified_742,300,273,273,300,0,0,0,0.6,1.0,1.0,0.9049765583210164,0.3,1.0,1.0,0.9049765583210164,0.15,1.0,1.0,0.9049765583210164,1.0,1.0,1.0,1.0,0.0,0.0,0.0,1.0
verified_xgb_ranker,eval_0186,propranolol | tadalafil | sildenafil | dextroamphetamine | dexedrine | azor | spironolactone | clonidine | modafinil | amlodipine / olmesartan | cartia xt | amlodipine / hydrochlorothiazide / valsartan | avalide | exforge hct | verapamil | armodafinil | travoprost | hydrochlorothiazide / irbesartan | provigil | cardizem,propranolol,all,True,False,xgb_ranker,xgb_ranker,verified_742,300,275,275,230,0,0,0,0.2,1.0,1.0,1.0,0.1,1.0,1.0,1.0,0.05,1.0,1.0,1.0,1.0,1.0,1.0,1.0,0.0,0.0,0.0,1.0
verified_xgb_ranker,eval_0205,thyroid desiccated | levothyroxine | armour thyroid | estradiol | premarin | cenestin | westhroid | conjugated estrogens | estropipate | doxorubicin | esterified estrogens | tirosint | calcifediol | thyquidity | rayaldee | calcitriol | synthroid | liothyronine | cytomel | nature-throid,thyroid desiccated | armour thyroid | levothyroxine,all,True,False,xgb_ranker,xgb_ranker,verified_742,87,61,61,87,0,0,0,0.6,1.0,1.0,1.0,0.3,1.0,1.0,1.0,0.15,1.0,1.0,1.0,1.0,1.0,1.0,1.0,0.0,0.0,0.0,1.0
verified_xgb_ranker,eval_0206,prednisone | doxycycline | sulfamethoxazole / trimethoprim | azithromycin | clindamycin | fluconazole | rocephin | metronidazole | ceftriaxone | zithromax | minocycline | ceftin | tobramycin | linezolid | zyvox | dapsone | flagyl | amoxil | avelox | penicillin v potassium,doxycycline | azithromycin | clindamycin,all,True,False,xgb_ranker,xgb_ranker,verified_742,300,239,239,150,0,0,0,0.6,1.0,1.0,0.6323990200260963,0.3,1.0,1.0,0.6323990200260963,0.15,1.0,1.0,0.6323990200260963,0.5,1.0,1.0,1.0,0.0,0.0,0.0,1.0
verified_xgb_ranker,eval_0179,sumatriptan | gabapentin | amitriptyline | doxycycline | promethazine | nortriptyline | prednisone | zolmitriptan | elavil | clonidine | lithium | ceftriaxone | phenergan | sulfamethoxazole / trimethoprim | lansoprazole | propranolol | clonazepam | klonopin | lorazepam | pamelor,sumatriptan | clonidine,all,True,False,xgb_ranker,xgb_ranker,verified_742,300,288,300,166,0,0,0,0.2,0.5,1.0,0.7039180890341347,0.2,1.0,1.0,0.8395700624665824,0.1,1.0,1.0,0.8395700624665824,1.0,1.0,1.0,1.0,0.0,0.0,0.0,1.0
verified_xgb_ranker,eval_0209,clonidine | gabapentin | amitriptyline | catapres | prednisone | onabotulinumtoxina | botox | hytrin | terazosin | propranolol | hypercare | aluminum chloride hexahydrate | drysol | xerac ac | verapamil | metoprolol | tadalafil | oxybutynin | tapazole | pima,clonidine | catapres,all,True,False,xgb_ranker,xgb_ranker,verified_742,300,284,293,55,0,0,0,0.4,1.0,1.0,0.8772153153380493,0.2,1.0,1.0,0.8772153153380493,0.1,1.0,1.0,0.8772153153380493,1.0,1.0,1.0,1.0,0.0,0.0,0.0,1.0
verified_xgb_ranker,eval_0204,rabeprazole | lansoprazole | esomeprazole | protonix | zantac | omeprazole / sodium bicarbonate | ranitidine | nexium | sucralfate | omeprazole | cimetidine | prednisone | pantoprazole | carafate | diclofenac | librax | methylprednisolone | clonidine | chlordiazepoxide / clidinium | atropine / hyoscyamine / phenobarbital / scopolamine,rabeprazole | esomeprazole | lansoprazole,all,True,False,xgb_ranker,xgb_ranker,verified_742,300,80,80,299,0,0,0,0.6,1.0,1.0,1.0,0.3,1.0,1.0,1.0,0.15,1.0,1.0,1.0,1.0,1.0,1.0,1.0,0.0,0.0,0.0,1.0
verified_xgb_ranker,eval_0212,promethazine | doxycycline | prednisone | hydroxyzine | phenergan | doxepin | atarax | triamcinolone | benadryl | diphenhydramine | vistaril | sulfamethoxazole / trimethoprim | cyproheptadine | lansoprazole | omalizumab | ampicillin | lorazepam | ketotifen | xolair | epipen,prednisone | promethazine | hydroxyzine | doxycycline | sulfamethoxazole / trimethoprim,all,True,False,xgb_ranker,xgb_ranker,verified_742,300,214,214,145,0,0,0,0.8,0.8,1.0,0.8706192246324784,0.4,0.8,1.0,0.8706192246324784,0.25,1.0,1.0,0.9424161458079726,1.0,1.0,1.0,1.0,0.0,0.0,0.0,1.0
verified_xgb_ranker,eval_0200,doxycycline | prednisone | minocycline | methotrexate | dexamethasone | elocon | enbrel | desonide | stelara | etanercept | clobetasol | ustekinumab | tazorac | tazarotene | sulfamethoxazole / trimethoprim | flurandrenolide | chloramphenicol | cloderm | clocortolone | cordran tape,prednisone | methotrexate | dexamethasone | enbrel | stelara,all,True,False,xgb_ranker,xgb_ranker,verified_742,300,284,300,274,0,0,0,0.6,0.6,1.0,0.41450645296545835,0.5,1.0,1.0,0.6515674921190654,0.25,1.0,1.0,0.6515674921190654,0.5,1.0,1.0,1.0,0.0,0.0,0.0,1.0
verified_xgb_ranker,eval_0196,propranolol | klonopin | clonazepam | rizatriptan | maxalt | relpax | bupropion | diclofenac | aspirin / butalbital / caffeine | sumatriptan | frovatriptan | acetaminophen / butalbital / caffeine | eletriptan | prednisone | naproxen / sumatriptan | amitriptyline | lamotrigine | treximet | gabapentin | phenelzine,lansoprazole | omeprazole | propranolol,all,True,False,xgb_ranker,xgb_ranker,verified_742,300,222,222,300,0,0,0,0.2,0.3333333333333333,1.0,0.3393978490514598,0.1,0.3333333333333333,1.0,0.3393978490514598,0.05,0.3333333333333333,1.0,0.3393978490514598,1.0,1.0,1.0,1.0,0.0,0.0,0.0,1.0
verified_xgb_ranker,eval_0216,naproxen | doxycycline | bactrim | sulfamethoxazole / trimethoprim | ibuprofen | triamcinolone | cephalexin | oxybutynin | avelox | moxifloxacin | flanax pain reliever | aleve | ditropan xl | doxy 100 | sucralfate | ciprofloxacin | naprosyn | levofloxacin | cipro | bactrim ds,naproxen,all,True,False,xgb_ranker,xgb_ranker,verified_742,300,25,25,300,0,0,0,0.2,1.0,1.0,1.0,0.1,1.0,1.0,1.0,0.05,1.0,1.0,1.0,1.0,1.0,1.0,1.0,0.0,0.0,0.0,1.0
verified_xgb_ranker,eval_0210,mupirocin | retapamulin | altabax | cefuroxime | cefadroxil | ozenoxacin | ammoniated mercury | sulconazole | aciphex | prednisone | acyclovir | abacavir / dolutegravir / lamivudine | acrivastine / pseudoephedrine | semprex-d | privine | promethazine | protonix | rabeprazole | aclidinium | amoxicillin,cefuroxime | mupirocin | retapamulin,all,True,False,xgb_ranker,xgb_ranker,verified_742,300,8,8,300,0,0,0,0.6,1.0,1.0,0.9764717729212657,0.3,1.0,1.0,0.9764717729212657,0.15,1.0,1.0,0.9764717729212657,1.0,1.0,1.0,1.0,0.0,0.0,0.0,1.0
verified_xgb_ranker,eval_0217,prednisone | triamcinolone | mometasone | dexamethasone | fluticasone | desonide | elocon | clobetasol | cloderm | flurandrenolide | clobex | cordran tape | clocortolone | methylprednisolone | tacrolimus | pimecrolimus | dupixent | betamethasone | cellcept | fluocinolone,prednisone,all,True,False,xgb_ranker,xgb_ranker,verified_742,300,49,49,260,0,0,0,0.2,1.0,1.0,1.0,0.1,1.0,1.0,1.0,0.05,1.0,1.0,1.0,1.0,1.0,1.0,1.0,0.0,0.0,0.0,1.0
verified_xgb_ranker,eval_0198,prednisone | promethazine | cyproheptadine | diphenhydramine | triamcinolone | azelastine | epinephrine | ranitidine | carbinoxamine | chlor-trimeton | phenergan | chlorpheniramine | olopatadine | tetracaine | allegra | benadryl | cetirizine | fexofenadine | zyrtec | levocetirizine,promethazine | cyproheptadine,all,True,False,xgb_ranker,xgb_ranker,verified_742,300,76,76,300,0,0,0,0.4,1.0,1.0,0.6934264036172708,0.2,1.0,1.0,0.6934264036172708,0.1,1.0,1.0,0.6934264036172708,0.5,1.0,1.0,1.0,0.0,0.0,0.0,1.0
verified_xgb_ranker,eval_0215,liraglutide | victoza | tretinoin | gabapentin | clobetasol | desmopressin | pregabalin | pramlintide | cymbalta | nortriptyline | duloxetine | chromium picolinate | byetta | humulin r u-500 (concentrated) | insulin isophane | symlin | exubera | topiramate | insulin aspart / insulin aspart protamine | novolog mix 70 / 30,liraglutide | victoza,all,True,False,xgb_ranker,xgb_ranker,verified_742,300,228,228,300,0,0,0,0.4,1.0,1.0,1.0,0.2,1.0,1.0,1.0,0.1,1.0,1.0,1.0,1.0,1.0,1.0,1.0,0.0,0.0,0.0,1.0
verified_xgb_ranker,eval_0221,isotretinoin | accutane | tretinoin | adapalene / benzoyl peroxide | benzoyl peroxide / clindamycin | claravis | magnesium hydroxide | epiduo | doxycycline | spironolactone | benzaclin | duac | phillips' milk of magnesia | sulfamethoxazole / trimethoprim | dapsone | aczone | clindamycin / tretinoin | retin-a | drospirenone / ethinyl estradiol | benzoyl peroxide / sulfur,isotretinoin | accutane | adapalene / benzoyl peroxide,all,True,False,xgb_ranker,xgb_ranker,verified_742,273,273,273,273,0,0,0,0.6,1.0,1.0,0.9764717729212657,0.3,1.0,1.0,0.9764717729212657,0.15,1.0,1.0,0.9764717729212657,1.0,1.0,1.0,1.0,0.0,0.0,0.0,1.0
verified_xgb_ranker,eval_0220,enbrel | prednisone | doxycycline | desonide | ustekinumab | etanercept | stelara | elocon | clobetasol | flurandrenolide | cordran tape | cloderm | desowen | methylprednisolone | clocortolone | thiothixene | clobex | adalimumab | betamethasone | humira,enbrel,all,True,False,xgb_ranker,xgb_ranker,verified_742,300,164,164,300,0,0,0,0.2,1.0,1.0,1.0,0.1,1.0,1.0,1.0,0.05,1.0,1.0,1.0,1.0,1.0,1.0,1.0,0.0,0.0,0.0,1.0
verified_xgb_ranker,eval_0222,diclofenac | prednisone | acetaminophen / hydrocodone | enbrel | stelara | tramadol | doxycycline | ustekinumab | etanercept | ketoprofen | indomethacin | lortab | naproxen | acetaminophen / aspirin / caffeine | norco | etodolac | cymbalta | cataflam | duloxetine | methylprednisolone,diclofenac,all,True,False,xgb_ranker,xgb_ranker,verified_742,300,255,255,300,0,0,0,0.2,1.0,1.0,1.0,0.1,1.0,1.0,1.0,0.05,1.0,1.0,1.0,1.0,1.0,1.0,1.0,0.0,0.0,0.0,1.0
verified_xgb_ranker,eval_0225,liraglutide | victoza | tretinoin | gabapentin | clobetasol | desmopressin | pramlintide | pregabalin | cymbalta | nortriptyline | duloxetine | chromium picolinate | byetta | humulin r u-500 (concentrated) | insulin isophane | exubera | topiramate | symlin | insulin aspart / insulin aspart protamine | novolog mix 70 / 30,liraglutide | victoza,all,True,False,xgb_ranker,xgb_ranker,verified_742,300,228,228,300,0,0,0,0.4,1.0,1.0,1.0,0.2,1.0,1.0,1.0,0.1,1.0,1.0,1.0,1.0,1.0,1.0,1.0,0.0,0.0,0.0,1.0
verified_xgb_ranker,eval_0219,clonidine | metoprolol | catapres | propranolol | verapamil | spironolactone | atenolol | olmesartan | benicar | nadolol | corgard | innopran xl | verelan pm | calan sr | tadalafil | tenormin | inderal | sildenafil | lisinopril | hytrin,propranolol | spironolactone | clonidine | catapres | terazosin | hytrin | benicar | olmesartan | verapamil,all,True,False,xgb_ranker,xgb_ranker,verified_742,300,287,300,291,0,0,0,0.8,0.4444444444444444,1.0,0.7860137352654724,0.7,0.7777777777777778,1.0,0.8053804535593178,0.4,0.8888888888888888,1.0,0.8439240274738011,1.0,1.0,1.0,1.0,0.0,0.0,0.0,1.0
verified_xgb_ranker,eval_0230,prednisone | doxycycline | azithromycin | sulfamethoxazole / trimethoprim | tudorza pressair | aclidinium | omalizumab | xopenex | methylprednisolone | rocephin | proventil hfa | bactrim | combivent | xolair | mometasone | medrol dosepak | roflumilast | methylprednisolone dose pack | ceftriaxone | levalbuterol,prednisone,all,True,False,xgb_ranker,xgb_ranker,verified_742,300,221,221,247,0,0,0,0.2,1.0,1.0,1.0,0.1,1.0,1.0,1.0,0.05,1.0,1.0,1.0,1.0,1.0,1.0,1.0,0.0,0.0,0.0,1.0
verified_xgb_ranker,eval_0229,doxycycline | minocycline | tazorac | tazarotene | sulfamethoxazole / trimethoprim | clindamycin | isotretinoin | dapsone | prednisone | accutane | tetracycline | erythromycin | tretinoin | benzoyl peroxide / clindamycin | adapalene / benzoyl peroxide | dexamethasone | epiduo | claravis | magnesium hydroxide | benzaclin,tazarotene | dapsone | clindamycin,all,True,False,xgb_ranker,xgb_ranker,verified_742,300,177,300,168,0,0,0,0.2,0.3333333333333333,1.0,0.2192560461704936,0.3,1.0,1.0,0.5076680764845543,0.15,1.0,1.0,0.5076680764845543,0.25,1.0,1.0,1.0,0.0,0.0,0.0,1.0
verified_xgb_ranker,eval_0235,cobicistat / elvitegravir / emtricitabine / tenofovir | stribild | atripla | efavirenz / emtricitabine / tenofovir | ondansetron | abacavir / dolutegravir / lamivudine | triumeq | emtricitabine / rilpivirine / tenofovir | complera | clonidine | epzicom | enfuvirtide | fuzeon | abacavir / lamivudine | megestrol | atazanavir | reyataz | emtricitabine / rilpivirine / tenofovir alafenamide | symtuza | odefsey,stribild | efavirenz / emtricitabine / tenofovir,all,True,False,xgb_ranker,xgb_ranker,verified_742,154,119,119,154,0,0,0,0.4,1.0,1.0,0.6509209298071326,0.2,1.0,1.0,0.6509209298071326,0.1,1.0,1.0,0.6509209298071326,0.5,1.0,1.0,1.0,0.0,0.0,0.0,1.0
verified_xgb_ranker,eval_0231,thyroid desiccated | levothyroxine | armour thyroid | estradiol | premarin | westhroid | cenestin | calcitriol | calcifediol | conjugated estrogens | estropipate | doxorubicin | tirosint | esterified estrogens | thyquidity | rayaldee | synthroid | cytomel | nature-throid | liothyronine,thyroid desiccated | armour thyroid | levothyroxine,all,True,False,xgb_ranker,xgb_ranker,verified_742,300,112,112,251,0,0,0,0.6,1.0,1.0,0.9298593499260985,0.3,1.0,1.0,0.9298593499260985,0.15,1.0,1.0,0.9298593499260985,1.0,1.0,1.0,1.0,0.0,0.0,0.0,1.0
verified_xgb_ranker,eval_0207,clobetasol | dexamethasone | prednisone | cymbalta | duloxetine | liraglutide | diclofenac | victoza | fluocinolone | gabapentin | naproxen | tretinoin | enbrel | stelara | doxycycline | zostrix | etanercept | ustekinumab | ibuprofen | capsaicin,duloxetine | cymbalta,all,True,False,xgb_ranker,xgb_ranker,verified_742,300,242,273,60,0,0,0,0.4,1.0,1.0,0.5012658353418872,0.2,1.0,1.0,0.5012658353418872,0.1,1.0,1.0,0.5012658353418872,0.25,1.0,1.0,0.0,0.0,0.0,0.0,1.0
verified_xgb_ranker,eval_0233,prednisone | methylprednisolone | adalimumab | humira | triamcinolone | hydrocortisone | infliximab | remicade | enbrel | desonide | doxycycline | dexamethasone | etanercept | ustekinumab | stelara | elocon | clobetasol | flurandrenolide | desowen | cloderm,prednisone | adalimumab | humira,all,True,False,xgb_ranker,xgb_ranker,verified_742,238,164,164,238,0,0,0,0.6,1.0,1.0,0.8132022820105483,0.3,1.0,1.0,0.8132022820105483,0.15,1.0,1.0,0.8132022820105483,1.0,1.0,1.0,1.0,0.0,0.0,0.0,1.0
verified_xgb_ranker,eval_0223,doxycycline | triamcinolone | sucralfate | ciprofloxacin | levofloxacin | librax | rabeprazole | clonidine | chlordiazepoxide / clidinium | naproxen | atropine / hyoscyamine / phenobarbital / scopolamine | ofloxacin | methylprednisolone | adalimumab | prednisone | humira | diclofenac | mesalamine | cellcept | remicade,triamcinolone | sucralfate | prednisone | adalimumab,all,True,False,xgb_ranker,xgb_ranker,verified_742,300,279,300,252,0,0,0,0.4,0.5,1.0,0.4510474610400028,0.2,0.5,1.0,0.4510474610400028,0.2,1.0,1.0,0.6163064699744302,0.5,1.0,1.0,1.0,0.0,0.0,0.0,1.0
verified_xgb_ranker,eval_0213,clonidine | catapres | hytrin | terazosin | propranolol | tadalafil | onabotulinumtoxina | botox | amitriptyline | gabapentin | hypercare | aluminum chloride hexahydrate | drysol | spironolactone | xerac ac | sildenafil | benztropine | oxybutynin | pima | potassium iodide,clonidine | catapres | terazosin | hytrin,all,True,False,xgb_ranker,xgb_ranker,verified_742,300,168,168,186,0,0,0,0.8,1.0,1.0,1.0,0.4,1.0,1.0,1.0,0.2,1.0,1.0,1.0,1.0,1.0,1.0,1.0,0.0,0.0,0.0,1.0
verified_xgb_ranker,eval_0218,doxycycline | prednisone | azithromycin | dapsone | metronidazole | rocephin | sulfamethoxazole / trimethoprim | ceftriaxone | lansoprazole | clindamycin | minocycline | zithromax | zyvox | linezolid | fluconazole | tobramycin | filgrastim | neupogen | integra | gentamicin,doxycycline | azithromycin,all,True,False,xgb_ranker,xgb_ranker,verified_742,300,132,132,300,0,0,0,0.4,1.0,1.0,0.9197207891481876,0.2,1.0,1.0,0.9197207891481876,0.1,1.0,1.0,0.9197207891481876,1.0,1.0,1.0,1.0,0.0,0.0,0.0,1.0
verified_xgb_ranker,eval_0242,thyroid desiccated | levothyroxine | armour thyroid | estradiol | westhroid | cenestin | premarin | calcitriol | calcifediol | conjugated estrogens | estropipate | doxorubicin | esterified estrogens | tirosint | rayaldee | thyquidity | synthroid | liothyronine | nature-throid | cytomel,thyroid desiccated | armour thyroid | levothyroxine,all,True,False,xgb_ranker,xgb_ranker,verified_742,300,243,251,117,0,0,0,0.6,1.0,1.0,1.0,0.3,1.0,1.0,1.0,0.15,1.0,1.0,1.0,1.0,1.0,1.0,1.0,0.0,0.0,0.0,1.0
verified_xgb_ranker,eval_0241,onabotulinumtoxina | baclofen | botox | lioresal | ativan | lorazepam | propranolol | klonopin | clonazepam | rizatriptan | abobotulinumtoxina | dysport | gabapentin | naproxen / sumatriptan | treximet | lamotrigine | amitriptyline | relpax | maxalt | eletriptan,baclofen | onabotulinumtoxina | botox | lioresal | propranolol,all,True,False,xgb_ranker,xgb_ranker,verified_742,300,187,187,141,0,0,0,0.8,0.8,1.0,0.8250296505916044,0.5,1.0,1.0,0.9495960351419795,0.25,1.0,1.0,0.9495960351419795,1.0,1.0,1.0,1.0,0.0,0.0,0.0,1.0
verified_xgb_ranker,eval_0237,doxycycline | bactrim | sulfamethoxazole / trimethoprim | azithromycin | acidophilus | fluconazole | rocephin | methenamine | ceftriaxone | minocycline | ceftin | cephalexin | lactobacillus acidophilus | linezolid | zyvox | hiprex | doripenem | gentamicin | itraconazole | amoxil,sulfamethoxazole / trimethoprim | bactrim | fluconazole,all,True,False,xgb_ranker,xgb_ranker,verified_742,300,287,287,221,0,0,0,0.4,0.6666666666666666,1.0,0.5307212739772436,0.3,1.0,1.0,0.6978817289434458,0.15,1.0,1.0,0.6978817289434458,0.5,1.0,1.0,1.0,0.0,0.0,0.0,1.0
verified_xgb_ranker,eval_0244,doxycycline | prednisone | hydroxychloroquine | depakote er | lithium | methylprednisolone | ceftriaxone | doxy 100 | divalproex sodium | depakote | aspirin | medrol dosepak | cyproheptadine | triamcinolone | clindamycin | allopurinol | kenalog-40 | chlorpromazine | klonopin | propranolol,doxycycline | prednisone | methylprednisolone | hydroxychloroquine | doxy 100 | deltasone | diclofenac | naproxen,all,True,False,xgb_ranker,xgb_ranker,verified_742,300,247,258,90,0,0,0,0.6,0.375,1.0,0.7227265726449517,0.5,0.625,1.0,0.7499205241334732,0.25,0.625,1.0,0.7499205241334732,1.0,1.0,1.0,1.0,0.0,0.0,0.0,1.0
verified_xgb_ranker,eval_0252,clonazepam | propranolol | klonopin | rizatriptan | prednisone | relpax | maxalt | naproxen | acetaminophen / aspirin / caffeine | sumatriptan | diclofenac | aspirin / butalbital / caffeine | bupropion | acetaminophen / butalbital / caffeine | eletriptan | frovatriptan | fioricet | phenelzine | amitriptyline | gabapentin,gabapentin | propranolol,all,True,False,xgb_ranker,xgb_ranker,verified_742,300,179,179,300,0,0,0,0.2,0.5,1.0,0.44412286644879784,0.1,0.5,1.0,0.44412286644879784,0.1,1.0,1.0,0.550963670710588,0.5,1.0,1.0,1.0,0.0,0.0,0.0,1.0
verified_xgb_ranker,eval_0227,"azithromycin | ceftriaxone | ampicillin | ciprofloxacin | cipro | typhoid vaccine, inactivated | typhoid vaccine, live | aspirin / butalbital / caffeine | bupropion | acetaminophen / butalbital / caffeine | amitriptyline | acyclovir | amphetamine / dextroamphetamine | aspirin / butalbital / caffeine / codeine | acrivastine / pseudoephedrine | azor | almotriptan | caffeine / ergotamine | amlodipine / olmesartan | acetaminophen / dichloralphenazone / isometheptene mucate",ceftriaxone | ciprofloxacin,all,True,False,xgb_ranker,xgb_ranker,verified_742,300,7,7,300,0,0,0,0.4,1.0,1.0,0.5992429307166866,0.2,1.0,1.0,0.5992429307166866,0.1,1.0,1.0,0.5992429307166866,0.5,1.0,1.0,1.0,0.0,0.0,0.0,1.0
verified_xgb_ranker,eval_0232,prednisone | promethazine | cyproheptadine | omalizumab | diphenhydramine | ketotifen | xolair | triamcinolone | azelastine | doxepin | patanol | hydroxyzine | epinephrine | epipen | ranitidine | aristocort | zaditor | alavert | carbinoxamine | chlor-trimeton,prednisone | promethazine,all,True,False,xgb_ranker,xgb_ranker,verified_742,300,76,76,300,0,0,0,0.4,1.0,1.0,0.9134015924715543,0.2,1.0,1.0,0.9134015924715543,0.1,1.0,1.0,0.9134015924715543,1.0,1.0,1.0,1.0,0.0,0.0,0.0,1.0
verified_xgb_ranker,eval_0257,rabeprazole | lansoprazole | esomeprazole | protonix | zantac | omeprazole / sodium bicarbonate | ranitidine | nexium | sucralfate | omeprazole | cimetidine | pantoprazole | carafate | prednisone | diclofenac | librax | methylprednisolone | chlordiazepoxide / clidinium | clonidine | adalimumab,rabeprazole | esomeprazole | lansoprazole,all,True,False,xgb_ranker,xgb_ranker,verified_742,300,80,80,300,0,0,0,0.6,1.0,1.0,1.0,0.3,1.0,1.0,1.0,0.15,1.0,1.0,1.0,1.0,1.0,1.0,1.0,0.0,0.0,0.0,1.0
verified_xgb_ranker,eval_0251,doxycycline | naproxen | oxybutynin | prednisone | enbrel | stelara | methylprednisolone | ibuprofen | ustekinumab | etanercept | adalimumab | betamethasone | humira | triamcinolone | flanax pain reliever | kenalog-10 | minocycline | clonidine | drysol | amitriptyline,prednisone | enbrel | naproxen | triamcinolone | ibuprofen,all,True,False,xgb_ranker,xgb_ranker,verified_742,300,287,287,234,0,0,0,0.6,0.6,1.0,0.48764012507368176,0.4,0.8,1.0,0.6055290825351652,0.25,1.0,1.0,0.6692966140295932,0.5,1.0,1.0,1.0,0.0,0.0,0.0,1.0
verified_xgb_ranker,eval_0249,prednisone | doxycycline | aciphex | lansoprazole | minocycline | rabeprazole | moxifloxacin | calcium carbonate / simethicone | gentamicin | axid ar | prevacid | prilosec otc | nexium 24hr | dexamethasone | ciprofloxacin | aluminum hydroxide / magnesium hydroxide / simethicone | dexlansoprazole | levofloxacin | triamcinolone | omeprazole / sodium bicarbonate,doxycycline,all,True,False,xgb_ranker,xgb_ranker,verified_742,300,230,230,209,0,0,0,0.2,1.0,1.0,0.6309297535714575,0.1,1.0,1.0,0.6309297535714575,0.05,1.0,1.0,0.6309297535714575,0.5,1.0,1.0,1.0,0.0,0.0,0.0,1.0
verified_xgb_ranker,eval_0246,thyroid desiccated | hypercare | aluminum chloride hexahydrate | amitriptyline | gabapentin | drysol | clonidine | catapres | levothyroxine | westhroid | xerac ac | armour thyroid | cenestin | botox | premarin | estradiol | onabotulinumtoxina | estropipate | oxybutynin | conjugated estrogens,thyroid desiccated | armour thyroid | levothyroxine,all,True,False,xgb_ranker,xgb_ranker,verified_742,300,289,126,84,0,0,0,0.2,0.3333333333333333,1.0,0.4692787260227565,0.2,0.6666666666666666,1.0,0.6105456988825856,0.15,1.0,1.0,0.7373627157149791,1.0,1.0,1.0,1.0,0.0,0.0,0.0,1.0
verified_xgb_ranker,eval_0260,naproxen | doxycycline | bactrim | sulfamethoxazole / trimethoprim | triamcinolone | ibuprofen | cephalexin | avelox | moxifloxacin | oxybutynin | aleve | ditropan xl | flanax pain reliever | doxy 100 | sucralfate | ciprofloxacin | naprosyn | levofloxacin | cipro | levaquin,naproxen,all,True,False,xgb_ranker,xgb_ranker,verified_742,273,25,25,273,0,0,0,0.2,1.0,1.0,1.0,0.1,1.0,1.0,1.0,0.05,1.0,1.0,1.0,1.0,1.0,1.0,1.0,0.0,0.0,0.0,1.0
verified_xgb_ranker,eval_0250,doxycycline | prednisone | acyclovir | amitriptyline | gabapentin | valacyclovir | valtrex | ceftriaxone | sulfamethoxazole / trimethoprim | nortriptyline | promethazine | foscarnet | zolmitriptan | elavil | sumatriptan | klonopin | clonazepam | propranolol | lorazepam | clonidine,valacyclovir | valtrex | acyclovir,all,True,False,xgb_ranker,xgb_ranker,verified_742,300,284,288,75,0,0,0,0.2,0.3333333333333333,1.0,0.23463936301137825,0.3,1.0,1.0,0.5582260599851661,0.15,1.0,1.0,0.5582260599851661,0.3333333333333333,1.0,1.0,1.0,0.0,0.0,0.0,1.0
verified_xgb_ranker,eval_0261,enbrel | prednisone | doxycycline | desonide | ustekinumab | etanercept | stelara | elocon | clobetasol | flurandrenolide | cordran tape | cloderm | clocortolone | desowen | methylprednisolone | thiothixene | clobex | adalimumab | mometasone | betamethasone,enbrel,all,True,False,xgb_ranker,xgb_ranker,verified_742,164,164,164,164,0,0,0,0.2,1.0,1.0,1.0,0.1,1.0,1.0,1.0,0.05,1.0,1.0,1.0,1.0,1.0,1.0,1.0,0.0,0.0,0.0,1.0
verified_xgb_ranker,eval_0264,prednisone | methylprednisolone | triamcinolone | diclofenac | adalimumab | hydrocortisone | humira | mycophenolate mofetil | cellcept | remicade | dexamethasone | infliximab | doxycycline | betamethasone | simponi | golimumab | azathioprine | sucralfate | librax | rabeprazole,adalimumab | humira | infliximab | remicade,all,True,False,xgb_ranker,xgb_ranker,verified_742,300,290,300,252,0,0,0,0.2,0.25,1.0,0.15101961822780524,0.3,0.75,1.0,0.39399144290744104,0.2,1.0,1.0,0.49948702714255144,0.2,1.0,1.0,1.0,0.0,0.0,0.0,1.0
verified_xgb_ranker,eval_0268,prednisone | triamcinolone | aristocort | corticotropin | prednisolone | deltasone | acthar | lotemax | loteprednol | promethazine | omalizumab | cyproheptadine | ketotifen | xolair | epipen | chlorpheniramine | ketorolac | chlor-trimeton | phenergan | diphenhydramine,prednisone | triamcinolone | prednisolone | loteprednol | lotemax,all,True,False,xgb_ranker,xgb_ranker,verified_742,300,281,300,281,0,0,0,0.6,0.6,1.0,0.5360848314498015,0.5,1.0,1.0,0.7817705333235861,0.25,1.0,1.0,0.7817705333235861,1.0,1.0,1.0,1.0,0.0,0.0,0.0,1.0
verified_xgb_ranker,eval_0267,doxycycline | bactrim | sulfamethoxazole / trimethoprim | accutane | clindamycin | minocycline | adapalene / benzoyl peroxide | prednisone | cephalexin | benzoyl peroxide / clindamycin | mupirocin | cefuroxime | cefadroxil | azithromycin | benzaclin | spironolactone | keflex | doxy 100 | nystatin / triamcinolone | metronidazole,isotretinoin | accutane | adapalene / benzoyl peroxide | doxycycline | cefuroxime | mupirocin | retapamulin,all,True,False,xgb_ranker,xgb_ranker,verified_742,300,262,300,179,0,0,0,0.4,0.2857142857142857,1.0,0.48522855511632257,0.3,0.42857142857142855,1.0,0.5175853300457784,0.25,0.7142857142857143,1.0,0.6522922350239417,1.0,1.0,1.0,1.0,0.0,0.0,0.0,1.0
verified_xgb_ranker,eval_0253,prednisone | enbrel | elocon | doxycycline | desonide | stelara | clobetasol | ustekinumab | etanercept | flurandrenolide | cordran tape | clocortolone | cloderm | desowen | methylprednisolone | thiothixene | clobex | adalimumab | humira | mometasone,prednisone | enbrel,all,True,False,xgb_ranker,xgb_ranker,verified_742,164,164,164,164,0,0,0,0.4,1.0,1.0,0.9134015924715543,0.2,1.0,1.0,0.9134015924715543,0.1,1.0,1.0,0.9134015924715543,1.0,1.0,1.0,1.0,0.0,0.0,0.0,1.0
verified_xgb_ranker,eval_0276,prednisone | doxycycline | azithromycin | sulfamethoxazole / trimethoprim | methylprednisolone | rocephin | mometasone | ceftriaxone | bactrim | medrol dosepak | zithromax | triamcinolone | flunisolide | epinephrine | omalizumab | xopenex | augmentin xr | kenalog-40 | budesonide | aclidinium,prednisone,all,True,False,xgb_ranker,xgb_ranker,verified_742,300,221,221,300,0,0,0,0.2,1.0,1.0,1.0,0.1,1.0,1.0,1.0,0.05,1.0,1.0,1.0,1.0,1.0,1.0,1.0,0.0,0.0,0.0,1.0
verified_xgb_ranker,eval_0277,liraglutide | victoza | tretinoin | gabapentin | clobetasol | desmopressin | pregabalin | pramlintide | cymbalta | nortriptyline | duloxetine | chromium picolinate | byetta | humulin r u-500 (concentrated) | insulin isophane | symlin | topiramate | exubera | novolog mix 70 / 30 | ddavp,liraglutide | victoza,all,True,False,xgb_ranker,xgb_ranker,verified_742,300,228,228,300,0,0,0,0.4,1.0,1.0,1.0,0.2,1.0,1.0,1.0,0.1,1.0,1.0,1.0,1.0,1.0,1.0,1.0,0.0,0.0,0.0,1.0
verified_xgb_ranker,eval_0272,prednisone | methylprednisolone | tacrolimus | pimecrolimus | desonide | cloderm | flurandrenolide | triamcinolone | elocon | clobex | clobetasol | dupixent | betamethasone | medrol dosepak | cordran tape | hydrocortisone | clocortolone | cellcept | fluocinolone | mycophenolate mofetil,budesonide,all,True,False,xgb_ranker,xgb_ranker,verified_742,300,126,126,273,0,0,0,0.0,0.0,0.0,0.0,0.0,0.0,0.0,0.0,0.0,0.0,0.0,0.0,0.0,1.0,1.0,1.0,0.0,0.0,0.0,1.0
verified_xgb_ranker,eval_0262,diclofenac | prednisone | enbrel | acetaminophen / hydrocodone | tramadol | stelara | doxycycline | ustekinumab | etanercept | ketoprofen | indomethacin | lortab | naproxen | acetaminophen / aspirin / caffeine | norco | etodolac | cymbalta | cataflam | duloxetine | methylprednisolone,diclofenac | tramadol | acetaminophen / hydrocodone,all,True,False,xgb_ranker,xgb_ranker,verified_742,273,255,255,273,0,0,0,0.6,1.0,1.0,0.8808784659346812,0.3,1.0,1.0,0.8808784659346812,0.15,1.0,1.0,0.8808784659346812,1.0,1.0,1.0,1.0,0.0,0.0,0.0,1.0
verified_xgb_ranker,eval_0275,doxycycline | spironolactone | amitriptyline | venlafaxine | sulfamethoxazole / trimethoprim | azithromycin | phosphorated carbohydrate solution | rocephin | acidophilus | bactrim | abilify | ceftriaxone | methenamine | elavil | hyoscyamine / methenamine / methylene blue / sodium biphosphate | minocycline | pentosan polysulfate sodium | hydroxyzine | lactobacillus acidophilus | fluconazole,doxycycline,all,True,False,xgb_ranker,xgb_ranker,verified_742,172,172,172,172,0,0,0,0.2,1.0,1.0,1.0,0.1,1.0,1.0,1.0,0.05,1.0,1.0,1.0,1.0,1.0,1.0,1.0,0.0,0.0,0.0,1.0
verified_xgb_ranker,eval_0271,liraglutide | tretinoin | victoza | gabapentin | clobetasol | desmopressin | pregabalin | pramlintide | cymbalta | duloxetine | nortriptyline | humulin r u-500 (concentrated) | chromium picolinate | byetta | insulin isophane | symlin | topiramate | exubera | ddavp | insulin aspart / insulin aspart protamine,tretinoin | doxycycline | spironolactone | liraglutide | victoza,all,True,False,xgb_ranker,xgb_ranker,verified_742,300,258,300,243,0,0,0,0.6,0.6,1.0,0.7094167412232986,0.3,0.6,1.0,0.7094167412232986,0.15,0.6,1.0,0.7094167412232986,1.0,1.0,1.0,1.0,0.0,0.0,0.0,1.0
verified_xgb_ranker,eval_0279,prednisone | promethazine | cyproheptadine | triamcinolone | azelastine | phenergan | chlor-trimeton | chlorpheniramine | epinephrine | carbinoxamine | ranitidine | olopatadine | diphenhydramine | allegra | tetracaine | cetirizine | fexofenadine | benadryl | zyrtec | omalizumab,prednisone | promethazine | cyproheptadine | triamcinolone | azelastine | phenergan,all,True,False,xgb_ranker,xgb_ranker,verified_742,300,300,300,242,0,0,0,1.0,0.8333333333333334,1.0,1.0,0.6,1.0,1.0,1.0,0.3,1.0,1.0,1.0,1.0,1.0,1.0,1.0,0.0,0.0,0.0,1.0
verified_xgb_ranker,eval_0284,prednisone | doxycycline | azithromycin | sulfamethoxazole / trimethoprim | rocephin | ceftriaxone | zithromax | ceftin | avelox | moxifloxacin | amoxicillin | methylprednisolone | omalizumab | xopenex | amoxil | aclidinium | tudorza pressair | amoxicillin / clavulanate | mometasone | xolair,doxycycline | azithromycin | prednisone | sulfamethoxazole / trimethoprim | ceftriaxone,all,True,False,xgb_ranker,xgb_ranker,verified_742,300,281,300,253,0,0,0,0.8,0.8,1.0,0.8798281568540702,0.5,1.0,1.0,0.9744653459998296,0.25,1.0,1.0,0.9744653459998296,1.0,1.0,1.0,1.0,0.0,0.0,0.0,1.0
verified_xgb_ranker,eval_0281,doxycycline | prednisone | azithromycin | dapsone | metronidazole | rocephin | sulfamethoxazole / trimethoprim | ceftriaxone | lansoprazole | clindamycin | minocycline | zithromax | zyvox | linezolid | fluconazole | tobramycin | neupogen | filgrastim | lefamulin | xenleta,doxycycline | azithromycin,all,True,False,xgb_ranker,xgb_ranker,verified_742,300,132,132,300,0,0,0,0.4,1.0,1.0,0.8212377705398237,0.2,1.0,1.0,0.8212377705398237,0.1,1.0,1.0,0.8212377705398237,1.0,1.0,1.0,1.0,0.0,0.0,0.0,1.0
verified_xgb_ranker,eval_0269,liraglutide | victoza | tretinoin | gabapentin | clobetasol | desmopressin | pramlintide | pregabalin | cymbalta | duloxetine | nortriptyline | byetta | chromium picolinate | humulin r u-500 (concentrated) | insulin isophane | exubera | topiramate | symlin | novolog mix 70 / 30 | ddavp,liraglutide | victoza,all,True,False,xgb_ranker,xgb_ranker,verified_742,300,228,228,300,0,0,0,0.4,1.0,1.0,1.0,0.2,1.0,1.0,1.0,0.1,1.0,1.0,1.0,1.0,1.0,1.0,1.0,0.0,0.0,0.0,1.0
verified_xgb_ranker,eval_0270,mupirocin | retapamulin | altabax | cefuroxime | cefadroxil | sulconazole | ozenoxacin | ammoniated mercury | aciphex | prednisone | acyclovir | acrivastine / pseudoephedrine | abacavir / dolutegravir / lamivudine | semprex-d | privine | promethazine | rabeprazole | protonix | aclidinium | allegra-d 12 hour,cefuroxime | mupirocin | retapamulin,all,True,False,xgb_ranker,xgb_ranker,verified_742,300,8,8,300,0,0,0,0.6,1.0,1.0,0.9764717729212657,0.3,1.0,1.0,0.9764717729212657,0.15,1.0,1.0,0.9764717729212657,1.0,1.0,1.0,1.0,0.0,0.0,0.0,1.0
verified_xgb_ranker,eval_0280,doxycycline | bactrim | sulfamethoxazole / trimethoprim | clindamycin | minocycline | cephalexin | keflex | doxy 100 | isotretinoin | bactrim ds | septra | vibramycin | accutane | benzoyl peroxide / clindamycin | tretinoin | adapalene / benzoyl peroxide | septra ds | prednisone | magnesium hydroxide | claravis,doxycycline | clindamycin | minocycline,all,True,False,xgb_ranker,xgb_ranker,verified_742,300,180,300,293,0,0,0,0.6,1.0,1.0,0.8529278650606569,0.3,1.0,1.0,0.8529278650606569,0.15,1.0,1.0,0.8529278650606569,1.0,1.0,1.0,1.0,0.0,0.0,0.0,1.0
verified_xgb_ranker,eval_0287,lorazepam | ativan | cholestyramine | doxycycline | promethazine | aprepitant | alosetron | dramamine | emend | dimenhydrinate | zofran | ondansetron | opium | sumatriptan | amitriptyline | gabapentin | lotronex | nortriptyline | loperamide | phosphorated carbohydrate solution,onabotulinumtoxina | gabapentin | amitriptyline,all,True,False,xgb_ranker,xgb_ranker,verified_742,265,155,147,257,0,0,0,0.0,0.0,0.0,0.0,0.0,0.0,0.0,0.0,0.1,0.6666666666666666,1.0,0.23212897623170692,0.06666666666666667,1.0,1.0,1.0,0.0,0.0,0.0,1.0
verified_xgb_ranker,eval_0273,propranolol | clonidine | metoprolol | verapamil | catapres | atenolol | olmesartan | benicar | nadolol | corgard | innopran xl | spironolactone | verelan pm | calan sr | tenormin | inderal | klonopin | clonazepam | lisinopril | rizatriptan,propranolol | clonidine,all,True,False,xgb_ranker,xgb_ranker,verified_742,300,244,269,157,0,0,0,0.4,1.0,1.0,1.0,0.2,1.0,1.0,1.0,0.1,1.0,1.0,1.0,1.0,1.0,1.0,1.0,0.0,0.0,0.0,1.0
verified_xgb_ranker,eval_0292,diclofenac | prednisone | enbrel | acetaminophen / hydrocodone | tramadol | stelara | doxycycline | ustekinumab | etanercept | ketoprofen | indomethacin | lortab | naproxen | acetaminophen / aspirin / caffeine | norco | cataflam | cymbalta | duloxetine | methylprednisolone | etodolac,diclofenac,all,True,False,xgb_ranker,xgb_ranker,verified_742,255,255,255,255,0,0,0,0.2,1.0,1.0,1.0,0.1,1.0,1.0,1.0,0.05,1.0,1.0,1.0,1.0,1.0,1.0,1.0,0.0,0.0,0.0,1.0
verified_xgb_ranker,eval_0278,doxycycline | azithromycin | bactrim | acidophilus | sulfamethoxazole / trimethoprim | rocephin | methenamine | ceftriaxone | fluconazole | minocycline | ceftin | lactobacillus acidophilus | cephalexin | linezolid | hiprex | zyvox | itraconazole | amoxil | avelox | amoxicillin,doxycycline | azithromycin | bactrim | fluconazole,all,True,False,xgb_ranker,xgb_ranker,verified_742,300,287,287,221,0,0,0,0.6,0.75,1.0,0.7050280022903347,0.4,1.0,1.0,0.8387370561719669,0.2,1.0,1.0,0.8387370561719669,1.0,1.0,1.0,1.0,0.0,0.0,0.0,1.0
verified_xgb_ranker,eval_0297,aciphex | rabeprazole | prevacid | axid ar | lansoprazole | calcium carbonate / simethicone | dexlansoprazole | esomeprazole | prilosec otc | nexium 24hr | zantac | omeprazole / sodium bicarbonate | zegerid | aluminum hydroxide / magnesium hydroxide / simethicone | protonix iv | protonix | ranitidine | mylanta | axid | pepcid ac chewable tablets,aciphex | dexlansoprazole | rabeprazole,all,True,False,xgb_ranker,xgb_ranker,verified_742,222,45,45,222,0,0,0,0.4,0.6666666666666666,1.0,0.7653606369886218,0.3,1.0,1.0,0.9217868789962073,0.15,1.0,1.0,0.9217868789962073,1.0,1.0,1.0,1.0,0.0,0.0,0.0,1.0
verified_xgb_ranker,eval_0296,enbrel | prednisone | doxycycline | desonide | ustekinumab | etanercept | stelara | elocon | clobetasol | flurandrenolide | cordran tape | cloderm | clocortolone | desowen | methylprednisolone | thiothixene | clobex | adalimumab | mometasone | betamethasone,prednisone | enbrel,all,True,False,xgb_ranker,xgb_ranker,verified_742,164,164,164,164,0,0,0,0.4,1.0,1.0,1.0,0.2,1.0,1.0,1.0,0.1,1.0,1.0,1.0,1.0,1.0,1.0,1.0,0.0,0.0,0.0,1.0
verified_xgb_ranker,eval_0291,doxycycline | cholestyramine | gabapentin | amitriptyline | lorazepam | ativan | sumatriptan | ondansetron | zofran | opium | dimenhydrinate | aprepitant | promethazine | dramamine | alosetron | emend | sulfamethoxazole / trimethoprim | ceftriaxone | lotronex | lansoprazole,doxycycline,all,True,False,xgb_ranker,xgb_ranker,verified_742,300,145,145,300,0,0,0,0.2,1.0,1.0,1.0,0.1,1.0,1.0,1.0,0.05,1.0,1.0,1.0,1.0,1.0,1.0,1.0,0.0,0.0,0.0,1.0
verified_xgb_ranker,eval_0290,prednisone | doxycycline | azithromycin | sulfamethoxazole / trimethoprim | aclidinium | tudorza pressair | omalizumab | xopenex | methylprednisolone | rocephin | proventil hfa | combivent | bactrim | xolair | mometasone | medrol dosepak | roflumilast | methylprednisolone dose pack | ceftriaxone | levalbuterol,prednisone,all,True,False,xgb_ranker,xgb_ranker,verified_742,300,221,221,300,0,0,0,0.2,1.0,1.0,1.0,0.1,1.0,1.0,1.0,0.05,1.0,1.0,1.0,1.0,1.0,1.0,1.0,0.0,0.0,0.0,1.0
verified_xgb_ranker,eval_0300,prednisone | diclofenac | methylprednisolone | adalimumab | humira | triamcinolone | hydrocortisone | remicade | mycophenolate mofetil | infliximab | cellcept | enbrel | acetaminophen / hydrocodone | stelara | tramadol | doxycycline | ustekinumab | etanercept | simponi | golimumab,adalimumab | humira,all,True,False,xgb_ranker,xgb_ranker,verified_742,300,289,259,259,0,0,0,0.4,1.0,1.0,0.5012658353418872,0.2,1.0,1.0,0.5012658353418872,0.1,1.0,1.0,0.5012658353418872,0.25,1.0,1.0,1.0,0.0,0.0,0.0,1.0
verified_xgb_ranker,eval_0294,doxycycline | prednisone | azithromycin | dapsone | metronidazole | rocephin | sulfamethoxazole / trimethoprim | ceftriaxone | lansoprazole | clindamycin | linezolid | zyvox | zithromax | minocycline | fluconazole | filgrastim | neupogen | tobramycin | pyrimethamine | vancocin hcl,doxycycline | azithromycin,all,True,False,xgb_ranker,xgb_ranker,verified_742,300,132,132,300,0,0,0,0.4,1.0,1.0,0.8212377705398237,0.2,1.0,1.0,0.8212377705398237,0.1,1.0,1.0,0.8212377705398237,1.0,1.0,1.0,1.0,0.0,0.0,0.0,1.0
verified_xgb_ranker,eval_0293,doxycycline | thorazine | chlorpromazine | lithium | depakote er | promethazine | clindamycin | allopurinol | divalproex sodium | coartem | artemether / lumefantrine | ceftriaxone | depakote | phenergan | hydroxychloroquine | sulfamethoxazole / trimethoprim | halofantrine | pyrimethamine | daraprim | pyrimethamine / sulfadoxine,doxycycline | sulfamethoxazole / trimethoprim,all,True,False,xgb_ranker,xgb_ranker,verified_742,300,174,174,300,0,0,0,0.2,0.5,1.0,0.7039180890341347,0.1,0.5,1.0,0.7039180890341347,0.1,1.0,1.0,0.8187273837601525,1.0,1.0,1.0,1.0,0.0,0.0,0.0,1.0
verified_xgb_ranker,eval_0298,gabapentin | nortriptyline | pregabalin | amitriptyline | topamax | prednisone | topiramate | neurontin | lyrica | clonidine | lisinopril | propranolol | clonazepam | klonopin | rizatriptan | naproxen / sumatriptan | treximet | lamotrigine | catapres | maxalt,topiramate | amitriptyline,all,True,False,xgb_ranker,xgb_ranker,verified_742,300,257,300,173,0,0,0,0.2,0.5,1.0,0.20210734650054757,0.2,1.0,1.0,0.4367467095119258,0.1,1.0,1.0,0.4367467095119258,0.25,1.0,1.0,1.0,0.0,0.0,0.0,1.0
verified_xgb_ranker,eval_0286,amitriptyline | doxycycline | sulfamethoxazole / trimethoprim | ceftriaxone | elavil | azithromycin | ampicillin | hydroxyzine | minocycline | lactobacillus acidophilus | venlafaxine | phosphorated carbohydrate solution | ciprofloxacin | propranolol | klonopin | gabapentin | sumatriptan | nortriptyline | cipro | zolmitriptan,doxycycline | sulfamethoxazole / trimethoprim | sumatriptan | azithromycin,all,True,False,xgb_ranker,xgb_ranker,verified_742,300,261,300,204,0,0,0,0.4,0.5,1.0,0.40891342720353335,0.3,0.75,1.0,0.51439156705689,0.2,1.0,1.0,0.6209095170144,0.5,1.0,1.0,1.0,0.0,0.0,0.0,1.0
verified_xgb_ranker,eval_0289,lorazepam | ativan | baclofen | onabotulinumtoxina | botox | abobotulinumtoxina | dysport | botulinum toxin type b | myobloc | lioresal | tadalafil | propranolol | incobotulinumtoxina | xeomin | adipex-p | phentermine | saxenda | diethylpropion | sertraline | lorcaserin,baclofen,all,True,False,xgb_ranker,xgb_ranker,verified_742,300,12,12,300,0,0,0,0.2,1.0,1.0,0.5,0.1,1.0,1.0,0.5,0.05,1.0,1.0,0.5,0.3333333333333333,1.0,1.0,1.0,0.0,0.0,0.0,1.0
