query_id,phase2_mode,symptom_text,predicted_diseases,predicted_symptoms,recommended,relevant,half_confirmed_in_top20_total,selection_sources,precision@5,recall@5,hit@5,ndcg@5,precision@10,recall@10,hit@10,ndcg@10,precision@20,recall@20,hit@20,ndcg@20,mrr
eval_0011,verified_xgb_ranker,"I have big, painful bumps on my skin that leave scars. How can I treat this?","[{""name"": ""acne"", ""confidence"": 1.0}]","[{""name"": ""nodal_skin_eruptions"", ""confidence"": 0.997946216829127}, {""name"": ""scurring"", ""confidence"": 0.9658397681924659}]",doxycycline|isotretinoin|minocycline,doxycycline|clindamycin|sulfamethoxazole / trimethoprim,11,half_confirmed|half_confirmed|half_confirmed,0.2,0.333333,1.0,0.509097,0.1,0.333333,1.0,0.509097,0.05,0.333333,1.0,0.509097,1.0
eval_0006,verified_xgb_ranker,"Every time I eat, I feel sick and my stomach hurts. Sometimes I throw up.","[{""name"": ""others"", ""confidence"": 1.0}]","[{""name"": ""abdominal_pain"", ""confidence"": 1.0}, {""name"": ""nausea"", ""confidence"": 1.0}, {""name"": ""vomiting"", ""confidence"": 0.6683868143706897}]",entocort ec|valium|methadone,ciprofloxacin,5,half_confirmed|half_confirmed|half_confirmed,0.0,0.0,0.0,0.0,0.0,0.0,0.0,0.0,0.0,0.0,0.0,0.0,0.0
eval_0009,verified_xgb_ranker,"I'm struggling to breathe, coughing with phlegm, and I'm exhausted. This has been going on for hours.","[{""name"": ""bronchial_asthma"", ""confidence"": 0.95}, {""name"": ""pneumonia"", ""confidence"": 0.93}]","[{""name"": ""breathlessness"", ""confidence"": 0.9923372404635427}, {""name"": ""cough"", ""confidence"": 0.9389295047009071}, {""name"": ""fatigue"", ""confidence"": 0.9658453451250363}, {""name"": ""mucoid_sputum"", ""confidence"": 0.9605658195260526}]",prednisone|xopenex|medrol dosepak|sulfamethoxazole / trimethoprim|azithromycin|ceftriaxone,prednisone,13,half_confirmed|half_confirmed|half_confirmed|half_confirmed|half_confirmed|half_confirmed,0.2,1.0,1.0,1.0,0.1,1.0,1.0,1.0,0.05,1.0,1.0,1.0,1.0
eval_0016,verified_xgb_ranker,My friend's skin has a rash with some scarring from old pimples.,"[{""name"": ""acne"", ""confidence"": 1.0}]","[{""name"": ""pus_filled_pimples"", ""confidence"": 1.0}, {""name"": ""scurring"", ""confidence"": 0.8842156943162136}, {""name"": ""skin_rash"", ""confidence"": 0.6489887754712904}]",isotretinoin|accutane|tretinoin,isotretinoin|accutane|adapalene / benzoyl peroxide,14,half_confirmed|half_confirmed|half_confirmed,0.4,0.666667,1.0,0.765361,0.2,0.666667,1.0,0.765361,0.1,0.666667,1.0,0.765361,1.0
eval_0019,verified_xgb_ranker,I can't walk because of the pain in my knees and they're red and swollen.,"[{""name"": ""arthritis"", ""confidence"": 0.36}]","[{""name"": ""painful_walking"", ""confidence"": 0.8842285784961168}, {""name"": ""swelling_joints"", ""confidence"": 0.7190522513938816}]",prednisone|naproxen|acetaminophen / aspirin / caffeine,naproxen|triamcinolone,13,half_confirmed|half_confirmed|half_confirmed,0.2,0.5,1.0,0.386853,0.1,0.5,1.0,0.386853,0.05,0.5,1.0,0.386853,0.5
eval_0010,verified_xgb_ranker,"My joints are so swollen and painful I can't walk, and my skin is covered in red patches.","[{""name"": ""psoriasis"", ""confidence"": 1.0}]","[{""name"": ""joint_pain"", ""confidence"": 1.0}, {""name"": ""skin_rash"", ""confidence"": 0.8037354563267589}]",enbrel|prednisone|ustekinumab,prednisone|enbrel,16,half_confirmed|half_confirmed|half_confirmed,0.4,1.0,1.0,1.0,0.2,1.0,1.0,1.0,0.1,1.0,1.0,1.0,1.0
eval_0002,verified_xgb_ranker,"I'm gasping for air, my heart is pounding, and I'm sweating. This has never happened before.","[{""name"": ""others"", ""confidence"": 1.0}]","[{""name"": ""breathlessness"", ""confidence"": 0.8820380529026572}, {""name"": ""fast_heart_rate"", ""confidence"": 1.0}, {""name"": ""sweating"", ""confidence"": 1.0}]",metronidazole|adipex-p|acetaminophen / oxycodone,prednisone,9,half_confirmed|half_confirmed|half_confirmed,0.0,0.0,0.0,0.0,0.0,0.0,0.0,0.0,0.0,0.0,0.0,0.0,0.0
eval_0017,verified_xgb_ranker,"I have asthma and now I caught a cold. I'm wheezing, coughing, and have a high fever. It's getting hard to breathe.","[{""name"": ""bronchial_asthma"", ""confidence"": 1.0}, {""name"": ""common_cold"", ""confidence"": 0.93}]","[{""name"": ""breathlessness"", ""confidence"": 1.0}, {""name"": ""cough"", ""confidence"": 1.0}, {""name"": ""high_fever"", ""confidence"": 1.0}]",prednisone|xopenex|levalbuterol|dexbrompheniramine / pseudoephedrine|drixoral cold and allergy|prednisone,prednisone|methylprednisolone,5,half_confirmed|half_confirmed|half_confirmed|half_confirmed|half_confirmed|phase2_fallback,0.2,0.5,1.0,0.613147,0.2,1.0,1.0,0.831555,0.1,1.0,1.0,0.831555,1.0
eval_0020,verified_xgb_ranker,"I can't handle this headache anymore, it's throbbing and my sight is blurry. I need advice quickly.","[{""name"": ""migraine"", ""confidence"": 0.71}]","[{""name"": ""visual_disturbances"", ""confidence"": 0.22786976622500868}]",propranolol|rizatriptan|relpax,propranolol,10,half_confirmed|half_confirmed|half_confirmed,0.2,1.0,1.0,1.0,0.1,1.0,1.0,1.0,0.05,1.0,1.0,1.0,1.0
eval_0021,verified_xgb_ranker,Chest pain accompanied by sweating and breathlessness? Time to take action!,"[{""name"": ""heart_attack"", ""confidence"": 1.0}]","[{""name"": ""breathlessness"", ""confidence"": 0.956037187171419}, {""name"": ""chest_pain"", ""confidence"": 1.0}, {""name"": ""sweating"", ""confidence"": 1.0}]",propranolol|plavix|atenolol,metoprolol,8,half_confirmed|half_confirmed|half_confirmed,0.0,0.0,0.0,0.0,0.0,0.0,0.0,0.0,0.0,0.0,0.0,0.0,0.0
eval_0012,verified_xgb_ranker,My headache is so bad I'm seeing zigzag lines and I've thrown up twice. I can't function.,"[{""name"": ""migraine"", ""confidence"": 1.0}]","[{""name"": ""headache"", ""confidence"": 0.9740410493112629}, {""name"": ""visual_disturbances"", ""confidence"": 1.0}, {""name"": ""vomiting"", ""confidence"": 0.03949036148641878}]",propranolol|amitriptyline|diclofenac,propranolol,11,half_confirmed|half_confirmed|half_confirmed,0.2,1.0,1.0,1.0,0.1,1.0,1.0,1.0,0.05,1.0,1.0,1.0,1.0
eval_0008,verified_xgb_ranker,I get frequent headaches and often feel down and depressed.,"[{""name"": ""migraine"", ""confidence"": 1.0}]","[{""name"": ""depression"", ""confidence"": 1.0}, {""name"": ""headache"", ""confidence"": 0.8067821073040862}]",propranolol|rizatriptan|amitriptyline,gabapentin|propranolol,11,half_confirmed|half_confirmed|half_confirmed,0.2,0.5,1.0,0.703918,0.1,0.5,1.0,0.703918,0.05,0.5,1.0,0.703918,1.0
eval_0005,verified_xgb_ranker,"I have a runny nose, cough, and I'm always tired. Allergies or just a cold?","[{""name"": ""allergy"", ""confidence"": 0.99}, {""name"": ""common_cold"", ""confidence"": 1.0}]","[{""name"": ""cough"", ""confidence"": 0.8090259020933156}, {""name"": ""fatigue"", ""confidence"": 0.9981736204346114}, {""name"": ""runny_nose"", ""confidence"": 1.0}]",prednisone|promethazine|cyproheptadine|dexbrompheniramine / pseudoephedrine|drixoral cold and allergy|chlorpheniramine / hydrocodone,promethazine|cyproheptadine,21,half_confirmed|half_confirmed|half_confirmed|half_confirmed|half_confirmed|half_confirmed,0.4,1.0,1.0,0.693426,0.2,1.0,1.0,0.693426,0.1,1.0,1.0,0.693426,0.5
eval_0027,verified_xgb_ranker,Stiffness in my hips and knees makes it hard to walk after resting. Should I see a doctor?,"[{""name"": ""arthritis"", ""confidence"": 1.0}]","[{""name"": ""movement_stiffness"", ""confidence"": 0.8667624087608665}, {""name"": ""painful_walking"", ""confidence"": 0.008258667421495839}]",diclofenac|prednisone|enbrel,diclofenac|naproxen|triamcinolone,13,half_confirmed|half_confirmed|half_confirmed,0.2,0.333333,1.0,0.509097,0.1,0.333333,1.0,0.509097,0.05,0.333333,1.0,0.509097,1.0
eval_0007,verified_xgb_ranker,"Lately, I've been having headaches, pain when urinating, and I'm easily annoyed. Could these be connected?","[{""name"": ""migraine"", ""confidence"": 0.98}]","[{""name"": ""headache"", ""confidence"": 0.9527310741984026}, {""name"": ""visual_disturbances"", ""confidence"": 0.38011150117253745}]",propranolol|rizatriptan|relpax,propranolol|clonidine|amitriptyline|elavil,10,half_confirmed|half_confirmed|half_confirmed,0.2,0.25,1.0,0.413557,0.1,0.25,1.0,0.413557,0.05,0.25,1.0,0.413557,1.0
eval_0034,verified_xgb_ranker,I have pain in my stomach and my knees are swollen. I'm not sure if these issues are related or separate.,"[{""name"": ""arthritis"", ""confidence"": 0.67}]","[{""name"": ""abdominal_pain"", ""confidence"": 0.43408448771429514}, {""name"": ""swelling_joints"", ""confidence"": 0.8612214518673681}]",prednisone|diclofenac|methylprednisolone,prednisone|methylprednisolone|triamcinolone|adalimumab|humira|infliximab|remicade,13,half_confirmed|half_confirmed|half_confirmed,0.4,0.285714,1.0,0.50874,0.2,0.285714,1.0,0.412314,0.1,0.285714,1.0,0.412314,1.0
eval_0036,verified_xgb_ranker,My joints are stiff and I have a weird rash that itches. Could these be connected?,"[{""name"": ""arthritis"", ""confidence"": 1.0}, {""name"": ""psoriasis"", ""confidence"": 0.4}]","[{""name"": ""itching"", ""confidence"": 1.0}, {""name"": ""joint_pain"", ""confidence"": 0.03059652023261833}, {""name"": ""movement_stiffness"", ""confidence"": 0.7418497563564299}, {""name"": ""skin_rash"", ""confidence"": 0.9375158821966251}]",prednisone|methotrexate|dexamethasone|prednisone|methotrexate|dexamethasone,doxycycline|prednisone,19,half_confirmed|half_confirmed|half_confirmed|half_confirmed|half_confirmed|half_confirmed,0.4,1.0,1.0,0.877215,0.2,1.0,1.0,0.877215,0.1,1.0,1.0,0.877215,1.0
eval_0037,verified_xgb_ranker,I woke up with a stiff neck and now my back is also hurting. Could they be connected?,"[{""name"": ""arthritis"", ""confidence"": 0.46}, {""name"": ""cervical_spondylosis"", ""confidence"": 0.97}]","[{""name"": ""neck_pain"", ""confidence"": 1.0}, {""name"": ""stiff_neck"", ""confidence"": 0.8805633836363593}]",naproxen|ibuprofen|triamcinolone|botox|baclofen|onabotulinumtoxina,diclofenac|onabotulinumtoxina|botox,12,half_confirmed|half_confirmed|half_confirmed|phase2_fallback|phase2_fallback|phase2_fallback,0.2,0.333333,1.0,0.163697,0.2,0.666667,1.0,0.29909,0.1,0.666667,1.0,0.29909,0.25
eval_0023,verified_xgb_ranker,My moods are all over the place and my muscles feel weak. Could it be related to high blood pressure or thyroid issues?,"[{""name"": ""hypertension"", ""confidence"": 0.01}, {""name"": ""hyperthyroidism"", ""confidence"": 1.0}]","[{""name"": ""mood_swings"", ""confidence"": 1.0}, {""name"": ""muscle_weakness"", ""confidence"": 1.0}]",clonidine|catapres|hytrin|aluminum chloride hexahydrate|drysol|hypercare,thyroid desiccated|armour thyroid|levothyroxine,6,half_confirmed|half_confirmed|half_confirmed|phase2_fallback|phase2_fallback|phase2_fallback,0.0,0.0,0.0,0.0,0.0,0.0,0.0,0.0,0.0,0.0,0.0,0.0,0.0
eval_0039,verified_xgb_ranker,"I've had a cough and congestion for days, and now I'm finding it hard to catch my breath sometimes.","[{""name"": ""bronchial_asthma"", ""confidence"": 1.0}, {""name"": ""common_cold"", ""confidence"": 1.0}]","[{""name"": ""breathlessness"", ""confidence"": 1.0}, {""name"": ""congestion"", ""confidence"": 1.0}, {""name"": ""cough"", ""confidence"": 1.0}]",prednisone|medrol dosepak|triamcinolone|dexbrompheniramine / pseudoephedrine|drixoral cold and allergy|prednisone,prednisone|methylprednisolone,6,half_confirmed|half_confirmed|half_confirmed|half_confirmed|half_confirmed|phase2_fallback,0.2,0.5,1.0,0.613147,0.2,1.0,1.0,0.831555,0.1,1.0,1.0,0.831555,1.0
eval_0029,verified_xgb_ranker,I've been coughing up phlegm and feel tired all the time. Could this be asthma?,"[{""name"": ""bronchial_asthma"", ""confidence"": 1.0}]","[{""name"": ""cough"", ""confidence"": 0.6611587076285541}, {""name"": ""fatigue"", ""confidence"": 1.0}, {""name"": ""mucoid_sputum"", ""confidence"": 1.0}, {""name"": ""phlegm"", ""confidence"": 0.9311820638133785}]",prednisone|medrol dosepak|triamcinolone,prednisone,5,half_confirmed|half_confirmed|half_confirmed,0.2,1.0,1.0,1.0,0.1,1.0,1.0,1.0,0.05,1.0,1.0,1.0,1.0
eval_0033,verified_xgb_ranker,"My daughter has a couple of blisters and red sores on her hands. They don't itch, but I'm keeping an eye on them.","[{""name"": ""impetigo"", ""confidence"": 0.94}]","[{""name"": ""blister"", ""confidence"": 1.0}, {""name"": ""red_sore_around_nose"", ""confidence"": 0.5148600599946715}]",retapamulin|altabax|cefuroxime,cefuroxime|mupirocin|retapamulin,3,half_confirmed|half_confirmed|half_confirmed,0.4,0.666667,1.0,0.703918,0.2,0.666667,1.0,0.703918,0.1,0.666667,1.0,0.703918,1.0
eval_0041,verified_xgb_ranker,"I always feel like I need to pee, my urine smells odd, and I have itching down there. What's going on?","[{""name"": ""urinary_tract_infection"", ""confidence"": 1.0}]","[{""name"": ""continuous_feel_of_urine"", ""confidence"": 0.9835338052359116}, {""name"": ""foul_smell_of urine"", ""confidence"": 1.0}, {""name"": ""itching"", ""confidence"": 1.0}]",sulfamethoxazole / trimethoprim|azithromycin|bactrim,doxycycline|azithromycin|sulfamethoxazole / trimethoprim|bactrim|fluconazole,8,half_confirmed|half_confirmed|half_confirmed,0.6,0.6,1.0,0.717734,0.3,0.6,1.0,0.717734,0.15,0.6,1.0,0.717734,1.0
eval_0018,verified_xgb_ranker,My friend gets these awful headaches where she sees flashing lights before the pain starts.,"[{""name"": ""migraine"", ""confidence"": 1.0}]","[{""name"": ""headache"", ""confidence"": 0.760199989389204}, {""name"": ""visual_disturbances"", ""confidence"": 1.0}]",propranolol|rizatriptan|treximet,gabapentin|propranolol,11,half_confirmed|half_confirmed|half_confirmed,0.2,0.5,1.0,0.703918,0.1,0.5,1.0,0.703918,0.05,0.5,1.0,0.703918,1.0
eval_0045,verified_xgb_ranker,"I get pain in my upper belly, especially after eating, along with acid reflux and indigestion.","[{""name"": ""gerd"", ""confidence"": 1.0}, {""name"": ""peptic_ulcer_diseae"", ""confidence"": 1.0}]","[{""name"": ""abdominal_pain"", ""confidence"": 0.8131433131744776}, {""name"": ""acidity"", ""confidence"": 1.0}, {""name"": ""indigestion"", ""confidence"": 1.0}]",rabeprazole|lansoprazole|esomeprazole|rabeprazole|lansoprazole|esomeprazole,rabeprazole|esomeprazole|lansoprazole,22,half_confirmed|half_confirmed|half_confirmed|half_confirmed|half_confirmed|half_confirmed,1.0,1.666667,1.0,1.383649,0.6,2.0,1.0,1.55081,0.3,2.0,1.0,1.55081,1.0
eval_0047,verified_xgb_ranker,I noticed some red sores around my son's nose that have turned into yellow crusts. What could this be?,"[{""name"": ""impetigo"", ""confidence"": 1.0}]","[{""name"": ""red_sore_around_nose"", ""confidence"": 1.0}, {""name"": ""yellow_crust_ooze"", ""confidence"": 1.0}]",retapamulin|altabax|cefuroxime,mupirocin|retapamulin,3,half_confirmed|half_confirmed|half_confirmed,0.2,0.5,1.0,0.613147,0.1,0.5,1.0,0.613147,0.05,0.5,1.0,0.613147,1.0
eval_0049,verified_xgb_ranker,"Sometimes after eating, I feel a tightness in my chest and find it hard to breathe. Is this normal?","[{""name"": ""others"", ""confidence"": 1.0}]","[{""name"": ""breathlessness"", ""confidence"": 1.0}, {""name"": ""chest_pain"", ""confidence"": 1.0}]",calcium carbonate / simethicone|metronidazole|xanax,aciphex|dexlansoprazole|rabeprazole,4,half_confirmed|half_confirmed|half_confirmed,0.0,0.0,0.0,0.0,0.0,0.0,0.0,0.0,0.0,0.0,0.0,0.0,0.0
eval_0054,verified_xgb_ranker,"I usually have asthma, but now with this cold, I'm coughing more and feel more breathless than usual.","[{""name"": ""bronchial_asthma"", ""confidence"": 1.0}, {""name"": ""common_cold"", ""confidence"": 0.86}]","[{""name"": ""breathlessness"", ""confidence"": 1.0}, {""name"": ""congestion"", ""confidence"": 0.11601767744180329}, {""name"": ""cough"", ""confidence"": 1.0}]",prednisone|medrol dosepak|triamcinolone|prednisone|doxycycline|azithromycin,prednisone|methylprednisolone,5,half_confirmed|half_confirmed|half_confirmed|phase2_fallback|phase2_fallback|phase2_fallback,0.4,1.0,1.0,0.877215,0.2,1.0,1.0,0.877215,0.1,1.0,1.0,0.877215,1.0
eval_0053,verified_xgb_ranker,"I have a cold with congestion and cough, but now I'm struggling to breathe and my chest hurts. It's getting worse.","[{""name"": ""bronchial_asthma"", ""confidence"": 0.95}, {""name"": ""common_cold"", ""confidence"": 1.0}]","[{""name"": ""breathlessness"", ""confidence"": 0.9563113395658812}, {""name"": ""chest_pain"", ""confidence"": 0.9947042950848263}, {""name"": ""congestion"", ""confidence"": 0.9866302484398521}, {""name"": ""cough"", ""confidence"": 1.0}]",prednisone|triamcinolone|medrol dosepak|dexbrompheniramine / pseudoephedrine|drixoral cold and allergy|chlorpheniramine / hydrocodone,prednisone|methylprednisolone,8,half_confirmed|half_confirmed|half_confirmed|half_confirmed|half_confirmed|half_confirmed,0.2,0.5,1.0,0.613147,0.1,0.5,1.0,0.613147,0.05,0.5,1.0,0.613147,1.0
eval_0058,verified_xgb_ranker,"Lately, I've been getting chills and a persistent headache. Should I be worried?","[{""name"": ""malaria"", ""confidence"": 1.0}]","[{""name"": ""chills"", ""confidence"": 1.0}, {""name"": ""headache"", ""confidence"": 1.0}]",doxycycline|hydroxychloroquine|lithium,doxycycline|clindamycin,2,half_confirmed|half_confirmed|phase2_fallback,0.2,0.5,1.0,0.703918,0.1,0.5,1.0,0.703918,0.05,0.5,1.0,0.703918,1.0
eval_0030,verified_xgb_ranker,"My friend has these sneezing fits and a persistent cough, and she's always tired. I wonder if it's allergies or something else.","[{""name"": ""allergy"", ""confidence"": 1.0}]","[{""name"": ""continuous_sneezing"", ""confidence"": 1.0}, {""name"": ""cough"", ""confidence"": 0.3692813577984285}, {""name"": ""fatigue"", ""confidence"": 1.0}]",prednisone|promethazine|cyproheptadine,prednisone|promethazine|cyproheptadine|methylprednisolone,14,half_confirmed|half_confirmed|half_confirmed,0.6,0.75,1.0,0.798442,0.3,0.75,1.0,0.798442,0.15,0.75,1.0,0.798442,1.0
eval_0051,verified_xgb_ranker,"I'm breathless even when resting, and my chest feels tight. I don't know what to do.","[{""name"": ""bronchial_asthma"", ""confidence"": 0.47}]","[{""name"": ""breathlessness"", ""confidence"": 1.0}, {""name"": ""chest_pain"", ""confidence"": 0.9694901706213485}]",prednisone|medrol dosepak|triamcinolone,prednisone,4,half_confirmed|half_confirmed|half_confirmed,0.2,1.0,1.0,1.0,0.1,1.0,1.0,1.0,0.05,1.0,1.0,1.0,1.0
eval_0050,verified_xgb_ranker,"My dad has asthma, and I've been feeling breathless after mild activity. Should I be concerned?","[{""name"": ""bronchial_asthma"", ""confidence"": 1.0}]","[{""name"": ""breathlessness"", ""confidence"": 1.0}, {""name"": ""family_history"", ""confidence"": 0.992904717488776}]",prednisone|xopenex|levalbuterol,prednisone,3,half_confirmed|half_confirmed|half_confirmed,0.2,1.0,1.0,1.0,0.1,1.0,1.0,1.0,0.05,1.0,1.0,1.0,1.0
eval_0055,verified_xgb_ranker,"I'm so tired all the time, and my vision gets blurry sometimes. Also, I've been moody and irritable.","[{""name"": ""diabetes"", ""confidence"": 0.6}, {""name"": ""migraine"", ""confidence"": 0.15}]","[{""name"": ""blurred_and_distorted_vision"", ""confidence"": 0.854868491069307}, {""name"": ""fatigue"", ""confidence"": 1.0}, {""name"": ""irritability"", ""confidence"": 0.4623857091789864}]",pregabalin|liraglutide|victoza|amitriptyline|cyproheptadine|topiramate,gabapentin|amitriptyline,11,half_confirmed|half_confirmed|half_confirmed|half_confirmed|half_confirmed|half_confirmed,0.2,0.5,1.0,0.264068,0.1,0.5,1.0,0.264068,0.05,0.5,1.0,0.264068,0.25
eval_0059,verified_xgb_ranker,"I can't catch my breath, my heart is racing, and I have sharp chest pain when I breathe in.","[{""name"": ""pneumonia"", ""confidence"": 1.0}]","[{""name"": ""breathlessness"", ""confidence"": 0.8605542355857062}, {""name"": ""chest_pain"", ""confidence"": 1.0}, {""name"": ""fast_heart_rate"", ""confidence"": 1.0}]",azithromycin|sulfamethoxazole / trimethoprim|ceftriaxone,prednisone,7,half_confirmed|half_confirmed|half_confirmed,0.0,0.0,0.0,0.0,0.0,0.0,0.0,0.0,0.0,0.0,0.0,0.0,0.0
eval_0057,verified_xgb_ranker,"I can't catch my breath even when resting, and I'm always tired. My cough is getting worse.","[{""name"": ""bronchial_asthma"", ""confidence"": 0.46}, {""name"": ""tuberculosis"", ""confidence"": 0.37}]","[{""name"": ""breathlessness"", ""confidence"": 1.0}, {""name"": ""cough"", ""confidence"": 0.7263730659002785}, {""name"": ""fatigue"", ""confidence"": 0.9691673349700557}]",prednisone|xopenex|levalbuterol|prednisone|aciphex|doxycycline,prednisone,3,half_confirmed|half_confirmed|half_confirmed|phase2_fallback|phase2_fallback|phase2_fallback,0.4,2.0,1.0,1.430677,0.2,2.0,1.0,1.430677,0.1,2.0,1.0,1.430677,1.0
eval_0042,verified_xgb_ranker,"I wake up stiff every day, and lately, I've been sneezing constantly. Could this be related to the weather?","[{""name"": ""allergy"", ""confidence"": 0.98}, {""name"": ""arthritis"", ""confidence"": 1.0}]","[{""name"": ""continuous_sneezing"", ""confidence"": 1.0}, {""name"": ""movement_stiffness"", ""confidence"": 1.0}]",prednisone|triamcinolone|cyproheptadine|prednisone|methylprednisolone|medrol dosepak,prednisone|triamcinolone|methylprednisolone,24,half_confirmed|half_confirmed|half_confirmed|half_confirmed|half_confirmed|half_confirmed,0.8,1.333333,1.0,1.14901,0.4,1.333333,1.0,1.14901,0.2,1.333333,1.0,1.14901,1.0
eval_0070,verified_xgb_ranker,"I have a cough that produces phlegm, and I get winded easily.","[{""name"": ""bronchial_asthma"", ""confidence"": 0.92}]","[{""name"": ""cough"", ""confidence"": 0.9303423044656093}, {""name"": ""phlegm"", ""confidence"": 0.17001069792687556}]",prednisone|medrol dosepak|triamcinolone,prednisone,4,half_confirmed|half_confirmed|half_confirmed,0.2,1.0,1.0,1.0,0.1,1.0,1.0,1.0,0.05,1.0,1.0,1.0,1.0
eval_0068,verified_xgb_ranker,"I have headaches, a nagging cough, and I'm always tired. Could these be connected?","[{""name"": ""others"", ""confidence"": 1.0}]","[{""name"": ""cough"", ""confidence"": 1.0}, {""name"": ""fatigue"", ""confidence"": 1.0}, {""name"": ""headache"", ""confidence"": 0.9611398888760273}]",nirmatrelvir / ritonavir|paxlovid|acyclovir,prednisone|diltiazem,4,half_confirmed|half_confirmed|half_confirmed,0.0,0.0,0.0,0.0,0.0,0.0,0.0,0.0,0.0,0.0,0.0,0.0,0.0
eval_0072,verified_xgb_ranker,My neighbor is in so much pain from his hemorrhoids that he's bleeding heavily.,"[{""name"": ""dimorphic_hemmorhoids(piles)"", ""confidence"": 0.79}]","[{""name"": ""bloody_stool"", ""confidence"": 1.0}, {""name"": ""pain_during_bowel_movements"", ""confidence"": 1.0}]",proctofoam|hydrocortisone / pramoxine|pramoxine,hydrocortisone|pramoxine|proctofoam,0,phase2_fallback|phase2_fallback|phase2_fallback,0.4,0.666667,1.0,0.763645,0.2,0.666667,1.0,0.763645,0.1,0.666667,1.0,0.763645,1.0
eval_0069,verified_xgb_ranker,"Fatigue, joint pain, and muscle weakness – could these symptoms be linked? Find out now.","[{""name"": ""arthritis"", ""confidence"": 0.61}]","[{""name"": ""fatigue"", ""confidence"": 1.0}, {""name"": ""joint_pain"", ""confidence"": 0.637484880336779}, {""name"": ""muscle_weakness"", ""confidence"": 1.0}]",prednisone|methylprednisolone|triamcinolone,prednisone|methylprednisolone|triamcinolone|naproxen,7,half_confirmed|half_confirmed|half_confirmed,0.6,0.75,1.0,0.831872,0.3,0.75,1.0,0.831872,0.15,0.75,1.0,0.831872,1.0
eval_0048,verified_xgb_ranker,"My aunt has been losing weight, coughing up blood, and her joints are swollen. It's a mess.","[{""name"": ""tuberculosis"", ""confidence"": 1.0}]","[{""name"": ""blood_in_sputum"", ""confidence"": 0.9203542840601026}, {""name"": ""joint_pain"", ""confidence"": 0.015206551766029483}, {""name"": ""weight_loss"", ""confidence"": 1.0}]",doxycycline|prednisone|triamcinolone,prednisone|triamcinolone|moxifloxacin|ciprofloxacin,0,phase2_fallback|phase2_fallback|phase2_fallback,0.4,0.5,1.0,0.441492,0.2,0.5,1.0,0.441492,0.1,0.5,1.0,0.441492,0.5
eval_0066,verified_xgb_ranker,"I woke up with such severe pain in my hands that I couldn't make a fist, and they're swollen.","[{""name"": ""arthritis"", ""confidence"": 0.72}]","[{""name"": ""swelling_joints"", ""confidence"": 0.8861883435794772}]",prednisone|acetaminophen / aspirin / caffeine|naproxen,diclofenac|tramadol,13,half_confirmed|half_confirmed|half_confirmed,0.0,0.0,0.0,0.0,0.0,0.0,0.0,0.0,0.0,0.0,0.0,0.0,0.0
eval_0074,verified_xgb_ranker,"My nose won't stop running, I'm coughing, and I'm so tired. Is it a cold or allergies?","[{""name"": ""allergy"", ""confidence"": 1.0}, {""name"": ""common_cold"", ""confidence"": 1.0}]","[{""name"": ""congestion"", ""confidence"": 0.030395264608068722}, {""name"": ""cough"", ""confidence"": 0.926693267411687}, {""name"": ""fatigue"", ""confidence"": 0.646198509793497}, {""name"": ""runny_nose"", ""confidence"": 0.9966515535611723}]",prednisone|promethazine|cyproheptadine|dexbrompheniramine / pseudoephedrine|drixoral cold and allergy|chlorpheniramine / hydrocodone,promethazine|cyproheptadine,21,half_confirmed|half_confirmed|half_confirmed|half_confirmed|half_confirmed|half_confirmed,0.4,1.0,1.0,0.693426,0.2,1.0,1.0,0.693426,0.1,1.0,1.0,0.693426,0.5
eval_0076,verified_xgb_ranker,"Someone at the gym said their partner's knees give out sometimes, making it painful to stand up.","[{""name"": ""arthritis"", ""confidence"": 0.23}]","[{""name"": ""joint_pain"", ""confidence"": 0.601988268725934}]",naproxen|prednisone|enbrel,diclofenac|tramadol|acetaminophen / hydrocodone,17,half_confirmed|half_confirmed|half_confirmed,0.0,0.0,0.0,0.0,0.0,0.0,0.0,0.0,0.0,0.0,0.0,0.0,0.0
eval_0061,verified_xgb_ranker,"I've been losing weight without trying, and on top of that, my skin is breaking out with painful pimples. What could this mean?","[{""name"": ""acne"", ""confidence"": 1.0}]","[{""name"": ""pus_filled_pimples"", ""confidence"": 1.0}, {""name"": ""weight_loss"", ""confidence"": 0.9910647851124634}]",tretinoin|doxycycline|isotretinoin,tretinoin|doxycycline|minocycline,13,half_confirmed|half_confirmed|half_confirmed,0.4,0.666667,1.0,0.809953,0.2,0.666667,1.0,0.809953,0.1,0.666667,1.0,0.809953,1.0
eval_0082,verified_xgb_ranker,My moods are all over the place and I get irritated easily. Could it be my thyroid?,"[{""name"": ""hyperthyroidism"", ""confidence"": 0.93}, {""name"": ""hypothyroidism"", ""confidence"": 0.85}]","[{""name"": ""mood_swings"", ""confidence"": 1.0}]",aluminum chloride hexahydrate|drysol|hypercare|thyroid desiccated|westhroid|armour thyroid,thyroid desiccated|armour thyroid|levothyroxine,9,phase2_fallback|phase2_fallback|phase2_fallback|half_confirmed|half_confirmed|half_confirmed,0.2,0.333333,1.0,0.163697,0.2,0.666667,1.0,0.29909,0.1,0.666667,1.0,0.29909,0.25
eval_0060,verified_xgb_ranker,"I can't bend my fingers properly, and walking is becoming a chore because of the pain in my hips.","[{""name"": ""arthritis"", ""confidence"": 1.0}]","[{""name"": ""movement_stiffness"", ""confidence"": 0.596051323323925}, {""name"": ""painful_walking"", ""confidence"": 0.2908211080000664}]",diclofenac|prednisone|enbrel,naproxen,13,half_confirmed|half_confirmed|half_confirmed,0.0,0.0,0.0,0.0,0.0,0.0,0.0,0.0,0.0,0.0,0.0,0.0,0.0
eval_0083,verified_xgb_ranker,I have this weird skin rash and I'm always exhausted. Do you think these are related?,"[{""name"": ""fungal_infection"", ""confidence"": 0.3}, {""name"": ""psoriasis"", ""confidence"": 0.11}]","[{""name"": ""fatigue"", ""confidence"": 1.0}, {""name"": ""skin_rash"", ""confidence"": 0.9902459251080655}]",prednisone|doxycycline|azithromycin|prednisone|clobetasol|methylprednisolone,tretinoin|doxycycline|spironolactone|liraglutide,8,phase2_fallback|phase2_fallback|phase2_fallback|half_confirmed|half_confirmed|half_confirmed,0.2,0.25,1.0,0.260925,0.1,0.25,1.0,0.260925,0.05,0.25,1.0,0.260925,0.5
eval_0065,verified_xgb_ranker,"I feel dizzy and weak, with a fast heartbeat and cold hands. I'm really worried about what's happening.","[{""name"": ""hyperthyroidism"", ""confidence"": 1.0}]","[{""name"": ""dizziness"", ""confidence"": 0.6653286525767088}, {""name"": ""fast_heart_rate"", ""confidence"": 0.9764913277533745}, {""name"": ""muscle_weakness"", ""confidence"": 1.0}]",clonidine|catapres|botox,thyroid desiccated|armour thyroid|levothyroxine,0,phase2_fallback|phase2_fallback|phase2_fallback,0.0,0.0,0.0,0.0,0.0,0.0,0.0,0.0,0.0,0.0,0.0,0.0,0.0
eval_0084,verified_xgb_ranker,"I can't breathe properly, my heart is pounding, and I have a high fever. I'm really worried.","[{""name"": ""pneumonia"", ""confidence"": 1.0}]","[{""name"": ""breathlessness"", ""confidence"": 0.9104492209607016}, {""name"": ""fast_heart_rate"", ""confidence"": 1.0}, {""name"": ""high_fever"", ""confidence"": 1.0}]",azithromycin|sulfamethoxazole / trimethoprim|ceftriaxone,doxycycline|azithromycin|prednisone|clindamycin,7,half_confirmed|half_confirmed|half_confirmed,0.2,0.25,1.0,0.444172,0.1,0.25,1.0,0.444172,0.05,0.25,1.0,0.444172,1.0
eval_0078,verified_xgb_ranker,"I sneeze a lot when I'm around pets, and my eyes get watery. How can I manage this?","[{""name"": ""allergy"", ""confidence"": 1.0}]","[{""name"": ""continuous_sneezing"", ""confidence"": 1.0}, {""name"": ""watering_from_eyes"", ""confidence"": 1.0}]",prednisone|promethazine|cyproheptadine,prednisone|promethazine,10,half_confirmed|half_confirmed|half_confirmed,0.4,1.0,1.0,1.0,0.2,1.0,1.0,1.0,0.1,1.0,1.0,1.0,1.0
eval_0063,verified_xgb_ranker,Chest pain and dizziness occurring occasionally? Stay informed about heart health risks!,"[{""name"": ""hypertension"", ""confidence"": 0.85}]","[{""name"": ""chest_pain"", ""confidence"": 1.0}, {""name"": ""dizziness"", ""confidence"": 0.48141217672738496}]",propranolol|azor|spironolactone,propranolol|verapamil|metoprolol|spironolactone,12,half_confirmed|half_confirmed|half_confirmed,0.4,0.5,1.0,0.551409,0.2,0.5,1.0,0.551409,0.1,0.5,1.0,0.551409,1.0
eval_0089,verified_xgb_ranker,These blackheads on my nose won't go away no matter what I try. Should I see a dermatologist?,"[{""name"": ""acne"", ""confidence"": 1.0}]","[{""name"": ""blackheads"", ""confidence"": 0.9999730580260975}]",isotretinoin|accutane|tretinoin,adapalene / benzoyl peroxide,14,half_confirmed|half_confirmed|half_confirmed,0.0,0.0,0.0,0.0,0.0,0.0,0.0,0.0,0.0,0.0,0.0,0.0,0.0
eval_0075,verified_xgb_ranker,"Last night, I woke up unable to breathe properly, coughing non-stop with thick phlegm. It was terrifying.","[{""name"": ""bronchial_asthma"", ""confidence"": 0.9}]","[{""name"": ""breathlessness"", ""confidence"": 1.0}, {""name"": ""cough"", ""confidence"": 0.7497717147141255}, {""name"": ""mucoid_sputum"", ""confidence"": 0.7902317174988344}]",prednisone|xopenex|medrol dosepak,prednisone,4,half_confirmed|half_confirmed|half_confirmed,0.2,1.0,1.0,1.0,0.1,1.0,1.0,1.0,0.05,1.0,1.0,1.0,1.0
eval_0087,verified_xgb_ranker,"I've been getting these awful headaches, and on top of that, it hurts when I pee. What a week!","[{""name"": ""migraine"", ""confidence"": 0.71}, {""name"": ""urinary_tract_infection"", ""confidence"": 0.94}]","[{""name"": ""burning_micturition"", ""confidence"": 0.9987768543878895}, {""name"": ""headache"", ""confidence"": 1.0}]",amitriptyline|propranolol|rizatriptan|azithromycin|sulfamethoxazole / trimethoprim|bactrim,amitriptyline|venlafaxine|elavil,16,half_confirmed|half_confirmed|half_confirmed|half_confirmed|half_confirmed|half_confirmed,0.2,0.333333,1.0,0.469279,0.1,0.333333,1.0,0.469279,0.05,0.333333,1.0,0.469279,1.0
eval_0093,verified_xgb_ranker,"I'm vomiting, my joints are swollen, and I have intense abdominal pain. What's happening to me?","[{""name"": ""alcoholic_hepatitis"", ""confidence"": 0.31}, {""name"": ""arthritis"", ""confidence"": 0.11}]","[{""name"": ""abdominal_pain"", ""confidence"": 1.0}, {""name"": ""joint_pain"", ""confidence"": 0.93719793685923}, {""name"": ""swelling_joints"", ""confidence"": 0.6110708053693309}, {""name"": ""vomiting"", ""confidence"": 1.0}]",prednisone|methylprednisolone|elocon|prednisone|methylprednisolone|diclofenac,doxycycline|prednisone,12,phase2_fallback|phase2_fallback|phase2_fallback|half_confirmed|half_confirmed|half_confirmed,0.4,1.0,1.0,1.007079,0.2,1.0,1.0,1.007079,0.1,1.0,1.0,1.007079,1.0
eval_0073,verified_xgb_ranker,"My colleague has a cough and phlegm, but also itching on his scalp. He thinks it's from stress.","[{""name"": ""common_cold"", ""confidence"": 0.43}, {""name"": ""fungal_infection"", ""confidence"": 0.62}]","[{""name"": ""cough"", ""confidence"": 1.0}, {""name"": ""itching"", ""confidence"": 1.0}, {""name"": ""phlegm"", ""confidence"": 0.3050569323327572}]",valtrex|valacyclovir|prednisone|prednisone|doxycycline|azithromycin,doxycycline|azithromycin|prednisone|clindamycin|minocycline,0,phase2_fallback|phase2_fallback|phase2_fallback|phase2_fallback|phase2_fallback|phase2_fallback,0.6,0.6,1.0,0.382063,0.4,0.8,1.0,0.537005,0.2,0.8,1.0,0.537005,0.333333
eval_0095,verified_xgb_ranker,"I feel extremely weak, and I'm coughing so much that I sometimes vomit. I have a mild fever.","[{""name"": ""pneumonia"", ""confidence"": 0.89}, {""name"": ""tuberculosis"", ""confidence"": 0.22}]","[{""name"": ""cough"", ""confidence"": 0.990514985087713}, {""name"": ""fatigue"", ""confidence"": 0.37953534063844774}, {""name"": ""mild_fever"", ""confidence"": 0.9903819709805097}, {""name"": ""vomiting"", ""confidence"": 1.0}]",moxifloxacin|azithromycin|levofloxacin|prednisone|aciphex|doxycycline,prednisone,3,half_confirmed|half_confirmed|half_confirmed|phase2_fallback|phase2_fallback|phase2_fallback,0.2,1.0,1.0,0.430677,0.1,1.0,1.0,0.430677,0.05,1.0,1.0,0.430677,0.25
eval_0092,verified_xgb_ranker,"The acne on my back is so severe with pus-filled bumps that are swollen and painful, and I'm worried about scarring.","[{""name"": ""acne"", ""confidence"": 1.0}]","[{""name"": ""pus_filled_pimples"", ""confidence"": 1.0}]",isotretinoin|accutane|tretinoin,adapalene / benzoyl peroxide,14,half_confirmed|half_confirmed|half_confirmed,0.0,0.0,0.0,0.0,0.0,0.0,0.0,0.0,0.0,0.0,0.0,0.0,0.0
eval_0094,verified_xgb_ranker,It hurts when I pee and I always feel like I need to go to the bathroom. What could this be?,"[{""name"": ""urinary_tract_infection"", ""confidence"": 1.0}]","[{""name"": ""burning_micturition"", ""confidence"": 0.9597005708852023}, {""name"": ""continuous_feel_of_urine"", ""confidence"": 1.0}]",sulfamethoxazole / trimethoprim|azithromycin|bactrim,doxycycline,5,half_confirmed|half_confirmed|half_confirmed,0.0,0.0,0.0,0.0,0.0,0.0,0.0,0.0,0.0,0.0,0.0,0.0,0.0
eval_0079,verified_xgb_ranker,"My throat is scratchy, and I have acid reflux, plus my nose is stuffy. Is this related or just bad luck?","[{""name"": ""common_cold"", ""confidence"": 0.99}, {""name"": ""gerd"", ""confidence"": 1.0}]","[{""name"": ""acidity"", ""confidence"": 1.0}, {""name"": ""congestion"", ""confidence"": 0.9428026873699078}, {""name"": ""throat_irritation"", ""confidence"": 1.0}]",dexbrompheniramine / pseudoephedrine|drixoral cold and allergy|chlorpheniramine / hydrocodone|lansoprazole|aluminum hydroxide / magnesium hydroxide / simethicone|cimetidine,lansoprazole|ranitidine|omeprazole|pantoprazole,18,half_confirmed|half_confirmed|half_confirmed|half_confirmed|half_confirmed|half_confirmed,0.2,0.25,1.0,0.178109,0.1,0.25,1.0,0.178109,0.05,0.25,1.0,0.178109,0.25
eval_0097,verified_xgb_ranker,My sister feels dizzy and has a headache with congestion. She's not sure what's going on.,"[{""name"": ""common_cold"", ""confidence"": 0.97}, {""name"": ""hypertension"", ""confidence"": 0.2}]","[{""name"": ""congestion"", ""confidence"": 1.0}, {""name"": ""dizziness"", ""confidence"": 0.8206860672814221}, {""name"": ""headache"", ""confidence"": 0.8223524858201181}]",dexbrompheniramine / pseudoephedrine|drixoral cold and allergy|chlorpheniramine / hydrocodone|cartia xt|diltiazem|propranolol,promethazine|meclizine|phenylephrine|propranolol,12,half_confirmed|half_confirmed|half_confirmed|half_confirmed|half_confirmed|half_confirmed,0.0,0.0,0.0,0.0,0.1,0.25,1.0,0.116347,0.05,0.25,1.0,0.116347,0.166667
eval_0102,verified_xgb_ranker,My belly is swollen and I feel like I'm retaining water. What should I do?,"[{""name"": ""alcoholic_hepatitis"", ""confidence"": 1.0}]","[{""name"": ""fluid_overload"", ""confidence"": 0.9735174053696071}, {""name"": ""swelling_of_stomach"", ""confidence"": 1.0}]",prednisone|desonide|elocon,prednisone|methylprednisolone,0,phase2_fallback|phase2_fallback|phase2_fallback,0.2,0.5,1.0,0.613147,0.1,0.5,1.0,0.613147,0.05,0.5,1.0,0.613147,1.0
eval_0096,verified_xgb_ranker,"Lately, my knees hurt when I walk, and I also have this dull ache in my belly.","[{""name"": ""osteoarthristis"", ""confidence"": 0.28}]","[{""name"": ""abdominal_pain"", ""confidence"": 1.0}, {""name"": ""joint_pain"", ""confidence"": 0.9054235354394342}, {""name"": ""knee_pain"", ""confidence"": 1.0}, {""name"": ""painful_walking"", ""confidence"": 0.5073794439436271}]",doxycycline|triamcinolone|sucralfate,triamcinolone|sucralfate,0,phase2_fallback|phase2_fallback|phase2_fallback,0.4,1.0,1.0,0.648041,0.2,1.0,1.0,0.648041,0.1,1.0,1.0,0.648041,0.5
eval_0100,verified_xgb_ranker,I have bloody diarrhea and severe pain in my anal area. It's been getting worse over the hours.,"[{""name"": ""dimorphic_hemmorhoids(piles)"", ""confidence"": 0.98}]","[{""name"": ""bloody_stool"", ""confidence"": 1.0}, {""name"": ""diarrhoea"", ""confidence"": 0.5858118575953657}]",hydrocortisone / pramoxine|hydrocortisone|pramosone,hydrocortisone|hydrocortisone / pramoxine|lidocaine,0,phase2_fallback|phase2_fallback|phase2_fallback,0.4,0.666667,1.0,0.809953,0.2,0.666667,1.0,0.809953,0.1,0.666667,1.0,0.809953,1.0
eval_0103,verified_xgb_ranker,I can't put any weight on my right leg because the hip pain is excruciating.,"[{""name"": ""arthritis"", ""confidence"": 0.46}, {""name"": ""osteoarthristis"", ""confidence"": 0.4}]","[{""name"": ""hip_joint_pain"", ""confidence"": 0.9148679647023888}, {""name"": ""painful_walking"", ""confidence"": 0.911637097775684}]",naproxen|ibuprofen|triamcinolone|naprosyn|naproxen|doxycycline,naproxen|triamcinolone,13,half_confirmed|half_confirmed|half_confirmed|half_confirmed|phase2_fallback|phase2_fallback,0.6,1.5,1.0,1.21087,0.3,1.5,1.0,1.21087,0.15,1.5,1.0,1.21087,1.0
eval_0111,verified_xgb_ranker,"My neighbor's dog makes me sneeze continuously, and my eyes start watering. I just avoid going over there.","[{""name"": ""allergy"", ""confidence"": 1.0}]","[{""name"": ""continuous_sneezing"", ""confidence"": 1.0}, {""name"": ""watering_from_eyes"", ""confidence"": 1.0}]",prednisone|promethazine|cyproheptadine,prednisone|promethazine,10,half_confirmed|half_confirmed|half_confirmed,0.4,1.0,1.0,0.913402,0.2,1.0,1.0,0.913402,0.1,1.0,1.0,0.913402,1.0
eval_0107,verified_xgb_ranker,"My friend has been having diarrhea, and on top of that, her skin is peeling badly. I wonder if it's connected.","[{""name"": ""gastroenteritis"", ""confidence"": 0.83}, {""name"": ""psoriasis"", ""confidence"": 0.87}]","[{""name"": ""diarrhoea"", ""confidence"": 1.0}, {""name"": ""skin_peeling"", ""confidence"": 1.0}]",doxycycline|thorazine|minocycline|prednisone|elocon|clobetasol,prednisone|mometasone|clobetasol,14,phase2_fallback|phase2_fallback|phase2_fallback|half_confirmed|half_confirmed|half_confirmed,0.2,0.333333,1.0,0.202107,0.2,0.666667,1.0,0.369268,0.1,0.666667,1.0,0.369268,0.25
eval_0086,verified_xgb_ranker,"My face is covered in pus-filled pimples, and I feel so tired and hungry all the time. Is this related?","[{""name"": ""acne"", ""confidence"": 1.0}, {""name"": ""diabetes"", ""confidence"": 0.9}]","[{""name"": ""fatigue"", ""confidence"": 0.9583796521397562}, {""name"": ""pus_filled_pimples"", ""confidence"": 1.0}]",tretinoin|doxycycline|dapsone|liraglutide|victoza|pramlintide,tretinoin|doxycycline|spironolactone|liraglutide|victoza|clindamycin,18,half_confirmed|half_confirmed|half_confirmed|half_confirmed|half_confirmed|half_confirmed,0.8,0.666667,1.0,0.83042,0.4,0.666667,1.0,0.768522,0.2,0.666667,1.0,0.768522,1.0
eval_0067,verified_xgb_ranker,I have neck pain that comes with headaches and sometimes my vision gets spotty. Could this be linked?,"[{""name"": ""cervical_spondylosis"", ""confidence"": 0.8}, {""name"": ""migraine"", ""confidence"": 0.99}]","[{""name"": ""headache"", ""confidence"": 0.2861061272523826}, {""name"": ""neck_pain"", ""confidence"": 1.0}, {""name"": ""visual_disturbances"", ""confidence"": 0.3521209635309662}]",baclofen|onabotulinumtoxina|botox|propranolol|onabotulinumtoxina|rizatriptan,onabotulinumtoxina|botox|naproxen|ibuprofen|aleve,10,phase2_fallback|phase2_fallback|phase2_fallback|half_confirmed|half_confirmed|half_confirmed,0.6,0.6,1.0,0.604867,0.3,0.6,1.0,0.604867,0.15,0.6,1.0,0.604867,0.5
eval_0106,verified_xgb_ranker,"My knees hurt every morning when I wake up, and it's hard to bend them. It feels stiff for a while.","[{""name"": ""arthritis"", ""confidence"": 1.0}]","[{""name"": ""joint_pain"", ""confidence"": 0.34000517633884947}, {""name"": ""movement_stiffness"", ""confidence"": 1.0}]",prednisone|enbrel|stelara,prednisone|enbrel,14,half_confirmed|half_confirmed|half_confirmed,0.4,1.0,1.0,1.0,0.2,1.0,1.0,1.0,0.1,1.0,1.0,1.0,1.0
eval_0090,verified_xgb_ranker,I have some itching on my skin and occasional discomfort when urinating. Are these related or separate issues?,"[{""name"": ""fungal_infection"", ""confidence"": 0.97}, {""name"": ""urinary_tract_infection"", ""confidence"": 0.77}]","[{""name"": ""itching"", ""confidence"": 1.0}]",prednisone|doxycycline|azithromycin|azithromycin|sulfamethoxazole / trimethoprim|methenamine,sulfamethoxazole / trimethoprim|bactrim|fluconazole,7,phase2_fallback|phase2_fallback|phase2_fallback|half_confirmed|half_confirmed|half_confirmed,0.2,0.333333,1.0,0.181542,0.1,0.333333,1.0,0.181542,0.05,0.333333,1.0,0.181542,0.2
eval_0115,verified_xgb_ranker,"My eyes are always teary, and I have stiffness in my joints. Do you think it's allergies or something else?","[{""name"": ""allergy"", ""confidence"": 0.99}, {""name"": ""arthritis"", ""confidence"": 1.0}]","[{""name"": ""movement_stiffness"", ""confidence"": 1.0}, {""name"": ""watering_from_eyes"", ""confidence"": 0.9434716112293203}]",prednisone|triamcinolone|corticotropin|prednisone|triamcinolone|corticotropin,prednisone|triamcinolone|corticotropin|prednisolone|loteprednol|lotemax,20,half_confirmed|half_confirmed|half_confirmed|half_confirmed|half_confirmed|half_confirmed,1.0,0.833333,1.0,0.943473,0.6,1.0,1.0,0.947687,0.3,1.0,1.0,0.947687,1.0
eval_0110,verified_xgb_ranker,My cough won't go away and I'm always congested. Could it be more than just a cold?,"[{""name"": ""common_cold"", ""confidence"": 1.0}]","[{""name"": ""congestion"", ""confidence"": 1.0}, {""name"": ""cough"", ""confidence"": 1.0}]",dexbrompheniramine / pseudoephedrine|drixoral cold and allergy|chlorpheniramine / hydrocodone,prednisone,5,half_confirmed|half_confirmed|half_confirmed,0.0,0.0,0.0,0.0,0.0,0.0,0.0,0.0,0.0,0.0,0.0,0.0,0.0
eval_0099,verified_xgb_ranker,"My father's joints are swollen, and he suddenly came down with a high fever and chills, shaking uncontrollably.","[{""name"": ""others"", ""confidence"": 1.0}]","[{""name"": ""chills"", ""confidence"": 0.5382363929470618}, {""name"": ""high_fever"", ""confidence"": 0.9951696774187156}, {""name"": ""joint_pain"", ""confidence"": 0.8795497641596637}, {""name"": ""swelling_joints"", ""confidence"": 0.7623323750870513}]",phentermine|adipex-p|saxenda,prednisone|methylprednisolone|triamcinolone,10,half_confirmed|half_confirmed|half_confirmed,0.0,0.0,0.0,0.0,0.0,0.0,0.0,0.0,0.0,0.0,0.0,0.0,0.0
eval_0119,verified_xgb_ranker,"I've been feeling really run down with a mild fever, and I have a cough. Also, it stings when I urinate sometimes.","[{""name"": ""urinary_tract_infection"", ""confidence"": 0.95}]","[{""name"": ""burning_micturition"", ""confidence"": 0.6054895657395511}, {""name"": ""cough"", ""confidence"": 0.8129674800357569}, {""name"": ""mild_fever"", ""confidence"": 1.0}]",levofloxacin|azithromycin|doxycycline,doxycycline|ciprofloxacin,2,half_confirmed|half_confirmed|phase2_fallback,0.2,0.5,1.0,0.306574,0.1,0.5,1.0,0.306574,0.05,0.5,1.0,0.306574,0.333333
eval_0112,verified_xgb_ranker,"I have a mild fever, I'm always fatigued, and headaches are frequent. Could this be something serious?","[{""name"": ""others"", ""confidence"": 1.0}]","[{""name"": ""fatigue"", ""confidence"": 1.0}, {""name"": ""headache"", ""confidence"": 0.9326601506733032}, {""name"": ""mild_fever"", ""confidence"": 0.9888565589101979}]",acyclovir|valium|mometasone,valacyclovir|valtrex|acyclovir,9,half_confirmed|half_confirmed|half_confirmed,0.2,0.333333,1.0,0.469279,0.1,0.333333,1.0,0.469279,0.05,0.333333,1.0,0.469279,1.0
eval_0109,verified_xgb_ranker,"My joints are stiff in the morning, and I have itchy, discolored patches on my skin. Are these related?","[{""name"": ""arthritis"", ""confidence"": 1.0}, {""name"": ""fungal_infection"", ""confidence"": 0.93}, {""name"": ""psoriasis"", ""confidence"": 0.32}]","[{""name"": ""dischromic_patches"", ""confidence"": 0.2070603927277016}, {""name"": ""itching"", ""confidence"": 1.0}, {""name"": ""movement_stiffness"", ""confidence"": 0.3743444690158197}]",prednisone|methotrexate|diclofenac|prednisone|doxycycline|ceftriaxone|prednisone|methotrexate|elocon,minocycline|methotrexate,26,half_confirmed|half_confirmed|half_confirmed|phase2_fallback|phase2_fallback|phase2_fallback|half_confirmed|half_confirmed|half_confirmed,0.2,0.5,1.0,0.444123,0.2,1.0,1.0,0.666184,0.1,1.0,1.0,0.666184,0.5
eval_0124,verified_xgb_ranker,"Whenever I'm around pollen, I start sneezing, my eyes water, and I can't catch my breath. It's really scary.","[{""name"": ""allergy"", ""confidence"": 1.0}]","[{""name"": ""breathlessness"", ""confidence"": 0.9172551291949412}, {""name"": ""continuous_sneezing"", ""confidence"": 1.0}, {""name"": ""watering_from_eyes"", ""confidence"": 1.0}]",prednisone|triamcinolone|cromolyn,prednisone|triamcinolone|omalizumab|xolair|cromolyn,11,half_confirmed|half_confirmed|half_confirmed,0.6,0.6,1.0,0.782799,0.3,0.6,1.0,0.782799,0.15,0.6,1.0,0.782799,1.0
eval_0131,verified_xgb_ranker,"I have a cough and trouble breathing, but also diarrhea. Could these be related?","[{""name"": ""bronchial_asthma"", ""confidence"": 0.82}, {""name"": ""gastroenteritis"", ""confidence"": 0.16}]","[{""name"": ""breathlessness"", ""confidence"": 1.0}, {""name"": ""cough"", ""confidence"": 1.0}, {""name"": ""diarrhoea"", ""confidence"": 1.0}]",prednisone|triamcinolone|hydrocortisone|ampicillin|doxycycline|sulfamethoxazole / trimethoprim,azithromycin|prednisone|ceftriaxone,6,half_confirmed|half_confirmed|half_confirmed|half_confirmed|phase2_fallback|phase2_fallback,0.2,0.333333,1.0,0.509097,0.1,0.333333,1.0,0.509097,0.05,0.333333,1.0,0.509097,1.0
eval_0121,verified_xgb_ranker,"I have muscle pain all over, chills, and my knees are swollen. I'm not sure what's going on.","[{""name"": ""arthritis"", ""confidence"": 0.18}]","[{""name"": ""chills"", ""confidence"": 1.0}, {""name"": ""muscle_pain"", ""confidence"": 1.0}, {""name"": ""swelling_joints"", ""confidence"": 0.5320627023999797}]",prednisone|methylprednisolone|medrol dosepak,doxycycline|hydroxychloroquine,7,half_confirmed|half_confirmed|half_confirmed,0.0,0.0,0.0,0.0,0.0,0.0,0.0,0.0,0.0,0.0,0.0,0.0,0.0
eval_0135,verified_xgb_ranker,"My grandfather has been getting headaches and chest pain, and he sweats a lot. We're concerned it might be serious.","[{""name"": ""hypertension"", ""confidence"": 0.27}]","[{""name"": ""chest_pain"", ""confidence"": 0.9698544728759532}, {""name"": ""headache"", ""confidence"": 0.8492668904580005}, {""name"": ""sweating"", ""confidence"": 0.9971091168690236}]",propranolol|spironolactone|clonidine,propranolol|metoprolol,12,half_confirmed|half_confirmed|half_confirmed,0.2,0.5,1.0,0.613147,0.1,0.5,1.0,0.613147,0.05,0.5,1.0,0.613147,1.0
eval_0117,verified_xgb_ranker,These pimples on my cheeks are filled with pus and leaving scars.,"[{""name"": ""acne"", ""confidence"": 1.0}]","[{""name"": ""pus_filled_pimples"", ""confidence"": 1.0}, {""name"": ""scurring"", ""confidence"": 0.6586314780973165}]",isotretinoin|accutane|adapalene / benzoyl peroxide,adapalene / benzoyl peroxide,13,half_confirmed|half_confirmed|half_confirmed,0.2,1.0,1.0,0.5,0.1,1.0,1.0,0.5,0.05,1.0,1.0,0.5,0.333333
eval_0116,verified_xgb_ranker,"I'm overweight, always craving food, and get frequent headaches. Could these be connected to health issues?","[{""name"": ""diabetes"", ""confidence"": 0.93}, {""name"": ""migraine"", ""confidence"": 0.16}]","[{""name"": ""obesity"", ""confidence"": 1.0}]",liraglutide|victoza|pregabalin|topiramate|topamax|eletriptan,gabapentin|pregabalin|topiramate|clonidine|onabotulinumtoxina,21,half_confirmed|half_confirmed|half_confirmed|half_confirmed|half_confirmed|half_confirmed,0.4,0.4,1.0,0.304473,0.2,0.4,1.0,0.304473,0.1,0.4,1.0,0.304473,0.333333
eval_0104,verified_xgb_ranker,My friend has been coughing for weeks and looks really tired and thin.,"[{""name"": ""tuberculosis"", ""confidence"": 0.21}]","[{""name"": ""cough"", ""confidence"": 1.0}, {""name"": ""fatigue"", ""confidence"": 1.0}]",prednisone|aciphex|doxycycline,rifabutin,0,phase2_fallback|phase2_fallback|phase2_fallback,0.0,0.0,0.0,0.0,0.0,0.0,0.0,0.0,0.0,0.0,0.0,0.0,0.0
eval_0122,verified_xgb_ranker,Feeling exhausted from constant coughing? Explore possible solutions.,"[{""name"": ""others"", ""confidence"": 1.0}]","[{""name"": ""cough"", ""confidence"": 0.9914143810668024}, {""name"": ""fatigue"", ""confidence"": 1.0}]",paxlovid|nirmatrelvir / ritonavir|alprazolam,prednisone,8,half_confirmed|half_confirmed|half_confirmed,0.0,0.0,0.0,0.0,0.0,0.0,0.0,0.0,0.0,0.0,0.0,0.0,0.0
eval_0125,verified_xgb_ranker,"My stomach hurts, I feel nauseous, and my urine smells funny. Is this something serious?","[{""name"": ""urinary_tract_infection"", ""confidence"": 1.0}]","[{""name"": ""abdominal_pain"", ""confidence"": 1.0}, {""name"": ""foul_smell_of urine"", ""confidence"": 0.9997862452323925}, {""name"": ""nausea"", ""confidence"": 1.0}]",azithromycin|ampicillin|amoxicillin,doxycycline|sulfamethoxazole / trimethoprim|azithromycin,4,half_confirmed|half_confirmed|half_confirmed,0.2,0.333333,1.0,0.380094,0.1,0.333333,1.0,0.380094,0.05,0.333333,1.0,0.380094,1.0
eval_0138,verified_xgb_ranker,"I feel so lethargic, my mood is all over the place, and I've been sweating more than usual even when it's not hot. Any clues?","[{""name"": ""hyperthyroidism"", ""confidence"": 1.0}, {""name"": ""hypoglycemia"", ""confidence"": 0.58}, {""name"": ""hypothyroidism"", ""confidence"": 0.71}]","[{""name"": ""mood_swings"", ""confidence"": 1.0}, {""name"": ""sweating"", ""confidence"": 0.9889362942093621}]",aluminum chloride hexahydrate|drysol|hypercare|calcifediol|calcitriol|citalopram|calcifediol|calcitriol|citalopram,thyroid desiccated|armour thyroid,0,phase2_fallback|phase2_fallback|phase2_fallback|phase2_fallback|phase2_fallback|phase2_fallback|phase2_fallback|phase2_fallback|phase2_fallback,0.0,0.0,0.0,0.0,0.0,0.0,0.0,0.0,0.0,0.0,0.0,0.0,0.0
eval_0130,verified_xgb_ranker,My knees and hands have been aching and swollen for weeks. It's worse in the morning. What could this be?,"[{""name"": ""arthritis"", ""confidence"": 0.75}]","[{""name"": ""joint_pain"", ""confidence"": 0.7632383545580833}, {""name"": ""swelling_joints"", ""confidence"": 0.9933616140237312}]",prednisone|naproxen|enbrel,prednisone|enbrel|naproxen,17,half_confirmed|half_confirmed|half_confirmed,0.6,1.0,1.0,0.929859,0.3,1.0,1.0,0.929859,0.15,1.0,1.0,0.929859,1.0
eval_0129,verified_xgb_ranker,My headaches come with nausea and I feel irritable. Could it be migraines?,"[{""name"": ""migraine"", ""confidence"": 1.0}]","[{""name"": ""headache"", ""confidence"": 0.9422970444110044}, {""name"": ""irritability"", ""confidence"": 0.30926274352296523}]",propranolol|rizatriptan|naproxen / sumatriptan,propranolol,11,half_confirmed|half_confirmed|half_confirmed,0.2,1.0,1.0,1.0,0.1,1.0,1.0,1.0,0.05,1.0,1.0,1.0,1.0
eval_0133,verified_xgb_ranker,"I have scaly skin on my elbows, and recently my wrists have started hurting and feel stiff.","[{""name"": ""arthritis"", ""confidence"": 0.73}, {""name"": ""psoriasis"", ""confidence"": 1.0}]","[{""name"": ""joint_pain"", ""confidence"": 1.0}, {""name"": ""movement_stiffness"", ""confidence"": 0.5187776286632281}, {""name"": ""silver_like_dusting"", ""confidence"": 0.3060632605936357}, {""name"": ""skin_rash"", ""confidence"": 0.8202794540216839}]",prednisone|enbrel|stelara|enbrel|prednisone|ustekinumab,prednisone|enbrel|stelara|ustekinumab|adalimumab,32,half_confirmed|half_confirmed|half_confirmed|half_confirmed|half_confirmed|half_confirmed,1.0,1.0,1.0,0.881776,0.6,1.2,1.0,1.008113,0.3,1.2,1.0,1.008113,1.0
eval_0146,verified_xgb_ranker,"I've been feeling really tired lately and peeing a lot. Also, I'm always hungry even after eating.","[{""name"": ""diabetes"", ""confidence"": 1.0}]","[{""name"": ""excessive_hunger"", ""confidence"": 0.9663846549731365}, {""name"": ""fatigue"", ""confidence"": 0.548230341914878}, {""name"": ""polyuria"", ""confidence"": 1.0}]",liraglutide|victoza|pramlintide,liraglutide|victoza,13,half_confirmed|half_confirmed|half_confirmed,0.4,1.0,1.0,1.0,0.2,1.0,1.0,1.0,0.1,1.0,1.0,1.0,1.0
eval_0151,verified_xgb_ranker,"I have a runny nose, sneezing, and a slight cough. Could it be allergies or just a cold?","[{""name"": ""allergy"", ""confidence"": 0.99}, {""name"": ""common_cold"", ""confidence"": 1.0}]","[{""name"": ""continuous_sneezing"", ""confidence"": 0.7470993847706751}, {""name"": ""cough"", ""confidence"": 0.520780073355388}, {""name"": ""runny_nose"", ""confidence"": 1.0}]",prednisone|promethazine|cyproheptadine|dexbrompheniramine / pseudoephedrine|drixoral cold and allergy|chlorpheniramine / hydrocodone,prednisone|promethazine|cyproheptadine,22,half_confirmed|half_confirmed|half_confirmed|half_confirmed|half_confirmed|half_confirmed,0.6,1.0,1.0,0.915151,0.3,1.0,1.0,0.915151,0.15,1.0,1.0,0.915151,1.0
eval_0150,verified_xgb_ranker,"I've lost a lot of weight without trying, and I have a fever that won't go away. I'm so worried.","[{""name"": ""aids"", ""confidence"": 0.97}]","[{""name"": ""high_fever"", ""confidence"": 0.14660437103139023}, {""name"": ""weight_loss"", ""confidence"": 0.7131550053399769}]",cobicistat / elvitegravir / emtricitabine / tenofovir|stribild|efavirenz / emtricitabine / tenofovir,rifabutin,9,half_confirmed|half_confirmed|half_confirmed,0.0,0.0,0.0,0.0,0.0,0.0,0.0,0.0,0.0,0.0,0.0,0.0,0.0
eval_0136,verified_xgb_ranker,"My cousin has these itchy, scaly spots on her skin, and her fingers are so swollen she can barely bend them.","[{""name"": ""arthritis"", ""confidence"": 0.69}, {""name"": ""psoriasis"", ""confidence"": 0.99}]","[{""name"": ""internal_itching"", ""confidence"": 1.0}, {""name"": ""itching"", ""confidence"": 0.596421140368032}, {""name"": ""joint_pain"", ""confidence"": 0.5218384718180041}, {""name"": ""swelling_joints"", ""confidence"": 0.8055998918715138}]",prednisone|methylprednisolone|dexamethasone|prednisone|methylprednisolone|enbrel,prednisone|dexamethasone|adalimumab|humira|methylprednisolone,25,half_confirmed|half_confirmed|half_confirmed|half_confirmed|half_confirmed|half_confirmed,1.0,1.0,1.0,0.783347,0.5,1.0,1.0,0.783347,0.25,1.0,1.0,0.783347,1.0
eval_0134,verified_xgb_ranker,"I've been feeling really tired lately and always hungry, even after eating. What could this be?","[{""name"": ""diabetes"", ""confidence"": 0.59}]","[{""name"": ""excessive_hunger"", ""confidence"": 0.9810384253411358}, {""name"": ""fatigue"", ""confidence"": 0.9585054171648905}]",liraglutide|victoza|cymbalta,liraglutide|victoza,12,half_confirmed|half_confirmed|half_confirmed,0.4,1.0,1.0,1.0,0.2,1.0,1.0,1.0,0.1,1.0,1.0,1.0,1.0
eval_0156,verified_xgb_ranker,"I'm always fatigued and my mood changes a lot, could it be blood sugar or thyroid issues?","[{""name"": ""hypoglycemia"", ""confidence"": 0.1}, {""name"": ""hypothyroidism"", ""confidence"": 0.28}]","[{""name"": ""fatigue"", ""confidence"": 1.0}, {""name"": ""mood_swings"", ""confidence"": 1.0}]",calcifediol|hypercare|sertraline|thyroid desiccated|westhroid|armour thyroid,thyroid desiccated|armour thyroid|levothyroxine,4,phase2_fallback|phase2_fallback|phase2_fallback|half_confirmed|half_confirmed|half_confirmed,0.2,0.333333,1.0,0.163697,0.2,0.666667,1.0,0.29909,0.1,0.666667,1.0,0.29909,0.25
eval_0142,verified_xgb_ranker,"There's a constant discomfort in my lower belly, and it hurts when I urinate.","[{""name"": ""urinary_tract_infection"", ""confidence"": 1.0}]","[{""name"": ""bladder_discomfort"", ""confidence"": 1.0}, {""name"": ""burning_micturition"", ""confidence"": 0.6472218122958802}, {""name"": ""foul_smell_of urine"", ""confidence"": 0.05498695356776735}]",sulfamethoxazole / trimethoprim|azithromycin|bactrim,doxycycline,5,half_confirmed|half_confirmed|half_confirmed,0.0,0.0,0.0,0.0,0.0,0.0,0.0,0.0,0.0,0.0,0.0,0.0,0.0
eval_0145,verified_xgb_ranker,I can't catch my breath and my chest hurts when I try to breathe. It's getting worse.,"[{""name"": ""bronchial_asthma"", ""confidence"": 0.93}]","[{""name"": ""breathlessness"", ""confidence"": 1.0}, {""name"": ""chest_pain"", ""confidence"": 1.0}]",prednisone|medrol dosepak|triamcinolone,azithromycin|prednisone,4,half_confirmed|half_confirmed|half_confirmed,0.2,0.5,1.0,0.703918,0.1,0.5,1.0,0.703918,0.05,0.5,1.0,0.703918,1.0
eval_0144,verified_xgb_ranker,"My uncle spiked a high fever and has sharp chest pain. He's struggling to breathe, and we're really worried.","[{""name"": ""pneumonia"", ""confidence"": 1.0}]","[{""name"": ""breathlessness"", ""confidence"": 0.8799312567873667}, {""name"": ""chest_pain"", ""confidence"": 1.0}, {""name"": ""high_fever"", ""confidence"": 1.0}]",azithromycin|sulfamethoxazole / trimethoprim|ceftriaxone,doxycycline|azithromycin,7,half_confirmed|half_confirmed|half_confirmed,0.2,0.5,1.0,0.613147,0.1,0.5,1.0,0.613147,0.05,0.5,1.0,0.613147,1.0
eval_0155,verified_xgb_ranker,"My knees are swollen, and I've been having trouble with indigestion lately.","[{""name"": ""arthritis"", ""confidence"": 0.83}]","[{""name"": ""indigestion"", ""confidence"": 0.5946783171920399}, {""name"": ""knee_pain"", ""confidence"": 1.0}, {""name"": ""swelling_joints"", ""confidence"": 0.9458985422655706}]",naproxen|ibuprofen|triamcinolone,adalimumab|humira,12,half_confirmed|half_confirmed|half_confirmed,0.0,0.0,0.0,0.0,0.0,0.0,0.0,0.0,0.0,0.0,0.0,0.0,0.0
eval_0163,verified_xgb_ranker,I heard about a man who is always tired and his muscles seem to be shrinking away.,"[{""name"": ""aids"", ""confidence"": 1.0}]","[{""name"": ""fatigue"", ""confidence"": 0.8604425014542338}, {""name"": ""muscle_wasting"", ""confidence"": 0.9175135015981484}]",tenofovir|viread|lamivudine,tenofovir|viread,8,half_confirmed|half_confirmed|half_confirmed,0.4,1.0,1.0,1.0,0.2,1.0,1.0,1.0,0.1,1.0,1.0,1.0,1.0
eval_0148,verified_xgb_ranker,There are these red patches on my skin with silvery scales. They don't hurt but look weird.,"[{""name"": ""psoriasis"", ""confidence"": 1.0}]","[{""name"": ""silver_like_dusting"", ""confidence"": 1.0}, {""name"": ""skin_rash"", ""confidence"": 0.9679748330364217}]",enbrel|prednisone|ustekinumab,enbrel,17,half_confirmed|half_confirmed|half_confirmed,0.2,1.0,1.0,1.0,0.1,1.0,1.0,1.0,0.05,1.0,1.0,1.0,1.0
eval_0171,verified_xgb_ranker,I'm finding it hard to breathe and my chest feels tight. I'm really scared.,"[{""name"": ""bronchial_asthma"", ""confidence"": 0.93}]","[{""name"": ""breathlessness"", ""confidence"": 1.0}, {""name"": ""chest_pain"", ""confidence"": 1.0}]",prednisone|medrol dosepak|triamcinolone,prednisone,4,half_confirmed|half_confirmed|half_confirmed,0.2,1.0,1.0,1.0,0.1,1.0,1.0,1.0,0.05,1.0,1.0,1.0,1.0
eval_0177,verified_xgb_ranker,"I woke up with a stiff neck today, but it's not too bad. Just annoying.","[{""name"": ""cervical_spondylosis"", ""confidence"": 0.69}]","[{""name"": ""neck_pain"", ""confidence"": 0.9859825452564314}, {""name"": ""stiff_neck"", ""confidence"": 0.9561542567688519}]",baclofen|onabotulinumtoxina|botox,diclofenac|tramadol|acetaminophen / hydrocodone,0,phase2_fallback|phase2_fallback|phase2_fallback,0.0,0.0,0.0,0.0,0.0,0.0,0.0,0.0,0.0,0.0,0.0,0.0,0.0
eval_0180,verified_xgb_ranker,"I've been getting a lot of blackheads and some pimples with pus on my face. It's really bothering me, especially before social events. Is this normal acne?","[{""name"": ""acne"", ""confidence"": 1.0}]","[{""name"": ""blackheads"", ""confidence"": 0.9985929375310995}, {""name"": ""pus_filled_pimples"", ""confidence"": 1.0}]",isotretinoin|accutane|adapalene / benzoyl peroxide,adapalene / benzoyl peroxide,13,half_confirmed|half_confirmed|half_confirmed,0.2,1.0,1.0,0.5,0.1,1.0,1.0,0.5,0.05,1.0,1.0,0.5,0.333333
eval_0175,verified_xgb_ranker,"Lately, I've been so moody and irritable for no reason. My friend said it might be thyroid related.","[{""name"": ""hypothyroidism"", ""confidence"": 0.92}]","[{""name"": ""mood_swings"", ""confidence"": 1.0}]",thyroid desiccated|westhroid|levothyroxine,thyroid desiccated|armour thyroid|levothyroxine,9,half_confirmed|half_confirmed|half_confirmed,0.4,0.666667,1.0,0.703918,0.2,0.666667,1.0,0.703918,0.1,0.666667,1.0,0.703918,1.0
eval_0183,verified_xgb_ranker,"My aunt has stomach pains, acid issues, and she's barely eating anything these days.","[{""name"": ""gerd"", ""confidence"": 1.0}, {""name"": ""peptic_ulcer_diseae"", ""confidence"": 1.0}]","[{""name"": ""abdominal_pain"", ""confidence"": 0.2250330980836371}, {""name"": ""acidity"", ""confidence"": 1.0}, {""name"": ""stomach_pain"", ""confidence"": 1.0}]",rabeprazole|lansoprazole|esomeprazole|rabeprazole|lansoprazole|esomeprazole,aciphex|dexlansoprazole|rabeprazole|esomeprazole|lansoprazole|nexium,24,half_confirmed|half_confirmed|half_confirmed|half_confirmed|half_confirmed|half_confirmed,1.0,0.833333,1.0,1.0,0.6,1.0,1.0,1.0,0.3,1.0,1.0,1.0,1.0
eval_0187,verified_xgb_ranker,I have these red patches on my skin with silvery scales and they itch a lot. Does this sound like psoriasis?,"[{""name"": ""psoriasis"", ""confidence"": 1.0}]","[{""name"": ""itching"", ""confidence"": 0.7040968905210468}, {""name"": ""silver_like_dusting"", ""confidence"": 1.0}, {""name"": ""skin_rash"", ""confidence"": 0.9807883380639428}]",prednisone|enbrel|etanercept,enbrel,16,half_confirmed|half_confirmed|half_confirmed,0.2,1.0,1.0,0.63093,0.1,1.0,1.0,0.63093,0.05,1.0,1.0,0.63093,0.5
eval_0185,verified_xgb_ranker,"My nose is runny and I'm congested, plus my throat feels scratchy. Not sure if it's allergies or just a cold coming on.","[{""name"": ""allergy"", ""confidence"": 1.0}, {""name"": ""common_cold"", ""confidence"": 1.0}]","[{""name"": ""congestion"", ""confidence"": 1.0}, {""name"": ""runny_nose"", ""confidence"": 0.9993867191744591}, {""name"": ""throat_irritation"", ""confidence"": 0.9937228212342792}]",prednisone|promethazine|cyproheptadine|dexbrompheniramine / pseudoephedrine|drixoral cold and allergy|chlorpheniramine / hydrocodone,promethazine|cyproheptadine,22,half_confirmed|half_confirmed|half_confirmed|half_confirmed|half_confirmed|half_confirmed,0.4,1.0,1.0,0.693426,0.2,1.0,1.0,0.693426,0.1,1.0,1.0,0.693426,0.5
eval_0190,verified_xgb_ranker,I have this dull pain in my stomach and my knees are swollen. Does alcohol affect joints too?,"[{""name"": ""alcoholic_hepatitis"", ""confidence"": 0.6}, {""name"": ""arthritis"", ""confidence"": 0.14}]","[{""name"": ""abdominal_pain"", ""confidence"": 0.03322134486378674}]",prednisone|elocon|desonide|prednisone|diclofenac|methylprednisolone,adalimumab|humira|infliximab|remicade,13,phase2_fallback|phase2_fallback|phase2_fallback|half_confirmed|half_confirmed|half_confirmed,0.0,0.0,0.0,0.0,0.0,0.0,0.0,0.0,0.0,0.0,0.0,0.0,0.0
eval_0184,verified_xgb_ranker,"I've been getting headaches and it hurts when I pee. Two different problems, I guess.","[{""name"": ""migraine"", ""confidence"": 0.86}, {""name"": ""urinary_tract_infection"", ""confidence"": 0.93}]","[{""name"": ""burning_micturition"", ""confidence"": 0.9414195610030537}, {""name"": ""headache"", ""confidence"": 1.0}]",amitriptyline|propranolol|rizatriptan|azithromycin|sulfamethoxazole / trimethoprim|bactrim,amitriptyline|venlafaxine|elavil|azithromycin,18,half_confirmed|half_confirmed|half_confirmed|half_confirmed|half_confirmed|half_confirmed,0.4,0.5,1.0,0.571701,0.2,0.5,1.0,0.571701,0.1,0.5,1.0,0.571701,1.0
eval_0178,verified_xgb_ranker,I have a bad cough with green phlegm for a week now. What should I do?,"[{""name"": ""pneumonia"", ""confidence"": 1.0}]","[{""name"": ""cough"", ""confidence"": 0.9705265967106727}, {""name"": ""phlegm"", ""confidence"": 1.0}]",azithromycin|sulfamethoxazole / trimethoprim|ceftriaxone,doxycycline|azithromycin,7,half_confirmed|half_confirmed|half_confirmed,0.2,0.5,1.0,0.613147,0.1,0.5,1.0,0.613147,0.05,0.5,1.0,0.613147,1.0
eval_0188,verified_xgb_ranker,I have sharp pain in my abdomen and my skin is turning yellow. I don't know what to do.,"[{""name"": ""hepatitis_b"", ""confidence"": 1.0}]","[{""name"": ""abdominal_pain"", ""confidence"": 1.0}, {""name"": ""yellowish_skin"", ""confidence"": 0.973383007681492}]",tenofovir|viread|epivir-hbv,tenofovir|peginterferon alfa-2a|viread,4,half_confirmed|half_confirmed|half_confirmed,0.4,0.666667,1.0,0.765361,0.2,0.666667,1.0,0.765361,0.1,0.666667,1.0,0.765361,1.0
eval_0201,verified_xgb_ranker,"I've lost weight without trying, my mood keeps changing, and I can't focus on anything. What's going on?","[{""name"": ""hyperthyroidism"", ""confidence"": 1.0}]","[{""name"": ""mood_swings"", ""confidence"": 1.0}, {""name"": ""weight_loss"", ""confidence"": 0.1767672567796434}]",aluminum chloride hexahydrate|drysol|hypercare,clonidine|catapres,0,phase2_fallback|phase2_fallback|phase2_fallback,0.0,0.0,0.0,0.0,0.0,0.0,0.0,0.0,0.0,0.0,0.0,0.0,0.0
eval_0199,verified_xgb_ranker,"My joints are stiff and painful, especially in my hands and knees. I also feel tired all the time.","[{""name"": ""arthritis"", ""confidence"": 1.0}, {""name"": ""osteoarthristis"", ""confidence"": 0.91}]","[{""name"": ""fatigue"", ""confidence"": 0.7637062977139238}, {""name"": ""joint_pain"", ""confidence"": 0.7328668466060647}, {""name"": ""movement_stiffness"", ""confidence"": 0.8184693962418611}]",prednisone|methylprednisolone|triamcinolone|naprosyn|doxycycline|triamcinolone,triamcinolone|naproxen,12,half_confirmed|half_confirmed|half_confirmed|half_confirmed|phase2_fallback|phase2_fallback,0.2,0.5,1.0,0.234639,0.2,1.0,1.0,0.4018,0.1,1.0,1.0,0.4018,0.333333
eval_0195,verified_xgb_ranker,"I have a cough and congestion, but also my stomach is upset with pain. Is this related?","[{""name"": ""common_cold"", ""confidence"": 0.97}, {""name"": ""gerd"", ""confidence"": 0.24}]","[{""name"": ""abdominal_pain"", ""confidence"": 1.0}, {""name"": ""congestion"", ""confidence"": 0.9630806551254948}, {""name"": ""cough"", ""confidence"": 0.9847780210685394}, {""name"": ""stomach_pain"", ""confidence"": 1.0}]",dexbrompheniramine / pseudoephedrine|drixoral cold and allergy|chlorpheniramine / hydrocodone|lansoprazole|rabeprazole|cimetidine,lansoprazole|ranitidine|omeprazole,15,half_confirmed|half_confirmed|half_confirmed|half_confirmed|half_confirmed|half_confirmed,0.2,0.333333,1.0,0.219256,0.1,0.333333,1.0,0.219256,0.05,0.333333,1.0,0.219256,0.25
eval_0192,verified_xgb_ranker,The blackheads and rash on my skin make me self-conscious. How can I clear this up quickly?,"[{""name"": ""acne"", ""confidence"": 0.98}]","[{""name"": ""blackheads"", ""confidence"": 0.9896728791361592}]",isotretinoin|accutane|tretinoin,isotretinoin|accutane|adapalene / benzoyl peroxide,14,half_confirmed|half_confirmed|half_confirmed,0.4,0.666667,1.0,0.619906,0.2,0.666667,1.0,0.619906,0.1,0.666667,1.0,0.619906,1.0
eval_0186,verified_xgb_ranker,I often have headaches and feel dizzy. My doctor said my blood pressure is high.,"[{""name"": ""hypertension"", ""confidence"": 1.0}]","[{""name"": ""dizziness"", ""confidence"": 0.3137316168812232}, {""name"": ""headache"", ""confidence"": 0.8825495813558668}]",propranolol|azor|spironolactone,propranolol,12,half_confirmed|half_confirmed|half_confirmed,0.2,1.0,1.0,1.0,0.1,1.0,1.0,1.0,0.05,1.0,1.0,1.0,1.0
eval_0205,verified_xgb_ranker,"My hands and feet are always cold, and my nails keep breaking easily.","[{""name"": ""hypothyroidism"", ""confidence"": 1.0}]","[{""name"": ""brittle_nails"", ""confidence"": 0.9520412750769466}, {""name"": ""cold_hands_and_feets"", ""confidence"": 0.9983415004311693}]",thyroid desiccated|levothyroxine|armour thyroid,thyroid desiccated|armour thyroid|levothyroxine,9,half_confirmed|half_confirmed|half_confirmed,0.6,1.0,1.0,1.0,0.3,1.0,1.0,1.0,0.15,1.0,1.0,1.0,1.0
eval_0206,verified_xgb_ranker,"I've been feeling off, with a cough and a weird rash on my back. Not sure what's going on.","[{""name"": ""psoriasis"", ""confidence"": 0.93}]","[{""name"": ""cough"", ""confidence"": 1.0}, {""name"": ""skin_rash"", ""confidence"": 1.0}]",prednisone|methylprednisolone|triamcinolone,doxycycline|azithromycin|clindamycin,9,half_confirmed|half_confirmed|half_confirmed,0.0,0.0,0.0,0.0,0.0,0.0,0.0,0.0,0.0,0.0,0.0,0.0,0.0
eval_0179,verified_xgb_ranker,"Lately, I've been experiencing headaches and diarrhea. Could these symptoms be connected?","[{""name"": ""gastroenteritis"", ""confidence"": 0.31}, {""name"": ""migraine"", ""confidence"": 0.36}]","[{""name"": ""diarrhoea"", ""confidence"": 1.0}, {""name"": ""headache"", ""confidence"": 0.8889225701277154}]",ampicillin|sumatriptan|gabapentin|sumatriptan|amitriptyline|zolmitriptan,sumatriptan|clonidine,9,half_confirmed|phase2_fallback|phase2_fallback|half_confirmed|half_confirmed|half_confirmed,0.4,1.0,1.0,0.747284,0.2,1.0,1.0,0.747284,0.1,1.0,1.0,0.747284,0.5
eval_0209,verified_xgb_ranker,"I've lost weight without trying, my heart races, and I get headaches. Could this be connected?","[{""name"": ""hyperthyroidism"", ""confidence"": 1.0}]","[{""name"": ""fast_heart_rate"", ""confidence"": 0.8096318635556818}, {""name"": ""headache"", ""confidence"": 0.07066621329629201}, {""name"": ""weight_loss"", ""confidence"": 0.9283223528194546}]",gabapentin|amitriptyline|clonidine,clonidine|catapres,0,phase2_fallback|phase2_fallback|phase2_fallback,0.2,0.5,1.0,0.306574,0.1,0.5,1.0,0.306574,0.05,0.5,1.0,0.306574,0.333333
eval_0204,verified_xgb_ranker,"The pain in my stomach is sharp and constant, and I threw up blood today. I don't know what to do.","[{""name"": ""peptic_ulcer_diseae"", ""confidence"": 0.59}]","[{""name"": ""abdominal_pain"", ""confidence"": 1.0}, {""name"": ""stomach_pain"", ""confidence"": 0.5036888642097922}, {""name"": ""vomiting"", ""confidence"": 0.9604220201065303}]",rabeprazole|lansoprazole|omeprazole / sodium bicarbonate,rabeprazole|esomeprazole|lansoprazole,9,half_confirmed|half_confirmed|half_confirmed,0.4,0.666667,1.0,0.765361,0.2,0.666667,1.0,0.765361,0.1,0.666667,1.0,0.765361,1.0
eval_0212,verified_xgb_ranker,My coworker has been sneezing continuously and also complaining of chills and diarrhoea.,"[{""name"": ""allergy"", ""confidence"": 0.09}, {""name"": ""gastroenteritis"", ""confidence"": 0.58}]","[{""name"": ""chills"", ""confidence"": 1.0}, {""name"": ""continuous_sneezing"", ""confidence"": 1.0}, {""name"": ""diarrhoea"", ""confidence"": 1.0}]",prednisone|promethazine|phenergan|ampicillin|doxycycline|promethazine,prednisone|promethazine|hydroxyzine|doxycycline|sulfamethoxazole / trimethoprim,12,half_confirmed|half_confirmed|half_confirmed|half_confirmed|phase2_fallback|phase2_fallback,0.6,0.6,1.0,0.619898,0.4,0.8,1.0,0.761853,0.2,0.8,1.0,0.761853,1.0
eval_0200,verified_xgb_ranker,"I have these rough, itchy patches on my skin that are sometimes red and sometimes have silvery bits. They don't seem to go away.","[{""name"": ""psoriasis"", ""confidence"": 1.0}]","[{""name"": ""itching"", ""confidence"": 0.9721152873013059}, {""name"": ""silver_like_dusting"", ""confidence"": 1.0}, {""name"": ""skin_rash"", ""confidence"": 0.8433401311253523}]",prednisone|enbrel|methotrexate,prednisone|methotrexate|dexamethasone|enbrel|stelara,16,half_confirmed|half_confirmed|half_confirmed,0.6,0.6,1.0,0.67176,0.3,0.6,1.0,0.67176,0.15,0.6,1.0,0.67176,1.0
eval_0196,verified_xgb_ranker,I get headaches along with acid reflux. Do they have anything to do with each other?,"[{""name"": ""gerd"", ""confidence"": 0.74}, {""name"": ""migraine"", ""confidence"": 0.38}]","[{""name"": ""acidity"", ""confidence"": 1.0}, {""name"": ""headache"", ""confidence"": 0.8288917505884169}]",aluminum hydroxide / magnesium hydroxide / simethicone|lansoprazole|ranitidine|propranolol|rizatriptan|maxalt,lansoprazole|omeprazole|propranolol,13,half_confirmed|half_confirmed|phase2_fallback|half_confirmed|half_confirmed|half_confirmed,0.4,0.666667,1.0,0.467375,0.2,0.666667,1.0,0.467375,0.1,0.666667,1.0,0.467375,0.5
eval_0216,verified_xgb_ranker,"My neck hurts when I turn my head, and my fingers are stiff in the morning. Could it be arthritis?","[{""name"": ""arthritis"", ""confidence"": 0.98}]","[{""name"": ""neck_pain"", ""confidence"": 1.0}, {""name"": ""stiff_neck"", ""confidence"": 0.8005898465949781}]",naproxen|triamcinolone|ibuprofen,naproxen,12,half_confirmed|half_confirmed|half_confirmed,0.2,1.0,1.0,1.0,0.1,1.0,1.0,1.0,0.05,1.0,1.0,1.0,1.0
eval_0210,verified_xgb_ranker,"My baby has yellow crusts on his sores, and he's been crying non-stop with a high fever. I think it's getting worse quickly.","[{""name"": ""impetigo"", ""confidence"": 1.0}]","[{""name"": ""blister"", ""confidence"": 0.6179335837974745}, {""name"": ""high_fever"", ""confidence"": 0.9523848564439473}, {""name"": ""yellow_crust_ooze"", ""confidence"": 1.0}]",retapamulin|altabax|cefuroxime,cefuroxime|mupirocin|retapamulin,3,half_confirmed|half_confirmed|half_confirmed,0.4,0.666667,1.0,0.678796,0.2,0.666667,1.0,0.678796,0.1,0.666667,1.0,0.678796,1.0
eval_0217,verified_xgb_ranker,"I'm really worried about my dad. His eyes are red, his skin looks yellowish, and his stomach is all swollen. He drinks a lot.","[{""name"": ""alcoholic_hepatitis"", ""confidence"": 1.0}]","[{""name"": ""history_of_alcohol_consumption"", ""confidence"": 0.5927780621189854}, {""name"": ""swelling_of_stomach"", ""confidence"": 1.0}, {""name"": ""yellowing_of_eyes"", ""confidence"": 0.4803300915909851}]",prednisone|desonide|elocon,prednisone,0,phase2_fallback|phase2_fallback|phase2_fallback,0.2,1.0,1.0,1.0,0.1,1.0,1.0,1.0,0.05,1.0,1.0,1.0,1.0
eval_0198,verified_xgb_ranker,My sister's eyes turn red and water whenever she's near cats. It's definitely her allergies.,"[{""name"": ""allergy"", ""confidence"": 1.0}]","[{""name"": ""redness_of_eyes"", ""confidence"": 0.8092096392454995}, {""name"": ""watering_from_eyes"", ""confidence"": 1.0}]",prednisone|promethazine|cyproheptadine,promethazine|cyproheptadine,17,half_confirmed|half_confirmed|half_confirmed,0.4,1.0,1.0,0.693426,0.2,1.0,1.0,0.693426,0.1,1.0,1.0,0.693426,0.5
eval_0215,verified_xgb_ranker,"I can't see clearly, always running to the bathroom, and so weak I can barely stand.","[{""name"": ""diabetes"", ""confidence"": 1.0}]","[{""name"": ""blurred_and_distorted_vision"", ""confidence"": 0.7616590305922671}, {""name"": ""fatigue"", ""confidence"": 0.972885036348879}, {""name"": ""polyuria"", ""confidence"": 1.0}]",liraglutide|victoza|pramlintide,liraglutide|victoza,12,half_confirmed|half_confirmed|half_confirmed,0.4,1.0,1.0,1.0,0.2,1.0,1.0,1.0,0.1,1.0,1.0,1.0,1.0
eval_0221,verified_xgb_ranker,"The acne on my back has formed large, painful lumps that are hot to the touch and I feel dizzy.","[{""name"": ""acne"", ""confidence"": 1.0}]","[{""name"": ""pus_filled_pimples"", ""confidence"": 1.0}]",isotretinoin|accutane|tretinoin,isotretinoin|accutane|adapalene / benzoyl peroxide,14,half_confirmed|half_confirmed|half_confirmed,0.4,0.666667,1.0,0.830301,0.2,0.666667,1.0,0.830301,0.1,0.666667,1.0,0.830301,1.0
eval_0220,verified_xgb_ranker,My sister has these dents in her nails and her knees hurt all the time. She says it's from her skin condition.,"[{""name"": ""psoriasis"", ""confidence"": 1.0}]","[{""name"": ""inflammatory_nails"", ""confidence"": 0.4444305482210611}, {""name"": ""joint_pain"", ""confidence"": 0.9022473497673289}, {""name"": ""small_dents_in_nails"", ""confidence"": 0.9916719376933476}]",enbrel|prednisone|ustekinumab,enbrel,16,half_confirmed|half_confirmed|half_confirmed,0.2,1.0,1.0,1.0,0.1,1.0,1.0,1.0,0.05,1.0,1.0,1.0,1.0
eval_0222,verified_xgb_ranker,My wrists are swollen and I feel weakness in my hands.,"[{""name"": ""arthritis"", ""confidence"": 1.0}]","[{""name"": ""muscle_weakness"", ""confidence"": 1.0}, {""name"": ""swelling_joints"", ""confidence"": 1.0}]",diclofenac|prednisone|enbrel,diclofenac,13,half_confirmed|half_confirmed|half_confirmed,0.2,1.0,1.0,1.0,0.1,1.0,1.0,1.0,0.05,1.0,1.0,1.0,1.0
eval_0225,verified_xgb_ranker,Blurred vision and unexplained weight loss? Diabetes symptoms you shouldn't ignore.,"[{""name"": ""diabetes"", ""confidence"": 1.0}]","[{""name"": ""blurred_and_distorted_vision"", ""confidence"": 1.0}, {""name"": ""irregular_sugar_level"", ""confidence"": 0.6606477305563302}, {""name"": ""weight_loss"", ""confidence"": 0.8777202093831783}]",liraglutide|victoza|pramlintide,liraglutide|victoza,13,half_confirmed|half_confirmed|half_confirmed,0.4,1.0,1.0,1.0,0.2,1.0,1.0,1.0,0.1,1.0,1.0,1.0,1.0
eval_0219,verified_xgb_ranker,"I snap at everyone and can't focus on anything, could this be from my headaches or stress?","[{""name"": ""hypertension"", ""confidence"": 0.72}, {""name"": ""migraine"", ""confidence"": 0.7}]","[{""name"": ""headache"", ""confidence"": 0.7058158014044835}, {""name"": ""irritability"", ""confidence"": 0.3859744801869978}, {""name"": ""lack_of_concentration"", ""confidence"": 0.9916767355520766}]",propranolol|spironolactone|clonidine|propranolol|innopran xl|rizatriptan,propranolol|spironolactone|clonidine|catapres|terazosin|hytrin|benicar|olmesartan|verapamil,18,half_confirmed|half_confirmed|half_confirmed|half_confirmed|half_confirmed|half_confirmed,0.8,0.444444,1.0,0.797466,0.4,0.444444,1.0,0.597096,0.2,0.444444,1.0,0.597096,1.0
eval_0230,verified_xgb_ranker,I've been coughing a lot and feel short of breath when I walk fast. It's been going on for weeks.,"[{""name"": ""bronchial_asthma"", ""confidence"": 0.98}]","[{""name"": ""breathlessness"", ""confidence"": 1.0}, {""name"": ""cough"", ""confidence"": 1.0}]",prednisone|xopenex|medrol dosepak,prednisone,4,half_confirmed|half_confirmed|half_confirmed,0.2,1.0,1.0,1.0,0.1,1.0,1.0,1.0,0.05,1.0,1.0,1.0,1.0
eval_0229,verified_xgb_ranker,"My face is a mess with pimples that scar, and I have these rough, scaly areas on my scalp that have a silvery sheen.","[{""name"": ""acne"", ""confidence"": 1.0}, {""name"": ""psoriasis"", ""confidence"": 0.93}]","[{""name"": ""pus_filled_pimples"", ""confidence"": 1.0}, {""name"": ""silver_like_dusting"", ""confidence"": 0.9972391700147534}]",doxycycline|isotretinoin|minocycline|tazorac|tazarotene|prednisone,tazarotene|dapsone|clindamycin,31,half_confirmed|half_confirmed|half_confirmed|half_confirmed|half_confirmed|half_confirmed,0.2,0.333333,1.0,0.196946,0.1,0.333333,1.0,0.196946,0.05,0.333333,1.0,0.196946,0.2
eval_0235,verified_xgb_ranker,I've been having diarrhea for weeks and losing muscle mass. What could cause this?,"[{""name"": ""aids"", ""confidence"": 1.0}, {""name"": ""hyperthyroidism"", ""confidence"": 0.68}]","[{""name"": ""muscle_wasting"", ""confidence"": 0.7406170911412464}]",cobicistat / elvitegravir / emtricitabine / tenofovir|stribild|efavirenz / emtricitabine / tenofovir|clonidine|drysol|hypercare,stribild|efavirenz / emtricitabine / tenofovir,17,half_confirmed|half_confirmed|half_confirmed|phase2_fallback|phase2_fallback|phase2_fallback,0.4,1.0,1.0,0.693426,0.2,1.0,1.0,0.693426,0.1,1.0,1.0,0.693426,0.5
eval_0231,verified_xgb_ranker,Dizziness and fatigue? It might be more than just tiredness – check your thyroid health.,"[{""name"": ""hypothyroidism"", ""confidence"": 0.98}]","[{""name"": ""dizziness"", ""confidence"": 0.7800390255201328}, {""name"": ""fatigue"", ""confidence"": 1.0}]",thyroid desiccated|levothyroxine|armour thyroid,thyroid desiccated|armour thyroid|levothyroxine,9,half_confirmed|half_confirmed|half_confirmed,0.6,1.0,1.0,0.929859,0.3,1.0,1.0,0.929859,0.15,1.0,1.0,0.929859,1.0
eval_0207,verified_xgb_ranker,I have joint pain and also been feeling very thirsty and hungry lately. Could these be related?,"[{""name"": ""diabetes"", ""confidence"": 0.95}]","[{""name"": ""joint_pain"", ""confidence"": 0.8730282374566217}]",victoza|liraglutide|clobetasol,duloxetine|cymbalta,2,half_confirmed|half_confirmed|phase2_fallback,0.0,0.0,0.0,0.0,0.0,0.0,0.0,0.0,0.0,0.0,0.0,0.0,0.0
eval_0233,verified_xgb_ranker,"My skin itches so much from the inside, and it's starting to peel off. How can I relieve this?","[{""name"": ""psoriasis"", ""confidence"": 0.9}]","[{""name"": ""internal_itching"", ""confidence"": 1.0}, {""name"": ""itching"", ""confidence"": 0.5932737152653859}, {""name"": ""skin_peeling"", ""confidence"": 0.9802929053307494}]",prednisone|dexamethasone|methylprednisolone,prednisone|adalimumab|humira,15,half_confirmed|half_confirmed|half_confirmed,0.2,0.333333,1.0,0.339398,0.1,0.333333,1.0,0.339398,0.05,0.333333,1.0,0.339398,1.0
eval_0223,verified_xgb_ranker,"My aunt always has a burning feeling in her stomach after dinner, and my uncle can't walk far because his knees give him so much pain.","[{""name"": ""peptic_ulcer_diseae"", ""confidence"": 0.08}]","[{""name"": ""abdominal_pain"", ""confidence"": 1.0}, {""name"": ""knee_pain"", ""confidence"": 1.0}]",sucralfate|rabeprazole|triamcinolone,triamcinolone|sucralfate|prednisone|adalimumab,2,half_confirmed|half_confirmed|phase2_fallback,0.4,0.5,1.0,0.653252,0.2,0.5,1.0,0.653252,0.1,0.5,1.0,0.653252,1.0
eval_0213,verified_xgb_ranker,Racing heart with chest pain and profuse sweating? Take quick steps to manage thyroid and blood pressure issues!,"[{""name"": ""hyperthyroidism"", ""confidence"": 0.8}]","[{""name"": ""chest_pain"", ""confidence"": 1.0}, {""name"": ""fast_heart_rate"", ""confidence"": 0.8229489766433319}, {""name"": ""sweating"", ""confidence"": 1.0}]",clonidine|catapres|aluminum chloride hexahydrate,clonidine|catapres|terazosin|hytrin,0,phase2_fallback|phase2_fallback|phase2_fallback,0.4,0.5,1.0,0.636682,0.2,0.5,1.0,0.636682,0.1,0.5,1.0,0.636682,1.0
eval_0218,verified_xgb_ranker,"Sarah can barely catch her breath, and she's coughing up rusty colored stuff. She says her chest hurts too.","[{""name"": ""pneumonia"", ""confidence"": 1.0}]","[{""name"": ""breathlessness"", ""confidence"": 0.8365488916151266}, {""name"": ""chest_pain"", ""confidence"": 1.0}, {""name"": ""rusty_sputum"", ""confidence"": 0.9961969251577922}]",azithromycin|sulfamethoxazole / trimethoprim|ceftriaxone,doxycycline|azithromycin,7,half_confirmed|half_confirmed|half_confirmed,0.2,0.5,1.0,0.613147,0.1,0.5,1.0,0.613147,0.05,0.5,1.0,0.613147,1.0
eval_0242,verified_xgb_ranker,"I'm always tired, gaining weight, and sometimes I feel dizzy. What's going on with me?","[{""name"": ""hypothyroidism"", ""confidence"": 0.91}]","[{""name"": ""dizziness"", ""confidence"": 1.0}, {""name"": ""fatigue"", ""confidence"": 1.0}]",thyroid desiccated|westhroid|levothyroxine,thyroid desiccated|armour thyroid|levothyroxine,9,half_confirmed|half_confirmed|half_confirmed,0.4,0.666667,1.0,0.703918,0.2,0.666667,1.0,0.703918,0.1,0.666667,1.0,0.703918,1.0
eval_0241,verified_xgb_ranker,I often have headaches along with neck pain and dizziness. Could they be connected?,"[{""name"": ""cervical_spondylosis"", ""confidence"": 1.0}, {""name"": ""migraine"", ""confidence"": 0.55}]","[{""name"": ""dizziness"", ""confidence"": 1.0}, {""name"": ""neck_pain"", ""confidence"": 1.0}]",lorazepam|ativan|baclofen|eletriptan|frovatriptan|maxalt,baclofen|onabotulinumtoxina|botox|lioresal|propranolol,10,phase2_fallback|phase2_fallback|phase2_fallback|half_confirmed|half_confirmed|half_confirmed,0.2,0.2,1.0,0.124566,0.1,0.2,1.0,0.124566,0.05,0.2,1.0,0.124566,0.333333
eval_0237,verified_xgb_ranker,"My skin is so itchy, and I see some dark spots appearing. Also, I've been feeling like I need to urinate frequently.","[{""name"": ""fungal_infection"", ""confidence"": 0.87}]","[{""name"": ""dischromic_patches"", ""confidence"": 0.5264163060545844}, {""name"": ""itching"", ""confidence"": 1.0}]",prednisone|doxycycline|azithromycin,sulfamethoxazole / trimethoprim|bactrim|fluconazole,0,phase2_fallback|phase2_fallback|phase2_fallback,0.0,0.0,0.0,0.0,0.0,0.0,0.0,0.0,0.0,0.0,0.0,0.0,0.0
eval_0244,verified_xgb_ranker,"I've been getting headaches and chills, and my wrists are swollen. Is this related?","[{""name"": ""arthritis"", ""confidence"": 1.0}]","[{""name"": ""chills"", ""confidence"": 0.978138054224176}, {""name"": ""headache"", ""confidence"": 0.934519692672763}, {""name"": ""swelling_joints"", ""confidence"": 0.8732809298080053}]",prednisone|methylprednisolone|medrol dosepak,doxycycline|prednisone|methylprednisolone|hydroxychloroquine|doxy 100|deltasone|diclofenac|naproxen,12,half_confirmed|half_confirmed|half_confirmed,0.4,0.25,1.0,0.553146,0.2,0.25,1.0,0.436404,0.1,0.25,1.0,0.436404,1.0
eval_0252,verified_xgb_ranker,"I get these throbbing pains in my head that come and go, and they keep me up at night. I've been feeling more irritable lately.","[{""name"": ""others"", ""confidence"": 0.93}]","[{""name"": ""irritability"", ""confidence"": 0.43672823491762014}]",escitalopram|diazepam|alprazolam,gabapentin|propranolol,17,half_confirmed|half_confirmed|half_confirmed,0.0,0.0,0.0,0.0,0.0,0.0,0.0,0.0,0.0,0.0,0.0,0.0,0.0
eval_0227,verified_xgb_ranker,"Feeling extremely weak, headache, and my face looks sunken – concerned.","[{""name"": ""typhoid"", ""confidence"": 1.0}]","[{""name"": ""fatigue"", ""confidence"": 0.4569326879657047}, {""name"": ""headache"", ""confidence"": 0.9478802523440213}]",azithromycin|ceftriaxone|ampicillin,ceftriaxone|ciprofloxacin,0,phase2_fallback|phase2_fallback|phase2_fallback,0.2,0.5,1.0,0.296082,0.1,0.5,1.0,0.296082,0.05,0.5,1.0,0.296082,0.5
eval_0232,verified_xgb_ranker,"Whenever I'm near cats, I start sneezing and my eyes get really watery. How can I manage this?","[{""name"": ""allergy"", ""confidence"": 1.0}]","[{""name"": ""continuous_sneezing"", ""confidence"": 1.0}, {""name"": ""watering_from_eyes"", ""confidence"": 1.0}]",prednisone|promethazine|cyproheptadine,prednisone|promethazine,10,half_confirmed|half_confirmed|half_confirmed,0.4,1.0,1.0,0.913402,0.2,1.0,1.0,0.913402,0.1,1.0,1.0,0.913402,1.0
eval_0257,verified_xgb_ranker,"My stomach aches constantly, and I'm passing gas more than usual. Is this normal?","[{""name"": ""peptic_ulcer_diseae"", ""confidence"": 1.0}]","[{""name"": ""abdominal_pain"", ""confidence"": 0.4481692652496049}, {""name"": ""passage_of_gases"", ""confidence"": 1.0}, {""name"": ""stomach_pain"", ""confidence"": 1.0}]",rabeprazole|lansoprazole|esomeprazole,rabeprazole|esomeprazole|lansoprazole,9,half_confirmed|half_confirmed|half_confirmed,0.6,1.0,1.0,1.0,0.3,1.0,1.0,1.0,0.15,1.0,1.0,1.0,1.0
eval_0251,verified_xgb_ranker,"I'm so weak I can't get out of bed, my muscles ache, and every joint screams with pain. I don't know what to do.","[{""name"": ""arthritis"", ""confidence"": 0.33}]","[{""name"": ""joint_pain"", ""confidence"": 1.0}, {""name"": ""muscle_pain"", ""confidence"": 0.3766798484509331}, {""name"": ""muscle_weakness"", ""confidence"": 1.0}]",prednisone|methylprednisolone|betamethasone,prednisone|enbrel|naproxen|triamcinolone|ibuprofen,16,half_confirmed|half_confirmed|half_confirmed,0.2,0.2,1.0,0.249133,0.1,0.2,1.0,0.249133,0.05,0.2,1.0,0.249133,1.0
eval_0249,verified_xgb_ranker,I have a persistent cough with some chest pain and a low-grade fever. Should I be worried?,"[{""name"": ""tuberculosis"", ""confidence"": 0.08}]","[{""name"": ""chest_pain"", ""confidence"": 1.0}, {""name"": ""cough"", ""confidence"": 0.9167851933683109}, {""name"": ""mild_fever"", ""confidence"": 1.0}]",prednisone|aciphex|doxycycline,doxycycline,0,phase2_fallback|phase2_fallback|phase2_fallback,0.2,1.0,1.0,0.5,0.1,1.0,1.0,0.5,0.05,1.0,1.0,0.5,0.333333
eval_0246,verified_xgb_ranker,"My neighbor is always tired and snaps at everyone, I wonder if it's her blood pressure or thyroid.","[{""name"": ""hypertension"", ""confidence"": 0.05}, {""name"": ""hyperthyroidism"", ""confidence"": 0.79}, {""name"": ""hypothyroidism"", ""confidence"": 0.54}]","[{""name"": ""fatigue"", ""confidence"": 1.0}, {""name"": ""irritability"", ""confidence"": 0.9733670295746227}]",clonidine|spironolactone|catapres|aluminum chloride hexahydrate|drysol|hypercare|thyroid desiccated|westhroid|armour thyroid,thyroid desiccated|armour thyroid|levothyroxine,12,half_confirmed|half_confirmed|half_confirmed|phase2_fallback|phase2_fallback|phase2_fallback|half_confirmed|half_confirmed|half_confirmed,0.0,0.0,0.0,0.0,0.2,0.666667,1.0,0.297693,0.1,0.666667,1.0,0.297693,0.142857
eval_0260,verified_xgb_ranker,Knees are swollen and walking is painful. Is there a way to reduce the swelling?,"[{""name"": ""osteoarthristis"", ""confidence"": 1.0}]","[{""name"": ""knee_pain"", ""confidence"": 1.0}, {""name"": ""painful_walking"", ""confidence"": 0.7774199573548333}, {""name"": ""swelling_joints"", ""confidence"": 1.0}]",naprosyn|naproxen|doxycycline,naproxen,1,half_confirmed|phase2_fallback|phase2_fallback,0.2,1.0,1.0,0.63093,0.1,1.0,1.0,0.63093,0.05,1.0,1.0,0.63093,0.5
eval_0250,verified_xgb_ranker,"I have a headache and feel tired all the time. Also, I noticed a rash on my arms and have had diarrhea.","[{""name"": ""chicken_pox"", ""confidence"": 0.48}, {""name"": ""gastroenteritis"", ""confidence"": 0.74}]","[{""name"": ""diarrhoea"", ""confidence"": 0.9314861482123423}, {""name"": ""fatigue"", ""confidence"": 1.0}, {""name"": ""headache"", ""confidence"": 0.9967995186557086}, {""name"": ""skin_rash"", ""confidence"": 0.8516502654044444}]",valacyclovir|acyclovir|valtrex|doxycycline|sulfamethoxazole / trimethoprim|amitriptyline,valacyclovir|valtrex|acyclovir,2,half_confirmed|half_confirmed|phase2_fallback|phase2_fallback|phase2_fallback|phase2_fallback,0.6,1.0,1.0,1.0,0.3,1.0,1.0,1.0,0.15,1.0,1.0,1.0,1.0
eval_0261,verified_xgb_ranker,My nails are all red and have little dents in them. Is this normal?,"[{""name"": ""psoriasis"", ""confidence"": 1.0}]","[{""name"": ""inflammatory_nails"", ""confidence"": 0.9844692418144602}, {""name"": ""small_dents_in_nails"", ""confidence"": 0.9952277826824835}]",enbrel|prednisone|ustekinumab,enbrel,16,half_confirmed|half_confirmed|half_confirmed,0.2,1.0,1.0,1.0,0.1,1.0,1.0,1.0,0.05,1.0,1.0,1.0,1.0
eval_0264,verified_xgb_ranker,I have joint swelling and also stomach pains occasionally.,"[{""name"": ""arthritis"", ""confidence"": 0.51}]","[{""name"": ""abdominal_pain"", ""confidence"": 0.14249102558752919}, {""name"": ""joint_pain"", ""confidence"": 1.0}]",prednisone|methylprednisolone|adalimumab,adalimumab|humira|infliximab|remicade,12,half_confirmed|half_confirmed|half_confirmed,0.2,0.25,1.0,0.19519,0.1,0.25,1.0,0.19519,0.05,0.25,1.0,0.19519,0.333333
eval_0268,verified_xgb_ranker,"My eyes water frequently, and I have stiffness and swelling in my joints. Should I see a specialist?","[{""name"": ""allergy"", ""confidence"": 0.96}, {""name"": ""arthritis"", ""confidence"": 1.0}]","[{""name"": ""movement_stiffness"", ""confidence"": 1.0}, {""name"": ""swelling_joints"", ""confidence"": 0.7895516607480867}, {""name"": ""watering_from_eyes"", ""confidence"": 0.9990929269913673}]",prednisone|triamcinolone|corticotropin|prednisone|triamcinolone|diclofenac,prednisone|triamcinolone|prednisolone|loteprednol|lotemax,22,half_confirmed|half_confirmed|half_confirmed|half_confirmed|half_confirmed|half_confirmed,0.8,0.8,1.0,0.650507,0.4,0.8,1.0,0.650507,0.2,0.8,1.0,0.650507,1.0
eval_0267,verified_xgb_ranker,"I have pimples on my back, and my kid has a similar rash with sores around the nose. Could it be the same thing?","[{""name"": ""acne"", ""confidence"": 1.0}, {""name"": ""impetigo"", ""confidence"": 0.1}]","[{""name"": ""itching"", ""confidence"": 0.11672283762117212}, {""name"": ""pus_filled_pimples"", ""confidence"": 1.0}, {""name"": ""red_sore_around_nose"", ""confidence"": 0.7670876781189232}, {""name"": ""skin_rash"", ""confidence"": 0.9588407313044073}]",doxycycline|isotretinoin|accutane|retapamulin|altabax|doxycycline,isotretinoin|accutane|adapalene / benzoyl peroxide|doxycycline|cefuroxime|mupirocin|retapamulin,14,half_confirmed|half_confirmed|half_confirmed|half_confirmed|half_confirmed|phase2_fallback,0.8,0.571429,1.0,0.820105,0.5,0.714286,1.0,0.814005,0.25,0.714286,1.0,0.814005,1.0
eval_0253,verified_xgb_ranker,"I saw that my friend's nails have these weird dents and look inflamed, and she says they're painful.","[{""name"": ""psoriasis"", ""confidence"": 1.0}]","[{""name"": ""inflammatory_nails"", ""confidence"": 1.0}, {""name"": ""small_dents_in_nails"", ""confidence"": 1.0}]",enbrel|prednisone|ustekinumab,prednisone|enbrel,16,half_confirmed|half_confirmed|half_confirmed,0.4,1.0,1.0,1.0,0.2,1.0,1.0,1.0,0.1,1.0,1.0,1.0,1.0
eval_0276,verified_xgb_ranker,"My chest is tight, I'm wheezing, and coughing up thick phlegm. Breathing is a struggle.","[{""name"": ""bronchial_asthma"", ""confidence"": 1.0}]","[{""name"": ""breathlessness"", ""confidence"": 1.0}, {""name"": ""chest_pain"", ""confidence"": 0.9745126488455688}, {""name"": ""cough"", ""confidence"": 0.8689027575840769}, {""name"": ""mucoid_sputum"", ""confidence"": 0.10483894618713051}]",prednisone|medrol dosepak|triamcinolone,prednisone,4,half_confirmed|half_confirmed|half_confirmed,0.2,1.0,1.0,1.0,0.1,1.0,1.0,1.0,0.05,1.0,1.0,1.0,1.0
eval_0277,verified_xgb_ranker,"I'm urinating frequently, and my eyesight seems off, like things are blurry. Is this normal?","[{""name"": ""diabetes"", ""confidence"": 1.0}]","[{""name"": ""blurred_and_distorted_vision"", ""confidence"": 1.0}, {""name"": ""polyuria"", ""confidence"": 1.0}]",liraglutide|victoza|pramlintide,liraglutide|victoza,13,half_confirmed|half_confirmed|half_confirmed,0.4,1.0,1.0,1.0,0.2,1.0,1.0,1.0,0.1,1.0,1.0,1.0,1.0
eval_0272,verified_xgb_ranker,"I have pain in my joints and my stomach, and I drink a lot. Could these be connected?","[{""name"": ""alcoholic_hepatitis"", ""confidence"": 0.77}, {""name"": ""arthritis"", ""confidence"": 0.54}]","[{""name"": ""abdominal_pain"", ""confidence"": 1.0}, {""name"": ""history_of_alcohol_consumption"", ""confidence"": 0.4888550775830132}, {""name"": ""joint_pain"", ""confidence"": 0.7964889368962038}]",prednisone|elocon|desonide|prednisone|methylprednisolone|betamethasone,budesonide,6,phase2_fallback|phase2_fallback|phase2_fallback|half_confirmed|half_confirmed|half_confirmed,0.0,0.0,0.0,0.0,0.0,0.0,0.0,0.0,0.0,0.0,0.0,0.0,0.0
eval_0262,verified_xgb_ranker,"Walking downstairs is becoming painful, and my ankles feel swollen at times.","[{""name"": ""arthritis"", ""confidence"": 1.0}]","[{""name"": ""painful_walking"", ""confidence"": 1.0}, {""name"": ""swelling_joints"", ""confidence"": 0.924389943808341}]",diclofenac|prednisone|enbrel,diclofenac|tramadol|acetaminophen / hydrocodone,13,half_confirmed|half_confirmed|half_confirmed,0.2,0.333333,1.0,0.570141,0.1,0.333333,1.0,0.570141,0.05,0.333333,1.0,0.570141,1.0
eval_0275,verified_xgb_ranker,Peeing burns and I always feel like I need to go to the bathroom.,"[{""name"": ""urinary_tract_infection"", ""confidence"": 1.0}]","[{""name"": ""burning_micturition"", ""confidence"": 0.49446551485822815}, {""name"": ""continuous_feel_of_urine"", ""confidence"": 0.9962626326952553}]",sulfamethoxazole / trimethoprim|azithromycin|bactrim,doxycycline,5,half_confirmed|half_confirmed|half_confirmed,0.0,0.0,0.0,0.0,0.0,0.0,0.0,0.0,0.0,0.0,0.0,0.0,0.0
eval_0271,verified_xgb_ranker,I have blackheads on my nose and also feel very hungry all the time with weight loss. What could be wrong?,"[{""name"": ""acne"", ""confidence"": 1.0}, {""name"": ""diabetes"", ""confidence"": 0.79}]","[{""name"": ""blackheads"", ""confidence"": 0.9996950550033511}, {""name"": ""excessive_hunger"", ""confidence"": 0.8922644011170893}, {""name"": ""increased_appetite"", ""confidence"": 1.0}, {""name"": ""runny_nose"", ""confidence"": 0.04364825669910193}, {""name"": ""weight_loss"", ""confidence"": 0.98241663326663}]",tretinoin|isotretinoin|doxycycline|liraglutide|victoza|pregabalin,tretinoin|doxycycline|spironolactone|liraglutide|victoza,17,half_confirmed|half_confirmed|half_confirmed|half_confirmed|half_confirmed|half_confirmed,0.8,0.8,1.0,0.81704,0.4,0.8,1.0,0.81704,0.2,0.8,1.0,0.81704,1.0
eval_0279,verified_xgb_ranker,"I've got a runny nose, my eyes are watering, and I'm coughing a lot. Could it be allergies or a cold?","[{""name"": ""allergy"", ""confidence"": 1.0}, {""name"": ""common_cold"", ""confidence"": 1.0}]","[{""name"": ""congestion"", ""confidence"": 0.37776629390544264}, {""name"": ""cough"", ""confidence"": 0.9850188655422474}, {""name"": ""runny_nose"", ""confidence"": 1.0}, {""name"": ""watering_from_eyes"", ""confidence"": 0.9796448184797442}]",prednisone|promethazine|cyproheptadine|dexbrompheniramine / pseudoephedrine|drixoral cold and allergy|chlorpheniramine / hydrocodone,prednisone|promethazine|cyproheptadine|triamcinolone|azelastine|phenergan,23,half_confirmed|half_confirmed|half_confirmed|half_confirmed|half_confirmed|half_confirmed,0.6,0.5,1.0,0.722727,0.3,0.5,1.0,0.644824,0.15,0.5,1.0,0.644824,1.0
eval_0284,verified_xgb_ranker,"I have asthma, but now I'm having trouble breathing, running a fever, and coughing up thick mucus. I'm really scared.","[{""name"": ""bronchial_asthma"", ""confidence"": 1.0}, {""name"": ""pneumonia"", ""confidence"": 1.0}]","[{""name"": ""breathlessness"", ""confidence"": 1.0}, {""name"": ""cough"", ""confidence"": 0.678102967824273}, {""name"": ""high_fever"", ""confidence"": 0.8994043803445266}, {""name"": ""mucoid_sputum"", ""confidence"": 1.0}]",prednisone|xopenex|levalbuterol|azithromycin|sulfamethoxazole / trimethoprim|ceftriaxone,doxycycline|azithromycin|prednisone|sulfamethoxazole / trimethoprim|ceftriaxone,12,half_confirmed|half_confirmed|half_confirmed|half_confirmed|half_confirmed|half_confirmed,0.6,0.6,1.0,0.672933,0.4,0.8,1.0,0.76757,0.2,0.8,1.0,0.76757,1.0
eval_0281,verified_xgb_ranker,"My heart is racing, I'm coughing non-stop, and the phlegm has a rusty color.","[{""name"": ""pneumonia"", ""confidence"": 1.0}]","[{""name"": ""cough"", ""confidence"": 0.6396727045240932}, {""name"": ""fast_heart_rate"", ""confidence"": 1.0}, {""name"": ""rusty_sputum"", ""confidence"": 1.0}]",azithromycin|sulfamethoxazole / trimethoprim|ceftriaxone,doxycycline|azithromycin,7,half_confirmed|half_confirmed|half_confirmed,0.2,0.5,1.0,0.703918,0.1,0.5,1.0,0.703918,0.05,0.5,1.0,0.703918,1.0
eval_0269,verified_xgb_ranker,"I'm overweight and always feel exhausted, could it be something serious?","[{""name"": ""diabetes"", ""confidence"": 1.0}]","[{""name"": ""fatigue"", ""confidence"": 1.0}, {""name"": ""obesity"", ""confidence"": 1.0}]",liraglutide|victoza|pramlintide,liraglutide|victoza,12,half_confirmed|half_confirmed|half_confirmed,0.4,1.0,1.0,1.0,0.2,1.0,1.0,1.0,0.1,1.0,1.0,1.0,1.0
eval_0270,verified_xgb_ranker,"Sores around the nose, blisters with yellow ooze, and a high fever in my infant. I don't know what to do.","[{""name"": ""impetigo"", ""confidence"": 1.0}]","[{""name"": ""blister"", ""confidence"": 1.0}, {""name"": ""high_fever"", ""confidence"": 1.0}, {""name"": ""red_sore_around_nose"", ""confidence"": 0.9641178243742202}, {""name"": ""yellow_crust_ooze"", ""confidence"": 0.998608884115004}]",retapamulin|altabax|cefuroxime,cefuroxime|mupirocin|retapamulin,3,half_confirmed|half_confirmed|half_confirmed,0.4,0.666667,1.0,0.678796,0.2,0.666667,1.0,0.678796,0.1,0.666667,1.0,0.678796,1.0
eval_0280,verified_xgb_ranker,I have blackheads on my nose and a rash on my chest that's itchy. Could they be connected?,"[{""name"": ""acne"", ""confidence"": 1.0}, {""name"": ""fungal_infection"", ""confidence"": 0.88}]","[{""name"": ""blackheads"", ""confidence"": 0.9953289054715811}, {""name"": ""itching"", ""confidence"": 0.9234180247760961}, {""name"": ""skin_rash"", ""confidence"": 0.4846979461951432}]",doxycycline|isotretinoin|accutane|doxycycline|sulfamethoxazole / trimethoprim|bactrim,doxycycline|clindamycin|minocycline,12,half_confirmed|half_confirmed|half_confirmed|phase2_fallback|phase2_fallback|phase2_fallback,0.4,0.666667,1.0,0.671386,0.2,0.666667,1.0,0.671386,0.1,0.666667,1.0,0.671386,1.0
eval_0287,verified_xgb_ranker,"I've had neck issues for years, but now I'm dealing with diarrhea. Could stress be making everything worse?","[{""name"": ""cervical_spondylosis"", ""confidence"": 0.9}, {""name"": ""gastroenteritis"", ""confidence"": 0.34}, {""name"": ""hyperthyroidism"", ""confidence"": 0.89}]","[{""name"": ""diarrhoea"", ""confidence"": 1.0}, {""name"": ""enlarged_thyroid"", ""confidence"": 0.6318583987223312}, {""name"": ""neck_pain"", ""confidence"": 1.0}]",lorazepam|ativan|onabotulinumtoxina|opium|lorazepam|ativan|oxybutynin|onabotulinumtoxina|botox,onabotulinumtoxina|gabapentin|amitriptyline,1,phase2_fallback|phase2_fallback|phase2_fallback|half_confirmed|phase2_fallback|phase2_fallback|phase2_fallback|phase2_fallback|phase2_fallback,0.2,0.333333,1.0,0.234639,0.2,0.666667,1.0,0.38268,0.1,0.666667,1.0,0.38268,0.333333
eval_0273,verified_xgb_ranker,I keep getting headaches and feeling dizzy. It's making me really irritable. Any ideas?,"[{""name"": ""migraine"", ""confidence"": 0.48}]","[{""name"": ""dizziness"", ""confidence"": 0.6066693183268234}, {""name"": ""irritability"", ""confidence"": 0.6145952844689486}]",propranolol|innopran xl|clonidine,propranolol|clonidine,2,half_confirmed|half_confirmed|phase2_fallback,0.4,1.0,1.0,0.938557,0.2,1.0,1.0,0.938557,0.1,1.0,1.0,0.938557,1.0
eval_0292,verified_xgb_ranker,Is it common for joint stiffness to get worse in cold weather? My hands feel like blocks of ice in the morning.,"[{""name"": ""arthritis"", ""confidence"": 1.0}]","[{""name"": ""movement_stiffness"", ""confidence"": 1.0}]",diclofenac|prednisone|enbrel,diclofenac,13,half_confirmed|half_confirmed|half_confirmed,0.2,1.0,1.0,1.0,0.1,1.0,1.0,1.0,0.05,1.0,1.0,1.0,1.0
eval_0278,verified_xgb_ranker,"My cousin has been itching like crazy, and her urine smells awful. She's embarrassed to talk about it.","[{""name"": ""urinary_tract_infection"", ""confidence"": 0.87}]","[{""name"": ""foul_smell_of urine"", ""confidence"": 1.0}, {""name"": ""itching"", ""confidence"": 1.0}]",azithromycin|sulfamethoxazole / trimethoprim|bactrim,doxycycline|azithromycin|bactrim|fluconazole,8,half_confirmed|half_confirmed|half_confirmed,0.4,0.5,1.0,0.518201,0.2,0.5,1.0,0.518201,0.1,0.5,1.0,0.518201,1.0
eval_0297,verified_xgb_ranker,"I often feel acid reflux, especially at night. It disturbs my sleep.","[{""name"": ""gerd"", ""confidence"": 1.0}]","[{""name"": ""acidity"", ""confidence"": 1.0}]",aciphex|rabeprazole|prevacid,aciphex|dexlansoprazole|rabeprazole,15,half_confirmed|half_confirmed|half_confirmed,0.4,0.666667,1.0,0.765361,0.2,0.666667,1.0,0.765361,0.1,0.666667,1.0,0.765361,1.0
eval_0296,verified_xgb_ranker,"My sister's nails are thick and inflamed, and she has silver dust on her skin.","[{""name"": ""psoriasis"", ""confidence"": 1.0}]","[{""name"": ""inflammatory_nails"", ""confidence"": 0.9188111725310627}, {""name"": ""silver_like_dusting"", ""confidence"": 0.772565659148159}]",enbrel|prednisone|ustekinumab,prednisone|enbrel,16,half_confirmed|half_confirmed|half_confirmed,0.4,1.0,1.0,1.0,0.2,1.0,1.0,1.0,0.1,1.0,1.0,1.0,1.0
eval_0291,verified_xgb_ranker,"I feel so dehydrated, my eyes are sunk in, my heart is beating fast, and I keep vomiting.","[{""name"": ""gastroenteritis"", ""confidence"": 1.0}]","[{""name"": ""dehydration"", ""confidence"": 1.0}, {""name"": ""fast_heart_rate"", ""confidence"": 0.9908339828716148}, {""name"": ""sunken_eyes"", ""confidence"": 1.0}, {""name"": ""vomiting"", ""confidence"": 1.0}]",opium|doxycycline|cholestyramine,doxycycline,1,half_confirmed|phase2_fallback|phase2_fallback,0.2,1.0,1.0,0.63093,0.1,1.0,1.0,0.63093,0.05,1.0,1.0,0.63093,0.5
eval_0290,verified_xgb_ranker,"Shortness of breath with mucus, tips for better breathing?","[{""name"": ""bronchial_asthma"", ""confidence"": 1.0}]","[{""name"": ""breathlessness"", ""confidence"": 1.0}]",prednisone|xopenex|levalbuterol,prednisone,3,half_confirmed|half_confirmed|half_confirmed,0.2,1.0,1.0,1.0,0.1,1.0,1.0,1.0,0.05,1.0,1.0,1.0,1.0
eval_0300,verified_xgb_ranker,"I've been having joint pain and swelling, along with occasional stomach cramps. Is this something serious?","[{""name"": ""arthritis"", ""confidence"": 1.0}]","[{""name"": ""abdominal_pain"", ""confidence"": 0.8769011429248842}, {""name"": ""joint_pain"", ""confidence"": 0.9893088795339182}, {""name"": ""swelling_joints"", ""confidence"": 0.905225503048993}]",prednisone|methylprednisolone|adalimumab,adalimumab|humira,17,half_confirmed|half_confirmed|half_confirmed,0.2,0.5,1.0,0.306574,0.1,0.5,1.0,0.306574,0.05,0.5,1.0,0.306574,0.333333
eval_0294,verified_xgb_ranker,"I have a high fever, chest pain, and I'm struggling to breathe, what should I do?","[{""name"": ""pneumonia"", ""confidence"": 1.0}]","[{""name"": ""breathlessness"", ""confidence"": 0.9567862285447923}, {""name"": ""chest_pain"", ""confidence"": 1.0}, {""name"": ""high_fever"", ""confidence"": 1.0}]",azithromycin|sulfamethoxazole / trimethoprim|ceftriaxone,doxycycline|azithromycin,7,half_confirmed|half_confirmed|half_confirmed,0.2,0.5,1.0,0.703918,0.1,0.5,1.0,0.703918,0.05,0.5,1.0,0.703918,1.0
eval_0293,verified_xgb_ranker,Diarrhoea and chills—wondering if it's serious? Get the facts now.,"[{""name"": ""gastroenteritis"", ""confidence"": 0.51}]","[{""name"": ""chills"", ""confidence"": 1.0}, {""name"": ""diarrhoea"", ""confidence"": 1.0}]",ampicillin|doxycycline|promethazine,doxycycline|sulfamethoxazole / trimethoprim,1,half_confirmed|phase2_fallback|phase2_fallback,0.2,0.5,1.0,0.444123,0.1,0.5,1.0,0.444123,0.05,0.5,1.0,0.444123,0.5
eval_0298,verified_xgb_ranker,"I've lost weight suddenly, my vision is distorted, and I have severe headaches. I'm really scared.","[{""name"": ""diabetes"", ""confidence"": 0.43}, {""name"": ""migraine"", ""confidence"": 0.93}]","[{""name"": ""blurred_and_distorted_vision"", ""confidence"": 1.0}, {""name"": ""visual_disturbances"", ""confidence"": 0.5740289081494037}, {""name"": ""weight_loss"", ""confidence"": 0.6650975095740057}]",pregabalin|liraglutide|victoza|amitriptyline|propranolol|topiramate,topiramate|amitriptyline,16,half_confirmed|half_confirmed|half_confirmed|half_confirmed|half_confirmed|half_confirmed,0.2,0.5,1.0,0.202107,0.2,1.0,1.0,0.452848,0.1,1.0,1.0,0.452848,0.25
eval_0286,verified_xgb_ranker,"I've had headaches and diarrhea, and also some discomfort in my lower belly. What might be wrong?","[{""name"": ""migraine"", ""confidence"": 0.64}, {""name"": ""urinary_tract_infection"", ""confidence"": 0.72}]","[{""name"": ""bladder_discomfort"", ""confidence"": 0.9992358836105061}, {""name"": ""diarrhoea"", ""confidence"": 0.8637585946923446}, {""name"": ""headache"", ""confidence"": 0.9999843249604506}]",amitriptyline|propranolol|rizatriptan|azithromycin|sulfamethoxazole / trimethoprim|ampicillin,doxycycline|sulfamethoxazole / trimethoprim|sumatriptan|azithromycin,13,half_confirmed|half_confirmed|half_confirmed|half_confirmed|half_confirmed|half_confirmed,0.4,0.5,1.0,0.299359,0.2,0.5,1.0,0.299359,0.1,0.5,1.0,0.299359,0.25
eval_0289,verified_xgb_ranker,"A work friend has chronic back pain and occasionally feels unsteady, but he hasn't seen a doctor.","[{""name"": ""cervical_spondylosis"", ""confidence"": 0.82}]","[{""name"": ""back_pain"", ""confidence"": 0.5315281773330554}, {""name"": ""loss_of_balance"", ""confidence"": 1.0}]",lorazepam|ativan|baclofen,baclofen,0,phase2_fallback|phase2_fallback|phase2_fallback,0.2,1.0,1.0,0.5,0.1,1.0,1.0,0.5,0.05,1.0,1.0,0.5,0.333333
