mode,query_id,recommended,relevant,verified_eval_split,ranker_used,fallback_mode,ranker_model_type,ranker_family,ranker_train_source,candidate_union_size,disease,strict,symptom,bm25,dense,prior,precision@5,recall@5,hit@5,ndcg@5,precision@10,recall@10,hit@10,ndcg@10,precision@20,recall@20,hit@20,ndcg@20,mrr,stage_hit_disease,stage_hit_strict,stage_hit_symptom,stage_hit_bm25,stage_hit_dense,stage_hit_prior,stage_hit_union
verified_learned_rerank,eval_0011,doxycycline | isotretinoin | clindamycin | cephalexin | accutane | bactrim | sulfamethoxazole / trimethoprim | minocycline | tretinoin | keflex | benzoyl peroxide / clindamycin | epiduo | adapalene / benzoyl peroxide | doxy 100 | magnesium hydroxide | phillips' milk of magnesia | claravis | benzaclin | spironolactone | duac,doxycycline | clindamycin | sulfamethoxazole / trimethoprim,all,True,False,logreg,logreg,verified_742,300,273,273,180,0,0,0,0.4,0.6666666666666666,1.0,0.7636451603657846,0.3,1.0,1.0,0.8767777767162712,0.15,1.0,1.0,0.8767777767162712,1.0,1.0,1.0,1.0,0.0,0.0,0.0,1.0
verified_learned_rerank,eval_0006,prednisone | hydrocortisone | triamcinolone | elocon | diclofenac | clobetasol | dexamethasone | desonide | doxycycline | ciprofloxacin | promethazine | chlordiazepoxide / clidinium | clonidine | librax | rabeprazole | flurandrenolide | plan b | cordran tape | atropine / hyoscyamine / phenobarbital / scopolamine | clocortolone,ciprofloxacin,all,True,False,logreg,logreg,verified_742,300,80,80,227,0,0,0,0.0,0.0,0.0,0.0,0.1,1.0,1.0,0.2890648263178879,0.05,1.0,1.0,0.2890648263178879,0.1,1.0,1.0,1.0,0.0,0.0,0.0,1.0
verified_learned_rerank,eval_0009,doxycycline | prednisone | azithromycin | rocephin | tudorza pressair | aclidinium | xopenex | methylprednisolone | omalizumab | ceftriaxone | mometasone | xolair | levalbuterol | primatene mist | accolate | intal inhaler | zafirlukast | guaifenesin | epinephrine | ampicillin,prednisone,all,True,False,logreg,logreg,verified_742,300,221,221,300,0,0,0,0.2,1.0,1.0,0.6309297535714574,0.1,1.0,1.0,0.6309297535714574,0.05,1.0,1.0,0.6309297535714574,0.5,1.0,1.0,1.0,0.0,0.0,0.0,1.0
verified_learned_rerank,eval_0016,isotretinoin | accutane | benzoyl peroxide / clindamycin | tretinoin | adapalene / benzoyl peroxide | epiduo | magnesium hydroxide | claravis | benzaclin | spironolactone | doxycycline | phillips' milk of magnesia | duac | retin-a | dapsone | aczone | clindamycin / tretinoin | drospirenone / ethinyl estradiol | onexton | benzoyl peroxide / sulfur,isotretinoin | accutane | adapalene / benzoyl peroxide,all,True,False,logreg,logreg,verified_742,300,273,273,300,0,0,0,0.6,1.0,1.0,0.9469024295259745,0.3,1.0,1.0,0.9469024295259745,0.15,1.0,1.0,0.9469024295259745,1.0,1.0,1.0,1.0,0.0,0.0,0.0,1.0
verified_learned_rerank,eval_0019,doxycycline | ibuprofen | naproxen | triamcinolone | flanax pain reliever | cephalexin | bactrim | sulfamethoxazole / trimethoprim | oxybutynin | avelox | moxifloxacin | doxy 100 | sucralfate | aleve | ditropan xl | naprosyn | ciprofloxacin | levofloxacin | bactrim ds | levaquin,naproxen | triamcinolone,all,True,False,logreg,logreg,verified_742,273,273,273,273,0,0,0,0.4,1.0,1.0,0.5706417189553201,0.2,1.0,1.0,0.5706417189553201,0.1,1.0,1.0,0.5706417189553201,0.3333333333333333,1.0,1.0,1.0,0.0,0.0,0.0,1.0
verified_learned_rerank,eval_0010,elocon | clobetasol | stelara | enbrel | ustekinumab | desonide | doxycycline | etanercept | prednisone | flurandrenolide | cordran tape | clocortolone | clobex | cloderm | thiothixene | desowen | methylprednisolone | adalimumab | mometasone | betamethasone,prednisone | enbrel,all,True,False,logreg,logreg,verified_742,300,164,164,300,0,0,0,0.2,0.5,1.0,0.3031610197508214,0.2,1.0,1.0,0.44442799261065036,0.1,1.0,1.0,0.44442799261065036,0.25,1.0,1.0,1.0,0.0,0.0,0.0,1.0
verified_learned_rerank,eval_0002,doxycycline | prednisone | azithromycin | rocephin | ceftriaxone | sulfamethoxazole / trimethoprim | zithromax | ceftin | avelox | moxifloxacin | amoxicillin | amoxil | amoxicillin / clavulanate | biaxin xl | augmentin | epinephrine | dexamethasone | cefuroxime | clarithromycin | metronidazole,prednisone,all,True,False,logreg,logreg,verified_742,300,202,202,133,0,0,0,0.2,1.0,1.0,0.6309297535714574,0.1,1.0,1.0,0.6309297535714574,0.05,1.0,1.0,0.6309297535714574,0.5,1.0,1.0,1.0,0.0,0.0,0.0,1.0
verified_learned_rerank,eval_0017,doxycycline | prednisone | methylprednisolone | azithromycin | xopenex | omalizumab | mometasone | rocephin | aclidinium | tudorza pressair | xolair | zafirlukast | ceftriaxone | epinephrine | levalbuterol | primatene mist | yupelri | accolate | intal inhaler | ampicillin,prednisone | methylprednisolone,all,True,False,logreg,logreg,verified_742,300,222,232,242,0,0,0,0.4,1.0,1.0,0.6934264036172708,0.2,1.0,1.0,0.6934264036172708,0.1,1.0,1.0,0.6934264036172708,0.5,1.0,1.0,1.0,0.0,0.0,0.0,1.0
verified_learned_rerank,eval_0020,clonazepam | klonopin | propranolol | rizatriptan | treximet | lamotrigine | gabapentin | naproxen / sumatriptan | relpax | maxalt | eletriptan | amitriptyline | frovatriptan | sumatriptan | diclofenac | frova | acetaminophen / butalbital / caffeine | maxalt-mlt | bupropion | fioricet,propranolol,all,True,False,logreg,logreg,verified_742,300,179,179,164,0,0,0,0.2,1.0,1.0,0.5,0.1,1.0,1.0,0.5,0.05,1.0,1.0,0.5,0.3333333333333333,1.0,1.0,0.0,0.0,0.0,0.0,1.0
verified_learned_rerank,eval_0021,propranolol | verapamil | epinephrine | nitro-bid | enoxaparin | aspirin | nitroglycerin | lovenox | atenolol | nadolol | corgard | plavix | bivalirudin | fragmin | streptokinase | dalteparin | bayer aspirin extra strength plus | angiomax | warfarin | metoprolol,metoprolol,all,True,False,logreg,logreg,verified_742,300,90,90,294,0,0,0,0.0,0.0,0.0,0.0,0.0,0.0,0.0,0.0,0.05,1.0,1.0,0.22767024869695296,0.05,1.0,1.0,1.0,0.0,0.0,0.0,1.0
verified_learned_rerank,eval_0012,clonazepam | propranolol | gabapentin | amitriptyline | sumatriptan | diclofenac | klonopin | prednisone | rizatriptan | clonidine | lithium | treximet | lamotrigine | naproxen / sumatriptan | relpax | nortriptyline | maxalt | verapamil | elavil | eletriptan,propranolol,all,True,False,logreg,logreg,verified_742,300,179,179,300,0,0,0,0.2,1.0,1.0,0.6309297535714574,0.1,1.0,1.0,0.6309297535714574,0.05,1.0,1.0,0.6309297535714574,0.5,1.0,1.0,1.0,0.0,0.0,0.0,1.0
verified_learned_rerank,eval_0008,clonazepam | klonopin | propranolol | rizatriptan | treximet | lamotrigine | gabapentin | naproxen / sumatriptan | amitriptyline | relpax | maxalt | eletriptan | acetaminophen / butalbital / caffeine | frovatriptan | sumatriptan | bupropion | aspirin / butalbital / caffeine | diclofenac | frova | maxalt-mlt,gabapentin | propranolol,all,True,False,logreg,logreg,verified_742,300,179,179,300,0,0,0,0.2,0.5,1.0,0.35195904451706733,0.2,1.0,1.0,0.5083852865246528,0.1,1.0,1.0,0.5083852865246528,0.3333333333333333,1.0,1.0,1.0,0.0,0.0,0.0,1.0
verified_learned_rerank,eval_0005,promethazine | prednisone | cyproheptadine | phenergan | chlor-trimeton | epinephrine | chlorpheniramine | ranitidine | triamcinolone | tetracaine | carbinoxamine | azelastine | olopatadine | diphenhydramine | benadryl | cetirizine | fexofenadine | zyrtec | allegra | semprex-d,promethazine | cyproheptadine,all,True,False,logreg,logreg,verified_742,300,253,300,152,0,0,0,0.4,1.0,1.0,0.9197207891481876,0.2,1.0,1.0,0.9197207891481876,0.1,1.0,1.0,0.9197207891481876,1.0,1.0,1.0,1.0,0.0,0.0,0.0,1.0
verified_learned_rerank,eval_0027,doxycycline | ibuprofen | naproxen | triamcinolone | flanax pain reliever | aleve | diclofenac | tramadol | naprosyn | stelara | acetaminophen / hydrocodone | enbrel | ustekinumab | etanercept | prednisone | lortab | ketoprofen | norco | indomethacin | valdecoxib,diclofenac | naproxen | triamcinolone,all,True,False,logreg,logreg,verified_742,273,273,273,273,0,0,0,0.4,0.6666666666666666,1.0,0.4007190842355906,0.3,1.0,1.0,0.5704180087613205,0.15,1.0,1.0,0.5704180087613205,0.3333333333333333,1.0,1.0,1.0,0.0,0.0,0.0,1.0
verified_learned_rerank,eval_0007,amitriptyline | propranolol | clonazepam | venlafaxine | klonopin | rizatriptan | elavil | spironolactone | treximet | lamotrigine | gabapentin | naproxen / sumatriptan | clonidine | relpax | maxalt | eletriptan | acetaminophen / butalbital / caffeine | frovatriptan | sumatriptan | bupropion,propranolol | clonidine | amitriptyline | elavil,all,True,False,logreg,logreg,verified_742,300,210,300,185,0,0,0,0.4,0.5,1.0,0.6744821105691429,0.3,0.75,1.0,0.8123343814578067,0.2,1.0,1.0,0.8847480511632643,1.0,1.0,1.0,1.0,0.0,0.0,0.0,1.0
verified_learned_rerank,eval_0034,prednisone | methylprednisolone | diclofenac | cellcept | mycophenolate mofetil | hydrocortisone | betamethasone | triamcinolone | doxycycline | adalimumab | humira | infliximab | medrol dosepak | remicade | ceftriaxone | dexamethasone | tramadol | stelara | acetaminophen / hydrocodone | enbrel,prednisone | methylprednisolone | triamcinolone | adalimumab | humira | infliximab | remicade,all,True,False,logreg,logreg,verified_742,300,295,299,266,0,0,0,0.4,0.2857142857142857,1.0,0.5531464700081437,0.4,0.5714285714285714,1.0,0.6144748978294173,0.35,1.0,1.0,0.8357885879645249,1.0,1.0,1.0,1.0,0.0,0.0,0.0,1.0
verified_learned_rerank,eval_0036,doxycycline | prednisone | methotrexate | stelara | enbrel | ustekinumab | etanercept | minocycline | methylprednisolone | adalimumab | betamethasone | humira | ceftriaxone | infliximab | remicade | hydrocortisone | dexamethasone | kenalog-40 | triamcinolone | elocon,doxycycline | prednisone,all,True,False,logreg,logreg,verified_742,300,283,300,128,0,0,0,0.4,1.0,1.0,1.0,0.2,1.0,1.0,1.0,0.1,1.0,1.0,1.0,1.0,1.0,1.0,1.0,0.0,0.0,0.0,1.0
verified_learned_rerank,eval_0037,lorazepam | baclofen | ativan | onabotulinumtoxina | botox | diclofenac | tramadol | stelara | enbrel | ustekinumab | doxycycline | lioresal | lortab | acetaminophen / hydrocodone | etanercept | ketoprofen | norco | prednisone | indomethacin | valdecoxib,diclofenac | onabotulinumtoxina | botox,all,True,False,logreg,logreg,verified_742,300,267,267,136,0,0,0,0.4,0.6666666666666666,1.0,0.3107378158607799,0.3,1.0,1.0,0.5138260130795436,0.15,1.0,1.0,0.5138260130795436,0.25,1.0,1.0,1.0,0.0,0.0,0.0,1.0
verified_learned_rerank,eval_0023,aluminum chloride hexahydrate | drysol | clonidine | gabapentin | amitriptyline | hypercare | catapres | xerac ac | potassium iodide | pima | tapazole | oxybutynin | hytrin | terazosin | onabotulinumtoxina | botox | benztropine | tadalafil | propranolol | sildenafil,thyroid desiccated | armour thyroid | levothyroxine,all,True,False,logreg,logreg,verified_742,300,137,81,192,0,0,0,0.0,0.0,0.0,0.0,0.0,0.0,0.0,0.0,0.0,0.0,0.0,0.0,0.0,0.0,1.0,1.0,0.0,0.0,0.0,1.0
verified_learned_rerank,eval_0039,doxycycline | prednisone | azithromycin | methylprednisolone | mometasone | epinephrine | ampicillin | budesonide | kenalog-40 | augmentin xr | triamcinolone | bactrim | medrol dosepak | sulfamethoxazole / trimethoprim | flunisolide | zithromax | ceftin | ceftibuten | cedax | singulair,prednisone | methylprednisolone,all,True,False,logreg,logreg,verified_742,300,290,300,180,0,0,0,0.4,1.0,1.0,0.6509209298071326,0.2,1.0,1.0,0.6509209298071326,0.1,1.0,1.0,0.6509209298071326,0.5,1.0,1.0,1.0,0.0,0.0,0.0,1.0
verified_learned_rerank,eval_0029,doxycycline | prednisone | azithromycin | rocephin | aclidinium | tudorza pressair | xopenex | methylprednisolone | omalizumab | ceftriaxone | mometasone | xolair | levalbuterol | primatene mist | accolate | zafirlukast | intal inhaler | guaifenesin | epinephrine | ampicillin,prednisone,all,True,False,logreg,logreg,verified_742,300,221,221,300,0,0,0,0.2,1.0,1.0,0.6309297535714574,0.1,1.0,1.0,0.6309297535714574,0.05,1.0,1.0,0.6309297535714574,0.5,1.0,1.0,1.0,0.0,0.0,0.0,1.0
verified_learned_rerank,eval_0033,cefadroxil | retapamulin | altabax | mupirocin | cefuroxime | accutane | adapalene / benzoyl peroxide | stelara | acyclovir | benzaclin | spironolactone | etanercept | prednisone | flurandrenolide | azithromycin | retin-a | rocephin | aczone | acidophilus | adalimumab,cefuroxime | mupirocin | retapamulin,all,True,False,logreg,logreg,verified_742,300,8,8,300,0,0,0,0.6,1.0,1.0,0.6797310500037657,0.3,1.0,1.0,0.6797310500037657,0.15,1.0,1.0,0.6797310500037657,0.5,1.0,1.0,1.0,0.0,0.0,0.0,1.0
verified_learned_rerank,eval_0041,doxycycline | azithromycin | rocephin | acidophilus | methenamine | ceftriaxone | zyvox | linezolid | hiprex | lactobacillus acidophilus | fluconazole | cephalexin | doripenem | gentamicin | bactrim | sulfamethoxazole / trimethoprim | minocycline | ceftin | avelox | moxifloxacin,doxycycline | azithromycin | sulfamethoxazole / trimethoprim | bactrim | fluconazole,all,True,False,logreg,logreg,verified_742,300,287,287,221,0,0,0,0.4,0.4,1.0,0.4063180457160617,0.2,0.4,1.0,0.4063180457160617,0.25,1.0,1.0,0.6954092773654924,1.0,1.0,1.0,1.0,0.0,0.0,0.0,1.0
verified_learned_rerank,eval_0018,clonazepam | klonopin | propranolol | rizatriptan | treximet | lamotrigine | gabapentin | naproxen / sumatriptan | amitriptyline | relpax | maxalt | eletriptan | acetaminophen / butalbital / caffeine | frovatriptan | sumatriptan | bupropion | aspirin / butalbital / caffeine | diclofenac | frova | maxalt-mlt,gabapentin | propranolol,all,True,False,logreg,logreg,verified_742,300,179,179,300,0,0,0,0.2,0.5,1.0,0.35195904451706733,0.2,1.0,1.0,0.5083852865246528,0.1,1.0,1.0,0.5083852865246528,0.3333333333333333,1.0,1.0,1.0,0.0,0.0,0.0,1.0
verified_learned_rerank,eval_0045,rabeprazole | omeprazole / sodium bicarbonate | ranitidine | lansoprazole | zantac | esomeprazole | protonix | nexium | sucralfate | cimetidine | omeprazole | diclofenac | pantoprazole | prednisone | carafate | clonidine | pepcid | chlordiazepoxide / clidinium | librax | aciphex,rabeprazole | esomeprazole | lansoprazole,all,True,False,logreg,logreg,verified_742,300,109,109,273,0,0,0,0.4,0.6666666666666666,1.0,0.6713860725233042,0.3,1.0,1.0,0.8385465274895064,0.15,1.0,1.0,0.8385465274895064,1.0,1.0,1.0,1.0,0.0,0.0,0.0,1.0
verified_learned_rerank,eval_0047,cefadroxil | retapamulin | altabax | mupirocin | cefuroxime | ozenoxacin | ammoniated mercury | sulconazole,mupirocin | retapamulin,all,True,False,logreg,logreg,verified_742,8,8,8,8,0,0,0,0.4,1.0,1.0,0.6509209298071326,0.2,1.0,1.0,0.6509209298071326,0.1,1.0,1.0,0.6509209298071326,0.5,1.0,1.0,1.0,0.0,0.0,0.0,1.0
verified_learned_rerank,eval_0049,aciphex | rabeprazole | calcium carbonate / simethicone | prevacid | axid ar | nexium 24hr | prilosec otc | omeprazole / sodium bicarbonate | aluminum hydroxide / magnesium hydroxide / simethicone | nizatidine | pepcid ac chewable tablets | protonix iv | mylanta | zegerid | dexlansoprazole | lansoprazole | esomeprazole | dexilant | protonix | nexium,aciphex | dexlansoprazole | rabeprazole,all,True,False,logreg,logreg,verified_742,300,45,45,288,0,0,0,0.4,0.6666666666666666,1.0,0.7653606369886218,0.2,0.6666666666666666,1.0,0.7653606369886218,0.15,1.0,1.0,0.8826803184943108,1.0,1.0,1.0,1.0,0.0,0.0,0.0,1.0
verified_learned_rerank,eval_0054,doxycycline | prednisone | azithromycin | methylprednisolone | mometasone | epinephrine | ampicillin | budesonide | kenalog-40 | augmentin xr | triamcinolone | bactrim | medrol dosepak | sulfamethoxazole / trimethoprim | flunisolide | zithromax | ceftin | ceftibuten | cedax | singulair,prednisone | methylprednisolone,all,True,False,logreg,logreg,verified_742,300,290,300,180,0,0,0,0.4,1.0,1.0,0.6509209298071326,0.2,1.0,1.0,0.6509209298071326,0.1,1.0,1.0,0.6509209298071326,0.5,1.0,1.0,1.0,0.0,0.0,0.0,1.0
verified_learned_rerank,eval_0053,doxycycline | prednisone | azithromycin | methylprednisolone | mometasone | epinephrine | ampicillin | budesonide | kenalog-40 | augmentin xr | triamcinolone | bactrim | medrol dosepak | sulfamethoxazole / trimethoprim | flunisolide | zithromax | ceftin | ceftibuten | cedax | singulair,prednisone | methylprednisolone,all,True,False,logreg,logreg,verified_742,300,130,300,295,0,0,0,0.4,1.0,1.0,0.6509209298071326,0.2,1.0,1.0,0.6509209298071326,0.1,1.0,1.0,0.6509209298071326,0.5,1.0,1.0,1.0,0.0,0.0,0.0,1.0
verified_learned_rerank,eval_0058,doxycycline | lithium | chlorpromazine | clindamycin | coartem | divalproex sodium | allopurinol | daraprim | depakote er | artemether / lumefantrine | halofantrine | pyrimethamine | pyrimethamine / sulfadoxine | halfan | fansidar | stavzor | thorazine | depakote | hydroxychloroquine | doxy 100,doxycycline | clindamycin,all,True,False,logreg,logreg,verified_742,300,34,34,286,0,0,0,0.4,1.0,1.0,0.9060254355346823,0.2,1.0,1.0,0.9060254355346823,0.1,1.0,1.0,0.9060254355346823,1.0,1.0,1.0,0.0,0.0,0.0,0.0,1.0
verified_learned_rerank,eval_0030,prednisone | omalizumab | xolair | epinephrine | promethazine | triamcinolone | aristocort | cyproheptadine | phenergan | cromolyn | chlor-trimeton | chlorpheniramine | ranitidine | tetracaine | carbinoxamine | azelastine | doxycycline | olopatadine | methylprednisolone | azithromycin,prednisone | promethazine | cyproheptadine | methylprednisolone,all,True,False,logreg,logreg,verified_742,300,288,288,65,0,0,0,0.4,0.5,1.0,0.46794370703989013,0.3,0.75,1.0,0.6080643289562144,0.2,1.0,1.0,0.6765787902303598,1.0,1.0,1.0,1.0,0.0,0.0,0.0,1.0
verified_learned_rerank,eval_0051,doxycycline | prednisone | azithromycin | rocephin | methylprednisolone | ceftriaxone | mometasone | epinephrine | ampicillin | budesonide | kenalog-40 | propranolol | augmentin xr | triamcinolone | bactrim | medrol dosepak | sulfamethoxazole / trimethoprim | flunisolide | zithromax | ceftin,prednisone,all,True,False,logreg,logreg,verified_742,300,221,221,133,0,0,0,0.2,1.0,1.0,0.6309297535714575,0.1,1.0,1.0,0.6309297535714575,0.05,1.0,1.0,0.6309297535714575,0.5,1.0,1.0,1.0,0.0,0.0,0.0,1.0
verified_learned_rerank,eval_0050,doxycycline | prednisone | azithromycin | rocephin | tudorza pressair | aclidinium | xopenex | methylprednisolone | omalizumab | ceftriaxone | mometasone | xolair | levalbuterol | primatene mist | accolate | intal inhaler | zafirlukast | guaifenesin | epinephrine | yupelri,prednisone,all,True,False,logreg,logreg,verified_742,300,221,221,300,0,0,0,0.2,1.0,1.0,0.6309297535714575,0.1,1.0,1.0,0.6309297535714575,0.05,1.0,1.0,0.6309297535714575,0.5,1.0,1.0,1.0,0.0,0.0,0.0,1.0
verified_learned_rerank,eval_0055,gabapentin | amitriptyline | clonazepam | spironolactone | urea | cyproheptadine | prednisone | clonidine | klonopin | pregabalin | propranolol | rizatriptan | acetaminophen / phenyltoloxamine | nortriptyline | icosapent | vascepa | treximet | lamotrigine | naproxen / sumatriptan | topiramate,gabapentin | amitriptyline,all,True,False,logreg,logreg,verified_742,300,236,236,300,0,0,0,0.4,1.0,1.0,1.0,0.2,1.0,1.0,1.0,0.1,1.0,1.0,1.0,1.0,1.0,1.0,1.0,0.0,0.0,0.0,1.0
verified_learned_rerank,eval_0059,doxycycline | prednisone | azithromycin | rocephin | ceftriaxone | sulfamethoxazole / trimethoprim | zithromax | ceftin | metronidazole | avelox | moxifloxacin | amoxicillin | dapsone | amoxil | zyvox | linezolid | amoxicillin / clavulanate | filgrastim | neupogen | methylprednisolone,prednisone,all,True,False,logreg,logreg,verified_742,300,198,198,157,0,0,0,0.2,1.0,1.0,0.6309297535714574,0.1,1.0,1.0,0.6309297535714574,0.05,1.0,1.0,0.6309297535714574,0.5,1.0,1.0,1.0,0.0,0.0,0.0,1.0
verified_learned_rerank,eval_0057,aciphex | doxycycline | prednisone | rabeprazole | calcium carbonate / simethicone | prevacid | nexium 24hr | axid ar | prilosec otc | nizatidine | omeprazole / sodium bicarbonate | aluminum hydroxide / magnesium hydroxide / simethicone | mylanta | zegerid | pepcid ac chewable tablets | protonix iv | tagamet hb | di-gel | mylanta maximum strength | dexlansoprazole,prednisone,all,True,False,logreg,logreg,verified_742,300,280,300,237,0,0,0,0.2,1.0,1.0,0.5,0.1,1.0,1.0,0.5,0.05,1.0,1.0,0.5,0.3333333333333333,1.0,1.0,1.0,0.0,0.0,0.0,1.0
verified_learned_rerank,eval_0042,prednisone | aristocort | triamcinolone | doxycycline | methylprednisolone | corticotropin | aspirin | deltasone | cyproheptadine | kenalog-40 | acthar | promethazine | diclofenac | loteprednol | lotemax | medrol dosepak | tramadol | stelara | acetaminophen / hydrocodone | enbrel,prednisone | triamcinolone | methylprednisolone,all,True,False,logreg,logreg,verified_742,300,278,300,257,0,0,0,0.6,1.0,1.0,0.8854598815714875,0.3,1.0,1.0,0.8854598815714875,0.15,1.0,1.0,0.8854598815714875,1.0,1.0,1.0,1.0,0.0,0.0,0.0,1.0
verified_learned_rerank,eval_0070,doxycycline | prednisone | methylprednisolone | azithromycin | ceftriaxone | rocephin | mometasone | epinephrine | budesonide | ampicillin | triamcinolone | kenalog-40 | medrol dosepak | augmentin xr | zithromax | ceftin | bactrim | ceftibuten | cedax | sulfamethoxazole / trimethoprim,prednisone,all,True,False,logreg,logreg,verified_742,300,221,221,104,0,0,0,0.2,1.0,1.0,0.6309297535714574,0.1,1.0,1.0,0.6309297535714574,0.05,1.0,1.0,0.6309297535714574,0.5,1.0,1.0,1.0,0.0,0.0,0.0,1.0
verified_learned_rerank,eval_0068,prednisone | propranolol | clonidine | cyproheptadine | doxycycline | ephedrine | spironolactone | acetaminophen / phenyltoloxamine | acetaminophen / caffeine | methylprednisolone | azithromycin | caffeine | ceftriaxone | catapres | mometasone | epinephrine | pregabalin | ampicillin | phenylephrine | excedrin tension headache,prednisone | diltiazem,all,True,False,logreg,logreg,verified_742,300,68,124,211,0,0,0,0.2,0.5,1.0,0.6131471927654584,0.1,0.5,1.0,0.6131471927654584,0.05,0.5,1.0,0.6131471927654584,1.0,1.0,1.0,1.0,0.0,0.0,0.0,1.0
verified_learned_rerank,eval_0072,proctofoam | pramoxine | dibucaine | nupercainal | hydrocortisone | proctofoam hc | proctosol-hc | pramoxine / zinc oxide | tronolane anesthetic for hemorrhoids | hydrocortisone / pramoxine | analpram-hc | hydrocortisone / lidocaine | phenylephrine | lmx 5 | pramosone | lidocaine | phenylephrine / pramoxine | recticare | anucort-hc | anusol-hc suppositories,hydrocortisone | pramoxine | proctofoam,all,True,False,logreg,logreg,verified_742,22,20,20,22,0,0,0,0.6,1.0,1.0,0.9615980861491925,0.3,1.0,1.0,0.9615980861491925,0.15,1.0,1.0,0.9615980861491925,1.0,1.0,1.0,1.0,0.0,0.0,0.0,1.0
verified_learned_rerank,eval_0069,doxycycline | prednisone | aluminum chloride hexahydrate | methylprednisolone | triamcinolone | drysol | stelara | enbrel | ustekinumab | etanercept | gabapentin | amitriptyline | oxybutynin | hypercare | hydrocortisone | kenalog-40 | ibuprofen | naproxen | minocycline | adalimumab,prednisone | methylprednisolone | triamcinolone | naproxen,all,True,False,logreg,logreg,verified_742,300,287,287,103,0,0,0,0.6,0.75,1.0,0.5654495432396527,0.3,0.75,1.0,0.5654495432396527,0.2,1.0,1.0,0.6573484866083072,0.5,1.0,1.0,1.0,0.0,0.0,0.0,1.0
verified_learned_rerank,eval_0048,doxycycline | prednisone | aciphex | triamcinolone | rabeprazole | minocycline | calcium carbonate / simethicone | prevacid | axid ar | nexium 24hr | prilosec otc | aluminum hydroxide / magnesium hydroxide / simethicone | nizatidine | protonix iv | omeprazole / sodium bicarbonate | mylanta | tagamet hb | zegerid | moxifloxacin | dexamethasone,prednisone | triamcinolone | moxifloxacin | ciprofloxacin,all,True,False,logreg,logreg,verified_742,300,264,280,150,0,0,0,0.4,0.5,1.0,0.4144299250118475,0.2,0.5,1.0,0.4144299250118475,0.15,0.75,1.0,0.5047553634322374,0.5,1.0,1.0,1.0,0.0,0.0,0.0,1.0
verified_learned_rerank,eval_0066,diclofenac | tramadol | stelara | acetaminophen / hydrocodone | enbrel | ustekinumab | doxycycline | etanercept | prednisone | lortab | ketoprofen | norco | indomethacin | valdecoxib | voltaren | duloxetine | cataflam | cymbalta | naprelan | probenecid,diclofenac | tramadol,all,True,False,logreg,logreg,verified_742,273,255,255,273,0,0,0,0.4,1.0,1.0,1.0,0.2,1.0,1.0,1.0,0.1,1.0,1.0,1.0,1.0,1.0,1.0,1.0,0.0,0.0,0.0,1.0
verified_learned_rerank,eval_0074,promethazine | prednisone | cyproheptadine | phenergan | chlor-trimeton | epinephrine | chlorpheniramine | ranitidine | triamcinolone | tetracaine | carbinoxamine | azelastine | olopatadine | diphenhydramine | benadryl | cetirizine | fexofenadine | zyrtec | allegra | semprex-d,promethazine | cyproheptadine,all,True,False,logreg,logreg,verified_742,300,253,300,152,0,0,0,0.4,1.0,1.0,0.9197207891481876,0.2,1.0,1.0,0.9197207891481876,0.1,1.0,1.0,0.9197207891481876,1.0,1.0,1.0,1.0,0.0,0.0,0.0,1.0
verified_learned_rerank,eval_0076,diclofenac | tramadol | stelara | acetaminophen / hydrocodone | enbrel | ustekinumab | doxycycline | etanercept | prednisone | lortab | ketoprofen | norco | indomethacin | valdecoxib | voltaren | duloxetine | cataflam | cymbalta | naprelan | probenecid,diclofenac | tramadol | acetaminophen / hydrocodone,all,True,False,logreg,logreg,verified_742,273,255,255,273,0,0,0,0.6,1.0,1.0,0.9736505918364026,0.3,1.0,1.0,0.9736505918364026,0.15,1.0,1.0,0.9736505918364026,1.0,1.0,1.0,1.0,0.0,0.0,0.0,1.0
verified_learned_rerank,eval_0061,tretinoin | doxycycline | isotretinoin | accutane | minocycline | benzoyl peroxide / clindamycin | adapalene / benzoyl peroxide | epiduo | magnesium hydroxide | claravis | benzaclin | spironolactone | phillips' milk of magnesia | tetracycline | duac | retin-a | dapsone | aczone | clindamycin / tretinoin | pregabalin,tretinoin | doxycycline | minocycline,all,True,False,logreg,logreg,verified_742,300,280,300,282,0,0,0,0.6,1.0,1.0,0.956993457308443,0.3,1.0,1.0,0.956993457308443,0.15,1.0,1.0,0.956993457308443,1.0,1.0,1.0,1.0,0.0,0.0,0.0,1.0
verified_learned_rerank,eval_0082,aluminum chloride hexahydrate | drysol | gabapentin | amitriptyline | hypercare | clonidine | thyroid desiccated | westhroid | cenestin | xerac ac | catapres | estropipate | conjugated estrogens | tapazole | pima | potassium iodide | armour thyroid | premarin | oxybutynin | thyquidity,thyroid desiccated | armour thyroid | levothyroxine,all,True,False,logreg,logreg,verified_742,300,81,81,300,0,0,0,0.0,0.0,0.0,0.0,0.1,0.3333333333333333,1.0,0.12669792223864473,0.1,0.6666666666666666,1.0,0.21784914596196486,0.14285714285714285,1.0,1.0,1.0,0.0,0.0,0.0,1.0
verified_learned_rerank,eval_0060,doxycycline | ibuprofen | naproxen | triamcinolone | flanax pain reliever | cephalexin | bactrim | sulfamethoxazole / trimethoprim | oxybutynin | aleve | avelox | moxifloxacin | naprosyn | doxy 100 | sucralfate | ditropan xl | ciprofloxacin | levofloxacin | bactrim ds | levaquin,naproxen,all,True,False,logreg,logreg,verified_742,273,273,273,273,0,0,0,0.2,1.0,1.0,0.5,0.1,1.0,1.0,0.5,0.05,1.0,1.0,0.5,0.3333333333333333,1.0,1.0,1.0,0.0,0.0,0.0,1.0
verified_learned_rerank,eval_0083,tretinoin | doxycycline | spironolactone | prednisone | dapsone | clindamycin | cephalexin | clobetasol | isotretinoin | ceftriaxone | bactrim | sulfamethoxazole / trimethoprim | minocycline | metronidazole | azithromycin | rocephin | doryx | keflex | accutane | doxy 100,tretinoin | doxycycline | spironolactone | liraglutide,all,True,False,logreg,logreg,verified_742,300,260,300,150,0,0,0,0.6,0.75,1.0,0.8123343814578067,0.3,0.75,1.0,0.8123343814578067,0.15,0.75,1.0,0.8123343814578067,1.0,1.0,1.0,1.0,0.0,0.0,0.0,1.0
verified_learned_rerank,eval_0065,aluminum chloride hexahydrate | drysol | gabapentin | amitriptyline | hypercare | clonidine | catapres | thyroid desiccated | westhroid | cenestin | estropipate | conjugated estrogens | armour thyroid | xerac ac | premarin | onabotulinumtoxina | tapazole | potassium iodide | pima | botox,thyroid desiccated | armour thyroid | levothyroxine,all,True,False,logreg,logreg,verified_742,300,81,81,300,0,0,0,0.0,0.0,0.0,0.0,0.1,0.3333333333333333,1.0,0.14804095548293264,0.1,0.6666666666666666,1.0,0.27129679467565615,0.125,1.0,1.0,1.0,0.0,0.0,0.0,1.0
verified_learned_rerank,eval_0084,doxycycline | prednisone | azithromycin | rocephin | metronidazole | ceftriaxone | dapsone | zyvox | linezolid | filgrastim | neupogen | fluconazole | clindamycin | sulfamethoxazole / trimethoprim | tobramycin | zithromax | ceftin | vancocin hcl | lefamulin | gentamicin,doxycycline | azithromycin | prednisone | clindamycin,all,True,False,logreg,logreg,verified_742,300,284,299,246,0,0,0,0.6,0.75,1.0,0.8530852898337354,0.3,0.75,1.0,0.8530852898337354,0.2,1.0,1.0,0.9308596452980199,1.0,1.0,1.0,1.0,0.0,0.0,0.0,1.0
verified_learned_rerank,eval_0078,cyproheptadine | promethazine | prednisone | omalizumab | epipen | ketotifen | xolair | chlor-trimeton | phenergan | ketorolac | chlorpheniramine | epinephrine | ranitidine | carbinoxamine | aristocort | zaditor | alavert | azelastine | triamcinolone | alocril,prednisone | promethazine,all,True,False,logreg,logreg,verified_742,300,76,76,300,0,0,0,0.4,1.0,1.0,0.6934264036172708,0.2,1.0,1.0,0.6934264036172708,0.1,1.0,1.0,0.6934264036172708,0.5,1.0,1.0,1.0,0.0,0.0,0.0,1.0
verified_learned_rerank,eval_0063,propranolol | verapamil | tadalafil | nitroglycerin | atenolol | nadolol | corgard | metoprolol | verelan pm | caduet | dextroamphetamine | coreg | tenormin | sildenafil | lopressor | dexedrine | calan sr | toprol-xl | spironolactone | azor,propranolol | verapamil | metoprolol | spironolactone,all,True,False,logreg,logreg,verified_742,300,265,300,242,0,0,0,0.4,0.5,1.0,0.6744821105691429,0.3,0.75,1.0,0.8049447595207185,0.2,1.0,1.0,0.8687367837571867,1.0,1.0,1.0,1.0,0.0,0.0,0.0,1.0
verified_learned_rerank,eval_0089,isotretinoin | accutane | benzoyl peroxide / clindamycin | tretinoin | adapalene / benzoyl peroxide | epiduo | magnesium hydroxide | claravis | benzaclin | spironolactone | doxycycline | phillips' milk of magnesia | duac | retin-a | dapsone | aczone | clindamycin / tretinoin | drospirenone / ethinyl estradiol | onexton | benzoyl peroxide / sulfur,adapalene / benzoyl peroxide,all,True,False,logreg,logreg,verified_742,273,273,273,273,0,0,0,0.2,1.0,1.0,0.38685280723454163,0.1,1.0,1.0,0.38685280723454163,0.05,1.0,1.0,0.38685280723454163,0.2,1.0,1.0,1.0,0.0,0.0,0.0,1.0
verified_learned_rerank,eval_0075,doxycycline | prednisone | azithromycin | rocephin | methylprednisolone | ceftriaxone | mometasone | epinephrine | ampicillin | budesonide | kenalog-40 | augmentin xr | triamcinolone | aclidinium | tudorza pressair | bactrim | xopenex | omalizumab | medrol dosepak | sulfamethoxazole / trimethoprim,prednisone,all,True,False,logreg,logreg,verified_742,300,221,221,300,0,0,0,0.2,1.0,1.0,0.6309297535714574,0.1,1.0,1.0,0.6309297535714574,0.05,1.0,1.0,0.6309297535714574,0.5,1.0,1.0,1.0,0.0,0.0,0.0,1.0
verified_learned_rerank,eval_0087,amitriptyline | venlafaxine | elavil | spironolactone | doxycycline | clonazepam | azithromycin | ceftriaxone | klonopin | propranolol | ampicillin | allopurinol | rizatriptan | magnesium oxide | doryx | augmentin xr | cephalexin | sodium bicarbonate | lamotrigine | gabapentin,amitriptyline | venlafaxine | elavil,all,True,False,logreg,logreg,verified_742,300,276,300,191,0,0,0,0.6,1.0,1.0,1.0,0.3,1.0,1.0,1.0,0.15,1.0,1.0,1.0,1.0,1.0,1.0,1.0,0.0,0.0,0.0,1.0
verified_learned_rerank,eval_0093,diclofenac | doxycycline | prednisone | methylprednisolone | ceftriaxone | adalimumab | betamethasone | humira | cellcept | infliximab | remicade | mycophenolate mofetil | hydrocortisone | kenalog-40 | triamcinolone | medrol dosepak | amoxicillin | golimumab | simponi | sodium hyaluronate,doxycycline | prednisone,all,True,False,logreg,logreg,verified_742,300,255,255,100,0,0,0,0.4,1.0,1.0,0.6480409554829326,0.2,1.0,1.0,0.6480409554829326,0.1,1.0,1.0,0.6480409554829326,0.5,1.0,1.0,1.0,0.0,0.0,0.0,1.0
verified_learned_rerank,eval_0073,doxycycline | prednisone | azithromycin | metronidazole | rocephin | ceftriaxone | zyvox | clindamycin | linezolid | sulfamethoxazole / trimethoprim | fluconazole | zithromax | tobramycin | ceftin | vancocin hcl | gentamicin | cefotaxime | avelox | moxifloxacin | amoxicillin,doxycycline | azithromycin | prednisone | clindamycin | minocycline,all,True,False,logreg,logreg,verified_742,300,295,300,148,0,0,0,0.6,0.6,1.0,0.6904329358398085,0.4,0.8,1.0,0.781912888453613,0.2,0.8,1.0,0.781912888453613,1.0,1.0,1.0,1.0,0.0,0.0,0.0,1.0
verified_learned_rerank,eval_0095,aciphex | doxycycline | prednisone | rabeprazole | calcium carbonate / simethicone | prevacid | axid ar | nexium 24hr | prilosec otc | aluminum hydroxide / magnesium hydroxide / simethicone | nizatidine | protonix iv | omeprazole / sodium bicarbonate | tagamet hb | mylanta | zegerid | pepcid ac chewable tablets | triamcinolone | gentamicin | rifadin,prednisone,all,True,False,logreg,logreg,verified_742,300,109,109,300,0,0,0,0.2,1.0,1.0,0.5,0.1,1.0,1.0,0.5,0.05,1.0,1.0,0.5,0.3333333333333333,1.0,1.0,1.0,0.0,0.0,0.0,1.0
verified_learned_rerank,eval_0092,isotretinoin | accutane | benzoyl peroxide / clindamycin | tretinoin | adapalene / benzoyl peroxide | epiduo | magnesium hydroxide | claravis | benzaclin | spironolactone | doxycycline | phillips' milk of magnesia | duac | retin-a | dapsone | aczone | clindamycin / tretinoin | drospirenone / ethinyl estradiol | onexton | benzoyl peroxide / sulfur,adapalene / benzoyl peroxide,all,True,False,logreg,logreg,verified_742,300,273,273,300,0,0,0,0.2,1.0,1.0,0.38685280723454163,0.1,1.0,1.0,0.38685280723454163,0.05,1.0,1.0,0.38685280723454163,0.2,1.0,1.0,1.0,0.0,0.0,0.0,1.0
verified_learned_rerank,eval_0094,amitriptyline | spironolactone | doxycycline | venlafaxine | azithromycin | rocephin | phosphorated carbohydrate solution | acidophilus | elavil | methenamine | ceftriaxone | zyvox | vaniqa | linezolid | uta | sulfatrim | ampicillin | hiprex | allopurinol | eflornithine,doxycycline,all,True,False,logreg,logreg,verified_742,172,172,172,172,0,0,0,0.2,1.0,1.0,0.5,0.1,1.0,1.0,0.5,0.05,1.0,1.0,0.5,0.3333333333333333,1.0,1.0,1.0,0.0,0.0,0.0,1.0
verified_learned_rerank,eval_0079,aluminum hydroxide / magnesium hydroxide / simethicone | ranitidine | lansoprazole | prednisone | acetaminophen / phenyltoloxamine | cimetidine | omeprazole | cyproheptadine | acetaminophen / caffeine | pantoprazole | excedrin tension headache | tussionex pennkinetic | acyclovir | semprex-d | acrivastine / pseudoephedrine | privine | promethazine | excedrin quick tab | astelin | azithromycin,lansoprazole | ranitidine | omeprazole | pantoprazole,all,True,False,logreg,logreg,verified_742,300,262,300,300,0,0,0,0.4,0.5,1.0,0.3807286049350967,0.4,1.0,1.0,0.6381256040496346,0.2,1.0,1.0,0.6381256040496346,0.5,1.0,1.0,1.0,0.0,0.0,0.0,1.0
verified_learned_rerank,eval_0097,promethazine | meclizine | prednisone | tussionex pennkinetic | acetaminophen / phenyltoloxamine | acyclovir | acrivastine / pseudoephedrine | semprex-d | privine | astelin | azithromycin | acetaminophen / caffeine | brompheniramine | bronkaid | excedrin tension headache | rynatan | tussicaps | chlor-trimeton | aluminum hydroxide / magnesium hydroxide / simethicone | r-tanna,promethazine | meclizine | phenylephrine | propranolol,all,True,False,logreg,logreg,verified_742,300,298,300,300,0,0,0,0.4,0.5,1.0,0.6357429506707164,0.2,0.5,1.0,0.6357429506707164,0.1,0.5,1.0,0.6357429506707164,1.0,1.0,1.0,1.0,0.0,0.0,0.0,1.0
verified_learned_rerank,eval_0102,elocon | clobetasol | desonide | prednisone | flurandrenolide | cordran tape | clocortolone | clobex | cloderm | methylprednisolone | mometasone | betamethasone | cellcept | fluocinonide | fluocinolone | mycophenolate mofetil | budesonide | hydrocortisone | desoximetasone | zenpep,prednisone | methylprednisolone,all,True,False,logreg,logreg,verified_742,54,49,49,54,0,0,0,0.2,0.5,1.0,0.26406812257259094,0.2,1.0,1.0,0.44130740935663865,0.1,1.0,1.0,0.44130740935663865,0.25,1.0,1.0,1.0,0.0,0.0,0.0,1.0
verified_learned_rerank,eval_0096,doxycycline | diclofenac | triamcinolone | prednisone | methylprednisolone | sucralfate | adalimumab | humira | ibuprofen | cellcept | naproxen | infliximab | remicade | mycophenolate mofetil | ciprofloxacin | hydrocortisone | levofloxacin | librax | rabeprazole | flanax pain reliever,triamcinolone | sucralfate,all,True,False,logreg,logreg,verified_742,300,275,286,277,0,0,0,0.2,0.5,1.0,0.23463936301137822,0.2,1.0,1.0,0.48538004546068164,0.1,1.0,1.0,0.48538004546068164,0.3333333333333333,1.0,1.0,1.0,0.0,0.0,0.0,1.0
verified_learned_rerank,eval_0100,proctofoam | hydrocortisone | hydrocortisone / pramoxine | pramoxine | dibucaine | nupercainal | proctofoam hc | proctosol-hc | tronolane anesthetic for hemorrhoids | pramoxine / zinc oxide | lidocaine | pramosone | analpram-hc | hydrocortisone / lidocaine | phenylephrine | lorazepam | lmx 5 | gabapentin | ativan | amitriptyline,hydrocortisone | hydrocortisone / pramoxine | lidocaine,all,True,False,logreg,logreg,verified_742,275,164,164,275,0,0,0,0.4,0.6666666666666666,1.0,0.5248827916050821,0.2,0.6666666666666666,1.0,0.5248827916050821,0.15,1.0,1.0,0.6309072665164582,0.5,1.0,1.0,1.0,0.0,0.0,0.0,1.0
verified_learned_rerank,eval_0103,doxycycline | ibuprofen | naproxen | triamcinolone | flanax pain reliever | cephalexin | bactrim | sulfamethoxazole / trimethoprim | oxybutynin | avelox | moxifloxacin | doxy 100 | sucralfate | aleve | ditropan xl | naprosyn | ciprofloxacin | levofloxacin | bactrim ds | levaquin,naproxen | triamcinolone,all,True,False,logreg,logreg,verified_742,273,273,273,273,0,0,0,0.4,1.0,1.0,0.5540663910176149,0.2,1.0,1.0,0.5540663910176149,0.1,1.0,1.0,0.5540663910176149,0.3333333333333333,1.0,1.0,1.0,0.0,0.0,0.0,1.0
verified_learned_rerank,eval_0111,cyproheptadine | promethazine | prednisone | omalizumab | epipen | ketotifen | xolair | chlor-trimeton | phenergan | ketorolac | chlorpheniramine | epinephrine | ranitidine | carbinoxamine | aristocort | zaditor | alavert | azelastine | triamcinolone | alocril,prednisone | promethazine,all,True,False,logreg,logreg,verified_742,300,76,76,300,0,0,0,0.4,1.0,1.0,0.6787622294601761,0.2,1.0,1.0,0.6787622294601761,0.1,1.0,1.0,0.6787622294601761,0.5,1.0,1.0,1.0,0.0,0.0,0.0,1.0
verified_learned_rerank,eval_0107,doxycycline | chlorpromazine | elocon | clobetasol | thorazine | minocycline | desonide | prednisone | flurandrenolide | cordran tape | clocortolone | clobex | cloderm | dexamethasone | mometasone | betamethasone | ultravate | fluocinonide | lorazepam | halobetasol,prednisone | mometasone | clobetasol,all,True,False,logreg,logreg,verified_742,300,300,300,236,0,0,0,0.2,0.3333333333333333,1.0,0.20210734650054762,0.2,0.6666666666666666,1.0,0.35014830198348024,0.15,1.0,1.0,0.46746798348916935,0.25,1.0,1.0,1.0,0.0,0.0,0.0,1.0
verified_learned_rerank,eval_0086,tretinoin | doxycycline | liraglutide | dapsone | gabapentin | accutane | victoza | spironolactone | pregabalin | pramlintide | clobetasol | adapalene / benzoyl peroxide | clindamycin | humulin r u-500 (concentrated) | sulfamethoxazole / trimethoprim | minocycline | desmopressin | duloxetine | nortriptyline | cymbalta,tretinoin | doxycycline | spironolactone | liraglutide | victoza | clindamycin,all,True,False,logreg,logreg,verified_742,300,100,300,261,0,0,0,0.6,0.5,1.0,0.7227265726449517,0.5,0.8333333333333334,1.0,0.8394950675043339,0.3,1.0,1.0,0.9219355126720127,1.0,1.0,1.0,1.0,0.0,0.0,0.0,1.0
verified_learned_rerank,eval_0067,lorazepam | baclofen | ativan | onabotulinumtoxina | botox | lioresal | clonazepam | klonopin | ibuprofen | naproxen | propranolol | rizatriptan | abobotulinumtoxina | dysport | treximet | lamotrigine | gabapentin | naproxen / sumatriptan | relpax | maxalt,onabotulinumtoxina | botox | naproxen | ibuprofen | aleve,all,True,False,logreg,logreg,verified_742,300,187,187,162,0,0,0,0.4,0.4,1.0,0.3258020218724434,0.4,0.8,1.0,0.48257851966078247,0.2,0.8,1.0,0.48257851966078247,0.25,1.0,1.0,1.0,0.0,0.0,0.0,1.0
verified_learned_rerank,eval_0106,stelara | enbrel | ustekinumab | doxycycline | etanercept | prednisone | methylprednisolone | adalimumab | betamethasone | humira | ibuprofen | naproxen | infliximab | methotrexate | remicade | hydrocortisone | kenalog-40 | triamcinolone | flanax pain reliever | kenalog-10,prednisone | enbrel,all,True,False,logreg,logreg,verified_742,300,255,255,300,0,0,0,0.2,0.5,1.0,0.3868528072345416,0.2,1.0,1.0,0.6052602440527058,0.1,1.0,1.0,0.6052602440527058,0.5,1.0,1.0,1.0,0.0,0.0,0.0,1.0
verified_learned_rerank,eval_0090,doxycycline | azithromycin | rocephin | ceftriaxone | zyvox | acidophilus | methenamine | linezolid | fluconazole | cephalexin | gentamicin | hiprex | bactrim | lactobacillus acidophilus | sulfamethoxazole / trimethoprim | minocycline | ceftin | doripenem | avelox | moxifloxacin,sulfamethoxazole / trimethoprim | bactrim | fluconazole,all,True,False,logreg,logreg,verified_742,300,287,287,230,0,0,0,0.0,0.0,0.0,0.0,0.1,0.3333333333333333,1.0,0.141266972859829,0.15,1.0,1.0,0.3818424935582417,0.1111111111111111,1.0,1.0,1.0,0.0,0.0,0.0,1.0
verified_learned_rerank,eval_0115,prednisone | aristocort | triamcinolone | cyproheptadine | promethazine | corticotropin | deltasone | omalizumab | acthar | loteprednol | epipen | ketotifen | xolair | lotemax | chlor-trimeton | phenergan | ketorolac | chlorpheniramine | diclofenac | epinephrine,prednisone | triamcinolone | corticotropin | prednisolone | loteprednol | lotemax,all,True,False,logreg,logreg,verified_742,300,281,300,281,0,0,0,0.4,0.3333333333333333,1.0,0.5087403079104241,0.4,0.6666666666666666,1.0,0.6360892792362978,0.25,0.8333333333333334,1.0,0.7164293929417068,1.0,1.0,1.0,1.0,0.0,0.0,0.0,1.0
verified_learned_rerank,eval_0110,prednisone | valacyclovir | azithromycin | tussionex pennkinetic | ampicillin | budesonide | acyclovir | kenalog-40 | semprex-d | acrivastine / pseudoephedrine | augmentin xr | privine | promethazine | triamcinolone | bactrim | sulfamethoxazole / trimethoprim | flunisolide | astelin | ceftin | cedax,prednisone,all,True,False,logreg,logreg,verified_742,300,300,300,300,0,0,0,0.2,1.0,1.0,1.0,0.1,1.0,1.0,1.0,0.05,1.0,1.0,1.0,1.0,1.0,1.0,1.0,0.0,0.0,0.0,1.0
verified_learned_rerank,eval_0099,doxycycline | prednisone | methylprednisolone | ceftriaxone | aspirin | kenalog-40 | triamcinolone | aristocort | medrol dosepak | cefotaxime | minocycline | amoxicillin | hydroxychloroquine | diclofenac | tramadol | stelara | acetaminophen / hydrocodone | enbrel | ustekinumab | cephalexin,prednisone | methylprednisolone | triamcinolone,all,True,False,logreg,logreg,verified_742,300,286,299,285,0,0,0,0.4,0.6666666666666666,1.0,0.5307212739772436,0.3,1.0,1.0,0.687147515984829,0.15,1.0,1.0,0.687147515984829,0.5,1.0,1.0,1.0,0.0,0.0,0.0,1.0
verified_learned_rerank,eval_0119,doxycycline | gentamicin | minocycline | moxifloxacin | ciprofloxacin | prednisone | levofloxacin | azithromycin | rocephin | ceftriaxone | zyvox | linezolid | fluconazole | aciphex | lansoprazole | sulfamethoxazole / trimethoprim | ceftin | avelox | amitriptyline | amoxicillin,doxycycline | ciprofloxacin,all,True,False,logreg,logreg,verified_742,300,237,300,234,0,0,0,0.4,1.0,1.0,0.8503449055347546,0.2,1.0,1.0,0.8503449055347546,0.1,1.0,1.0,0.8503449055347546,1.0,1.0,1.0,1.0,0.0,0.0,0.0,1.0
verified_learned_rerank,eval_0112,valacyclovir | valtrex | acyclovir | prednisone | doxycycline | aluminum hydroxide / magnesium hydroxide / simethicone | kenalog-40 | mometasone | triamcinolone | lansoprazole | tussionex pennkinetic | semprex-d | moxifloxacin | privine | promethazine | acrivastine / pseudoephedrine | levofloxacin | fluticasone | astelin | cimetidine,valacyclovir | valtrex | acyclovir,all,True,False,logreg,logreg,verified_742,300,286,300,142,0,0,0,0.6,1.0,1.0,1.0,0.3,1.0,1.0,1.0,0.15,1.0,1.0,1.0,1.0,1.0,1.0,1.0,0.0,0.0,0.0,1.0
verified_learned_rerank,eval_0109,doxycycline | prednisone | methotrexate | minocycline | ceftriaxone | dexamethasone | stelara | cefotaxime | ustekinumab | etanercept | amoxicillin | enbrel | adalimumab | humira | diclofenac | infliximab | ibuprofen | hydrocortisone | methylprednisolone | acetaminophen / hydrocodone,minocycline | methotrexate,all,True,False,logreg,logreg,verified_742,300,193,300,292,0,0,0,0.4,1.0,1.0,0.5540663910176149,0.2,1.0,1.0,0.5540663910176149,0.1,1.0,1.0,0.5540663910176149,0.3333333333333333,1.0,1.0,1.0,0.0,0.0,0.0,1.0
verified_learned_rerank,eval_0124,prednisone | omalizumab | xolair | epinephrine | aristocort | triamcinolone | cromolyn | cyproheptadine | promethazine | epipen | ketotifen | chlor-trimeton | phenergan | ketorolac | chlorpheniramine | ranitidine | carbinoxamine | zaditor | alavert | deltasone,prednisone | triamcinolone | omalizumab | xolair | cromolyn,all,True,False,logreg,logreg,verified_742,300,288,288,211,0,0,0,0.6,0.6,1.0,0.6989858872287212,0.5,1.0,1.0,0.9295017305333748,0.25,1.0,1.0,0.9295017305333748,1.0,1.0,1.0,1.0,0.0,0.0,0.0,1.0
verified_learned_rerank,eval_0131,doxycycline | ceftriaxone | sulfamethoxazole / trimethoprim | prednisone | azithromycin | dexamethasone | ciprofloxacin | cefotaxime | lansoprazole | erythromycin | minocycline | ampicillin | floxin | pyridoxine | clindamycin | pyrimethamine | rocephin | hydrocortisone | cipro | promethazine,azithromycin | prednisone | ceftriaxone,all,True,False,logreg,logreg,verified_742,300,175,300,233,0,0,0,0.6,1.0,1.0,0.6717573587424964,0.3,1.0,1.0,0.6717573587424964,0.15,1.0,1.0,0.6717573587424964,0.5,1.0,1.0,1.0,0.0,0.0,0.0,1.0
verified_learned_rerank,eval_0121,doxycycline | hydroxychloroquine | lithium | doxy 100 | prednisone | chlorpromazine | clindamycin | coartem | methylprednisolone | divalproex sodium | allopurinol | daraprim | depakote er | artemether / lumefantrine | pyrimethamine | halfan | stavzor | pyrimethamine / sulfadoxine | halofantrine | fansidar,doxycycline | hydroxychloroquine,all,True,False,logreg,logreg,verified_742,300,287,287,59,0,0,0,0.4,1.0,1.0,1.0,0.2,1.0,1.0,1.0,0.1,1.0,1.0,1.0,1.0,1.0,1.0,1.0,0.0,0.0,0.0,1.0
verified_learned_rerank,eval_0135,propranolol | verapamil | nitroglycerin | tadalafil | nadolol | corgard | atenolol | metoprolol | verelan pm | caduet | epinephrine | coreg | tenormin | lopressor | aspirin | calan sr | toprol-xl | warfarin | plavix | bisoprolol,propranolol | metoprolol,all,True,False,logreg,logreg,verified_742,300,275,300,95,0,0,0,0.2,0.5,1.0,0.6131471927654584,0.2,1.0,1.0,0.8065735963827292,0.1,1.0,1.0,0.8065735963827292,1.0,1.0,1.0,1.0,0.0,0.0,0.0,1.0
verified_learned_rerank,eval_0117,isotretinoin | accutane | benzoyl peroxide / clindamycin | tretinoin | adapalene / benzoyl peroxide | epiduo | magnesium hydroxide | claravis | benzaclin | spironolactone | doxycycline | phillips' milk of magnesia | duac | retin-a | dapsone | aczone | clindamycin / tretinoin | drospirenone / ethinyl estradiol | onexton | benzoyl peroxide / sulfur,adapalene / benzoyl peroxide,all,True,False,logreg,logreg,verified_742,273,273,273,273,0,0,0,0.2,1.0,1.0,0.38685280723454163,0.1,1.0,1.0,0.38685280723454163,0.05,1.0,1.0,0.38685280723454163,0.2,1.0,1.0,1.0,0.0,0.0,0.0,1.0
verified_learned_rerank,eval_0116,gabapentin | pregabalin | propranolol | nortriptyline | topiramate | lisinopril | lyrica | neurontin | topamax | sildenafil | fosinopril | liraglutide | victoza | captopril | tretinoin | ramipril | atenolol | insulin regular | cozaar | clobetasol,gabapentin | pregabalin | topiramate | clonidine | onabotulinumtoxina,all,True,False,logreg,logreg,verified_742,300,90,300,235,0,0,0,0.6,0.6,1.0,0.5874743929393635,0.3,0.6,1.0,0.5874743929393635,0.15,0.6,1.0,0.5874743929393635,1.0,1.0,1.0,1.0,0.0,0.0,0.0,1.0
verified_learned_rerank,eval_0104,aciphex | doxycycline | prednisone | calcium carbonate / simethicone | rabeprazole | axid ar | prevacid | nexium 24hr | prilosec otc | nizatidine | omeprazole / sodium bicarbonate | aluminum hydroxide / magnesium hydroxide / simethicone | tagamet hb | mylanta | zegerid | pepcid ac chewable tablets | protonix iv | triamcinolone | di-gel | mylanta maximum strength,rifabutin,all,True,False,logreg,logreg,verified_742,300,116,116,227,0,0,0,0.0,0.0,0.0,0.0,0.0,0.0,0.0,0.0,0.0,0.0,0.0,0.0,0.0,1.0,1.0,1.0,0.0,0.0,0.0,1.0
verified_learned_rerank,eval_0122,doxycycline | prednisone | azithromycin | tudorza pressair | xopenex | methylprednisolone | omalizumab | ceftriaxone | rocephin | aclidinium | mometasone | xolair | levalbuterol | zafirlukast | intal inhaler | epinephrine | primatene mist | yupelri | revefenacin | ipratropium inhalation solution,prednisone,all,True,False,logreg,logreg,verified_742,300,221,221,147,0,0,0,0.2,1.0,1.0,0.6309297535714574,0.1,1.0,1.0,0.6309297535714574,0.05,1.0,1.0,0.6309297535714574,0.5,1.0,1.0,1.0,0.0,0.0,0.0,1.0
verified_learned_rerank,eval_0125,amitriptyline | doxycycline | phosphorated carbohydrate solution | elavil | ceftriaxone | ampicillin | lactobacillus acidophilus | spironolactone | venlafaxine | sulfamethoxazole / trimethoprim | hydroxyzine | minocycline | azithromycin | rocephin | acidophilus | methenamine | zyvox | vaniqa | linezolid | uta,doxycycline | sulfamethoxazole / trimethoprim | azithromycin,all,True,False,logreg,logreg,verified_742,300,300,172,172,0,0,0,0.2,0.3333333333333333,1.0,0.23981246656813146,0.2,0.6666666666666666,1.0,0.4046200745585114,0.15,1.0,1.0,0.504451525656987,0.5,1.0,1.0,1.0,0.0,0.0,0.0,1.0
verified_learned_rerank,eval_0138,aluminum chloride hexahydrate | drysol | calcifediol | gabapentin | amitriptyline | hypercare | calcitriol | clonidine | parathyroid hormone | xerac ac | catapres | potassium iodide | tapazole | pima | thyroid desiccated | oxybutynin | westhroid | cenestin | ergocalciferol | estropipate,thyroid desiccated | armour thyroid,all,True,False,logreg,logreg,verified_742,300,132,132,258,0,0,0,0.0,0.0,0.0,0.0,0.0,0.0,0.0,0.0,0.05,0.5,1.0,0.1532867981913646,0.06666666666666667,1.0,1.0,1.0,0.0,0.0,0.0,1.0
verified_learned_rerank,eval_0130,doxycycline | ibuprofen | naproxen | triamcinolone | flanax pain reliever | cephalexin | bactrim | sulfamethoxazole / trimethoprim | oxybutynin | avelox | moxifloxacin | aleve | doxy 100 | sucralfate | naprosyn | ditropan xl | stelara | enbrel | ciprofloxacin | ustekinumab,prednisone | enbrel | naproxen,all,True,False,logreg,logreg,verified_742,300,273,273,300,0,0,0,0.2,0.3333333333333333,1.0,0.2850703250369507,0.1,0.3333333333333333,1.0,0.2850703250369507,0.1,0.6666666666666666,1.0,0.37454778563698127,0.3333333333333333,1.0,1.0,1.0,0.0,0.0,0.0,1.0
verified_learned_rerank,eval_0129,clonazepam | propranolol | klonopin | gabapentin | amitriptyline | rizatriptan | sumatriptan | treximet | lamotrigine | naproxen / sumatriptan | diclofenac | relpax | maxalt | eletriptan | acetaminophen / butalbital / caffeine | frovatriptan | bupropion | aspirin / butalbital / caffeine | frova | maxalt-mlt,propranolol,all,True,False,logreg,logreg,verified_742,300,179,179,300,0,0,0,0.2,1.0,1.0,0.6309297535714574,0.1,1.0,1.0,0.6309297535714574,0.05,1.0,1.0,0.6309297535714574,0.5,1.0,1.0,1.0,0.0,0.0,0.0,1.0
verified_learned_rerank,eval_0133,stelara | enbrel | ustekinumab | doxycycline | etanercept | prednisone | methylprednisolone | adalimumab | betamethasone | humira | infliximab | methotrexate | remicade | hydrocortisone | kenalog-40 | triamcinolone | kenalog-10 | minocycline | elocon | clobetasol,prednisone | enbrel | stelara | ustekinumab | adalimumab,all,True,False,logreg,logreg,verified_742,300,247,300,176,0,0,0,0.6,0.6,1.0,0.7557806593071948,0.5,1.0,1.0,0.9518915761561842,0.25,1.0,1.0,0.9518915761561842,1.0,1.0,1.0,1.0,0.0,0.0,0.0,1.0
verified_learned_rerank,eval_0146,liraglutide | gabapentin | victoza | tretinoin | clobetasol | desmopressin | pregabalin | pramlintide | humulin r u-500 (concentrated) | duloxetine | nortriptyline | cymbalta | chromium picolinate | byetta | symlin | topiramate | exubera | insulin isophane | ddavp | insulin aspart / insulin aspart protamine,liraglutide | victoza,all,True,False,logreg,logreg,verified_742,300,228,228,300,0,0,0,0.4,1.0,1.0,0.9197207891481876,0.2,1.0,1.0,0.9197207891481876,0.1,1.0,1.0,0.9197207891481876,1.0,1.0,1.0,1.0,0.0,0.0,0.0,1.0
verified_learned_rerank,eval_0151,cyproheptadine | promethazine | prednisone | phenergan | chlorpheniramine | chlor-trimeton | epinephrine | ranitidine | carbinoxamine | azelastine | triamcinolone | tetracaine | olopatadine | diphenhydramine | benadryl | cetirizine | zyrtec | allegra | fexofenadine | acyclovir,prednisone | promethazine | cyproheptadine,all,True,False,logreg,logreg,verified_742,300,253,300,282,0,0,0,0.6,1.0,1.0,1.0,0.3,1.0,1.0,1.0,0.15,1.0,1.0,1.0,1.0,1.0,1.0,1.0,0.0,0.0,0.0,1.0
verified_learned_rerank,eval_0150,clonidine | stribild | cobicistat / elvitegravir / emtricitabine / tenofovir | efavirenz / emtricitabine / tenofovir | atripla | sodium bicarbonate | aciphex | ondansetron | triumeq | doxycycline | abacavir / dolutegravir / lamivudine | prednisone | epzicom | rabeprazole | emtricitabine / rilpivirine / tenofovir | complera | calcium carbonate / simethicone | prevacid | axid ar | nexium 24hr,rifabutin,all,True,False,logreg,logreg,verified_742,300,119,119,202,0,0,0,0.0,0.0,0.0,0.0,0.0,0.0,0.0,0.0,0.0,0.0,0.0,0.0,0.0,1.0,1.0,1.0,0.0,0.0,0.0,1.0
verified_learned_rerank,eval_0136,prednisone | methylprednisolone | adalimumab | humira | infliximab | remicade | hydrocortisone | triamcinolone | stelara | doxycycline | enbrel | ustekinumab | etanercept | diclofenac | betamethasone | dexamethasone | methotrexate | kenalog-40 | kenalog-10 | minocycline,prednisone | dexamethasone | adalimumab | humira | methylprednisolone,all,True,False,logreg,logreg,verified_742,300,272,296,236,0,0,0,0.8,0.8,1.0,0.8041991799429675,0.4,0.8,1.0,0.8041991799429675,0.25,1.0,1.0,0.8691979797061901,1.0,1.0,1.0,1.0,0.0,0.0,0.0,1.0
verified_learned_rerank,eval_0134,liraglutide | gabapentin | victoza | tretinoin | spironolactone | insulin regular | clobetasol | urea | sodium bicarbonate | desmopressin | pregabalin | pramlintide | vascepa | icosapent | humulin r u-500 (concentrated) | duloxetine | nortriptyline | cymbalta | chromium picolinate | byetta,liraglutide | victoza,all,True,False,logreg,logreg,verified_742,300,282,282,290,0,0,0,0.4,1.0,1.0,0.9197207891481876,0.2,1.0,1.0,0.9197207891481876,0.1,1.0,1.0,0.9197207891481876,1.0,1.0,1.0,1.0,0.0,0.0,0.0,1.0
verified_learned_rerank,eval_0156,calcifediol | calcitriol | aluminum chloride hexahydrate | parathyroid hormone | thyroid desiccated | drysol | westhroid | cenestin | gabapentin | estropipate | amitriptyline | hypercare | conjugated estrogens | armour thyroid | premarin | ergocalciferol | thyquidity | rayaldee | estradiol | esterified estrogens,thyroid desiccated | armour thyroid | levothyroxine,all,True,False,logreg,logreg,verified_742,300,132,132,249,0,0,0,0.2,0.3333333333333333,1.0,0.14704034066641014,0.1,0.3333333333333333,1.0,0.14704034066641014,0.1,0.6666666666666666,1.0,0.24432839043754342,0.2,1.0,1.0,1.0,0.0,0.0,0.0,1.0
verified_learned_rerank,eval_0142,amitriptyline | spironolactone | doxycycline | venlafaxine | azithromycin | rocephin | phosphorated carbohydrate solution | acidophilus | elavil | methenamine | ceftriaxone | zyvox | vaniqa | linezolid | uta | sulfatrim | ampicillin | hiprex | allopurinol | eflornithine,doxycycline,all,True,False,logreg,logreg,verified_742,172,172,172,172,0,0,0,0.2,1.0,1.0,0.5,0.1,1.0,1.0,0.5,0.05,1.0,1.0,0.5,0.3333333333333333,1.0,1.0,1.0,0.0,0.0,0.0,1.0
verified_learned_rerank,eval_0145,doxycycline | prednisone | azithromycin | rocephin | methylprednisolone | ceftriaxone | mometasone | epinephrine | ampicillin | budesonide | kenalog-40 | augmentin xr | triamcinolone | bactrim | medrol dosepak | sulfamethoxazole / trimethoprim | flunisolide | zithromax | ceftin | ceftibuten,azithromycin | prednisone,all,True,False,logreg,logreg,verified_742,300,221,221,138,0,0,0,0.4,1.0,1.0,0.6787622294601761,0.2,1.0,1.0,0.6787622294601761,0.1,1.0,1.0,0.6787622294601761,0.5,1.0,1.0,1.0,0.0,0.0,0.0,1.0
verified_learned_rerank,eval_0144,doxycycline | prednisone | metronidazole | azithromycin | rocephin | dapsone | ceftriaxone | zyvox | linezolid | filgrastim | neupogen | fluconazole | clindamycin | tobramycin | integra | lefamulin | pyrimethamine | oxymetholone | vancocin hcl | xenleta,doxycycline | azithromycin,all,True,False,logreg,logreg,verified_742,300,132,132,300,0,0,0,0.4,1.0,1.0,0.8772153153380493,0.2,1.0,1.0,0.8772153153380493,0.1,1.0,1.0,0.8772153153380493,1.0,1.0,1.0,1.0,0.0,0.0,0.0,1.0
verified_learned_rerank,eval_0155,diclofenac | prednisone | methylprednisolone | adalimumab | humira | cellcept | infliximab | remicade | mycophenolate mofetil | hydrocortisone | triamcinolone | golimumab | simponi | sucralfate | chlordiazepoxide / clidinium | clonidine | dexamethasone | librax | famotidine / ibuprofen | rabeprazole,adalimumab | humira,all,True,False,logreg,logreg,verified_742,300,290,300,252,0,0,0,0.4,1.0,1.0,0.5012658353418871,0.2,1.0,1.0,0.5012658353418871,0.1,1.0,1.0,0.5012658353418871,0.25,1.0,1.0,1.0,0.0,0.0,0.0,1.0
verified_learned_rerank,eval_0163,stribild | cobicistat / elvitegravir / emtricitabine / tenofovir | efavirenz / emtricitabine / tenofovir | atripla | clonidine | ondansetron | triumeq | abacavir / dolutegravir / lamivudine | filgrastim | epzicom | sodium bicarbonate | epivir-hbv | complera | emtricitabine / rilpivirine / tenofovir | abacavir / lamivudine | fuzeon | enfuvirtide | reyataz | atazanavir | isentress,tenofovir | viread,all,True,False,logreg,logreg,verified_742,300,119,119,300,0,0,0,0.0,0.0,0.0,0.0,0.0,0.0,0.0,0.0,0.0,0.0,0.0,0.0,0.0,1.0,1.0,1.0,0.0,0.0,0.0,1.0
verified_learned_rerank,eval_0148,elocon | clobetasol | stelara | enbrel | ustekinumab | desonide | doxycycline | etanercept | prednisone | flurandrenolide | cordran tape | clocortolone | clobex | cloderm | thiothixene | desowen | methylprednisolone | adalimumab | mometasone | betamethasone,enbrel,all,True,False,logreg,logreg,verified_742,300,164,164,300,0,0,0,0.2,1.0,1.0,0.4306765580733931,0.1,1.0,1.0,0.4306765580733931,0.05,1.0,1.0,0.4306765580733931,0.25,1.0,1.0,1.0,0.0,0.0,0.0,1.0
verified_learned_rerank,eval_0171,doxycycline | prednisone | azithromycin | rocephin | methylprednisolone | ceftriaxone | mometasone | epinephrine | ampicillin | budesonide | kenalog-40 | augmentin xr | triamcinolone | bactrim | medrol dosepak | sulfamethoxazole / trimethoprim | flunisolide | zithromax | ceftin | propranolol,prednisone,all,True,False,logreg,logreg,verified_742,300,221,221,133,0,0,0,0.2,1.0,1.0,0.6309297535714574,0.1,1.0,1.0,0.6309297535714574,0.05,1.0,1.0,0.6309297535714574,0.5,1.0,1.0,1.0,0.0,0.0,0.0,1.0
verified_learned_rerank,eval_0177,diclofenac | enbrel | doxycycline | tramadol | stelara | acetaminophen / hydrocodone | ustekinumab | etanercept | norco | prednisone | lortab | voltaren | ketoprofen | duloxetine | cymbalta | naprelan | voltaren gel | indomethacin | valdecoxib | cataflam,diclofenac | tramadol | acetaminophen / hydrocodone,all,True,False,logreg,logreg,verified_742,300,255,255,229,0,0,0,0.4,0.6666666666666666,1.0,0.7338381252682711,0.3,1.0,1.0,0.8692302567474468,0.15,1.0,1.0,0.8692302567474468,1.0,1.0,1.0,1.0,0.0,0.0,0.0,1.0
verified_learned_rerank,eval_0180,isotretinoin | accutane | benzoyl peroxide / clindamycin | tretinoin | adapalene / benzoyl peroxide | epiduo | magnesium hydroxide | claravis | benzaclin | spironolactone | doxycycline | phillips' milk of magnesia | duac | retin-a | dapsone | aczone | clindamycin / tretinoin | drospirenone / ethinyl estradiol | onexton | benzoyl peroxide / sulfur,adapalene / benzoyl peroxide,all,True,False,logreg,logreg,verified_742,273,273,273,273,0,0,0,0.2,1.0,1.0,0.38685280723454163,0.1,1.0,1.0,0.38685280723454163,0.05,1.0,1.0,0.38685280723454163,0.2,1.0,1.0,1.0,0.0,0.0,0.0,1.0
verified_learned_rerank,eval_0175,calcifediol | calcitriol | thyroid desiccated | westhroid | cenestin | aluminum chloride hexahydrate | estropipate | conjugated estrogens | armour thyroid | parathyroid hormone | drysol | premarin | gabapentin | thyquidity | rayaldee | amitriptyline | hypercare | estradiol | esterified estrogens | tirosint,thyroid desiccated | armour thyroid | levothyroxine,all,True,False,logreg,logreg,verified_742,300,132,132,258,0,0,0,0.2,0.3333333333333333,1.0,0.23463936301137825,0.2,0.6666666666666666,1.0,0.3759063358712073,0.1,0.6666666666666666,1.0,0.3759063358712073,0.3333333333333333,1.0,1.0,1.0,0.0,0.0,0.0,1.0
verified_learned_rerank,eval_0183,rabeprazole | omeprazole / sodium bicarbonate | ranitidine | lansoprazole | zantac | esomeprazole | aciphex | protonix | nexium | sucralfate | cimetidine | omeprazole | calcium carbonate / simethicone | prevacid | axid ar | nexium 24hr | pantoprazole | prilosec otc | carafate | aluminum hydroxide / magnesium hydroxide / simethicone,aciphex | dexlansoprazole | rabeprazole | esomeprazole | lansoprazole | nexium,all,True,False,logreg,logreg,verified_742,300,109,109,245,0,0,0,0.4,0.3333333333333333,1.0,0.48522855511632257,0.5,0.8333333333333334,1.0,0.7326752083234243,0.25,0.8333333333333334,1.0,0.7326752083234243,1.0,1.0,1.0,1.0,0.0,0.0,0.0,1.0
verified_learned_rerank,eval_0187,elocon | clobetasol | stelara | enbrel | ustekinumab | desonide | doxycycline | etanercept | prednisone | flurandrenolide | cordran tape | clocortolone | clobex | cloderm | thiothixene | desowen | methylprednisolone | adalimumab | mometasone | betamethasone,enbrel,all,True,False,logreg,logreg,verified_742,300,164,164,300,0,0,0,0.2,1.0,1.0,0.4306765580733931,0.1,1.0,1.0,0.4306765580733931,0.05,1.0,1.0,0.4306765580733931,0.25,1.0,1.0,1.0,0.0,0.0,0.0,1.0
verified_learned_rerank,eval_0185,cyproheptadine | promethazine | prednisone | phenergan | chlorpheniramine | chlor-trimeton | epinephrine | ranitidine | carbinoxamine | azelastine | triamcinolone | tetracaine | olopatadine | diphenhydramine | benadryl | cetirizine | zyrtec | allegra | fexofenadine | acyclovir,promethazine | cyproheptadine,all,True,False,logreg,logreg,verified_742,300,253,300,287,0,0,0,0.4,1.0,1.0,1.0,0.2,1.0,1.0,1.0,0.1,1.0,1.0,1.0,1.0,1.0,1.0,1.0,0.0,0.0,0.0,1.0
verified_learned_rerank,eval_0190,prednisone | methylprednisolone | cellcept | betamethasone | mycophenolate mofetil | hydrocortisone | triamcinolone | medrol dosepak | diclofenac | dexamethasone | pancreatin | elocon | doxycycline | clobetasol | azathioprine | desonide | adalimumab | humira | flurandrenolide | infliximab,adalimumab | humira | infliximab | remicade,all,True,False,logreg,logreg,verified_742,300,295,299,266,0,0,0,0.0,0.0,0.0,0.0,0.0,0.0,0.0,0.0,0.15,0.75,1.0,0.2743948691242817,0.058823529411764705,1.0,1.0,1.0,0.0,0.0,0.0,1.0
verified_learned_rerank,eval_0184,amitriptyline | venlafaxine | elavil | spironolactone | doxycycline | clonazepam | azithromycin | ceftriaxone | klonopin | ampicillin | allopurinol | propranolol | magnesium oxide | doryx | rizatriptan | augmentin xr | cephalexin | sodium bicarbonate | bactrim | lamotrigine,amitriptyline | venlafaxine | elavil | azithromycin,all,True,False,logreg,logreg,verified_742,300,276,300,191,0,0,0,0.6,0.75,1.0,0.8530852898337354,0.4,1.0,1.0,0.9517901481960025,0.2,1.0,1.0,0.9517901481960025,1.0,1.0,1.0,1.0,0.0,0.0,0.0,1.0
verified_learned_rerank,eval_0178,doxycycline | prednisone | metronidazole | dapsone | azithromycin | ceftriaxone | rocephin | zyvox | linezolid | neupogen | clindamycin | tobramycin | filgrastim | oxymetholone | lefamulin | cefotaxime | vancocin hcl | xenleta | fluconazole | zithromax,doxycycline | azithromycin,all,True,False,logreg,logreg,verified_742,300,132,132,222,0,0,0,0.4,1.0,1.0,0.8503449055347546,0.2,1.0,1.0,0.8503449055347546,0.1,1.0,1.0,0.8503449055347546,1.0,1.0,1.0,1.0,0.0,0.0,0.0,1.0
verified_learned_rerank,eval_0188,epivir-hbv | tenofovir | viread | lamivudine | peginterferon alfa-2a | elocon | clobetasol | desonide | doxycycline | prednisone | flurandrenolide | cordran tape | clocortolone | clobex | cloderm | methylprednisolone | mometasone | betamethasone | ultravate | cellcept,tenofovir | peginterferon alfa-2a | viread,all,True,False,logreg,logreg,verified_742,300,16,16,300,0,0,0,0.6,1.0,1.0,0.7122630665145961,0.3,1.0,1.0,0.7122630665145961,0.15,1.0,1.0,0.7122630665145961,0.5,1.0,1.0,1.0,0.0,0.0,0.0,1.0
verified_learned_rerank,eval_0201,aluminum chloride hexahydrate | clonidine | drysol | gabapentin | amitriptyline | hypercare | catapres | xerac ac | pima | tapazole | potassium iodide | hytrin | oxybutynin | terazosin | onabotulinumtoxina | botox | benztropine | propranolol | methimazole | alprazolam,clonidine | catapres,all,True,False,logreg,logreg,verified_742,300,22,22,300,0,0,0,0.2,0.5,1.0,0.38685280723454163,0.2,1.0,1.0,0.5912352048230277,0.1,1.0,1.0,0.5912352048230277,0.5,1.0,1.0,1.0,0.0,0.0,0.0,1.0
verified_learned_rerank,eval_0199,doxycycline | triamcinolone | ibuprofen | naproxen | flanax pain reliever | cephalexin | bactrim | sulfamethoxazole / trimethoprim | aleve | prednisone | oxybutynin | avelox | moxifloxacin | naprosyn | doxy 100 | phentermine | sucralfate | methylprednisolone | stelara | enbrel,triamcinolone | naproxen,all,True,False,logreg,logreg,verified_742,300,25,25,298,0,0,0,0.4,1.0,1.0,0.5992429307166866,0.2,1.0,1.0,0.5992429307166866,0.1,1.0,1.0,0.5992429307166866,0.5,1.0,1.0,1.0,0.0,0.0,0.0,1.0
verified_learned_rerank,eval_0195,ranitidine | prednisone | lansoprazole | methylprednisolone | budesonide | cimetidine | omeprazole | triamcinolone | pantoprazole | dexamethasone | ciprofloxacin | levofloxacin | azithromycin | doxycycline | benzocaine | ampicillin | kenalog-40 | mometasone | famotidine | aluminum hydroxide / magnesium hydroxide / simethicone,lansoprazole | ranitidine | omeprazole,all,True,False,logreg,logreg,verified_742,300,234,300,300,0,0,0,0.4,0.6666666666666666,1.0,0.5939462358400547,0.3,1.0,1.0,0.7636451603657846,0.15,1.0,1.0,0.7636451603657846,1.0,1.0,1.0,1.0,0.0,0.0,0.0,1.0
verified_learned_rerank,eval_0192,isotretinoin | accutane | benzoyl peroxide / clindamycin | tretinoin | adapalene / benzoyl peroxide | epiduo | magnesium hydroxide | claravis | benzaclin | spironolactone | doxycycline | phillips' milk of magnesia | duac | retin-a | dapsone | aczone | clindamycin / tretinoin | drospirenone / ethinyl estradiol | onexton | benzoyl peroxide / sulfur,isotretinoin | accutane | adapalene / benzoyl peroxide,all,True,False,logreg,logreg,verified_742,300,273,273,300,0,0,0,0.6,1.0,1.0,0.840466744283681,0.3,1.0,1.0,0.840466744283681,0.15,1.0,1.0,0.840466744283681,1.0,1.0,1.0,1.0,0.0,0.0,0.0,1.0
verified_learned_rerank,eval_0186,tadalafil | propranolol | sildenafil | dextroamphetamine | dexedrine | spironolactone | modafinil | azor | amlodipine / olmesartan | clonidine | amlodipine / hydrochlorothiazide / valsartan | exforge hct | avalide | verapamil | armodafinil | nuvigil | travoprost | hydrochlorothiazide / irbesartan | nitroglycerin | provigil,propranolol,all,True,False,logreg,logreg,verified_742,300,275,275,230,0,0,0,0.2,1.0,1.0,0.6309297535714574,0.1,1.0,1.0,0.6309297535714574,0.05,1.0,1.0,0.6309297535714574,0.5,1.0,1.0,1.0,0.0,0.0,0.0,1.0
verified_learned_rerank,eval_0205,thyroid desiccated | westhroid | cenestin | estropipate | conjugated estrogens | armour thyroid | premarin | thyquidity | calcifediol | rayaldee | estradiol | esterified estrogens | tirosint | doxorubicin | levothyroxine | synthroid | cytomel | nature-throid | liothyronine | calcitriol,thyroid desiccated | armour thyroid | levothyroxine,all,True,False,logreg,logreg,verified_742,87,61,61,87,0,0,0,0.2,0.3333333333333333,1.0,0.4692787260227565,0.2,0.6666666666666666,1.0,0.6364391809889588,0.15,1.0,1.0,0.753758862494648,1.0,1.0,1.0,1.0,0.0,0.0,0.0,1.0
verified_learned_rerank,eval_0206,doxycycline | prednisone | metronidazole | azithromycin | rocephin | ceftriaxone | zyvox | linezolid | fluconazole | clindamycin | tobramycin | vancocin hcl | cefotaxime | gentamicin | sulfamethoxazole / trimethoprim | zithromax | minocycline | ceftin | flagyl | avelox,doxycycline | azithromycin | clindamycin,all,True,False,logreg,logreg,verified_742,300,239,239,150,0,0,0,0.4,0.6666666666666666,1.0,0.625639979507489,0.3,1.0,1.0,0.7355117181677423,0.15,1.0,1.0,0.7355117181677423,1.0,1.0,1.0,1.0,0.0,0.0,0.0,1.0
verified_learned_rerank,eval_0179,gabapentin | amitriptyline | sumatriptan | nortriptyline | elavil | zolmitriptan | doxycycline | promethazine | lorazepam | prednisone | clonazepam | clonidine | ativan | ceftriaxone | phenergan | meclizine | chlorpromazine | lithium | klonopin | ampicillin,sumatriptan | clonidine,all,True,False,logreg,logreg,verified_742,300,288,300,166,0,0,0,0.2,0.5,1.0,0.35195904451706733,0.1,0.5,1.0,0.35195904451706733,0.1,1.0,1.0,0.4787760613494609,0.3333333333333333,1.0,1.0,1.0,0.0,0.0,0.0,1.0
verified_learned_rerank,eval_0209,clonidine | gabapentin | amitriptyline | aluminum chloride hexahydrate | catapres | drysol | hypercare | onabotulinumtoxina | botox | xerac ac | hytrin | terazosin | potassium iodide | tapazole | pima | oxybutynin | propranolol | tadalafil | benztropine | prednisone,clonidine | catapres,all,True,False,logreg,logreg,verified_742,300,284,293,55,0,0,0,0.4,1.0,1.0,0.8503449055347546,0.2,1.0,1.0,0.8503449055347546,0.1,1.0,1.0,0.8503449055347546,1.0,1.0,1.0,1.0,0.0,0.0,0.0,1.0
verified_learned_rerank,eval_0204,rabeprazole | omeprazole / sodium bicarbonate | ranitidine | lansoprazole | zantac | esomeprazole | protonix | nexium | diclofenac | sucralfate | cimetidine | omeprazole | prednisone | chlordiazepoxide / clidinium | clonidine | librax | atropine / hyoscyamine / phenobarbital / scopolamine | methylprednisolone | pantoprazole | mesalamine,rabeprazole | esomeprazole | lansoprazole,all,True,False,logreg,logreg,verified_742,300,80,80,299,0,0,0,0.4,0.6666666666666666,1.0,0.6713860725233042,0.3,1.0,1.0,0.8385465274895064,0.15,1.0,1.0,0.8385465274895064,1.0,1.0,1.0,1.0,0.0,0.0,0.0,1.0
verified_learned_rerank,eval_0212,promethazine | phenergan | hydroxyzine | prednisone | diphenhydramine | benadryl | doxycycline | atarax | vistaril | triamcinolone | cyproheptadine | doxepin | lorazepam | ampicillin | omalizumab | epipen | lansoprazole | gabapentin | sulfamethoxazole / trimethoprim | xolair,prednisone | promethazine | hydroxyzine | doxycycline | sulfamethoxazole / trimethoprim,all,True,False,logreg,logreg,verified_742,300,214,214,145,0,0,0,0.6,0.6,1.0,0.7122026271414368,0.4,0.8,1.0,0.8007626867274514,0.25,1.0,1.0,0.862235291760453,1.0,1.0,1.0,1.0,0.0,0.0,0.0,1.0
verified_learned_rerank,eval_0200,doxycycline | prednisone | methotrexate | minocycline | dexamethasone | elocon | clobetasol | stelara | enbrel | ustekinumab | desonide | etanercept | flurandrenolide | cordran tape | clocortolone | clobex | cloderm | thiothixene | desowen | methylprednisolone,prednisone | methotrexate | dexamethasone | enbrel | stelara,all,True,False,logreg,logreg,verified_742,300,284,300,274,0,0,0,0.6,0.6,1.0,0.4404125645416143,0.5,1.0,1.0,0.6707961766063296,0.25,1.0,1.0,0.6707961766063296,0.5,1.0,1.0,1.0,0.0,0.0,0.0,1.0
verified_learned_rerank,eval_0196,clonazepam | klonopin | propranolol | rizatriptan | treximet | lamotrigine | gabapentin | naproxen / sumatriptan | amitriptyline | relpax | maxalt | eletriptan | acetaminophen / butalbital / caffeine | frovatriptan | sumatriptan | bupropion | aspirin / butalbital / caffeine | diclofenac | frova | maxalt-mlt,lansoprazole | omeprazole | propranolol,all,True,False,logreg,logreg,verified_742,300,222,222,300,0,0,0,0.2,0.3333333333333333,1.0,0.1696989245257299,0.1,0.3333333333333333,1.0,0.1696989245257299,0.05,0.3333333333333333,1.0,0.1696989245257299,0.3333333333333333,1.0,1.0,1.0,0.0,0.0,0.0,1.0
verified_learned_rerank,eval_0216,doxycycline | ibuprofen | naproxen | cephalexin | triamcinolone | flanax pain reliever | bactrim | sulfamethoxazole / trimethoprim | oxybutynin | avelox | moxifloxacin | doxy 100 | sucralfate | ditropan xl | aleve | ciprofloxacin | naprosyn | levofloxacin | bactrim ds | levaquin,naproxen,all,True,False,logreg,logreg,verified_742,300,25,25,300,0,0,0,0.2,1.0,1.0,0.5,0.1,1.0,1.0,0.5,0.05,1.0,1.0,0.5,0.3333333333333333,1.0,1.0,1.0,0.0,0.0,0.0,1.0
verified_learned_rerank,eval_0210,cefadroxil | retapamulin | altabax | mupirocin | cefuroxime | aciphex | acyclovir | abacavir / dolutegravir / lamivudine | acrivastine / pseudoephedrine | semprex-d | privine | promethazine | prednisone | rabeprazole | acetaminophen / phenyltoloxamine | prevacid | rocephin | aclidinium | abacavir / lamivudine | prilosec otc,cefuroxime | mupirocin | retapamulin,all,True,False,logreg,logreg,verified_742,300,8,8,300,0,0,0,0.6,1.0,1.0,0.6717573587424964,0.3,1.0,1.0,0.6717573587424964,0.15,1.0,1.0,0.6717573587424964,0.5,1.0,1.0,1.0,0.0,0.0,0.0,1.0
verified_learned_rerank,eval_0217,prednisone | mometasone | elocon | clobetasol | desonide | triamcinolone | flurandrenolide | methylprednisolone | cordran tape | clocortolone | clobex | cloderm | betamethasone | budesonide | fluocinonide | fluocinolone | dexamethasone | medrol dosepak | hydrocortisone | desoximetasone,prednisone,all,True,False,logreg,logreg,verified_742,300,49,49,260,0,0,0,0.2,1.0,1.0,1.0,0.1,1.0,1.0,1.0,0.05,1.0,1.0,1.0,1.0,1.0,1.0,1.0,0.0,0.0,0.0,1.0
verified_learned_rerank,eval_0198,cyproheptadine | promethazine | prednisone | chlor-trimeton | phenergan | chlorpheniramine | epinephrine | ranitidine | carbinoxamine | azelastine | triamcinolone | tetracaine | olopatadine | omalizumab | diphenhydramine | epipen | ketotifen | benadryl | xolair | ketorolac,promethazine | cyproheptadine,all,True,False,logreg,logreg,verified_742,300,76,76,300,0,0,0,0.4,1.0,1.0,1.0,0.2,1.0,1.0,1.0,0.1,1.0,1.0,1.0,1.0,1.0,1.0,1.0,0.0,0.0,0.0,1.0
verified_learned_rerank,eval_0215,liraglutide | gabapentin | victoza | tretinoin | clobetasol | desmopressin | pregabalin | pramlintide | humulin r u-500 (concentrated) | duloxetine | nortriptyline | cymbalta | chromium picolinate | byetta | symlin | topiramate | exubera | insulin isophane | ddavp | insulin aspart / insulin aspart protamine,liraglutide | victoza,all,True,False,logreg,logreg,verified_742,300,228,228,300,0,0,0,0.4,1.0,1.0,0.9197207891481876,0.2,1.0,1.0,0.9197207891481876,0.1,1.0,1.0,0.9197207891481876,1.0,1.0,1.0,1.0,0.0,0.0,0.0,1.0
verified_learned_rerank,eval_0221,isotretinoin | accutane | benzoyl peroxide / clindamycin | tretinoin | adapalene / benzoyl peroxide | epiduo | magnesium hydroxide | claravis | benzaclin | spironolactone | doxycycline | phillips' milk of magnesia | duac | retin-a | dapsone | aczone | clindamycin / tretinoin | drospirenone / ethinyl estradiol | onexton | benzoyl peroxide / sulfur,isotretinoin | accutane | adapalene / benzoyl peroxide,all,True,False,logreg,logreg,verified_742,273,273,273,273,0,0,0,0.6,1.0,1.0,0.9615980861491925,0.3,1.0,1.0,0.9615980861491925,0.15,1.0,1.0,0.9615980861491925,1.0,1.0,1.0,1.0,0.0,0.0,0.0,1.0
verified_learned_rerank,eval_0220,elocon | clobetasol | stelara | enbrel | ustekinumab | desonide | doxycycline | etanercept | prednisone | flurandrenolide | cordran tape | clocortolone | clobex | cloderm | thiothixene | desowen | methylprednisolone | adalimumab | mometasone | betamethasone,enbrel,all,True,False,logreg,logreg,verified_742,300,164,164,300,0,0,0,0.2,1.0,1.0,0.4306765580733931,0.1,1.0,1.0,0.4306765580733931,0.05,1.0,1.0,0.4306765580733931,0.25,1.0,1.0,1.0,0.0,0.0,0.0,1.0
verified_learned_rerank,eval_0222,diclofenac | tramadol | stelara | acetaminophen / hydrocodone | enbrel | ustekinumab | doxycycline | etanercept | prednisone | lortab | ketoprofen | norco | indomethacin | valdecoxib | voltaren | duloxetine | cataflam | cymbalta | naprelan | probenecid,diclofenac,all,True,False,logreg,logreg,verified_742,300,255,255,300,0,0,0,0.2,1.0,1.0,1.0,0.1,1.0,1.0,1.0,0.05,1.0,1.0,1.0,1.0,1.0,1.0,1.0,0.0,0.0,0.0,1.0
verified_learned_rerank,eval_0225,liraglutide | gabapentin | victoza | tretinoin | clobetasol | desmopressin | pregabalin | pramlintide | humulin r u-500 (concentrated) | duloxetine | nortriptyline | cymbalta | chromium picolinate | byetta | symlin | topiramate | exubera | insulin isophane | ddavp | novolog mix 70 / 30,liraglutide | victoza,all,True,False,logreg,logreg,verified_742,300,228,228,300,0,0,0,0.4,1.0,1.0,0.9197207891481876,0.2,1.0,1.0,0.9197207891481876,0.1,1.0,1.0,0.9197207891481876,1.0,1.0,1.0,1.0,0.0,0.0,0.0,1.0
verified_learned_rerank,eval_0219,propranolol | clonidine | verapamil | spironolactone | benicar | catapres | atenolol | nadolol | corgard | innopran xl | tadalafil | olmesartan | metoprolol | verelan pm | sildenafil | inderal | tenormin | calan sr | dextroamphetamine | lisinopril,propranolol | spironolactone | clonidine | catapres | terazosin | hytrin | benicar | olmesartan | verapamil,all,True,False,logreg,logreg,verified_742,300,287,300,291,0,0,0,1.0,0.5555555555555556,1.0,0.9513105500524311,0.6,0.6666666666666666,1.0,0.8027424277552102,0.35,0.7777777777777778,1.0,0.8713676280567267,1.0,1.0,1.0,1.0,0.0,0.0,0.0,1.0
verified_learned_rerank,eval_0230,doxycycline | prednisone | xopenex | methylprednisolone | omalizumab | azithromycin | rocephin | tudorza pressair | aclidinium | mometasone | xolair | zafirlukast | ceftriaxone | levalbuterol | epinephrine | primatene mist | yupelri | intal inhaler | accolate | guaifenesin,prednisone,all,True,False,logreg,logreg,verified_742,300,221,221,247,0,0,0,0.2,1.0,1.0,0.6309297535714574,0.1,1.0,1.0,0.6309297535714574,0.05,1.0,1.0,0.6309297535714574,0.5,1.0,1.0,1.0,0.0,0.0,0.0,1.0
verified_learned_rerank,eval_0229,doxycycline | minocycline | dapsone | prednisone | isotretinoin | accutane | clindamycin | tazorac | benzoyl peroxide / clindamycin | tazarotene | adapalene / benzoyl peroxide | sulfamethoxazole / trimethoprim | magnesium hydroxide | claravis | tretinoin | benzaclin | spironolactone | epiduo | duac | tetracycline,tazarotene | dapsone | clindamycin,all,True,False,logreg,logreg,verified_742,300,177,300,168,0,0,0,0.2,0.3333333333333333,1.0,0.1696989245257299,0.3,1.0,1.0,0.4865598194845472,0.15,1.0,1.0,0.4865598194845472,0.3333333333333333,1.0,1.0,1.0,0.0,0.0,0.0,1.0
verified_learned_rerank,eval_0235,stribild | cobicistat / elvitegravir / emtricitabine / tenofovir | efavirenz / emtricitabine / tenofovir | atripla | ondansetron | triumeq | abacavir / dolutegravir / lamivudine | clonidine | epzicom | emtricitabine / rilpivirine / tenofovir | complera | abacavir / lamivudine | fuzeon | enfuvirtide | atazanavir | reyataz | isentress | cobicistat / elvitegravir / emtricitabine / tenofovir alafenamide | genvoya | filgrastim,stribild | efavirenz / emtricitabine / tenofovir,all,True,False,logreg,logreg,verified_742,154,119,119,154,0,0,0,0.4,1.0,1.0,0.9197207891481876,0.2,1.0,1.0,0.9197207891481876,0.1,1.0,1.0,0.9197207891481876,1.0,1.0,1.0,1.0,0.0,0.0,0.0,1.0
verified_learned_rerank,eval_0231,calcifediol | thyroid desiccated | westhroid | calcitriol | cenestin | estropipate | conjugated estrogens | armour thyroid | premarin | rayaldee | thyquidity | estradiol | parathyroid hormone | esterified estrogens | tirosint | doxorubicin | levothyroxine | synthroid | cytomel | nature-throid,thyroid desiccated | armour thyroid | levothyroxine,all,True,False,logreg,logreg,verified_742,300,112,112,251,0,0,0,0.2,0.3333333333333333,1.0,0.23981246656813146,0.2,0.6666666666666666,1.0,0.3597186998521972,0.15,1.0,1.0,0.4964455354371774,0.5,1.0,1.0,1.0,0.0,0.0,0.0,1.0
verified_learned_rerank,eval_0207,clobetasol | liraglutide | gabapentin | victoza | fluocinolone | tretinoin | prednisone | duloxetine | cymbalta | dexamethasone | desmopressin | pregabalin | pramlintide | ibuprofen | humulin r u-500 (concentrated) | nortriptyline | chromium picolinate | byetta | symlin | stelara,duloxetine | cymbalta,all,True,False,logreg,logreg,verified_742,300,242,273,60,0,0,0,0.0,0.0,0.0,0.0,0.2,1.0,1.0,0.378002100396839,0.1,1.0,1.0,0.378002100396839,0.125,1.0,1.0,0.0,0.0,0.0,0.0,1.0
verified_learned_rerank,eval_0233,prednisone | methylprednisolone | adalimumab | humira | infliximab | remicade | hydrocortisone | triamcinolone | elocon | clobetasol | stelara | enbrel | ustekinumab | desonide | doxycycline | etanercept | dexamethasone | flurandrenolide | cordran tape | clocortolone,prednisone | adalimumab | humira,all,True,False,logreg,logreg,verified_742,238,164,164,238,0,0,0,0.6,1.0,1.0,0.8132022820105483,0.3,1.0,1.0,0.8132022820105483,0.15,1.0,1.0,0.8132022820105483,1.0,1.0,1.0,1.0,0.0,0.0,0.0,1.0
verified_learned_rerank,eval_0223,triamcinolone | doxycycline | sucralfate | ciprofloxacin | levofloxacin | diclofenac | prednisone | ibuprofen | naproxen | methylprednisolone | ofloxacin | adalimumab | flanax pain reliever | humira | cellcept | cephalexin | infliximab | remicade | bactrim | mycophenolate mofetil,triamcinolone | sucralfate | prednisone | adalimumab,all,True,False,logreg,logreg,verified_742,300,279,300,252,0,0,0,0.4,0.5,1.0,0.5715953724500297,0.3,0.75,1.0,0.6804706814881306,0.2,1.0,1.0,0.7687374692196121,1.0,1.0,1.0,1.0,0.0,0.0,0.0,1.0
verified_learned_rerank,eval_0213,clonidine | aluminum chloride hexahydrate | drysol | gabapentin | catapres | amitriptyline | hypercare | hytrin | terazosin | xerac ac | tapazole | potassium iodide | pima | oxybutynin | propranolol | onabotulinumtoxina | botox | tadalafil | benztropine | sildenafil,clonidine | catapres | terazosin | hytrin,all,True,False,logreg,logreg,verified_742,300,168,168,186,0,0,0,0.4,0.5,1.0,0.5413996682199069,0.4,1.0,1.0,0.7820669673466991,0.2,1.0,1.0,0.7820669673466991,1.0,1.0,1.0,1.0,0.0,0.0,0.0,1.0
verified_learned_rerank,eval_0218,doxycycline | prednisone | metronidazole | azithromycin | rocephin | dapsone | ceftriaxone | zyvox | linezolid | neupogen | filgrastim | fluconazole | clindamycin | tobramycin | oxymetholone | pyrimethamine | ferralet 90 | vancocin hcl | integra | cefotaxime,doxycycline | azithromycin,all,True,False,logreg,logreg,verified_742,300,132,132,300,0,0,0,0.4,1.0,1.0,0.8772153153380493,0.2,1.0,1.0,0.8772153153380493,0.1,1.0,1.0,0.8772153153380493,1.0,1.0,1.0,1.0,0.0,0.0,0.0,1.0
verified_learned_rerank,eval_0242,calcifediol | calcitriol | thyroid desiccated | westhroid | cenestin | estropipate | conjugated estrogens | armour thyroid | premarin | thyquidity | rayaldee | parathyroid hormone | estradiol | spironolactone | esterified estrogens | tirosint | doxorubicin | levothyroxine | synthroid | cytomel,thyroid desiccated | armour thyroid | levothyroxine,all,True,False,logreg,logreg,verified_742,300,243,251,117,0,0,0,0.2,0.3333333333333333,1.0,0.23463936301137825,0.2,0.6666666666666666,1.0,0.3826803184943109,0.15,1.0,1.0,0.49315271345340833,0.3333333333333333,1.0,1.0,1.0,0.0,0.0,0.0,1.0
verified_learned_rerank,eval_0241,lorazepam | baclofen | ativan | onabotulinumtoxina | botox | lioresal | clonazepam | propranolol | klonopin | abobotulinumtoxina | dysport | rizatriptan | treximet | lamotrigine | gabapentin | naproxen / sumatriptan | clonidine | amitriptyline | relpax | maxalt,baclofen | onabotulinumtoxina | botox | lioresal | propranolol,all,True,False,logreg,logreg,verified_742,300,187,187,141,0,0,0,0.6,0.6,1.0,0.4626953085158284,0.5,1.0,1.0,0.6693271488751227,0.25,1.0,1.0,0.6693271488751227,0.5,1.0,1.0,1.0,0.0,0.0,0.0,1.0
verified_learned_rerank,eval_0237,doxycycline | azithromycin | rocephin | acidophilus | methenamine | ceftriaxone | zyvox | linezolid | hiprex | lactobacillus acidophilus | fluconazole | cephalexin | gentamicin | doripenem | bactrim | sulfamethoxazole / trimethoprim | minocycline | ceftin | avelox | moxifloxacin,sulfamethoxazole / trimethoprim | bactrim | fluconazole,all,True,False,logreg,logreg,verified_742,300,287,287,221,0,0,0,0.0,0.0,0.0,0.0,0.0,0.0,0.0,0.0,0.15,1.0,1.0,0.3630309663999042,0.09090909090909091,1.0,1.0,1.0,0.0,0.0,0.0,1.0
verified_learned_rerank,eval_0244,doxycycline | lithium | hydroxychloroquine | divalproex sodium | depakote er | chlorpromazine | depakote | doxy 100 | clindamycin | coartem | prednisone | allopurinol | daraprim | artemether / lumefantrine | stavzor | halfan | pyrimethamine | pyrimethamine / sulfadoxine | fansidar | halofantrine,doxycycline | prednisone | methylprednisolone | hydroxychloroquine | doxy 100 | deltasone | diclofenac | naproxen,all,True,False,logreg,logreg,verified_742,300,247,258,90,0,0,0,0.4,0.25,1.0,0.5087403079104241,0.3,0.375,1.0,0.4857823053780869,0.2,0.5,1.0,0.5604218916020144,1.0,1.0,1.0,1.0,0.0,0.0,0.0,1.0
verified_learned_rerank,eval_0252,clonazepam | klonopin | propranolol | rizatriptan | treximet | lamotrigine | gabapentin | naproxen / sumatriptan | amitriptyline | relpax | maxalt | eletriptan | acetaminophen / butalbital / caffeine | frovatriptan | sumatriptan | bupropion | aspirin / butalbital / caffeine | diclofenac | frova | maxalt-mlt,gabapentin | propranolol,all,True,False,logreg,logreg,verified_742,300,179,179,300,0,0,0,0.2,0.5,1.0,0.35195904451706733,0.2,1.0,1.0,0.5083852865246528,0.1,1.0,1.0,0.5083852865246528,0.3333333333333333,1.0,1.0,1.0,0.0,0.0,0.0,1.0
verified_learned_rerank,eval_0227,azithromycin | ceftriaxone | ampicillin | ciprofloxacin | cipro | amitriptyline | acetaminophen / butalbital / caffeine | bupropion | aspirin / butalbital / caffeine | acyclovir | aspirin / butalbital / caffeine / codeine | acrivastine / pseudoephedrine | azor | almotriptan | amlodipine / olmesartan | caffeine / ergotamine | astelin | acetaminophen / dichloralphenazone / isometheptene mucate | amlodipine / hydrochlorothiazide / valsartan | acetaminophen / phenyltoloxamine,ceftriaxone | ciprofloxacin,all,True,False,logreg,logreg,verified_742,300,7,7,300,0,0,0,0.4,1.0,1.0,0.5992429307166866,0.2,1.0,1.0,0.5992429307166866,0.1,1.0,1.0,0.5992429307166866,0.5,1.0,1.0,1.0,0.0,0.0,0.0,1.0
verified_learned_rerank,eval_0232,cyproheptadine | promethazine | prednisone | omalizumab | epipen | ketotifen | xolair | chlor-trimeton | phenergan | ketorolac | chlorpheniramine | epinephrine | ranitidine | carbinoxamine | aristocort | zaditor | alavert | azelastine | triamcinolone | alocril,prednisone | promethazine,all,True,False,logreg,logreg,verified_742,300,76,76,300,0,0,0,0.4,1.0,1.0,0.6787622294601761,0.2,1.0,1.0,0.6787622294601761,0.1,1.0,1.0,0.6787622294601761,0.5,1.0,1.0,1.0,0.0,0.0,0.0,1.0
verified_learned_rerank,eval_0257,rabeprazole | diclofenac | omeprazole / sodium bicarbonate | ranitidine | lansoprazole | prednisone | zantac | chlordiazepoxide / clidinium | clonidine | librax | atropine / hyoscyamine / phenobarbital / scopolamine | esomeprazole | protonix | nexium | methylprednisolone | mesalamine | adalimumab | sucralfate | humira | cellcept,rabeprazole | esomeprazole | lansoprazole,all,True,False,logreg,logreg,verified_742,300,80,80,300,0,0,0,0.4,0.6666666666666666,1.0,0.6508205185601091,0.2,0.6666666666666666,1.0,0.6508205185601091,0.15,1.0,1.0,0.7776375353925028,1.0,1.0,1.0,1.0,0.0,0.0,0.0,1.0
verified_learned_rerank,eval_0251,oxybutynin | aluminum chloride hexahydrate | drysol | gabapentin | amitriptyline | hypercare | clonidine | doxycycline | ibuprofen | naproxen | xerac ac | potassium iodide | pima | catapres | tapazole | triamcinolone | flanax pain reliever | stelara | enbrel | ustekinumab,prednisone | enbrel | naproxen | triamcinolone | ibuprofen,all,True,False,logreg,logreg,verified_742,300,287,287,234,0,0,0,0.0,0.0,0.0,0.0,0.2,0.4,1.0,0.22051793554853613,0.2,0.8,1.0,0.36793424499956134,0.1111111111111111,1.0,1.0,1.0,0.0,0.0,0.0,1.0
verified_learned_rerank,eval_0249,doxycycline | prednisone | aciphex | gentamicin | lansoprazole | minocycline | moxifloxacin | rabeprazole | calcium carbonate / simethicone | prevacid | axid ar | dexamethasone | nexium 24hr | ciprofloxacin | prilosec otc | aluminum hydroxide / magnesium hydroxide / simethicone | levofloxacin | nizatidine | protonix iv | omeprazole / sodium bicarbonate,doxycycline,all,True,False,logreg,logreg,verified_742,300,230,230,209,0,0,0,0.2,1.0,1.0,1.0,0.1,1.0,1.0,1.0,0.05,1.0,1.0,1.0,1.0,1.0,1.0,1.0,0.0,0.0,0.0,1.0
verified_learned_rerank,eval_0246,aluminum chloride hexahydrate | clonidine | drysol | gabapentin | amitriptyline | hypercare | catapres | xerac ac | pima | potassium iodide | tapazole | hytrin | thyroid desiccated | oxybutynin | westhroid | cenestin | terazosin | estropipate | conjugated estrogens | armour thyroid,thyroid desiccated | armour thyroid | levothyroxine,all,True,False,logreg,logreg,verified_742,300,289,126,84,0,0,0,0.0,0.0,0.0,0.0,0.0,0.0,0.0,0.0,0.1,0.6666666666666666,1.0,0.23009664345451375,0.07692307692307693,1.0,1.0,1.0,0.0,0.0,0.0,1.0
verified_learned_rerank,eval_0260,doxycycline | ibuprofen | naproxen | cephalexin | triamcinolone | flanax pain reliever | bactrim | sulfamethoxazole / trimethoprim | oxybutynin | avelox | moxifloxacin | doxy 100 | sucralfate | ditropan xl | aleve | ciprofloxacin | naprosyn | levofloxacin | bactrim ds | levaquin,naproxen,all,True,False,logreg,logreg,verified_742,273,25,25,273,0,0,0,0.2,1.0,1.0,0.5,0.1,1.0,1.0,0.5,0.05,1.0,1.0,0.5,0.3333333333333333,1.0,1.0,1.0,0.0,0.0,0.0,1.0
verified_learned_rerank,eval_0250,valacyclovir | valtrex | acyclovir | gabapentin | amitriptyline | sumatriptan | doxycycline | nortriptyline | prednisone | ceftriaxone | elavil | clonazepam | lorazepam | zolmitriptan | promethazine | ativan | clonidine | sulfamethoxazole / trimethoprim | klonopin | chlorpromazine,valacyclovir | valtrex | acyclovir,all,True,False,logreg,logreg,verified_742,300,284,288,75,0,0,0,0.6,1.0,1.0,1.0,0.3,1.0,1.0,1.0,0.15,1.0,1.0,1.0,1.0,1.0,1.0,1.0,0.0,0.0,0.0,1.0
verified_learned_rerank,eval_0261,elocon | clobetasol | stelara | enbrel | ustekinumab | desonide | doxycycline | etanercept | prednisone | flurandrenolide | cordran tape | clocortolone | clobex | cloderm | thiothixene | desowen | methylprednisolone | adalimumab | mometasone | betamethasone,enbrel,all,True,False,logreg,logreg,verified_742,164,164,164,164,0,0,0,0.2,1.0,1.0,0.4306765580733931,0.1,1.0,1.0,0.4306765580733931,0.05,1.0,1.0,0.4306765580733931,0.25,1.0,1.0,1.0,0.0,0.0,0.0,1.0
verified_learned_rerank,eval_0264,prednisone | diclofenac | methylprednisolone | cellcept | mycophenolate mofetil | hydrocortisone | triamcinolone | adalimumab | humira | infliximab | remicade | dexamethasone | golimumab | simponi | doxycycline | betamethasone | azathioprine | famotidine / ibuprofen | sucralfate | chlordiazepoxide / clidinium,adalimumab | humira | infliximab | remicade,all,True,False,logreg,logreg,verified_742,300,290,300,252,0,0,0,0.0,0.0,0.0,0.0,0.3,0.75,1.0,0.3535124404757274,0.2,1.0,1.0,0.46240620154395956,0.125,1.0,1.0,1.0,0.0,0.0,0.0,1.0
verified_learned_rerank,eval_0268,prednisone | aristocort | triamcinolone | cyproheptadine | corticotropin | promethazine | deltasone | acthar | loteprednol | omalizumab | lotemax | epipen | ketotifen | xolair | chlor-trimeton | phenergan | ketorolac | chlorpheniramine | epinephrine | ranitidine,prednisone | triamcinolone | prednisolone | loteprednol | lotemax,all,True,False,logreg,logreg,verified_742,300,281,300,281,0,0,0,0.4,0.4,1.0,0.3985202681370658,0.3,0.6,1.0,0.5184868227263754,0.2,0.8,1.0,0.6296512402222066,1.0,1.0,1.0,1.0,0.0,0.0,0.0,1.0
verified_learned_rerank,eval_0267,cefuroxime | retapamulin | altabax | cefadroxil | doxycycline | mupirocin | accutane | clindamycin | cephalexin | minocycline | adapalene / benzoyl peroxide | prednisone | bactrim | metronidazole | nystatin / triamcinolone | sulfamethoxazole / trimethoprim | keflex | benzaclin | azithromycin | methenamine,isotretinoin | accutane | adapalene / benzoyl peroxide | doxycycline | cefuroxime | mupirocin | retapamulin,all,True,False,logreg,logreg,verified_742,300,262,300,179,0,0,0,0.6,0.42857142857142855,1.0,0.49996939085110426,0.5,0.7142857142857143,1.0,0.634854115279542,0.3,0.8571428571428571,1.0,0.7166999015713905,1.0,1.0,1.0,1.0,0.0,0.0,0.0,1.0
verified_learned_rerank,eval_0253,elocon | clobetasol | stelara | enbrel | ustekinumab | desonide | doxycycline | etanercept | prednisone | flurandrenolide | cordran tape | clocortolone | clobex | cloderm | thiothixene | desowen | methylprednisolone | adalimumab | mometasone | betamethasone,prednisone | enbrel,all,True,False,logreg,logreg,verified_742,164,164,164,164,0,0,0,0.2,0.5,1.0,0.3031610197508214,0.2,1.0,1.0,0.44442799261065036,0.1,1.0,1.0,0.44442799261065036,0.25,1.0,1.0,1.0,0.0,0.0,0.0,1.0
verified_learned_rerank,eval_0276,doxycycline | prednisone | azithromycin | rocephin | methylprednisolone | ceftriaxone | tudorza pressair | aclidinium | mometasone | xopenex | omalizumab | xolair | levalbuterol | epinephrine | primatene mist | ampicillin | intal inhaler | accolate | zafirlukast | budesonide,prednisone,all,True,False,logreg,logreg,verified_742,300,221,221,300,0,0,0,0.2,1.0,1.0,0.6309297535714574,0.1,1.0,1.0,0.6309297535714574,0.05,1.0,1.0,0.6309297535714574,0.5,1.0,1.0,1.0,0.0,0.0,0.0,1.0
verified_learned_rerank,eval_0277,liraglutide | gabapentin | victoza | tretinoin | clobetasol | desmopressin | pregabalin | pramlintide | humulin r u-500 (concentrated) | duloxetine | nortriptyline | cymbalta | chromium picolinate | byetta | symlin | topiramate | exubera | insulin isophane | ddavp | novolog mix 70 / 30,liraglutide | victoza,all,True,False,logreg,logreg,verified_742,300,228,228,300,0,0,0,0.4,1.0,1.0,0.9197207891481876,0.2,1.0,1.0,0.9197207891481876,0.1,1.0,1.0,0.9197207891481876,1.0,1.0,1.0,1.0,0.0,0.0,0.0,1.0
verified_learned_rerank,eval_0272,prednisone | methylprednisolone | cellcept | mycophenolate mofetil | hydrocortisone | triamcinolone | budesonide | elocon | clobetasol | dexamethasone | desonide | flurandrenolide | cordran tape | clocortolone | clobex | cloderm | betamethasone | azathioprine | mometasone | fluocinonide,budesonide,all,True,False,logreg,logreg,verified_742,300,126,126,273,0,0,0,0.0,0.0,0.0,0.0,0.1,1.0,1.0,0.3333333333333333,0.05,1.0,1.0,0.3333333333333333,0.14285714285714285,1.0,1.0,1.0,0.0,0.0,0.0,1.0
verified_learned_rerank,eval_0262,diclofenac | tramadol | stelara | acetaminophen / hydrocodone | enbrel | ustekinumab | doxycycline | etanercept | prednisone | lortab | ketoprofen | norco | indomethacin | valdecoxib | voltaren | duloxetine | cataflam | cymbalta | naprelan | probenecid,diclofenac | tramadol | acetaminophen / hydrocodone,all,True,False,logreg,logreg,verified_742,273,255,255,273,0,0,0,0.6,1.0,1.0,0.9736505918364026,0.3,1.0,1.0,0.9736505918364026,0.15,1.0,1.0,0.9736505918364026,1.0,1.0,1.0,1.0,0.0,0.0,0.0,1.0
verified_learned_rerank,eval_0275,amitriptyline | spironolactone | doxycycline | venlafaxine | azithromycin | rocephin | phosphorated carbohydrate solution | acidophilus | elavil | methenamine | ceftriaxone | zyvox | vaniqa | linezolid | uta | sulfatrim | ampicillin | hiprex | allopurinol | eflornithine,doxycycline,all,True,False,logreg,logreg,verified_742,172,172,172,172,0,0,0,0.2,1.0,1.0,0.5,0.1,1.0,1.0,0.5,0.05,1.0,1.0,0.5,0.3333333333333333,1.0,1.0,1.0,0.0,0.0,0.0,1.0
verified_learned_rerank,eval_0271,tretinoin | liraglutide | gabapentin | victoza | clobetasol | desmopressin | pregabalin | pramlintide | humulin r u-500 (concentrated) | duloxetine | nortriptyline | cymbalta | chromium picolinate | byetta | symlin | topiramate | exubera | insulin isophane | ddavp | insulin aspart / insulin aspart protamine,tretinoin | doxycycline | spironolactone | liraglutide | victoza,all,True,False,logreg,logreg,verified_742,300,258,300,243,0,0,0,0.6,0.6,1.0,0.7428263532604289,0.3,0.6,1.0,0.7428263532604289,0.15,0.6,1.0,0.7428263532604289,1.0,1.0,1.0,1.0,0.0,0.0,0.0,1.0
verified_learned_rerank,eval_0279,cyproheptadine | promethazine | prednisone | chlor-trimeton | phenergan | chlorpheniramine | epinephrine | ranitidine | carbinoxamine | azelastine | triamcinolone | tetracaine | olopatadine | diphenhydramine | benadryl | cetirizine | allegra | omalizumab | fexofenadine | zyrtec,prednisone | promethazine | cyproheptadine | triamcinolone | azelastine | phenergan,all,True,False,logreg,logreg,verified_742,300,300,300,242,0,0,0,0.8,0.6666666666666666,1.0,0.8539316501572934,0.5,0.8333333333333334,1.0,0.8493587936665264,0.3,1.0,1.0,0.9337676022490267,1.0,1.0,1.0,1.0,0.0,0.0,0.0,1.0
verified_learned_rerank,eval_0284,doxycycline | prednisone | azithromycin | rocephin | ceftriaxone | sulfamethoxazole / trimethoprim | zithromax | ceftin | avelox | moxifloxacin | amoxicillin | amoxil | amoxicillin / clavulanate | tudorza pressair | aclidinium | biaxin xl | augmentin | xopenex | methylprednisolone | omalizumab,doxycycline | azithromycin | prednisone | sulfamethoxazole / trimethoprim | ceftriaxone,all,True,False,logreg,logreg,verified_742,300,281,300,253,0,0,0,0.8,0.8,1.0,0.8191577303746509,0.5,1.0,1.0,0.9137949195204103,0.25,1.0,1.0,0.9137949195204103,1.0,1.0,1.0,1.0,0.0,0.0,0.0,1.0
verified_learned_rerank,eval_0281,doxycycline | prednisone | metronidazole | azithromycin | rocephin | dapsone | ceftriaxone | zyvox | linezolid | neupogen | filgrastim | fluconazole | clindamycin | tobramycin | ferralet 90 | pyrimethamine | integra | xenleta | vancocin hcl | gentamicin,doxycycline | azithromycin,all,True,False,logreg,logreg,verified_742,300,132,132,300,0,0,0,0.4,1.0,1.0,0.7724397457735779,0.2,1.0,1.0,0.7724397457735779,0.1,1.0,1.0,0.7724397457735779,1.0,1.0,1.0,1.0,0.0,0.0,0.0,1.0
verified_learned_rerank,eval_0269,liraglutide | gabapentin | victoza | tretinoin | clobetasol | desmopressin | pregabalin | pramlintide | humulin r u-500 (concentrated) | duloxetine | nortriptyline | cymbalta | chromium picolinate | byetta | symlin | topiramate | exubera | insulin isophane | ddavp | novolog mix 70 / 30,liraglutide | victoza,all,True,False,logreg,logreg,verified_742,300,228,228,300,0,0,0,0.4,1.0,1.0,0.9197207891481876,0.2,1.0,1.0,0.9197207891481876,0.1,1.0,1.0,0.9197207891481876,1.0,1.0,1.0,1.0,0.0,0.0,0.0,1.0
verified_learned_rerank,eval_0270,cefadroxil | retapamulin | altabax | mupirocin | cefuroxime | aciphex | acyclovir | abacavir / dolutegravir / lamivudine | acrivastine / pseudoephedrine | semprex-d | privine | promethazine | prednisone | rabeprazole | acetaminophen / phenyltoloxamine | prevacid | rocephin | aclidinium | abacavir / lamivudine | prilosec otc,cefuroxime | mupirocin | retapamulin,all,True,False,logreg,logreg,verified_742,300,8,8,300,0,0,0,0.6,1.0,1.0,0.6717573587424964,0.3,1.0,1.0,0.6717573587424964,0.15,1.0,1.0,0.6717573587424964,0.5,1.0,1.0,1.0,0.0,0.0,0.0,1.0
verified_learned_rerank,eval_0280,doxycycline | clindamycin | cephalexin | bactrim | sulfamethoxazole / trimethoprim | minocycline | keflex | doxy 100 | accutane | doryx | isotretinoin | bactrim ds | vibramycin | septra | benzoyl peroxide / clindamycin | adapalene / benzoyl peroxide | magnesium hydroxide | prednisone | claravis | benzaclin,doxycycline | clindamycin | minocycline,all,True,False,logreg,logreg,verified_742,300,180,300,293,0,0,0,0.4,0.6666666666666666,1.0,0.7653606369886218,0.3,1.0,1.0,0.932521091954824,0.15,1.0,1.0,0.932521091954824,1.0,1.0,1.0,1.0,0.0,0.0,0.0,1.0
verified_learned_rerank,eval_0287,lorazepam | ativan | gabapentin | amitriptyline | sumatriptan | opium | ondansetron | onabotulinumtoxina | zofran | dimenhydrinate | cholestyramine | botox | doxycycline | alosetron | dramamine | promethazine | emend | aprepitant | lotronex | loperamide,onabotulinumtoxina | gabapentin | amitriptyline,all,True,False,logreg,logreg,verified_742,265,155,147,257,0,0,0,0.4,0.6666666666666666,1.0,0.4367467095119258,0.3,1.0,1.0,0.5847876649948583,0.15,1.0,1.0,0.5847876649948583,0.3333333333333333,1.0,1.0,1.0,0.0,0.0,0.0,1.0
verified_learned_rerank,eval_0273,propranolol | clonidine | verapamil | clonazepam | benicar | atenolol | catapres | nadolol | corgard | innopran xl | olmesartan | spironolactone | rizatriptan | metoprolol | baclofen | klonopin | verelan pm | treximet | naproxen / sumatriptan | inderal,propranolol | clonidine,all,True,False,logreg,logreg,verified_742,300,244,269,157,0,0,0,0.4,1.0,1.0,1.0,0.2,1.0,1.0,1.0,0.1,1.0,1.0,1.0,1.0,1.0,1.0,1.0,0.0,0.0,0.0,1.0
verified_learned_rerank,eval_0292,diclofenac | tramadol | stelara | acetaminophen / hydrocodone | enbrel | ustekinumab | doxycycline | etanercept | prednisone | lortab | ketoprofen | norco | indomethacin | valdecoxib | voltaren | duloxetine | cataflam | cymbalta | naprelan | probenecid,diclofenac,all,True,False,logreg,logreg,verified_742,255,255,255,255,0,0,0,0.2,1.0,1.0,1.0,0.1,1.0,1.0,1.0,0.05,1.0,1.0,1.0,1.0,1.0,1.0,1.0,0.0,0.0,0.0,1.0
verified_learned_rerank,eval_0278,doxycycline | azithromycin | rocephin | acidophilus | methenamine | ceftriaxone | zyvox | linezolid | hiprex | lactobacillus acidophilus | fluconazole | cephalexin | gentamicin | doripenem | bactrim | sulfamethoxazole / trimethoprim | minocycline | ceftin | avelox | moxifloxacin,doxycycline | azithromycin | bactrim | fluconazole,all,True,False,logreg,logreg,verified_742,300,287,287,221,0,0,0,0.4,0.5,1.0,0.4829420709752337,0.2,0.5,1.0,0.4829420709752337,0.2,1.0,1.0,0.7178836443702017,1.0,1.0,1.0,1.0,0.0,0.0,0.0,1.0
verified_learned_rerank,eval_0297,aciphex | rabeprazole | calcium carbonate / simethicone | prevacid | axid ar | nexium 24hr | prilosec otc | aluminum hydroxide / magnesium hydroxide / simethicone | nizatidine | protonix iv | omeprazole / sodium bicarbonate | mylanta | axid | ranitidine | zegerid | pepcid ac chewable tablets | dexlansoprazole | lansoprazole | zantac | kapidex,aciphex | dexlansoprazole | rabeprazole,all,True,False,logreg,logreg,verified_742,222,45,45,222,0,0,0,0.4,0.6666666666666666,1.0,0.7653606369886218,0.2,0.6666666666666666,1.0,0.7653606369886218,0.15,1.0,1.0,0.8778995257840894,1.0,1.0,1.0,1.0,0.0,0.0,0.0,1.0
verified_learned_rerank,eval_0296,elocon | clobetasol | stelara | enbrel | ustekinumab | desonide | doxycycline | etanercept | prednisone | flurandrenolide | cordran tape | clocortolone | clobex | cloderm | thiothixene | desowen | methylprednisolone | adalimumab | mometasone | betamethasone,prednisone | enbrel,all,True,False,logreg,logreg,verified_742,164,164,164,164,0,0,0,0.2,0.5,1.0,0.3031610197508214,0.2,1.0,1.0,0.44442799261065036,0.1,1.0,1.0,0.44442799261065036,0.25,1.0,1.0,1.0,0.0,0.0,0.0,1.0
verified_learned_rerank,eval_0291,gabapentin | amitriptyline | lorazepam | doxycycline | ativan | sumatriptan | ceftriaxone | opium | ondansetron | zofran | dimenhydrinate | cholestyramine | alosetron | dramamine | promethazine | aprepitant | emend | lotronex | cefotaxime | loperamide,doxycycline,all,True,False,logreg,logreg,verified_742,300,145,145,300,0,0,0,0.2,1.0,1.0,0.43067655807339306,0.1,1.0,1.0,0.43067655807339306,0.05,1.0,1.0,0.43067655807339306,0.25,1.0,1.0,1.0,0.0,0.0,0.0,1.0
verified_learned_rerank,eval_0290,doxycycline | prednisone | azithromycin | rocephin | aclidinium | tudorza pressair | xopenex | methylprednisolone | omalizumab | ceftriaxone | mometasone | xolair | levalbuterol | primatene mist | intal inhaler | zafirlukast | accolate | guaifenesin | epinephrine | yupelri,prednisone,all,True,False,logreg,logreg,verified_742,300,221,221,300,0,0,0,0.2,1.0,1.0,0.6309297535714575,0.1,1.0,1.0,0.6309297535714575,0.05,1.0,1.0,0.6309297535714575,0.5,1.0,1.0,1.0,0.0,0.0,0.0,1.0
verified_learned_rerank,eval_0300,diclofenac | prednisone | methylprednisolone | adalimumab | humira | cellcept | infliximab | remicade | mycophenolate mofetil | hydrocortisone | triamcinolone | golimumab | simponi | tramadol | stelara | acetaminophen / hydrocodone | enbrel | ustekinumab | dexamethasone | doxycycline,adalimumab | humira,all,True,False,logreg,logreg,verified_742,300,289,259,259,0,0,0,0.4,1.0,1.0,0.5012658353418872,0.2,1.0,1.0,0.5012658353418872,0.1,1.0,1.0,0.5012658353418872,0.25,1.0,1.0,1.0,0.0,0.0,0.0,1.0
verified_learned_rerank,eval_0294,doxycycline | prednisone | metronidazole | azithromycin | rocephin | dapsone | ceftriaxone | zyvox | linezolid | filgrastim | neupogen | fluconazole | clindamycin | tobramycin | lefamulin | oxymetholone | integra | ferralet 90 | vancocin hcl | pyrimethamine,doxycycline | azithromycin,all,True,False,logreg,logreg,verified_742,300,132,132,300,0,0,0,0.4,1.0,1.0,0.7724397457735779,0.2,1.0,1.0,0.7724397457735779,0.1,1.0,1.0,0.7724397457735779,1.0,1.0,1.0,1.0,0.0,0.0,0.0,1.0
verified_learned_rerank,eval_0293,doxycycline | lithium | chlorpromazine | allopurinol | clindamycin | thorazine | artemether / lumefantrine | coartem | divalproex sodium | daraprim | stavzor | halofantrine | halfan | pyrimethamine | pyrimethamine / sulfadoxine | fansidar | depakote er | hydroxychloroquine | depakote | risperdal,doxycycline | sulfamethoxazole / trimethoprim,all,True,False,logreg,logreg,verified_742,300,174,174,300,0,0,0,0.2,0.5,1.0,0.7039180890341347,0.1,0.5,1.0,0.7039180890341347,0.05,0.5,1.0,0.7039180890341347,1.0,1.0,1.0,1.0,0.0,0.0,0.0,1.0
verified_learned_rerank,eval_0298,gabapentin | amitriptyline | pregabalin | nortriptyline | prednisone | clonidine | clonazepam | topiramate | lyrica | neurontin | klonopin | topamax | propranolol | rizatriptan | catapres | treximet | lamotrigine | naproxen / sumatriptan | relpax | maxalt,topiramate | amitriptyline,all,True,False,logreg,logreg,verified_742,300,257,300,173,0,0,0,0.2,0.5,1.0,0.2960819109658652,0.2,1.0,1.0,0.5181433441902642,0.1,1.0,1.0,0.5181433441902642,0.5,1.0,1.0,1.0,0.0,0.0,0.0,1.0
verified_learned_rerank,eval_0286,amitriptyline | elavil | doxycycline | ceftriaxone | gabapentin | venlafaxine | ampicillin | sumatriptan | azithromycin | phosphorated carbohydrate solution | sulfamethoxazole / trimethoprim | allopurinol | lactobacillus acidophilus | spironolactone | nortriptyline | klonopin | propranolol | hydroxyzine | rizatriptan | minocycline,doxycycline | sulfamethoxazole / trimethoprim | sumatriptan | azithromycin,all,True,False,logreg,logreg,verified_742,300,261,300,204,0,0,0,0.2,0.25,1.0,0.14805728754340064,0.3,0.75,1.0,0.3773172787141464,0.2,1.0,1.0,0.5012158864515639,0.3333333333333333,1.0,1.0,1.0,0.0,0.0,0.0,1.0
verified_learned_rerank,eval_0289,lorazepam | ativan | baclofen | onabotulinumtoxina | botox | abobotulinumtoxina | dysport | lioresal | tadalafil | phentermine | propranolol | dextroamphetamine | adipex-p | botulinum toxin type b | myobloc | dexedrine | spironolactone | azor | promethazine | diethylpropion,baclofen,all,True,False,logreg,logreg,verified_742,300,12,12,300,0,0,0,0.2,1.0,1.0,0.5,0.1,1.0,1.0,0.5,0.05,1.0,1.0,0.5,0.3333333333333333,1.0,1.0,1.0,0.0,0.0,0.0,1.0
